method,num_queries,recall_at_5,recall_at_10,mrr_at_10,evidence_hit_rate_at_5,citation_accuracy_at_5,no_answer_accuracy
bm25,40,0.6842105263157895,0.7368421052631579,0.587719298245614,0.6842105263157895,0.6842105263157895,0.0
e5,40,0.15789473684210525,0.23684210526315788,0.1118421052631579,0.15789473684210525,0.18421052631578946,0.0
hybrid_e5,40,0.6052631578947368,0.7105263157894737,0.41191520467836257,0.6052631578947368,0.6052631578947368,0.0
