sourceId,title,url,lastIngestedAt
2000000,Nhà Trần,https://vi.wikipedia.org/wiki/Nhà_Trần,2026-07-10T14:17:45.338133+00:00
2000001,An Nam tứ đại khí,https://vi.wikipedia.org/wiki/An_Nam_tứ_đại_khí,2026-07-10T17:40:01.286272+00:00
2000002,Các trận địa bãi cọc trong lịch sử Việt Nam,https://vi.wikipedia.org/wiki/Các_trận_địa_bãi_cọc_trong_lịch_sử_Việt_Nam,2026-07-10T17:40:01.286272+00:00
2000003,Chi Lăng động,https://vi.wikipedia.org/wiki/Chi_Lăng_động,2026-07-10T17:40:01.286272+00:00
2000004,Chiến tranh Nguyên Mông – Đại Việt,https://vi.wikipedia.org/wiki/Chiến_tranh_Nguyên_Mông_–_Đại_Việt,2026-07-10T17:40:01.286272+00:00
2000005,Chiến tranh Nguyên Mông – Đại Việt lần 1,https://vi.wikipedia.org/wiki/Chiến_tranh_Nguyên_Mông_–_Đại_Việt_lần_1,2026-07-10T17:40:01.286272+00:00
2000006,Chiến tranh Nguyên Mông – Đại Việt lần 2,https://vi.wikipedia.org/wiki/Chiến_tranh_Nguyên_Mông_–_Đại_Việt_lần_2,2026-07-10T17:40:01.286272+00:00
2000007,Chùa Quỳnh Lâm,https://vi.wikipedia.org/wiki/Chùa_Quỳnh_Lâm,2026-07-10T17:40:01.286272+00:00
2000008,Đền An Sinh,https://vi.wikipedia.org/wiki/Đền_An_Sinh,2026-07-10T17:40:01.286272+00:00
2000009,Hoàng triều đại điển,https://vi.wikipedia.org/wiki/Hoàng_triều_đại_điển,2026-07-10T17:40:01.286272+00:00
2000010,Múa bài bông,https://vi.wikipedia.org/wiki/Múa_bài_bông,2026-07-10T17:40:01.286272+00:00
2000011,Ngoại giao Việt Nam thời Trần,https://vi.wikipedia.org/wiki/Ngoại_giao_Việt_Nam_thời_Trần,2026-07-10T17:40:01.286272+00:00
2000012,Quan chế nhà Trần,https://vi.wikipedia.org/wiki/Quan_chế_nhà_Trần,2026-07-10T17:40:01.286272+00:00
2000013,Quan gia,https://vi.wikipedia.org/wiki/Quan_gia,2026-07-10T17:40:01.286272+00:00
2000014,Thất trảm sớ,https://vi.wikipedia.org/wiki/Thất_trảm_sớ,2026-07-10T17:40:01.286272+00:00
2000015,Thuận Hóa,https://vi.wikipedia.org/wiki/Thuận_Hóa,2026-07-10T17:40:01.286272+00:00
2000016,Trận Bạch Đằng (1288),https://vi.wikipedia.org/wiki/Trận_Bạch_Đằng_(1288),2026-07-10T17:40:01.286272+00:00
2000017,Trần Văn Lộng,https://vi.wikipedia.org/wiki/Trần_Văn_Lộng,2026-07-10T17:40:01.286272+00:00
2000018,Trần Xá,https://vi.wikipedia.org/wiki/Trần_Xá,2026-07-10T17:40:01.286272+00:00
2000019,Vạc Phổ Minh,https://vi.wikipedia.org/wiki/Vạc_Phổ_Minh,2026-07-10T17:40:01.286272+00:00
2000020,Lịch sử Việt Nam,https://vi.wikipedia.org/wiki/Lịch_sử_Việt_Nam,2026-07-10T17:40:01.286272+00:00
2000021,Niên biểu lịch sử Việt Nam,https://vi.wikipedia.org/wiki/Niên_biểu_lịch_sử_Việt_Nam,2026-07-10T17:40:01.286272+00:00
2000022,12 sứ quân,https://vi.wikipedia.org/wiki/12_sứ_quân,2026-07-10T17:40:01.286272+00:00
2000023,Âu Lạc,https://vi.wikipedia.org/wiki/Âu_Lạc,2026-07-10T17:40:01.286272+00:00
2000024,Bách Việt,https://vi.wikipedia.org/wiki/Bách_Việt,2026-07-10T17:40:01.286272+00:00
2000025,Bắc thuộc,https://vi.wikipedia.org/wiki/Bắc_thuộc,2026-07-10T17:40:01.286272+00:00
2000026,Bồn Man,https://vi.wikipedia.org/wiki/Bồn_Man,2026-07-10T17:40:01.286272+00:00
2000027,Các dân tộc tại Việt Nam,https://vi.wikipedia.org/wiki/Các_dân_tộc_tại_Việt_Nam,2026-07-10T17:40:01.286272+00:00
2000028,Cải cách ruộng đất tại miền Bắc Việt Nam,https://vi.wikipedia.org/wiki/Cải_cách_ruộng_đất_tại_miền_Bắc_Việt_Nam,2026-07-10T17:40:01.286272+00:00
2000029,Cải cách thể chế Việt Nam 2024–2025,https://vi.wikipedia.org/wiki/Cải_cách_thể_chế_Việt_Nam_2024–2025,2026-07-10T17:40:01.286272+00:00
2000030,Cải tạo lao động,https://vi.wikipedia.org/wiki/Cải_tạo_lao_động,2026-07-10T17:40:01.286272+00:00
2000031,Cao Lỗ,https://vi.wikipedia.org/wiki/Cao_Lỗ,2026-07-10T17:40:01.286272+00:00
2000032,Chia cắt Việt Nam,https://vi.wikipedia.org/wiki/Chia_cắt_Việt_Nam,2026-07-10T17:40:01.286272+00:00
2000033,Chiến dịch K8,https://vi.wikipedia.org/wiki/Chiến_dịch_K8,2026-07-10T17:40:01.286272+00:00
2000034,Chiến tranh Đại Việt – Đế quốc Khmer,https://vi.wikipedia.org/wiki/Chiến_tranh_Đại_Việt_–_Đế_quốc_Khmer,2026-07-10T17:40:01.286272+00:00
2000035,Chiến tranh đổ bộ của Việt Nam trong lịch sử,https://vi.wikipedia.org/wiki/Chiến_tranh_đổ_bộ_của_Việt_Nam_trong_lịch_sử,2026-07-10T17:40:01.286272+00:00
2000036,Chiến tranh Hán – Nam Việt,https://vi.wikipedia.org/wiki/Chiến_tranh_Hán_–_Nam_Việt,2026-07-10T17:40:01.286272+00:00
2000037,Chiến tranh Tùy–Vạn Xuân,https://vi.wikipedia.org/wiki/Chiến_tranh_Tùy–Vạn_Xuân,2026-07-10T17:40:01.286272+00:00
2000038,Chiến tranh Việt Nam,https://vi.wikipedia.org/wiki/Chiến_tranh_Việt_Nam,2026-07-10T17:40:01.286272+00:00
2000039,Chủ nghĩa dân tộc Việt Nam,https://vi.wikipedia.org/wiki/Chủ_nghĩa_dân_tộc_Việt_Nam,2026-07-10T17:40:01.286272+00:00
2000040,Chủ nghĩa lý lịch ở Việt Nam,https://vi.wikipedia.org/wiki/Chủ_nghĩa_lý_lịch_ở_Việt_Nam,2026-07-10T17:40:01.286272+00:00
2000041,Công quản thuốc phiện,https://vi.wikipedia.org/wiki/Công_quản_thuốc_phiện,2026-07-10T17:40:01.286272+00:00
2000042,Cung điện Phiên Ngung,https://vi.wikipedia.org/wiki/Cung_điện_Phiên_Ngung,2026-07-10T17:40:01.286272+00:00
2000043,Cửu tự,https://vi.wikipedia.org/wiki/Cửu_tự,2026-07-10T17:40:01.286272+00:00
2000044,Da vàng hóa chiến tranh,https://vi.wikipedia.org/wiki/Da_vàng_hóa_chiến_tranh,2026-07-10T17:40:01.286272+00:00
2000045,Danh sách cuộc chiến tranh liên quan đến Việt Nam,https://vi.wikipedia.org/wiki/Danh_sách_cuộc_chiến_tranh_liên_quan_đến_Việt_Nam,2026-07-10T17:40:01.286272+00:00
2000046,Danh sách cuộc nhường ngôi trong lịch sử Việt Nam,https://vi.wikipedia.org/wiki/Danh_sách_cuộc_nhường_ngôi_trong_lịch_sử_Việt_Nam,2026-07-10T17:40:01.286272+00:00
2000047,Danh sách người đứng đầu lãnh thổ Việt Nam thời Bắc thuộc,https://vi.wikipedia.org/wiki/Danh_sách_người_đứng_đầu_lãnh_thổ_Việt_Nam_thời_Bắc_thuộc,2026-07-10T17:40:01.286272+00:00
2000048,"Danh sách quyền thần, lãnh chúa và thủ lĩnh các cuộc nổi dậy có ảnh hưởng lớn trong lịch sử Việt Nam","https://vi.wikipedia.org/wiki/Danh_sách_quyền_thần,_lãnh_chúa_và_thủ_lĩnh_các_cuộc_nổi_dậy_có_ảnh_hưởng_lớn_trong_lịch_sử_Việt_Nam",2026-07-10T17:40:01.286272+00:00
2000049,Danh sách trận đánh trong lịch sử Việt Nam,https://vi.wikipedia.org/wiki/Danh_sách_trận_đánh_trong_lịch_sử_Việt_Nam,2026-07-10T17:40:01.286272+00:00
2000050,Danh sách truy tôn vua chúa Việt Nam,https://vi.wikipedia.org/wiki/Danh_sách_truy_tôn_vua_chúa_Việt_Nam,2026-07-10T17:40:01.286272+00:00
2000051,Dân chủ tại Việt Nam,https://vi.wikipedia.org/wiki/Dân_chủ_tại_Việt_Nam,2026-07-10T17:40:01.286272+00:00
2000052,Di cư của người Việt Nam,https://vi.wikipedia.org/wiki/Di_cư_của_người_Việt_Nam,2026-07-10T17:40:01.286272+00:00
2000053,Đại Việt,https://vi.wikipedia.org/wiki/Đại_Việt,2026-07-10T17:40:01.286272+00:00
2000054,Đại Việt lịch triều đăng khoa lục,https://vi.wikipedia.org/wiki/Đại_Việt_lịch_triều_đăng_khoa_lục,2026-07-10T17:40:01.286272+00:00
2000055,Đàng Ngoài,https://vi.wikipedia.org/wiki/Đàng_Ngoài,2026-07-10T17:40:01.286272+00:00
2000056,Đàng Trong,https://vi.wikipedia.org/wiki/Đàng_Trong,2026-07-10T17:40:01.286272+00:00
2000057,Đánh giá người Việt Nam,https://vi.wikipedia.org/wiki/Đánh_giá_người_Việt_Nam,2026-07-10T17:40:01.286272+00:00
2000058,Đế hiệu,https://vi.wikipedia.org/wiki/Đế_hiệu,2026-07-10T17:40:01.286272+00:00
2000059,Đoàn cố vấn quân sự Liên Xô tại Việt Nam,https://vi.wikipedia.org/wiki/Đoàn_cố_vấn_quân_sự_Liên_Xô_tại_Việt_Nam,2026-07-10T17:40:01.286272+00:00
2000060,Đô hộ phủ,https://vi.wikipedia.org/wiki/Đô_hộ_phủ,2026-07-10T17:40:01.286272+00:00
2000061,Đông Dương Cộng sản Đảng,https://vi.wikipedia.org/wiki/Đông_Dương_Cộng_sản_Đảng,2026-07-10T17:40:01.286272+00:00
2000062,Giao Châu,https://vi.wikipedia.org/wiki/Giao_Châu,2026-07-10T17:40:01.286272+00:00
2000063,Giao Chỉ,https://vi.wikipedia.org/wiki/Giao_Chỉ,2026-07-10T17:40:01.286272+00:00
2000064,Hệ đo lường cổ Việt Nam,https://vi.wikipedia.org/wiki/Hệ_đo_lường_cổ_Việt_Nam,2026-07-10T17:40:01.286272+00:00
2000065,Huyện (Việt Nam),https://vi.wikipedia.org/wiki/Huyện_(Việt_Nam),2026-07-10T17:40:01.286272+00:00
2000066,Kênh Vĩnh Tế,https://vi.wikipedia.org/wiki/Kênh_Vĩnh_Tế,2026-07-10T17:40:01.286272+00:00
2000067,Khoa cử Việt Nam,https://vi.wikipedia.org/wiki/Khoa_cử_Việt_Nam,2026-07-10T17:40:01.286272+00:00
2000068,Khởi nghĩa Yên Thế,https://vi.wikipedia.org/wiki/Khởi_nghĩa_Yên_Thế,2026-07-10T17:40:01.286272+00:00
2000069,La Dalat,https://vi.wikipedia.org/wiki/La_Dalat,2026-07-10T17:40:01.286272+00:00
2000070,Lịch sử Chăm Pa,https://vi.wikipedia.org/wiki/Lịch_sử_Chăm_Pa,2026-07-10T17:40:01.286272+00:00
2000071,Lịch sử chiến tranh Việt – Chiêm,https://vi.wikipedia.org/wiki/Lịch_sử_chiến_tranh_Việt_–_Chiêm,2026-07-10T17:40:01.286272+00:00
2000072,Lịch sử quân sự Việt Nam,https://vi.wikipedia.org/wiki/Lịch_sử_quân_sự_Việt_Nam,2026-07-10T17:40:01.286272+00:00
2000073,Loạn 12 sứ quân,https://vi.wikipedia.org/wiki/Loạn_12_sứ_quân,2026-07-10T17:40:01.286272+00:00
2000074,Loạn ba vương,https://vi.wikipedia.org/wiki/Loạn_ba_vương,2026-07-10T17:40:01.286272+00:00
2000075,Luy Lâu,https://vi.wikipedia.org/wiki/Luy_Lâu,2026-07-10T17:40:01.286272+00:00
2000076,Mặt trận Quốc gia Thống nhất,https://vi.wikipedia.org/wiki/Mặt_trận_Quốc_gia_Thống_nhất,2026-07-10T17:40:01.286272+00:00
2000077,Minh thực lục,https://vi.wikipedia.org/wiki/Minh_thực_lục,2026-07-10T17:40:01.286272+00:00
2000078,Mỵ Châu,https://vi.wikipedia.org/wiki/Mỵ_Châu,2026-07-10T17:40:01.286272+00:00
2000079,Cải cách hành chính Việt Nam 2016–2020,https://vi.wikipedia.org/wiki/Cải_cách_hành_chính_Việt_Nam_2016–2020,2026-07-10T17:40:01.286272+00:00
2000080,Nam tiến,https://vi.wikipedia.org/wiki/Nam_tiến,2026-07-10T17:40:01.286272+00:00
2000081,Nam – Bắc triều (Việt Nam),https://vi.wikipedia.org/wiki/Nam_–_Bắc_triều_(Việt_Nam),2026-07-10T17:40:01.286272+00:00
2000082,Nam Hải dị nhân liệt truyện,https://vi.wikipedia.org/wiki/Nam_Hải_dị_nhân_liệt_truyện,2026-07-10T17:40:01.286272+00:00
2000083,Nam Kỳ,https://vi.wikipedia.org/wiki/Nam_Kỳ,2026-07-10T17:40:01.286272+00:00
2000084,Nam Kỳ Lục tỉnh,https://vi.wikipedia.org/wiki/Nam_Kỳ_Lục_tỉnh,2026-07-10T17:40:01.286272+00:00
2000085,Nam–Bắc triều,https://vi.wikipedia.org/wiki/Nam–Bắc_triều,2026-07-10T17:40:01.286272+00:00
2000086,Ngày Quốc khánh (Việt Nam),https://vi.wikipedia.org/wiki/Ngày_Quốc_khánh_(Việt_Nam),2026-07-10T17:40:01.286272+00:00
2000087,Ngày Thống nhất,https://vi.wikipedia.org/wiki/Ngày_Thống_nhất,2026-07-10T17:40:01.286272+00:00
2000088,Nghị quyết 413 của Hội đồng Bảo an Liên Hợp Quốc,https://vi.wikipedia.org/wiki/Nghị_quyết_413_của_Hội_đồng_Bảo_an_Liên_Hợp_Quốc,2026-07-10T17:40:01.286272+00:00
2000089,Ngoại thích,https://vi.wikipedia.org/wiki/Ngoại_thích,2026-07-10T17:40:01.286272+00:00
2000090,Nguồn gốc người Việt Nam,https://vi.wikipedia.org/wiki/Nguồn_gốc_người_Việt_Nam,2026-07-10T17:40:01.286272+00:00
2000091,Người Nam Việt,https://vi.wikipedia.org/wiki/Người_Nam_Việt,2026-07-10T17:40:01.286272+00:00
2000092,Nhà Hán bành trướng xuống phía nam,https://vi.wikipedia.org/wiki/Nhà_Hán_bành_trướng_xuống_phía_nam,2026-07-10T17:40:01.286272+00:00
2000093,Nhà Hồ,https://vi.wikipedia.org/wiki/Nhà_Hồ,2026-07-10T17:40:01.286272+00:00
2000094,Nhã Lang,https://vi.wikipedia.org/wiki/Nhã_Lang,2026-07-10T17:40:01.286272+00:00
2000095,Niên hiệu Việt Nam,https://vi.wikipedia.org/wiki/Niên_hiệu_Việt_Nam,2026-07-10T17:40:01.286272+00:00
2000096,Nữ Giới Chung,https://vi.wikipedia.org/wiki/Nữ_Giới_Chung,2026-07-10T17:40:01.286272+00:00
2000097,Phiên Ngung (kinh đô),https://vi.wikipedia.org/wiki/Phiên_Ngung_(kinh_đô),2026-07-10T17:40:01.286272+00:00
2000098,Phong trào Nhân Văn – Giai Phẩm,https://vi.wikipedia.org/wiki/Phong_trào_Nhân_Văn_–_Giai_Phẩm,2026-07-10T17:40:01.286272+00:00
2000099,Phủ (đơn vị hành chính),https://vi.wikipedia.org/wiki/Phủ_(đơn_vị_hành_chính),2026-07-10T17:40:01.286272+00:00
2000100,Phụ nữ ở Việt Nam,https://vi.wikipedia.org/wiki/Phụ_nữ_ở_Việt_Nam,2026-07-10T17:40:01.286272+00:00
2000101,Phục hồi triều đại trong lịch sử Việt Nam,https://vi.wikipedia.org/wiki/Phục_hồi_triều_đại_trong_lịch_sử_Việt_Nam,2026-07-10T17:40:01.286272+00:00
2000102,Quá trình mở rộng lãnh thổ của Việt Nam,https://vi.wikipedia.org/wiki/Quá_trình_mở_rộng_lãnh_thổ_của_Việt_Nam,2026-07-10T17:40:01.286272+00:00
2000103,Quảng Châu (địa danh cổ),https://vi.wikipedia.org/wiki/Quảng_Châu_(địa_danh_cổ),2026-07-10T17:40:01.286272+00:00
2000104,Quảng Tín (huyện),https://vi.wikipedia.org/wiki/Quảng_Tín_(huyện),2026-07-10T17:40:01.286272+00:00
2000105,Rùa thần Kim Quy,https://vi.wikipedia.org/wiki/Rùa_thần_Kim_Quy,2026-07-10T17:40:01.286272+00:00
2000106,Chiến tranh Việt – Xiêm (1771–1773),https://vi.wikipedia.org/wiki/Chiến_tranh_Việt_–_Xiêm_(1771–1773),2026-07-10T17:40:01.286272+00:00
2000107,Tên gọi của Thành phố Hồ Chí Minh,https://vi.wikipedia.org/wiki/Tên_gọi_của_Thành_phố_Hồ_Chí_Minh,2026-07-10T17:40:01.286272+00:00
2000108,Tên gọi Việt Nam,https://vi.wikipedia.org/wiki/Tên_gọi_Việt_Nam,2026-07-10T17:40:01.286272+00:00
2000109,Thái sư,https://vi.wikipedia.org/wiki/Thái_sư,2026-07-10T17:40:01.286272+00:00
2000110,Thái thượng hoàng,https://vi.wikipedia.org/wiki/Thái_thượng_hoàng,2026-07-10T17:40:01.286272+00:00
2000111,Thành Cổ Loa,https://vi.wikipedia.org/wiki/Thành_Cổ_Loa,2026-07-10T17:40:01.286272+00:00
2000112,Thiện nhượng,https://vi.wikipedia.org/wiki/Thiện_nhượng,2026-07-10T17:40:01.286272+00:00
2000113,Thổ ty,https://vi.wikipedia.org/wiki/Thổ_ty,2026-07-10T17:40:01.286272+00:00
2000114,Thời bao cấp,https://vi.wikipedia.org/wiki/Thời_bao_cấp,2026-07-10T17:40:01.286272+00:00
2000115,Thời kỳ Bắc thuộc lần thứ nhất,https://vi.wikipedia.org/wiki/Thời_kỳ_Bắc_thuộc_lần_thứ_nhất,2026-07-10T17:40:01.286272+00:00
2000116,Thủ đô Việt Nam,https://vi.wikipedia.org/wiki/Thủ_đô_Việt_Nam,2026-07-10T17:40:01.286272+00:00
2000117,Thuyền nhân Việt Nam,https://vi.wikipedia.org/wiki/Thuyền_nhân_Việt_Nam,2026-07-10T17:40:01.286272+00:00
2000118,Thương cảng Vân Đồn,https://vi.wikipedia.org/wiki/Thương_cảng_Vân_Đồn,2026-07-10T17:40:01.286272+00:00
2000119,Tranh chấp đất đai tại Đồng Tâm,https://vi.wikipedia.org/wiki/Tranh_chấp_đất_đai_tại_Đồng_Tâm,2026-07-10T17:40:01.286272+00:00
2000120,Trận hạ thành Quy Nhơn,https://vi.wikipedia.org/wiki/Trận_hạ_thành_Quy_Nhơn,2026-07-10T17:40:01.286272+00:00
2000121,Trận Hòa Mộc,https://vi.wikipedia.org/wiki/Trận_Hòa_Mộc,2026-07-10T17:40:01.286272+00:00
2000122,Trọng Thủy,https://vi.wikipedia.org/wiki/Trọng_Thủy,2026-07-10T17:40:01.286272+00:00
2000123,Tru di,https://vi.wikipedia.org/wiki/Tru_di,2026-07-10T17:40:01.286272+00:00
2000124,Tuần lễ Vàng (năm 1945),https://vi.wikipedia.org/wiki/Tuần_lễ_Vàng_(năm_1945),2026-07-10T17:40:01.286272+00:00
2000125,Tư Phố,https://vi.wikipedia.org/wiki/Tư_Phố,2026-07-10T17:40:01.286272+00:00
2000126,Tượng (quận),https://vi.wikipedia.org/wiki/Tượng_(quận),2026-07-10T17:40:01.286272+00:00
2000127,Tượng Lâm,https://vi.wikipedia.org/wiki/Tượng_Lâm,2026-07-10T17:40:01.286272+00:00
2000128,Văn hóa Cái Bèo,https://vi.wikipedia.org/wiki/Văn_hóa_Cái_Bèo,2026-07-10T17:40:01.286272+00:00
2000129,Vấn đề lãnh thổ biên giới Trung Quốc – Việt Nam,https://vi.wikipedia.org/wiki/Vấn_đề_lãnh_thổ_biên_giới_Trung_Quốc_–_Việt_Nam,2026-07-10T17:40:01.286272+00:00
2000130,Viện Viễn Đông Bác cổ,https://vi.wikipedia.org/wiki/Viện_Viễn_Đông_Bác_cổ,2026-07-10T17:40:01.286272+00:00
2000131,Việt gian,https://vi.wikipedia.org/wiki/Việt_gian,2026-07-10T17:40:01.286272+00:00
2000132,Việt Nam Cộng hòa,https://vi.wikipedia.org/wiki/Việt_Nam_Cộng_hòa,2026-07-10T17:40:01.286272+00:00
2000133,Việt Nam Dân chủ Cộng hòa,https://vi.wikipedia.org/wiki/Việt_Nam_Dân_chủ_Cộng_hòa,2026-07-10T17:40:01.286272+00:00
2000134,Việt Nam hóa,https://vi.wikipedia.org/wiki/Việt_Nam_hóa,2026-07-10T17:40:01.286272+00:00
2000135,Vinaxuki,https://vi.wikipedia.org/wiki/Vinaxuki,2026-07-10T17:40:01.286272+00:00
2000136,Vụ mưu khởi nghĩa ở Huế (1916),https://vi.wikipedia.org/wiki/Vụ_mưu_khởi_nghĩa_ở_Huế_(1916),2026-07-10T17:40:01.286272+00:00
2000137,Vũ Như Tô (kịch),https://vi.wikipedia.org/wiki/Vũ_Như_Tô_(kịch),2026-07-10T17:40:01.286272+00:00
2000138,Vua Việt Nam,https://vi.wikipedia.org/wiki/Vua_Việt_Nam,2026-07-10T17:40:01.286272+00:00
2000139,Xây dựng các vùng kinh tế mới,https://vi.wikipedia.org/wiki/Xây_dựng_các_vùng_kinh_tế_mới,2026-07-10T17:40:01.286272+00:00
2000140,Xe hơi Chiến Thắng,https://vi.wikipedia.org/wiki/Xe_hơi_Chiến_Thắng,2026-07-10T17:40:01.286272+00:00
2000141,Xe tăng tại Việt Nam,https://vi.wikipedia.org/wiki/Xe_tăng_tại_Việt_Nam,2026-07-10T17:40:01.286272+00:00
2000142,Nhà Lý,https://vi.wikipedia.org/wiki/Nhà_Lý,2026-07-10T17:40:01.286272+00:00
2000143,Bản khắc mộc Chiếu dời đô,https://vi.wikipedia.org/wiki/Bản_khắc_mộc_Chiếu_dời_đô,2026-07-10T17:40:01.286272+00:00
2000144,Chùa Báo Thiên,https://vi.wikipedia.org/wiki/Chùa_Báo_Thiên,2026-07-10T17:40:01.286272+00:00
2000145,Chuông Quy Điền,https://vi.wikipedia.org/wiki/Chuông_Quy_Điền,2026-07-10T17:40:01.286272+00:00
2000146,Đền Đô,https://vi.wikipedia.org/wiki/Đền_Đô,2026-07-10T17:40:01.286272+00:00
2000147,Hành chính Đại Việt thời Lý,https://vi.wikipedia.org/wiki/Hành_chính_Đại_Việt_thời_Lý,2026-07-10T17:40:01.286272+00:00
2000148,Khủng hoảng cuối thời nhà Lý,https://vi.wikipedia.org/wiki/Khủng_hoảng_cuối_thời_nhà_Lý,2026-07-10T17:40:01.286272+00:00
2000149,Quan chế nhà Lý,https://vi.wikipedia.org/wiki/Quan_chế_nhà_Lý,2026-07-10T17:40:01.286272+00:00
2000150,Tháp Báo Thiên,https://vi.wikipedia.org/wiki/Tháp_Báo_Thiên,2026-07-10T17:40:01.286272+00:00
2000151,Nhà Mạc,https://vi.wikipedia.org/wiki/Nhà_Mạc,2026-07-10T17:40:01.286272+00:00
2000152,Chiến tranh Lê – Mạc,https://vi.wikipedia.org/wiki/Chiến_tranh_Lê_–_Mạc,2026-07-10T17:40:01.286272+00:00
2000153,Đạo quán Linh Tiên,https://vi.wikipedia.org/wiki/Đạo_quán_Linh_Tiên,2026-07-10T17:40:01.286272+00:00
2000154,Đặng Huyền Thông,https://vi.wikipedia.org/wiki/Đặng_Huyền_Thông,2026-07-10T17:40:01.286272+00:00
2000155,Định Nam đao,https://vi.wikipedia.org/wiki/Định_Nam_đao,2026-07-10T17:40:01.286272+00:00
2000156,Ngoại giao Việt Nam thời Mạc,https://vi.wikipedia.org/wiki/Ngoại_giao_Việt_Nam_thời_Mạc,2026-07-10T17:40:01.286272+00:00
2000157,Nguyễn Bỉnh Khiêm,https://vi.wikipedia.org/wiki/Nguyễn_Bỉnh_Khiêm,2026-07-10T17:40:01.286272+00:00
2000158,Phùng Khắc Khoan,https://vi.wikipedia.org/wiki/Phùng_Khắc_Khoan,2026-07-10T17:40:01.286272+00:00
2000159,Trịnh Cối,https://vi.wikipedia.org/wiki/Trịnh_Cối,2026-07-10T17:40:01.286272+00:00
2000160,Từ đường họ Mạc,https://vi.wikipedia.org/wiki/Từ_đường_họ_Mạc,2026-07-10T17:40:01.286272+00:00
2000161,Nhà Nguyễn,https://vi.wikipedia.org/wiki/Nhà_Nguyễn,2026-07-10T17:40:01.286272+00:00
2000162,Ấn ty - Trực xứ,https://vi.wikipedia.org/wiki/Ấn_ty_-_Trực_xứ,2026-07-10T17:40:01.286272+00:00
2000163,Bản chương sở,https://vi.wikipedia.org/wiki/Bản_chương_sở,2026-07-10T17:40:01.286272+00:00
2000164,Bảo quốc An dân Đại tướng quân,https://vi.wikipedia.org/wiki/Bảo_quốc_An_dân_Đại_tướng_quân,2026-07-10T17:40:01.286272+00:00
2000165,Bí thư sở,https://vi.wikipedia.org/wiki/Bí_thư_sở,2026-07-10T17:40:01.286272+00:00
2000166,Bí thư tào,https://vi.wikipedia.org/wiki/Bí_thư_tào,2026-07-10T17:40:01.286272+00:00
2000167,Biểu bạ tào,https://vi.wikipedia.org/wiki/Biểu_bạ_tào,2026-07-10T17:40:01.286272+00:00
2000168,Bửu tỷ triều Nguyễn,https://vi.wikipedia.org/wiki/Bửu_tỷ_triều_Nguyễn,2026-07-10T17:40:01.286272+00:00
2000169,Cai hợp,https://vi.wikipedia.org/wiki/Cai_hợp,2026-07-10T17:40:01.286272+00:00
2000170,Chiêm hậu,https://vi.wikipedia.org/wiki/Chiêm_hậu,2026-07-10T17:40:01.286272+00:00
2000171,Chiêm hậu sinh,https://vi.wikipedia.org/wiki/Chiêm_hậu_sinh,2026-07-10T17:40:01.286272+00:00
2000172,Chiêm hậu ty,https://vi.wikipedia.org/wiki/Chiêm_hậu_ty,2026-07-10T17:40:01.286272+00:00
2000173,Chiếu thoái vị của Bảo Đại,https://vi.wikipedia.org/wiki/Chiếu_thoái_vị_của_Bảo_Đại,2026-07-10T17:40:01.286272+00:00
2000174,Chủ sự,https://vi.wikipedia.org/wiki/Chủ_sự,2026-07-10T17:40:01.286272+00:00
2000175,Chùa sắc tứ (định hướng),https://vi.wikipedia.org/wiki/Chùa_sắc_tứ_(định_hướng),2026-07-10T17:40:01.286272+00:00
2000176,Cố đô Huế,https://vi.wikipedia.org/wiki/Cố_đô_Huế,2026-07-10T17:40:01.286272+00:00
2000177,Cuộc nổi dậy Lê Văn Khôi,https://vi.wikipedia.org/wiki/Cuộc_nổi_dậy_Lê_Văn_Khôi,2026-07-10T17:40:01.286272+00:00
2000178,Cửu vị thần công,https://vi.wikipedia.org/wiki/Cửu_vị_thần_công,2026-07-10T17:40:01.286272+00:00
2000179,Danh sách hoàng đế nhà Nguyễn,https://vi.wikipedia.org/wiki/Danh_sách_hoàng_đế_nhà_Nguyễn,2026-07-10T17:40:01.286272+00:00
2000180,Dịch trạm,https://vi.wikipedia.org/wiki/Dịch_trạm,2026-07-10T17:40:01.286272+00:00
2000181,Đại lý tự,https://vi.wikipedia.org/wiki/Đại_lý_tự,2026-07-10T17:40:01.286272+00:00
2000182,Đại Nam Long tinh,https://vi.wikipedia.org/wiki/Đại_Nam_Long_tinh,2026-07-10T17:40:01.286272+00:00
2000183,Đại Nam nhất thống toàn đồ,https://vi.wikipedia.org/wiki/Đại_Nam_nhất_thống_toàn_đồ,2026-07-10T17:40:01.286272+00:00
2000184,Đại Nam thực lục,https://vi.wikipedia.org/wiki/Đại_Nam_thực_lục,2026-07-10T17:40:01.286272+00:00
2000185,Điện Kiến Trung,https://vi.wikipedia.org/wiki/Điện_Kiến_Trung,2026-07-10T17:40:01.286272+00:00
2000186,Đô sát viện,https://vi.wikipedia.org/wiki/Đô_sát_viện,2026-07-10T17:40:01.286272+00:00
2000187,Đồ thư tào,https://vi.wikipedia.org/wiki/Đồ_thư_tào,2026-07-10T17:40:01.286272+00:00
2000188,Đường Cái Quan,https://vi.wikipedia.org/wiki/Đường_Cái_Quan,2026-07-10T17:40:01.286272+00:00
2000189,Gia đình Minh Mạng,https://vi.wikipedia.org/wiki/Gia_đình_Minh_Mạng,2026-07-10T17:40:01.286272+00:00
2000190,Gia Miêu,https://vi.wikipedia.org/wiki/Gia_Miêu,2026-07-10T17:40:01.286272+00:00
2000191,Giáo dục khoa cử thời Nguyễn,https://vi.wikipedia.org/wiki/Giáo_dục_khoa_cử_thời_Nguyễn,2026-07-10T17:40:01.286272+00:00
2000192,Hà Âm,https://vi.wikipedia.org/wiki/Hà_Âm,2026-07-10T17:40:01.286272+00:00
2000193,Hoàng Việt luật lệ,https://vi.wikipedia.org/wiki/Hoàng_Việt_luật_lệ,2026-07-10T17:40:01.286272+00:00
2000194,Hồng lô tự,https://vi.wikipedia.org/wiki/Hồng_lô_tự,2026-07-10T17:40:01.286272+00:00
2000195,Khăn vấn,https://vi.wikipedia.org/wiki/Khăn_vấn,2026-07-10T17:40:01.286272+00:00
2000196,Khâm định Đại Nam hội điển sự lệ,https://vi.wikipedia.org/wiki/Khâm_định_Đại_Nam_hội_điển_sự_lệ,2026-07-10T17:40:01.286272+00:00
2000197,Khâm thiên giám,https://vi.wikipedia.org/wiki/Khâm_thiên_giám,2026-07-10T17:40:01.286272+00:00
2000198,Khâm thiên giám Giám phó,https://vi.wikipedia.org/wiki/Khâm_thiên_giám_Giám_phó,2026-07-10T17:40:01.286272+00:00
2000199,Kinh diên giảng quan,https://vi.wikipedia.org/wiki/Kinh_diên_giảng_quan,2026-07-10T17:40:01.286272+00:00
2000200,Kinh diên viện,https://vi.wikipedia.org/wiki/Kinh_diên_viện,2026-07-10T17:40:01.286272+00:00
2000201,Ký chú tào,https://vi.wikipedia.org/wiki/Ký_chú_tào,2026-07-10T17:40:01.286272+00:00
2000202,Lang,https://vi.wikipedia.org/wiki/Lang,2026-07-10T17:40:01.286272+00:00
2000203,Lăng Song Thân Lê Văn Duyệt,https://vi.wikipedia.org/wiki/Lăng_Song_Thân_Lê_Văn_Duyệt,2026-07-10T17:40:01.286272+00:00
2000204,Lang trung,https://vi.wikipedia.org/wiki/Lang_trung,2026-07-10T17:40:01.286272+00:00
2000205,Lăng Gia Long,https://vi.wikipedia.org/wiki/Lăng_Gia_Long,2026-07-10T17:40:01.286272+00:00
2000206,Marcelle Laloë,https://vi.wikipedia.org/wiki/Marcelle_Laloë,2026-07-10T17:40:01.286272+00:00
2000207,Nghiên mực Tức Mặc Hầu,https://vi.wikipedia.org/wiki/Nghiên_mực_Tức_Mặc_Hầu,2026-07-10T17:40:01.286272+00:00
2000208,Ngoại giao Việt Nam thời Nguyễn,https://vi.wikipedia.org/wiki/Ngoại_giao_Việt_Nam_thời_Nguyễn,2026-07-10T17:40:01.286272+00:00
2000209,Ngũ quan chính,https://vi.wikipedia.org/wiki/Ngũ_quan_chính,2026-07-10T17:40:01.286272+00:00
2000210,Nguyễn Phúc tộc,https://vi.wikipedia.org/wiki/Nguyễn_Phúc_tộc,2026-07-10T17:40:01.286272+00:00
2000211,Nguyễn Văn Thị Hương,https://vi.wikipedia.org/wiki/Nguyễn_Văn_Thị_Hương,2026-07-10T17:40:01.286272+00:00
2000212,Nội các (nhà Nguyễn),https://vi.wikipedia.org/wiki/Nội_các_(nhà_Nguyễn),2026-07-10T17:40:01.286272+00:00
2000213,Nội vụ phủ,https://vi.wikipedia.org/wiki/Nội_vụ_phủ,2026-07-10T17:40:01.286272+00:00
2000214,Phan Bá Vành,https://vi.wikipedia.org/wiki/Phan_Bá_Vành,2026-07-10T17:40:01.286272+00:00
2000215,Quan chế nhà Nguyễn,https://vi.wikipedia.org/wiki/Quan_chế_nhà_Nguyễn,2026-07-10T17:40:01.286272+00:00
2000216,Quan hệ giữa Nguyễn Ánh và người Pháp,https://vi.wikipedia.org/wiki/Quan_hệ_giữa_Nguyễn_Ánh_và_người_Pháp,2026-07-10T17:40:01.286272+00:00
2000217,Quan lại,https://vi.wikipedia.org/wiki/Quan_lại,2026-07-10T17:40:01.286272+00:00
2000218,Quang lộc tự,https://vi.wikipedia.org/wiki/Quang_lộc_tự,2026-07-10T17:40:01.286272+00:00
2000219,Quần thể di tích Cố đô Huế,https://vi.wikipedia.org/wiki/Quần_thể_di_tích_Cố_đô_Huế,2026-07-10T17:40:01.286272+00:00
2000220,Quốc sử di biên,https://vi.wikipedia.org/wiki/Quốc_sử_di_biên,2026-07-10T17:40:01.286272+00:00
2000221,Quốc Tử Giám (Huế),https://vi.wikipedia.org/wiki/Quốc_Tử_Giám_(Huế),2026-07-10T17:40:01.286272+00:00
2000222,Sông Vàm Nao,https://vi.wikipedia.org/wiki/Sông_Vàm_Nao,2026-07-10T17:40:01.286272+00:00
2000223,Tam Pháp Ty (nhà Nguyễn),https://vi.wikipedia.org/wiki/Tam_Pháp_Ty_(nhà_Nguyễn),2026-07-10T17:40:01.286272+00:00
2000224,Tập hiền viện,https://vi.wikipedia.org/wiki/Tập_hiền_viện,2026-07-10T17:40:01.286272+00:00
2000225,Thái thường tự,https://vi.wikipedia.org/wiki/Thái_thường_tự,2026-07-10T17:40:01.286272+00:00
2000226,Tham tri,https://vi.wikipedia.org/wiki/Tham_tri,2026-07-10T17:40:01.286272+00:00
2000227,Thị lang,https://vi.wikipedia.org/wiki/Thị_lang,2026-07-10T17:40:01.286272+00:00
2000228,Thông chính sứ ty,https://vi.wikipedia.org/wiki/Thông_chính_sứ_ty,2026-07-10T17:40:01.286272+00:00
2000229,Thư lại,https://vi.wikipedia.org/wiki/Thư_lại,2026-07-10T17:40:01.286272+00:00
2000230,Thừa vụ tào,https://vi.wikipedia.org/wiki/Thừa_vụ_tào,2026-07-10T17:40:01.286272+00:00
2000231,Thượng bảo sở,https://vi.wikipedia.org/wiki/Thượng_bảo_sở,2026-07-10T17:40:01.286272+00:00
2000232,Thượng bảo tào,https://vi.wikipedia.org/wiki/Thượng_bảo_tào,2026-07-10T17:40:01.286272+00:00
2000233,Thượng bảo tự,https://vi.wikipedia.org/wiki/Thượng_bảo_tự,2026-07-10T17:40:01.286272+00:00
2000234,Tiền dưỡng liêm,https://vi.wikipedia.org/wiki/Tiền_dưỡng_liêm,2026-07-10T17:40:01.286272+00:00
2000235,Tiền thưởng triều Nguyễn,https://vi.wikipedia.org/wiki/Tiền_thưởng_triều_Nguyễn,2026-07-10T17:40:01.286272+00:00
2000236,Triệu Tổ Tĩnh Hoàng hậu,https://vi.wikipedia.org/wiki/Triệu_Tổ_Tĩnh_Hoàng_hậu,2026-07-10T17:40:01.286272+00:00
2000237,Trường lũy Quảng Ngãi,https://vi.wikipedia.org/wiki/Trường_lũy_Quảng_Ngãi,2026-07-10T17:40:01.286272+00:00
2000238,Trường Pellerin Huế,https://vi.wikipedia.org/wiki/Trường_Pellerin_Huế,2026-07-10T17:40:01.286272+00:00
2000239,Trường Thiên Hựu,https://vi.wikipedia.org/wiki/Trường_Thiên_Hựu,2026-07-10T17:40:01.286272+00:00
2000240,Trường Trung học phổ thông chuyên Quốc Học – Huế,https://vi.wikipedia.org/wiki/Trường_Trung_học_phổ_thông_chuyên_Quốc_Học_–_Huế,2026-07-10T17:40:01.286272+00:00
2000241,Tư thần lang,https://vi.wikipedia.org/wiki/Tư_thần_lang,2026-07-10T17:40:01.286272+00:00
2000242,Tư thiên đài,https://vi.wikipedia.org/wiki/Tư_thiên_đài,2026-07-10T17:40:01.286272+00:00
2000243,Tư thiên giám Giám phó,https://vi.wikipedia.org/wiki/Tư_thiên_giám_Giám_phó,2026-07-10T17:40:01.286272+00:00
2000244,Tư thiên giám Tư thiên lệnh,https://vi.wikipedia.org/wiki/Tư_thiên_giám_Tư_thiên_lệnh,2026-07-10T17:40:01.286272+00:00
2000245,Tự thừa,https://vi.wikipedia.org/wiki/Tự_thừa,2026-07-10T17:40:01.286272+00:00
2000246,Tứ trụ,https://vi.wikipedia.org/wiki/Tứ_trụ,2026-07-10T17:40:01.286272+00:00
2000247,Tư vụ,https://vi.wikipedia.org/wiki/Tư_vụ,2026-07-10T17:40:01.286272+00:00
2000248,Ty Bưu chính,https://vi.wikipedia.org/wiki/Ty_Bưu_chính,2026-07-10T17:40:01.286272+00:00
2000249,Ty luân sở,https://vi.wikipedia.org/wiki/Ty_luân_sở,2026-07-10T17:40:01.286272+00:00
2000250,Việc thay đổi người kế vị dưới thời vua Thiệu Trị,https://vi.wikipedia.org/wiki/Việc_thay_đổi_người_kế_vị_dưới_thời_vua_Thiệu_Trị,2026-07-10T17:40:01.286272+00:00
2000251,Viện Cơ mật (Huế),https://vi.wikipedia.org/wiki/Viện_Cơ_mật_(Huế),2026-07-10T17:40:01.286272+00:00
2000252,Viên ngoại lang,https://vi.wikipedia.org/wiki/Viên_ngoại_lang,2026-07-10T17:40:01.286272+00:00
2000253,Trần Thái Tông,https://vi.wikipedia.org/wiki/Trần_Thái_Tông,2026-07-10T18:59:09.150129+00:00
2000254,Trần Nhân Tông,https://vi.wikipedia.org/wiki/Trần_Nhân_Tông,2026-07-10T18:59:09.150129+00:00
2000255,Trần Anh Tông,https://vi.wikipedia.org/wiki/Trần_Anh_Tông,2026-07-10T18:59:09.150129+00:00
2000256,Trần Minh Tông,https://vi.wikipedia.org/wiki/Trần_Minh_Tông,2026-07-10T18:59:09.150129+00:00
2000257,Trần Hiến Tông,https://vi.wikipedia.org/wiki/Trần_Hiến_Tông,2026-07-10T18:59:09.150129+00:00
2000258,Giản Định Đế,https://vi.wikipedia.org/wiki/Giản_Định_Đế,2026-07-10T18:59:09.150129+00:00
2000259,Trần Nghệ Tông,https://vi.wikipedia.org/wiki/Trần_Nghệ_Tông,2026-07-10T18:59:09.150129+00:00
2000260,Trần Duệ Tông,https://vi.wikipedia.org/wiki/Trần_Duệ_Tông,2026-07-10T18:59:09.150129+00:00
2000261,Trần Dụ Tông,https://vi.wikipedia.org/wiki/Trần_Dụ_Tông,2026-07-10T18:59:09.150129+00:00
2000262,Trần Phế Đế (Đại Việt),https://vi.wikipedia.org/wiki/Trần_Phế_Đế_(Đại_Việt),2026-07-10T18:59:09.150129+00:00
2000263,Trần Thuận Tông,https://vi.wikipedia.org/wiki/Trần_Thuận_Tông,2026-07-10T18:59:09.150129+00:00
2000264,Trần Thiếu Đế,https://vi.wikipedia.org/wiki/Trần_Thiếu_Đế,2026-07-10T18:59:09.150129+00:00
2000265,Trùng Quang Đế,https://vi.wikipedia.org/wiki/Trùng_Quang_Đế,2026-07-10T18:59:09.150129+00:00
2000266,Dương Nhật Lễ,https://vi.wikipedia.org/wiki/Dương_Nhật_Lễ,2026-07-10T18:59:09.150129+00:00
2000267,Trần Thánh Tông,https://vi.wikipedia.org/wiki/Trần_Thánh_Tông,2026-07-10T18:59:09.150129+00:00
2000268,Huyền Quang,https://vi.wikipedia.org/wiki/Huyền_Quang,2026-07-10T18:59:09.150129+00:00
2000269,Pháp Loa,https://vi.wikipedia.org/wiki/Pháp_Loa,2026-07-10T18:59:09.150129+00:00
2000270,Trần Nguyên Hãn,https://vi.wikipedia.org/wiki/Trần_Nguyên_Hãn,2026-07-10T18:59:09.150129+00:00
2000271,Nguyễn Nộn,https://vi.wikipedia.org/wiki/Nguyễn_Nộn,2026-07-10T18:59:09.150129+00:00
2000272,Nguyễn An,https://vi.wikipedia.org/wiki/Nguyễn_An,2026-07-10T18:59:09.150129+00:00
2000273,Nguyễn Địa Lô,https://vi.wikipedia.org/wiki/Nguyễn_Địa_Lô,2026-07-10T18:59:09.150129+00:00
2000274,Trần Thiêm Bình,https://vi.wikipedia.org/wiki/Trần_Thiêm_Bình,2026-07-10T18:59:09.150129+00:00
2000275,Đặng Lộ,https://vi.wikipedia.org/wiki/Đặng_Lộ,2026-07-10T18:59:09.150129+00:00
2000276,Hà Bổng,https://vi.wikipedia.org/wiki/Hà_Bổng,2026-07-10T18:59:09.150129+00:00
2000277,Chế Mỗ,https://vi.wikipedia.org/wiki/Chế_Mỗ,2026-07-10T18:59:09.150129+00:00
2000278,Ngô Bệ,https://vi.wikipedia.org/wiki/Ngô_Bệ,2026-07-10T18:59:09.150129+00:00
2000279,Vạn Kiếp,https://vi.wikipedia.org/wiki/Vạn_Kiếp,2026-07-10T18:59:09.150129+00:00
2000280,Hội nghị Diên Hồng,https://vi.wikipedia.org/wiki/Hội_nghị_Diên_Hồng,2026-07-10T18:59:09.150129+00:00
2000281,Hội nghị Bình Than,https://vi.wikipedia.org/wiki/Hội_nghị_Bình_Than,2026-07-10T18:59:09.150129+00:00
2000282,Đông Bộ Đầu,https://vi.wikipedia.org/wiki/Đông_Bộ_Đầu,2026-07-10T18:59:09.150129+00:00
2000283,Hành cung Vũ Lâm,https://vi.wikipedia.org/wiki/Hành_cung_Vũ_Lâm,2026-07-10T18:59:09.150129+00:00
2000284,Bình Lệ Nguyên,https://vi.wikipedia.org/wiki/Bình_Lệ_Nguyên,2026-07-10T18:59:09.150129+00:00
2000285,Hành chính Đại Việt thời Trần,https://vi.wikipedia.org/wiki/Hành_chính_Đại_Việt_thời_Trần,2026-07-10T18:59:09.150129+00:00
2000286,Ngụ binh ư nông,https://vi.wikipedia.org/wiki/Ngụ_binh_ư_nông,2026-07-10T18:59:09.150129+00:00
2000287,Kinh tế Đại Việt thời Trần,https://vi.wikipedia.org/wiki/Kinh_tế_Đại_Việt_thời_Trần,2026-07-10T18:59:09.150129+00:00
2000288,Tôn giáo Đại Việt thời Trần,https://vi.wikipedia.org/wiki/Tôn_giáo_Đại_Việt_thời_Trần,2026-07-10T18:59:09.150129+00:00
2000289,Trúc Lâm đại sĩ xuất sơn đồ,https://vi.wikipedia.org/wiki/Trúc_Lâm_đại_sĩ_xuất_sơn_đồ,2026-07-10T18:59:09.150129+00:00
2000290,Thương mại Đại Việt thời Trần,https://vi.wikipedia.org/wiki/Thương_mại_Đại_Việt_thời_Trần,2026-07-10T18:59:09.150129+00:00
2000291,Pháp luật Đại Việt thời Trần,https://vi.wikipedia.org/wiki/Pháp_luật_Đại_Việt_thời_Trần,2026-07-10T18:59:09.150129+00:00
2000292,Hành cung Thiên Trường,https://vi.wikipedia.org/wiki/Hành_cung_Thiên_Trường,2026-07-10T18:59:09.150129+00:00
2000293,Cân,https://vi.wikipedia.org/wiki/Cân,2026-07-10T18:59:09.150129+00:00
2000294,Lạng,https://vi.wikipedia.org/wiki/Lạng,2026-07-10T18:59:09.150129+00:00
2000295,Lượng (kim hoàn),https://vi.wikipedia.org/wiki/Lượng_(kim_hoàn),2026-07-10T18:59:09.150129+00:00
2000296,Chỉ (đơn vị đo),https://vi.wikipedia.org/wiki/Chỉ_(đơn_vị_đo),2026-07-10T18:59:09.150129+00:00
2000297,Tạ,https://vi.wikipedia.org/wiki/Tạ,2026-07-10T18:59:09.150129+00:00
2000298,Yến (đo lường),https://vi.wikipedia.org/wiki/Yến_(đo_lường),2026-07-10T18:59:09.150129+00:00
2000299,Tấn,https://vi.wikipedia.org/wiki/Tấn,2026-07-10T18:59:09.150129+00:00
2000300,Mẫu (đơn vị đo),https://vi.wikipedia.org/wiki/Mẫu_(đơn_vị_đo),2026-07-10T18:59:09.150129+00:00
2000301,Trượng,https://vi.wikipedia.org/wiki/Trượng,2026-07-10T18:59:09.150129+00:00
2000302,Sào (đơn vị đo),https://vi.wikipedia.org/wiki/Sào_(đơn_vị_đo),2026-07-10T18:59:09.150129+00:00
2000303,Hồng Bàng,https://vi.wikipedia.org/wiki/Hồng_Bàng,2026-07-10T18:59:09.150129+00:00
2000304,An Dương Vương,https://vi.wikipedia.org/wiki/An_Dương_Vương,2026-07-10T18:59:09.150129+00:00
2000305,Nhà Hậu Trần,https://vi.wikipedia.org/wiki/Nhà_Hậu_Trần,2026-07-10T18:59:09.150129+00:00
2000306,Nhà Lê sơ,https://vi.wikipedia.org/wiki/Nhà_Lê_sơ,2026-07-10T18:59:09.150129+00:00
2000307,Nhà Đinh,https://vi.wikipedia.org/wiki/Nhà_Đinh,2026-07-10T18:59:09.150129+00:00
2000308,Nhà Ngô,https://vi.wikipedia.org/wiki/Nhà_Ngô,2026-07-10T18:59:09.150129+00:00
2000309,Nhà Tiền Lê,https://vi.wikipedia.org/wiki/Nhà_Tiền_Lê,2026-07-10T18:59:09.150129+00:00
2000310,Nhà Tây Sơn,https://vi.wikipedia.org/wiki/Nhà_Tây_Sơn,2026-07-10T18:59:09.150129+00:00
2000311,Họ Khúc (lịch sử Việt Nam),https://vi.wikipedia.org/wiki/Họ_Khúc_(lịch_sử_Việt_Nam),2026-07-10T18:59:09.150129+00:00
2000312,Nhà Tiền Lý,https://vi.wikipedia.org/wiki/Nhà_Tiền_Lý,2026-07-10T18:59:09.150129+00:00
2000313,Thời kỳ Bắc thuộc lần thứ ba,https://vi.wikipedia.org/wiki/Thời_kỳ_Bắc_thuộc_lần_thứ_ba,2026-07-10T18:59:09.150129+00:00
2000314,Thời kỳ Bắc thuộc lần thứ tư,https://vi.wikipedia.org/wiki/Thời_kỳ_Bắc_thuộc_lần_thứ_tư,2026-07-10T18:59:09.150129+00:00
2000315,Thời kỳ Bắc thuộc lần thứ hai,https://vi.wikipedia.org/wiki/Thời_kỳ_Bắc_thuộc_lần_thứ_hai,2026-07-10T18:59:09.150129+00:00
2000316,Thế phả Vua Việt Nam,https://vi.wikipedia.org/wiki/Thế_phả_Vua_Việt_Nam,2026-07-10T18:59:09.150129+00:00
2000317,Nhà Lê trung hưng,https://vi.wikipedia.org/wiki/Nhà_Lê_trung_hưng,2026-07-10T18:59:09.150129+00:00
2000318,Nhà Hậu Lê,https://vi.wikipedia.org/wiki/Nhà_Hậu_Lê,2026-07-10T18:59:09.150129+00:00
2000319,Danh sách Toàn quyền Đông Dương,https://vi.wikipedia.org/wiki/Danh_sách_Toàn_quyền_Đông_Dương,2026-07-10T18:59:09.150129+00:00
2000320,Toàn quyền Đông Dương,https://vi.wikipedia.org/wiki/Toàn_quyền_Đông_Dương,2026-07-10T18:59:09.150129+00:00
2000321,Paul Doumer,https://vi.wikipedia.org/wiki/Paul_Doumer,2026-07-10T18:59:09.150129+00:00
2000322,Alexandre Varenne,https://vi.wikipedia.org/wiki/Alexandre_Varenne,2026-07-10T18:59:09.150129+00:00
2000323,Albert Sarraut,https://vi.wikipedia.org/wiki/Albert_Sarraut,2026-07-10T18:59:09.150129+00:00
2000324,Jean Decoux,https://vi.wikipedia.org/wiki/Jean_Decoux,2026-07-10T18:59:09.150129+00:00
2000325,Ernest Constans,https://vi.wikipedia.org/wiki/Ernest_Constans,2026-07-10T18:59:09.150129+00:00
2000326,Jean-Marie de Lanessan,https://vi.wikipedia.org/wiki/Jean-Marie_de_Lanessan,2026-07-10T18:59:09.150129+00:00
2000327,Paul Bert,https://vi.wikipedia.org/wiki/Paul_Bert,2026-07-10T18:59:09.150129+00:00
2000328,Antony Klobukowski,https://vi.wikipedia.org/wiki/Antony_Klobukowski,2026-07-10T18:59:09.150129+00:00
2000329,Ernest Roume,https://vi.wikipedia.org/wiki/Ernest_Roume,2026-07-10T18:59:09.150129+00:00
2000330,Maurice Long,https://vi.wikipedia.org/wiki/Maurice_Long,2026-07-10T18:59:09.150129+00:00
2000331,Jean Baptiste Paul Beau,https://vi.wikipedia.org/wiki/Jean_Baptiste_Paul_Beau,2026-07-10T18:59:09.150129+00:00
2000332,Pierre Marie Antoine Pasquier,https://vi.wikipedia.org/wiki/Pierre_Marie_Antoine_Pasquier,2026-07-10T18:59:09.150129+00:00
2000333,Georges Catroux,https://vi.wikipedia.org/wiki/Georges_Catroux,2026-07-10T18:59:09.150129+00:00
2000334,Martial Merlin,https://vi.wikipedia.org/wiki/Martial_Merlin,2026-07-10T18:59:09.150129+00:00
2000335,Henri Roussel de Courcy,https://vi.wikipedia.org/wiki/Henri_Roussel_de_Courcy,2026-07-10T18:59:09.150129+00:00
2000336,Joost van Vollenhoven,https://vi.wikipedia.org/wiki/Joost_van_Vollenhoven,2026-07-10T18:59:09.150129+00:00
2000337,Étienne Richaud,https://vi.wikipedia.org/wiki/Étienne_Richaud,2026-07-10T18:59:09.150129+00:00
2000338,Léon Jean Laurent Chavassieux,https://vi.wikipedia.org/wiki/Léon_Jean_Laurent_Chavassieux,2026-07-10T18:59:09.150129+00:00
2000339,François Pierre Rodier,https://vi.wikipedia.org/wiki/François_Pierre_Rodier,2026-07-10T18:59:09.150129+00:00
2000340,Jules Georges Piquet,https://vi.wikipedia.org/wiki/Jules_Georges_Piquet,2026-07-10T18:59:09.150129+00:00
2000341,Armand Rousseau,https://vi.wikipedia.org/wiki/Armand_Rousseau,2026-07-10T18:59:09.150129+00:00
2000342,Jules Brévié,https://vi.wikipedia.org/wiki/Jules_Brévié,2026-07-10T18:59:09.150129+00:00
2000343,Louis Alphonse Bonhoure,https://vi.wikipedia.org/wiki/Louis_Alphonse_Bonhoure,2026-07-10T18:59:09.150129+00:00
2000344,Augustin Julien Fourès,https://vi.wikipedia.org/wiki/Augustin_Julien_Fourès,2026-07-10T18:59:09.150129+00:00
2000345,François Marius Baudoin,https://vi.wikipedia.org/wiki/François_Marius_Baudoin,2026-07-10T18:59:09.150129+00:00
2000346,Maurice Antoine François Monguillot,https://vi.wikipedia.org/wiki/Maurice_Antoine_François_Monguillot,2026-07-10T18:59:09.150129+00:00
2000347,Thăng Long,https://vi.wikipedia.org/wiki/Thăng_Long,2026-07-10T18:59:09.150129+00:00
2000348,Tân Bình (phủ cũ Gia Định),https://vi.wikipedia.org/wiki/Tân_Bình_(phủ_cũ_Gia_Định),2026-07-10T18:59:09.150129+00:00
2000349,Trung Kỳ,https://vi.wikipedia.org/wiki/Trung_Kỳ,2026-07-10T18:59:09.150129+00:00
2000350,Bắc Kỳ,https://vi.wikipedia.org/wiki/Bắc_Kỳ,2026-07-10T18:59:09.150129+00:00
2000351,An Nam,https://vi.wikipedia.org/wiki/An_Nam,2026-07-10T18:59:09.150129+00:00
2000352,Đại La,https://vi.wikipedia.org/wiki/Đại_La,2026-07-10T18:59:09.150129+00:00
2000353,Xứ Nghệ,https://vi.wikipedia.org/wiki/Xứ_Nghệ,2026-07-10T18:59:09.150129+00:00
2000354,Gia Định,https://vi.wikipedia.org/wiki/Gia_Định,2026-07-10T18:59:09.150129+00:00
2000355,Bắc Thành,https://vi.wikipedia.org/wiki/Bắc_Thành,2026-07-10T18:59:09.150129+00:00
2000356,Nhật Nam,https://vi.wikipedia.org/wiki/Nhật_Nam,2026-07-10T18:59:09.150129+00:00
2000357,Cửu Chân,https://vi.wikipedia.org/wiki/Cửu_Chân,2026-07-10T18:59:09.150129+00:00
2000358,Sơn Nam (trấn),https://vi.wikipedia.org/wiki/Sơn_Nam_(trấn),2026-07-10T18:59:09.150129+00:00
2000359,Khu tự trị Tây Bắc,https://vi.wikipedia.org/wiki/Khu_tự_trị_Tây_Bắc,2026-07-10T18:59:09.150129+00:00
2000360,Thành Trà Lân,https://vi.wikipedia.org/wiki/Thành_Trà_Lân,2026-07-10T18:59:09.150129+00:00
2000361,Nam Việt,https://vi.wikipedia.org/wiki/Nam_Việt,2026-07-10T18:59:09.150129+00:00
2000362,Việt Bắc,https://vi.wikipedia.org/wiki/Việt_Bắc,2026-07-10T18:59:09.150129+00:00
2000363,Tống Bình,https://vi.wikipedia.org/wiki/Tống_Bình,2026-07-10T18:59:09.150129+00:00
2000364,An Nam đô hộ phủ,https://vi.wikipedia.org/wiki/An_Nam_đô_hộ_phủ,2026-07-10T18:59:09.150129+00:00
2000365,Khu tự trị Việt Bắc,https://vi.wikipedia.org/wiki/Khu_tự_trị_Việt_Bắc,2026-07-10T18:59:09.150129+00:00
2000366,Hàm Thuận (huyện),https://vi.wikipedia.org/wiki/Hàm_Thuận_(huyện),2026-07-10T18:59:09.150129+00:00
2000367,Động Hoa Lư,https://vi.wikipedia.org/wiki/Động_Hoa_Lư,2026-07-10T18:59:09.150129+00:00
2000368,Xứ Đông,https://vi.wikipedia.org/wiki/Xứ_Đông,2026-07-10T18:59:09.150129+00:00
2000369,Phân cấp hành chính Việt Nam thời quân chủ,https://vi.wikipedia.org/wiki/Phân_cấp_hành_chính_Việt_Nam_thời_quân_chủ,2026-07-10T18:59:09.150129+00:00
2000370,Thiên Đức,https://vi.wikipedia.org/wiki/Thiên_Đức,2026-07-10T18:59:09.150129+00:00
2000371,Vũ Ninh (châu),https://vi.wikipedia.org/wiki/Vũ_Ninh_(châu),2026-07-10T18:59:09.150129+00:00
2000372,Kinh Bắc (trấn),https://vi.wikipedia.org/wiki/Kinh_Bắc_(trấn),2026-07-10T18:59:09.150129+00:00
2000373,Thổ Khối,https://vi.wikipedia.org/wiki/Thổ_Khối,2026-07-10T18:59:09.150129+00:00
2000374,Hồng châu,https://vi.wikipedia.org/wiki/Hồng_châu,2026-07-10T18:59:09.150129+00:00
2000375,Thủy Xá – Hỏa Xá,https://vi.wikipedia.org/wiki/Thủy_Xá_–_Hỏa_Xá,2026-07-10T18:59:09.150129+00:00
2000376,Vũ Ninh (bộ),https://vi.wikipedia.org/wiki/Vũ_Ninh_(bộ),2026-07-10T18:59:09.150129+00:00
2000377,Quân Ninh,https://vi.wikipedia.org/wiki/Quân_Ninh,2026-07-10T18:59:09.150129+00:00
2000378,Khu (đơn vị hành chính),https://vi.wikipedia.org/wiki/Khu_(đơn_vị_hành_chính),2026-07-10T18:59:09.150129+00:00
2000379,Khu 1,https://vi.wikipedia.org/wiki/Khu_1,2026-07-10T18:59:09.150129+00:00
2000380,Khu 2,https://vi.wikipedia.org/wiki/Khu_2,2026-07-10T18:59:09.150129+00:00
2000381,Khu 3,https://vi.wikipedia.org/wiki/Khu_3,2026-07-10T18:59:09.150129+00:00
2000382,Khu 4,https://vi.wikipedia.org/wiki/Khu_4,2026-07-10T18:59:09.150129+00:00
2000383,Khu 5,https://vi.wikipedia.org/wiki/Khu_5,2026-07-10T18:59:09.150129+00:00
2000384,Nê Lê,https://vi.wikipedia.org/wiki/Nê_Lê,2026-07-10T18:59:09.150129+00:00
2000385,Trấn Tây Thành,https://vi.wikipedia.org/wiki/Trấn_Tây_Thành,2026-07-10T18:59:09.150129+00:00
2000386,Thường Tín (phủ),https://vi.wikipedia.org/wiki/Thường_Tín_(phủ),2026-07-10T18:59:09.150129+00:00
2000387,Trực Kỳ,https://vi.wikipedia.org/wiki/Trực_Kỳ,2026-07-10T18:59:09.150129+00:00
2000388,Tả Kỳ,https://vi.wikipedia.org/wiki/Tả_Kỳ,2026-07-10T18:59:09.150129+00:00
2000389,Tụ Long,https://vi.wikipedia.org/wiki/Tụ_Long,2026-07-10T18:59:09.150129+00:00
2000390,Bạch Long Vĩ (bán đảo),https://vi.wikipedia.org/wiki/Bạch_Long_Vĩ_(bán_đảo),2026-07-10T18:59:09.150129+00:00
2000391,Trấn Nam,https://vi.wikipedia.org/wiki/Trấn_Nam,2026-07-10T18:59:09.150129+00:00
2000392,Giả Mễ,https://vi.wikipedia.org/wiki/Giả_Mễ,2026-07-10T18:59:09.150129+00:00
2000393,"Mãnh Lạp, Kim Bình","https://vi.wikipedia.org/wiki/Mãnh_Lạp,_Kim_Bình",2026-07-10T18:59:09.150129+00:00
2000394,Mãnh Động,https://vi.wikipedia.org/wiki/Mãnh_Động,2026-07-10T18:59:09.150129+00:00
2000395,Thủy Vĩ,https://vi.wikipedia.org/wiki/Thủy_Vĩ,2026-07-10T18:59:09.150129+00:00
2000396,Ải Lê Hoa,https://vi.wikipedia.org/wiki/Ải_Lê_Hoa,2026-07-10T18:59:09.150129+00:00
2000397,Giao Chỉ (tỉnh),https://vi.wikipedia.org/wiki/Giao_Chỉ_(tỉnh),2026-07-10T18:59:09.150129+00:00
2000398,Di chỉ khảo cổ ở Việt Nam,https://vi.wikipedia.org/wiki/Di_chỉ_khảo_cổ_ở_Việt_Nam,2026-07-10T18:59:09.150129+00:00
2000399,Văn hóa Đông Sơn,https://vi.wikipedia.org/wiki/Văn_hóa_Đông_Sơn,2026-07-10T18:59:09.150129+00:00
2000400,Trống đồng Đông Sơn,https://vi.wikipedia.org/wiki/Trống_đồng_Đông_Sơn,2026-07-10T18:59:09.150129+00:00
2000401,Văn hóa Hòa Bình,https://vi.wikipedia.org/wiki/Văn_hóa_Hòa_Bình,2026-07-10T18:59:09.150129+00:00
2000402,Văn hóa Sa Huỳnh,https://vi.wikipedia.org/wiki/Văn_hóa_Sa_Huỳnh,2026-07-10T18:59:09.150129+00:00
2000403,Ngọc Lũ I,https://vi.wikipedia.org/wiki/Ngọc_Lũ_I,2026-07-10T18:59:09.150129+00:00
2000404,Lạc Việt,https://vi.wikipedia.org/wiki/Lạc_Việt,2026-07-10T18:59:09.150129+00:00
2000405,Đền Hùng,https://vi.wikipedia.org/wiki/Đền_Hùng,2026-07-10T18:59:09.150129+00:00
2000406,Văn hóa Phùng Nguyên,https://vi.wikipedia.org/wiki/Văn_hóa_Phùng_Nguyên,2026-07-10T18:59:09.150129+00:00
2000407,Văn hóa Đồng Đậu,https://vi.wikipedia.org/wiki/Văn_hóa_Đồng_Đậu,2026-07-10T18:59:09.150129+00:00
2000408,Văn hóa Gò Mun,https://vi.wikipedia.org/wiki/Văn_hóa_Gò_Mun,2026-07-10T18:59:09.150129+00:00
2000409,Văn hóa Bắc Sơn,https://vi.wikipedia.org/wiki/Văn_hóa_Bắc_Sơn,2026-07-10T18:59:09.150129+00:00
2000410,Văn hóa Sơn Vi,https://vi.wikipedia.org/wiki/Văn_hóa_Sơn_Vi,2026-07-10T18:59:09.150129+00:00
2000411,Tiền Việt Nam,https://vi.wikipedia.org/wiki/Tiền_Việt_Nam,2026-07-10T18:59:09.150129+00:00
2000412,Văn hóa Soi Nhụ,https://vi.wikipedia.org/wiki/Văn_hóa_Soi_Nhụ,2026-07-10T18:59:09.150129+00:00
2000413,Chùa Cây Mai,https://vi.wikipedia.org/wiki/Chùa_Cây_Mai,2026-07-10T18:59:09.150129+00:00
2000414,Việt Nam thời tiền sử,https://vi.wikipedia.org/wiki/Việt_Nam_thời_tiền_sử,2026-07-10T18:59:09.150129+00:00
2000415,Hành cung Cổ Bi,https://vi.wikipedia.org/wiki/Hành_cung_Cổ_Bi,2026-07-10T18:59:09.150129+00:00
2000416,Hạt thóc 3000 năm,https://vi.wikipedia.org/wiki/Hạt_thóc_3000_năm,2026-07-10T18:59:09.150129+00:00
2000417,Kỹ nghệ Ngườm,https://vi.wikipedia.org/wiki/Kỹ_nghệ_Ngườm,2026-07-10T18:59:09.150129+00:00
2000418,Viện Khảo cổ (Việt Nam Cộng hòa),https://vi.wikipedia.org/wiki/Viện_Khảo_cổ_(Việt_Nam_Cộng_hòa),2026-07-10T18:59:09.150129+00:00
2000419,Văn hóa Đa Bút,https://vi.wikipedia.org/wiki/Văn_hóa_Đa_Bút,2026-07-10T18:59:09.150129+00:00
2000420,Văn hóa Đồng Nai,https://vi.wikipedia.org/wiki/Văn_hóa_Đồng_Nai,2026-07-10T18:59:09.150129+00:00
2000421,Văn hóa Quỳnh Văn,https://vi.wikipedia.org/wiki/Văn_hóa_Quỳnh_Văn,2026-07-10T18:59:09.150129+00:00
2000422,Chùa Giác Ngộ,https://vi.wikipedia.org/wiki/Chùa_Giác_Ngộ,2026-07-10T18:59:09.150129+00:00
2000423,Hang Xóm Trại,https://vi.wikipedia.org/wiki/Hang_Xóm_Trại,2026-07-10T18:59:09.150129+00:00
2000424,Tiền Thái Bình hưng bảo,https://vi.wikipedia.org/wiki/Tiền_Thái_Bình_hưng_bảo,2026-07-10T18:59:09.150129+00:00
2000425,Văn hóa Óc Eo,https://vi.wikipedia.org/wiki/Văn_hóa_Óc_Eo,2026-07-10T18:59:09.150129+00:00
2000426,Văn hóa Tràng An,https://vi.wikipedia.org/wiki/Văn_hóa_Tràng_An,2026-07-10T18:59:09.150129+00:00
2000427,Louis Finot,https://vi.wikipedia.org/wiki/Louis_Finot,2026-07-10T18:59:09.150129+00:00
2000428,Hang Thẩm Khuyên,https://vi.wikipedia.org/wiki/Hang_Thẩm_Khuyên,2026-07-10T18:59:09.150129+00:00
2000429,Hang Dơi Mộc Châu,https://vi.wikipedia.org/wiki/Hang_Dơi_Mộc_Châu,2026-07-10T18:59:09.150129+00:00
2000430,Hang Thẩm Hoi,https://vi.wikipedia.org/wiki/Hang_Thẩm_Hoi,2026-07-10T18:59:09.150129+00:00
2000431,Viện Khảo cổ học,https://vi.wikipedia.org/wiki/Viện_Khảo_cổ_học,2026-07-10T18:59:09.150129+00:00
2000432,Hang Chùa (Yên Thủy),https://vi.wikipedia.org/wiki/Hang_Chùa_(Yên_Thủy),2026-07-10T18:59:09.150129+00:00
2000433,Hang Chổ,https://vi.wikipedia.org/wiki/Hang_Chổ,2026-07-10T18:59:09.150129+00:00
2000434,Hang Phia Vài,https://vi.wikipedia.org/wiki/Hang_Phia_Vài,2026-07-10T18:59:09.150129+00:00
2000435,Hang Phia Muồn,https://vi.wikipedia.org/wiki/Hang_Phia_Muồn,2026-07-10T18:59:09.150129+00:00
2000436,Hang Thẩm Ồm,https://vi.wikipedia.org/wiki/Hang_Thẩm_Ồm,2026-07-10T18:59:09.150129+00:00
2000437,Hang Bua,https://vi.wikipedia.org/wiki/Hang_Bua,2026-07-10T18:59:09.150129+00:00
2000438,Hang Đồng Trương,https://vi.wikipedia.org/wiki/Hang_Đồng_Trương,2026-07-10T18:59:09.150129+00:00
2000439,Hang Hua Bó,https://vi.wikipedia.org/wiki/Hang_Hua_Bó,2026-07-10T18:59:09.150129+00:00
2000440,Hang Đồng Thớt,https://vi.wikipedia.org/wiki/Hang_Đồng_Thớt,2026-07-10T18:59:09.150129+00:00
2000441,Thạp đồng Đào Thịnh,https://vi.wikipedia.org/wiki/Thạp_đồng_Đào_Thịnh,2026-07-10T18:59:09.150129+00:00
2000442,Hang Co Noong,https://vi.wikipedia.org/wiki/Hang_Co_Noong,2026-07-10T18:59:09.150129+00:00
2000443,Hang Sa Khao,https://vi.wikipedia.org/wiki/Hang_Sa_Khao,2026-07-10T18:59:09.150129+00:00
2000444,Văn hóa Hạ Long,https://vi.wikipedia.org/wiki/Văn_hóa_Hạ_Long,2026-07-10T18:59:09.150129+00:00
2000445,Đền Ngọc Quế,https://vi.wikipedia.org/wiki/Đền_Ngọc_Quế,2026-07-10T18:59:09.150129+00:00
2000446,Hang Đá Đen,https://vi.wikipedia.org/wiki/Hang_Đá_Đen,2026-07-10T18:59:09.150129+00:00
2000447,Nhà tù Phú Quốc,https://vi.wikipedia.org/wiki/Nhà_tù_Phú_Quốc,2026-07-10T18:59:09.150129+00:00
2000448,Nhà tù Sơn La,https://vi.wikipedia.org/wiki/Nhà_tù_Sơn_La,2026-07-10T18:59:09.150129+00:00
2000449,Chín Hầm,https://vi.wikipedia.org/wiki/Chín_Hầm,2026-07-10T18:59:09.150129+00:00
2000450,Khám Chí Hòa,https://vi.wikipedia.org/wiki/Khám_Chí_Hòa,2026-07-10T18:59:09.150129+00:00
2000451,Nhà tù Côn Đảo,https://vi.wikipedia.org/wiki/Nhà_tù_Côn_Đảo,2026-07-10T18:59:09.150129+00:00
2000452,Nhà tù Hỏa Lò,https://vi.wikipedia.org/wiki/Nhà_tù_Hỏa_Lò,2026-07-10T18:59:09.150129+00:00
2000453,Trại tù Sơn Tây,https://vi.wikipedia.org/wiki/Trại_tù_Sơn_Tây,2026-07-10T18:59:09.150129+00:00
2000454,Nhà đày Buôn Ma Thuột,https://vi.wikipedia.org/wiki/Nhà_đày_Buôn_Ma_Thuột,2026-07-10T18:59:09.150129+00:00
2000455,Nhà tù Phú Lợi,https://vi.wikipedia.org/wiki/Nhà_tù_Phú_Lợi,2026-07-10T18:59:09.150129+00:00
2000456,Khám Lớn Sài Gòn,https://vi.wikipedia.org/wiki/Khám_Lớn_Sài_Gòn,2026-07-10T18:59:09.150129+00:00
2000457,Nhà tù Lao Bảo,https://vi.wikipedia.org/wiki/Nhà_tù_Lao_Bảo,2026-07-10T18:59:09.150129+00:00
2000458,Đoàn Alcatraz,https://vi.wikipedia.org/wiki/Đoàn_Alcatraz,2026-07-10T18:59:09.150129+00:00
2000459,Nhà lao Pleiku,https://vi.wikipedia.org/wiki/Nhà_lao_Pleiku,2026-07-10T18:59:09.150129+00:00
2000460,Khám Lớn Cần Thơ,https://vi.wikipedia.org/wiki/Khám_Lớn_Cần_Thơ,2026-07-10T18:59:09.150129+00:00
2000461,Nhà ngục Đăk Mil,https://vi.wikipedia.org/wiki/Nhà_ngục_Đăk_Mil,2026-07-10T18:59:09.150129+00:00
2000462,Danh sách trại giam ở Việt Nam,https://vi.wikipedia.org/wiki/Danh_sách_trại_giam_ở_Việt_Nam,2026-07-10T18:59:09.150129+00:00
2000463,Nhà lao thiếu nhi Đà Lạt,https://vi.wikipedia.org/wiki/Nhà_lao_thiếu_nhi_Đà_Lạt,2026-07-10T18:59:09.150129+00:00
2000464,Trại giam Z30D,https://vi.wikipedia.org/wiki/Trại_giam_Z30D,2026-07-10T18:59:09.150129+00:00
2000465,Chiêm Thành,https://vi.wikipedia.org/wiki/Chiêm_Thành,2026-07-10T18:59:09.150129+00:00
2000466,Thánh địa Mỹ Sơn,https://vi.wikipedia.org/wiki/Thánh_địa_Mỹ_Sơn,2026-07-10T18:59:09.150129+00:00
2000467,Lâm Ấp,https://vi.wikipedia.org/wiki/Lâm_Ấp,2026-07-10T18:59:09.150129+00:00
2000468,Huyền Trân Công chúa,https://vi.wikipedia.org/wiki/Huyền_Trân_Công_chúa,2026-07-10T18:59:09.150129+00:00
2000469,Mỵ Ê,https://vi.wikipedia.org/wiki/Mỵ_Ê,2026-07-10T18:59:09.150129+00:00
2000470,Chiến tranh Việt – Chiêm (1044),https://vi.wikipedia.org/wiki/Chiến_tranh_Việt_–_Chiêm_(1044),2026-07-10T18:59:09.150129+00:00
2000471,Chiến tranh Việt – Chiêm (1069),https://vi.wikipedia.org/wiki/Chiến_tranh_Việt_–_Chiêm_(1069),2026-07-10T18:59:09.150129+00:00
2000472,Chiến tranh Việt – Chiêm (1471),https://vi.wikipedia.org/wiki/Chiến_tranh_Việt_–_Chiêm_(1471),2026-07-10T18:59:09.150129+00:00
2000473,Chiến tranh Việt – Chiêm (1400–1407),https://vi.wikipedia.org/wiki/Chiến_tranh_Việt_–_Chiêm_(1400–1407),2026-07-10T18:59:09.150129+00:00
2000474,Chiến tranh Việt – Chiêm (1367–1396),https://vi.wikipedia.org/wiki/Chiến_tranh_Việt_–_Chiêm_(1367–1396),2026-07-10T18:59:09.150129+00:00
2000475,Amaravati (Chăm Pa),https://vi.wikipedia.org/wiki/Amaravati_(Chăm_Pa),2026-07-10T18:59:09.150129+00:00
2000476,Thuận Thành trấn,https://vi.wikipedia.org/wiki/Thuận_Thành_trấn,2026-07-10T18:59:09.150129+00:00
2000477,Sự suy vong của Vương quốc Chăm Pa,https://vi.wikipedia.org/wiki/Sự_suy_vong_của_Vương_quốc_Chăm_Pa,2026-07-10T18:59:09.150129+00:00
2000478,Niên biểu quan hệ Đại Việt – Chăm Pa,https://vi.wikipedia.org/wiki/Niên_biểu_quan_hệ_Đại_Việt_–_Chăm_Pa,2026-07-10T18:59:09.150129+00:00
2000479,Chiến tranh Việt – Chiêm (1446),https://vi.wikipedia.org/wiki/Chiến_tranh_Việt_–_Chiêm_(1446),2026-07-10T18:59:09.150129+00:00
2000480,Chiến tranh Việt – Chiêm (1611),https://vi.wikipedia.org/wiki/Chiến_tranh_Việt_–_Chiêm_(1611),2026-07-10T18:59:09.150129+00:00
2000481,Chiến tranh Việt – Chiêm (982),https://vi.wikipedia.org/wiki/Chiến_tranh_Việt_–_Chiêm_(982),2026-07-10T18:59:09.150129+00:00
2000482,Quách Gia Di,https://vi.wikipedia.org/wiki/Quách_Gia_Di,2026-07-10T18:59:09.150129+00:00
2000483,Thủy chiến Tonlé Sap,https://vi.wikipedia.org/wiki/Thủy_chiến_Tonlé_Sap,2026-07-10T18:59:09.150129+00:00
2000484,Trận Đồ Bàn (1377),https://vi.wikipedia.org/wiki/Trận_Đồ_Bàn_(1377),2026-07-10T18:59:09.150129+00:00
2000485,Khởi nghĩa Ja Thak Wa,https://vi.wikipedia.org/wiki/Khởi_nghĩa_Ja_Thak_Wa,2026-07-10T18:59:09.150129+00:00
2000486,Phong trào Hồi giáo Katip Sumat,https://vi.wikipedia.org/wiki/Phong_trào_Hồi_giáo_Katip_Sumat,2026-07-10T18:59:09.150129+00:00
2000487,Trận Thị Nại (1283),https://vi.wikipedia.org/wiki/Trận_Thị_Nại_(1283),2026-07-10T18:59:09.150129+00:00
2000488,Chiến tranh Đế quốc Khmer – Chăm Pa,https://vi.wikipedia.org/wiki/Chiến_tranh_Đế_quốc_Khmer_–_Chăm_Pa,2026-07-10T18:59:09.150129+00:00
2000489,Tôn Thất Thuyết,https://vi.wikipedia.org/wiki/Tôn_Thất_Thuyết,2026-07-10T18:59:09.150129+00:00
2000490,Phạm Khắc Hòe,https://vi.wikipedia.org/wiki/Phạm_Khắc_Hòe,2026-07-10T18:59:09.150129+00:00
2000491,Lý Tự Tiên,https://vi.wikipedia.org/wiki/Lý_Tự_Tiên,2026-07-10T18:59:09.150129+00:00
2000492,Lý Thúc Hiến,https://vi.wikipedia.org/wiki/Lý_Thúc_Hiến,2026-07-10T18:59:09.150129+00:00
2000493,Đinh Kiến,https://vi.wikipedia.org/wiki/Đinh_Kiến,2026-07-10T18:59:09.150129+00:00
2000494,Thi Sách,https://vi.wikipedia.org/wiki/Thi_Sách,2026-07-10T18:59:09.150129+00:00
2000495,Bùi Quang Dũng,https://vi.wikipedia.org/wiki/Bùi_Quang_Dũng,2026-07-10T18:59:09.150129+00:00
2000496,Lý Quốc Sư,https://vi.wikipedia.org/wiki/Lý_Quốc_Sư,2026-07-10T18:59:09.150129+00:00
2000497,Phùng An,https://vi.wikipedia.org/wiki/Phùng_An,2026-07-10T18:59:09.150129+00:00
2000498,Đỗ Huy Cảnh,https://vi.wikipedia.org/wiki/Đỗ_Huy_Cảnh,2026-07-10T18:59:09.150129+00:00
2000499,Diệp Văn Kỳ,https://vi.wikipedia.org/wiki/Diệp_Văn_Kỳ,2026-07-10T18:59:09.150129+00:00
2000500,Diệp Văn Cương,https://vi.wikipedia.org/wiki/Diệp_Văn_Cương,2026-07-10T18:59:09.150129+00:00
2000501,Lê Trọng Nghĩa,https://vi.wikipedia.org/wiki/Lê_Trọng_Nghĩa,2026-07-10T18:59:09.150129+00:00
2000502,Anh hùng dân tộc Việt Nam,https://vi.wikipedia.org/wiki/Anh_hùng_dân_tộc_Việt_Nam,2026-07-10T18:59:09.150129+00:00
2000503,Lê Bôi,https://vi.wikipedia.org/wiki/Lê_Bôi,2026-07-10T18:59:09.150129+00:00
2000504,Đoàn Kiểm Điểm,https://vi.wikipedia.org/wiki/Đoàn_Kiểm_Điểm,2026-07-10T18:59:09.150129+00:00
2000505,Đề Sặt,https://vi.wikipedia.org/wiki/Đề_Sặt,2026-07-10T18:59:09.150129+00:00
2000506,Đinh Nga,https://vi.wikipedia.org/wiki/Đinh_Nga,2026-07-10T18:59:09.150129+00:00
2000507,Võ Đạt,https://vi.wikipedia.org/wiki/Võ_Đạt,2026-07-10T18:59:09.150129+00:00
2000508,Kênh Nhà Lê,https://vi.wikipedia.org/wiki/Kênh_Nhà_Lê,2026-07-10T18:59:09.150129+00:00
2000509,Hòn Bà (Vũng Tàu),https://vi.wikipedia.org/wiki/Hòn_Bà_(Vũng_Tàu),2026-07-10T18:59:09.150129+00:00
2000510,Đình Tái Kênh,https://vi.wikipedia.org/wiki/Đình_Tái_Kênh,2026-07-10T18:59:09.150129+00:00
2000511,Rừng nguyên sinh Xà Bang,https://vi.wikipedia.org/wiki/Rừng_nguyên_sinh_Xà_Bang,2026-07-10T18:59:09.150129+00:00
2000512,Khu vực đồn Long Khốt,https://vi.wikipedia.org/wiki/Khu_vực_đồn_Long_Khốt,2026-07-10T18:59:09.150129+00:00
2000513,Đền Cô Bơ,https://vi.wikipedia.org/wiki/Đền_Cô_Bơ,2026-07-10T18:59:09.150129+00:00
2000514,Gilbert Trần Chánh Chiếu,https://vi.wikipedia.org/wiki/Gilbert_Trần_Chánh_Chiếu,2026-07-10T18:59:09.150129+00:00
2000515,Tông Nhân phủ,https://vi.wikipedia.org/wiki/Tông_Nhân_phủ,2026-07-10T18:59:09.150129+00:00
2000516,Thiên tử,https://vi.wikipedia.org/wiki/Thiên_tử,2026-07-10T18:59:09.150129+00:00
2000517,Đinh Triều Quốc Mẫu,https://vi.wikipedia.org/wiki/Đinh_Triều_Quốc_Mẫu,2026-07-10T18:59:09.150129+00:00
2000518,Tiềm để,https://vi.wikipedia.org/wiki/Tiềm_để,2026-07-10T18:59:09.150129+00:00
2000519,Chiến dịch Điện Biên Phủ,https://vi.wikipedia.org/wiki/Chiến_dịch_Điện_Biên_Phủ,2026-07-10T18:59:09.150129+00:00
2000520,Thuyền nhân,https://vi.wikipedia.org/wiki/Thuyền_nhân,2026-07-10T18:59:09.150129+00:00
2000521,Cuộc di cư Việt Nam (1954),https://vi.wikipedia.org/wiki/Cuộc_di_cư_Việt_Nam_(1954),2026-07-10T18:59:09.150129+00:00
2000522,Hiệp định sơ bộ Pháp – Việt (1946),https://vi.wikipedia.org/wiki/Hiệp_định_sơ_bộ_Pháp_–_Việt_(1946),2026-07-10T18:59:09.150129+00:00
2000523,Thảm sát Huế Tết Mậu Thân,https://vi.wikipedia.org/wiki/Thảm_sát_Huế_Tết_Mậu_Thân,2026-07-10T18:59:09.150129+00:00
2000524,Vụ Trung Quốc tấn công ngư dân Việt Nam 2005,https://vi.wikipedia.org/wiki/Vụ_Trung_Quốc_tấn_công_ngư_dân_Việt_Nam_2005,2026-07-10T18:59:09.150129+00:00
2000525,Sự kiện Vịnh Bắc Bộ,https://vi.wikipedia.org/wiki/Sự_kiện_Vịnh_Bắc_Bộ,2026-07-10T18:59:09.150129+00:00
2000526,Thảm sát Thạnh Phong,https://vi.wikipedia.org/wiki/Thảm_sát_Thạnh_Phong,2026-07-10T18:59:09.150129+00:00
2000527,Cải cách điền địa (Việt Nam Cộng hòa),https://vi.wikipedia.org/wiki/Cải_cách_điền_địa_(Việt_Nam_Cộng_hòa),2026-07-10T18:59:09.150129+00:00
2000528,Đại lộ Kinh Hoàng,https://vi.wikipedia.org/wiki/Đại_lộ_Kinh_Hoàng,2026-07-10T18:59:09.150129+00:00
2000529,Trận Đak Pơ,https://vi.wikipedia.org/wiki/Trận_Đak_Pơ,2026-07-10T18:59:09.150129+00:00
2000530,Trận Trấn Ninh (1802),https://vi.wikipedia.org/wiki/Trận_Trấn_Ninh_(1802),2026-07-10T18:59:09.150129+00:00
2000531,Thảm sát Thái Bình,https://vi.wikipedia.org/wiki/Thảm_sát_Thái_Bình,2026-07-10T18:59:09.150129+00:00
2000532,Tạm ước Việt – Pháp,https://vi.wikipedia.org/wiki/Tạm_ước_Việt_–_Pháp,2026-07-10T18:59:09.150129+00:00
2000533,Vụ hạ giàn khoan Hải Dương 981,https://vi.wikipedia.org/wiki/Vụ_hạ_giàn_khoan_Hải_Dương_981,2026-07-10T18:59:09.150129+00:00
2000534,Công hàm năm 1958 của Thủ tướng Phạm Văn Đồng,https://vi.wikipedia.org/wiki/Công_hàm_năm_1958_của_Thủ_tướng_Phạm_Văn_Đồng,2026-07-10T18:59:09.150129+00:00
2000535,Tuyên cáo Việt Nam độc lập,https://vi.wikipedia.org/wiki/Tuyên_cáo_Việt_Nam_độc_lập,2026-07-10T18:59:09.150129+00:00
2000536,Lãnh thổ Việt Nam qua từng thời kỳ,https://vi.wikipedia.org/wiki/Lãnh_thổ_Việt_Nam_qua_từng_thời_kỳ,2026-07-10T18:59:09.150129+00:00
2000537,Đại Việt sử ký toàn thư,https://vi.wikipedia.org/wiki/Đại_Việt_sử_ký_toàn_thư,2026-07-10T18:59:09.150129+00:00
2000538,Đại Việt sử ký,https://vi.wikipedia.org/wiki/Đại_Việt_sử_ký,2026-07-10T18:59:09.150129+00:00
2000539,Khâm định Việt sử Thông giám cương mục,https://vi.wikipedia.org/wiki/Khâm_định_Việt_sử_Thông_giám_cương_mục,2026-07-10T18:59:09.150129+00:00
2000540,Việt Nam sử lược,https://vi.wikipedia.org/wiki/Việt_Nam_sử_lược,2026-07-10T18:59:09.150129+00:00
2000541,Quốc triều khoa bảng lục,https://vi.wikipedia.org/wiki/Quốc_triều_khoa_bảng_lục,2026-07-10T18:59:09.150129+00:00
2000542,Hoàng Lê nhất thống chí,https://vi.wikipedia.org/wiki/Hoàng_Lê_nhất_thống_chí,2026-07-10T18:59:09.150129+00:00
2000543,Gia Định thành thông chí,https://vi.wikipedia.org/wiki/Gia_Định_thành_thông_chí,2026-07-10T18:59:09.150129+00:00
2000544,Việt sử toàn thư,https://vi.wikipedia.org/wiki/Việt_sử_toàn_thư,2026-07-10T18:59:09.150129+00:00
2000545,An Nam chí lược,https://vi.wikipedia.org/wiki/An_Nam_chí_lược,2026-07-10T18:59:09.150129+00:00
2000546,Nam triều công nghiệp diễn chí,https://vi.wikipedia.org/wiki/Nam_triều_công_nghiệp_diễn_chí,2026-07-10T18:59:09.150129+00:00
2000547,Hà Tiên trấn Hiệp trấn Mạc thị gia phả,https://vi.wikipedia.org/wiki/Hà_Tiên_trấn_Hiệp_trấn_Mạc_thị_gia_phả,2026-07-10T18:59:09.150129+00:00
2000548,Việt sử tân biên,https://vi.wikipedia.org/wiki/Việt_sử_tân_biên,2026-07-10T18:59:09.150129+00:00
2000549,Việt Nam quốc sử khảo,https://vi.wikipedia.org/wiki/Việt_Nam_quốc_sử_khảo,2026-07-10T18:59:09.150129+00:00
2000550,Đại Nam nhất thống chí,https://vi.wikipedia.org/wiki/Đại_Nam_nhất_thống_chí,2026-07-10T18:59:09.150129+00:00
2000551,Lịch triều hiến chương loại chí,https://vi.wikipedia.org/wiki/Lịch_triều_hiến_chương_loại_chí,2026-07-10T18:59:09.150129+00:00
2000552,Đại Nam Quốc sử Diễn ca,https://vi.wikipedia.org/wiki/Đại_Nam_Quốc_sử_Diễn_ca,2026-07-10T18:59:09.150129+00:00
2000553,Đại Việt sử ký tiền biên,https://vi.wikipedia.org/wiki/Đại_Việt_sử_ký_tiền_biên,2026-07-10T18:59:09.150129+00:00
2000554,Ô Châu cận lục,https://vi.wikipedia.org/wiki/Ô_Châu_cận_lục,2026-07-10T18:59:09.150129+00:00
2000555,Phủ biên tạp lục,https://vi.wikipedia.org/wiki/Phủ_biên_tạp_lục,2026-07-10T18:59:09.150129+00:00
2000556,Lê quý dật sử,https://vi.wikipedia.org/wiki/Lê_quý_dật_sử,2026-07-10T18:59:09.150129+00:00
2000557,Nam Ông mộng lục,https://vi.wikipedia.org/wiki/Nam_Ông_mộng_lục,2026-07-10T18:59:09.150129+00:00
2000558,Đại Việt sử lược,https://vi.wikipedia.org/wiki/Đại_Việt_sử_lược,2026-07-10T18:59:09.150129+00:00
2000559,Nước Đại Nam đối diện với Pháp và Trung Hoa,https://vi.wikipedia.org/wiki/Nước_Đại_Nam_đối_diện_với_Pháp_và_Trung_Hoa,2026-07-10T18:59:09.150129+00:00
2000560,Đại Việt sử ký tục biên,https://vi.wikipedia.org/wiki/Đại_Việt_sử_ký_tục_biên,2026-07-10T18:59:09.150129+00:00
2000561,Bắc Thành dư địa chí,https://vi.wikipedia.org/wiki/Bắc_Thành_dư_địa_chí,2026-07-10T18:59:09.150129+00:00
2000562,Lê quý kỷ sự,https://vi.wikipedia.org/wiki/Lê_quý_kỷ_sự,2026-07-10T18:59:09.150129+00:00
2000563,Bên thắng cuộc,https://vi.wikipedia.org/wiki/Bên_thắng_cuộc,2026-07-10T18:59:09.150129+00:00
2000564,Văn minh vật chất của người Việt,https://vi.wikipedia.org/wiki/Văn_minh_vật_chất_của_người_Việt,2026-07-10T18:59:09.150129+00:00
2000565,Việt sử tiêu án,https://vi.wikipedia.org/wiki/Việt_sử_tiêu_án,2026-07-10T18:59:09.150129+00:00
2000566,Đại Nam liệt truyện,https://vi.wikipedia.org/wiki/Đại_Nam_liệt_truyện,2026-07-10T18:59:09.150129+00:00
2000567,Hoàng Việt nhất thống Dư địa chí,https://vi.wikipedia.org/wiki/Hoàng_Việt_nhất_thống_Dư_địa_chí,2026-07-10T18:59:09.150129+00:00
2000568,Thiên Nam dư hạ tập,https://vi.wikipedia.org/wiki/Thiên_Nam_dư_hạ_tập,2026-07-10T18:59:09.150129+00:00
2000569,Thiên Nam ngữ lục,https://vi.wikipedia.org/wiki/Thiên_Nam_ngữ_lục,2026-07-10T18:59:09.150129+00:00
2000570,Lê Triều sử ký,https://vi.wikipedia.org/wiki/Lê_Triều_sử_ký,2026-07-10T18:59:09.150129+00:00
2000571,Lịch sử nước An Nam,https://vi.wikipedia.org/wiki/Lịch_sử_nước_An_Nam,2026-07-10T18:59:09.150129+00:00
2000572,Đại Việt địa dư toàn biên,https://vi.wikipedia.org/wiki/Đại_Việt_địa_dư_toàn_biên,2026-07-10T18:59:09.150129+00:00
2000573,Hanoi's War,https://vi.wikipedia.org/wiki/Hanoi's_War,2026-07-10T18:59:09.150129+00:00
2000574,Vượt sóng,https://vi.wikipedia.org/wiki/Vượt_sóng,2026-07-10T18:59:09.150129+00:00
2000575,Người Việt tại Hồng Kông,https://vi.wikipedia.org/wiki/Người_Việt_tại_Hồng_Kông,2026-07-10T18:59:09.150129+00:00
2000576,Trung tâm Tiến hành Thủ tục Tị nạn Philippines,https://vi.wikipedia.org/wiki/Trung_tâm_Tiến_hành_Thủ_tục_Tị_nạn_Philippines,2026-07-10T18:59:09.150129+00:00
2000577,Bảo tàng Người Việt,https://vi.wikipedia.org/wiki/Bảo_tàng_Người_Việt,2026-07-10T18:59:09.150129+00:00
2000578,Di dân Việt Nam sau 1975,https://vi.wikipedia.org/wiki/Di_dân_Việt_Nam_sau_1975,2026-07-10T18:59:09.150129+00:00
2000579,Chương trình Ra đi Có trật tự,https://vi.wikipedia.org/wiki/Chương_trình_Ra_đi_Có_trật_tự,2026-07-10T18:59:09.150129+00:00
2000580,Bắc 54,https://vi.wikipedia.org/wiki/Bắc_54,2026-07-10T18:59:09.150129+00:00
2000581,The Vietnamese Gulag,https://vi.wikipedia.org/wiki/The_Vietnamese_Gulag,2026-07-10T18:59:09.150129+00:00
2000582,Phố cổ Hội An,https://vi.wikipedia.org/wiki/Phố_cổ_Hội_An,2026-07-10T18:59:09.150129+00:00
2000583,Óc Eo,https://vi.wikipedia.org/wiki/Óc_Eo,2026-07-10T18:59:09.150129+00:00
2000584,Chợ Lớn,https://vi.wikipedia.org/wiki/Chợ_Lớn,2026-07-10T18:59:09.150129+00:00
2000585,Hà Tiên (thành phố),https://vi.wikipedia.org/wiki/Hà_Tiên_(thành_phố),2026-07-10T18:59:09.150129+00:00
2000586,Mỹ Tho (thành phố),https://vi.wikipedia.org/wiki/Mỹ_Tho_(thành_phố),2026-07-10T18:59:09.150129+00:00
2000587,Quần thể di tích Phố Hiến,https://vi.wikipedia.org/wiki/Quần_thể_di_tích_Phố_Hiến,2026-07-10T18:59:09.150129+00:00
2000588,Cù lao Phố,https://vi.wikipedia.org/wiki/Cù_lao_Phố,2026-07-10T18:59:09.150129+00:00
2000589,Cảng thị Thanh Hà – Bao Vinh,https://vi.wikipedia.org/wiki/Cảng_thị_Thanh_Hà_–_Bao_Vinh,2026-07-10T18:59:09.150129+00:00
2000590,Cố đô Hoa Lư,https://vi.wikipedia.org/wiki/Cố_đô_Hoa_Lư,2026-07-10T18:59:09.150129+00:00
2000591,Hiệp định Genève 1954,https://vi.wikipedia.org/wiki/Hiệp_định_Genève_1954,2026-07-10T18:59:09.150129+00:00
2000592,Giải phóng miền Nam (bài hát),https://vi.wikipedia.org/wiki/Giải_phóng_miền_Nam_(bài_hát),2026-07-10T18:59:09.150129+00:00
2000593,Chính phủ Liên hiệp Kháng chiến Việt Nam Dân chủ Cộng hòa,https://vi.wikipedia.org/wiki/Chính_phủ_Liên_hiệp_Kháng_chiến_Việt_Nam_Dân_chủ_Cộng_hòa,2026-07-10T18:59:09.150129+00:00
2000594,Cách mạng Tháng Tám,https://vi.wikipedia.org/wiki/Cách_mạng_Tháng_Tám,2026-07-10T18:59:09.150129+00:00
2000595,Chính phủ Cách mạng lâm thời Việt Nam Dân chủ Cộng hòa,https://vi.wikipedia.org/wiki/Chính_phủ_Cách_mạng_lâm_thời_Việt_Nam_Dân_chủ_Cộng_hòa,2026-07-10T18:59:09.150129+00:00
2000596,Chính phủ Liên hiệp Lâm thời Việt Nam Dân chủ Cộng hòa,https://vi.wikipedia.org/wiki/Chính_phủ_Liên_hiệp_Lâm_thời_Việt_Nam_Dân_chủ_Cộng_hòa,2026-07-10T18:59:09.150129+00:00
2000597,Đồng (tiền Việt Nam Dân chủ Cộng hòa),https://vi.wikipedia.org/wiki/Đồng_(tiền_Việt_Nam_Dân_chủ_Cộng_hòa),2026-07-10T18:59:09.150129+00:00
2000598,Bình dân học vụ,https://vi.wikipedia.org/wiki/Bình_dân_học_vụ,2026-07-10T18:59:09.150129+00:00
2000599,Chính phủ Liên hiệp Quốc dân Việt Nam Dân chủ Cộng hòa,https://vi.wikipedia.org/wiki/Chính_phủ_Liên_hiệp_Quốc_dân_Việt_Nam_Dân_chủ_Cộng_hòa,2026-07-10T18:59:09.150129+00:00
2000600,Trận lụt đồng bằng sông Hồng 1971,https://vi.wikipedia.org/wiki/Trận_lụt_đồng_bằng_sông_Hồng_1971,2026-07-10T18:59:09.150129+00:00
2000601,Hồ Chí Minh,https://vi.wikipedia.org/wiki/Hồ_Chí_Minh,2026-07-10T18:59:09.150129+00:00
2000602,Giáo dục Việt Nam Dân chủ Cộng hòa,https://vi.wikipedia.org/wiki/Giáo_dục_Việt_Nam_Dân_chủ_Cộng_hòa,2026-07-10T18:59:09.150129+00:00
2000603,Khu phi quân sự vĩ tuyến 17,https://vi.wikipedia.org/wiki/Khu_phi_quân_sự_vĩ_tuyến_17,2026-07-10T18:59:09.150129+00:00
2000604,Quốc kỳ Việt Nam Dân chủ Cộng hòa,https://vi.wikipedia.org/wiki/Quốc_kỳ_Việt_Nam_Dân_chủ_Cộng_hòa,2026-07-10T18:59:09.150129+00:00
2000605,Chính phủ mở rộng (1955–1959),https://vi.wikipedia.org/wiki/Chính_phủ_mở_rộng_(1955–1959),2026-07-10T18:59:09.150129+00:00
2000606,Chính phủ Việt Nam Dân chủ Cộng hòa 1960–1964,https://vi.wikipedia.org/wiki/Chính_phủ_Việt_Nam_Dân_chủ_Cộng_hòa_1960–1964,2026-07-10T18:59:09.150129+00:00
2000607,Chính phủ Việt Nam Dân chủ Cộng hòa 1964–1971,https://vi.wikipedia.org/wiki/Chính_phủ_Việt_Nam_Dân_chủ_Cộng_hòa_1964–1971,2026-07-10T18:59:09.150129+00:00
2000608,Chính phủ Việt Nam Dân chủ Cộng hòa 1971–1975,https://vi.wikipedia.org/wiki/Chính_phủ_Việt_Nam_Dân_chủ_Cộng_hòa_1971–1975,2026-07-10T18:59:09.150129+00:00
2000609,Chính phủ Việt Nam Dân chủ Cộng hòa 1975–1976,https://vi.wikipedia.org/wiki/Chính_phủ_Việt_Nam_Dân_chủ_Cộng_hòa_1975–1976,2026-07-10T18:59:09.150129+00:00
2000610,Hành chính Việt Nam Dân chủ Cộng hòa,https://vi.wikipedia.org/wiki/Hành_chính_Việt_Nam_Dân_chủ_Cộng_hòa,2026-07-10T18:59:09.150129+00:00
2000611,Chủ tịch nước Việt Nam Dân chủ Cộng hòa,https://vi.wikipedia.org/wiki/Chủ_tịch_nước_Việt_Nam_Dân_chủ_Cộng_hòa,2026-07-10T18:59:09.150129+00:00
2000612,Khu 8,https://vi.wikipedia.org/wiki/Khu_8,2026-07-10T18:59:09.150129+00:00
2000613,Việt Nam Quốc dân Đảng,https://vi.wikipedia.org/wiki/Việt_Nam_Quốc_dân_Đảng,2026-07-10T18:59:09.150129+00:00
2000614,Đội tuyển bóng đá quốc gia Việt Nam Cộng hòa,https://vi.wikipedia.org/wiki/Đội_tuyển_bóng_đá_quốc_gia_Việt_Nam_Cộng_hòa,2026-07-10T18:59:09.150129+00:00
2000615,Thanh niên hành khúc,https://vi.wikipedia.org/wiki/Thanh_niên_hành_khúc,2026-07-10T18:59:09.150129+00:00
2000616,Bảo quốc Huân chương,https://vi.wikipedia.org/wiki/Bảo_quốc_Huân_chương,2026-07-10T18:59:09.150129+00:00
2000617,Biến cố Phật giáo 1963,https://vi.wikipedia.org/wiki/Biến_cố_Phật_giáo_1963,2026-07-10T18:59:09.150129+00:00
2000618,Cộng hòa miền Nam Việt Nam,https://vi.wikipedia.org/wiki/Cộng_hòa_miền_Nam_Việt_Nam,2026-07-10T18:59:09.150129+00:00
2000619,Quốc gia Việt Nam,https://vi.wikipedia.org/wiki/Quốc_gia_Việt_Nam,2026-07-10T18:59:09.150129+00:00
2000620,Cuộc chỉnh lý tại Việt Nam Cộng hòa 1964,https://vi.wikipedia.org/wiki/Cuộc_chỉnh_lý_tại_Việt_Nam_Cộng_hòa_1964,2026-07-10T18:59:09.150129+00:00
2000621,Kinh tế Việt Nam Cộng hòa,https://vi.wikipedia.org/wiki/Kinh_tế_Việt_Nam_Cộng_hòa,2026-07-10T18:59:09.150129+00:00
2000622,Đệ Nhất Cộng hòa (Việt Nam Cộng hòa),https://vi.wikipedia.org/wiki/Đệ_Nhất_Cộng_hòa_(Việt_Nam_Cộng_hòa),2026-07-10T18:59:09.150129+00:00
2000623,16 tấn vàng của Việt Nam Cộng hòa,https://vi.wikipedia.org/wiki/16_tấn_vàng_của_Việt_Nam_Cộng_hòa,2026-07-10T18:59:09.150129+00:00
2000624,Phong trào Đồng khởi,https://vi.wikipedia.org/wiki/Phong_trào_Đồng_khởi,2026-07-10T18:59:09.150129+00:00
2000625,Hiến pháp Việt Nam Cộng hòa 1967,https://vi.wikipedia.org/wiki/Hiến_pháp_Việt_Nam_Cộng_hòa_1967,2026-07-10T18:59:09.150129+00:00
2000626,Ký giả đi ăn mày,https://vi.wikipedia.org/wiki/Ký_giả_đi_ăn_mày,2026-07-10T18:59:09.150129+00:00
2000627,Hiến pháp Việt Nam Cộng hòa 1956,https://vi.wikipedia.org/wiki/Hiến_pháp_Việt_Nam_Cộng_hòa_1956,2026-07-10T18:59:09.150129+00:00
2000628,Hội đồng Nhân sĩ (Việt Nam Cộng hòa),https://vi.wikipedia.org/wiki/Hội_đồng_Nhân_sĩ_(Việt_Nam_Cộng_hòa),2026-07-10T18:59:09.150129+00:00
2000629,Thượng Hội đồng Quốc gia (Việt Nam Cộng hòa),https://vi.wikipedia.org/wiki/Thượng_Hội_đồng_Quốc_gia_(Việt_Nam_Cộng_hòa),2026-07-10T18:59:09.150129+00:00
2000630,Chiêu hồi,https://vi.wikipedia.org/wiki/Chiêu_hồi,2026-07-10T18:59:09.150129+00:00
2000631,Hội đồng Quân lực (Việt Nam Cộng hòa),https://vi.wikipedia.org/wiki/Hội_đồng_Quân_lực_(Việt_Nam_Cộng_hòa),2026-07-10T18:59:09.150129+00:00
2000632,Luật 10-59,https://vi.wikipedia.org/wiki/Luật_10-59,2026-07-10T18:59:09.150129+00:00
2000633,Đệ Nhị Cộng hòa (Việt Nam Cộng hòa),https://vi.wikipedia.org/wiki/Đệ_Nhị_Cộng_hòa_(Việt_Nam_Cộng_hòa),2026-07-10T18:59:09.150129+00:00
2000634,Giáo dục Việt Nam Cộng hòa,https://vi.wikipedia.org/wiki/Giáo_dục_Việt_Nam_Cộng_hòa,2026-07-10T18:59:09.150129+00:00
2000635,Chương trình Xây dựng nông thôn (Việt Nam Cộng hòa),https://vi.wikipedia.org/wiki/Chương_trình_Xây_dựng_nông_thôn_(Việt_Nam_Cộng_hòa),2026-07-10T18:59:09.150129+00:00
2000636,Học viện Quốc gia Hành chánh,https://vi.wikipedia.org/wiki/Học_viện_Quốc_gia_Hành_chánh,2026-07-10T18:59:09.150129+00:00
2000637,Sở Nghiên cứu Chính trị Xã hội,https://vi.wikipedia.org/wiki/Sở_Nghiên_cứu_Chính_trị_Xã_hội,2026-07-10T18:59:09.150129+00:00
2000638,Phủ Đặc ủy Trung ương Tình báo,https://vi.wikipedia.org/wiki/Phủ_Đặc_ủy_Trung_ương_Tình_báo,2026-07-10T18:59:09.150129+00:00
2000639,Đoàn Công tác Đặc biệt Miền Trung,https://vi.wikipedia.org/wiki/Đoàn_Công_tác_Đặc_biệt_Miền_Trung,2026-07-10T18:59:09.150129+00:00
2000640,Nhóm Caravelle,https://vi.wikipedia.org/wiki/Nhóm_Caravelle,2026-07-10T18:59:09.150129+00:00
2000641,Y tế Việt Nam Cộng hòa,https://vi.wikipedia.org/wiki/Y_tế_Việt_Nam_Cộng_hòa,2026-07-10T18:59:09.150129+00:00
2000642,Nguyên thủ Việt Nam Cộng hòa,https://vi.wikipedia.org/wiki/Nguyên_thủ_Việt_Nam_Cộng_hòa,2026-07-10T18:59:09.150129+00:00
2000643,Ủy ban Lãnh đạo Quốc gia (Việt Nam Cộng hòa),https://vi.wikipedia.org/wiki/Ủy_ban_Lãnh_đạo_Quốc_gia_(Việt_Nam_Cộng_hòa),2026-07-10T18:59:09.150129+00:00
2000644,Ủy ban Hành pháp Trung ương (Việt Nam Cộng hòa),https://vi.wikipedia.org/wiki/Ủy_ban_Hành_pháp_Trung_ương_(Việt_Nam_Cộng_hòa),2026-07-10T18:59:09.150129+00:00
2000645,Tối cao Pháp viện Việt Nam Cộng hòa,https://vi.wikipedia.org/wiki/Tối_cao_Pháp_viện_Việt_Nam_Cộng_hòa,2026-07-10T18:59:09.150129+00:00
2000646,Ngân hàng Quốc gia Việt Nam,https://vi.wikipedia.org/wiki/Ngân_hàng_Quốc_gia_Việt_Nam,2026-07-10T18:59:09.150129+00:00
2000647,Ngân hàng Việt Nam Thương tín (Việt Nam Cộng hòa),https://vi.wikipedia.org/wiki/Ngân_hàng_Việt_Nam_Thương_tín_(Việt_Nam_Cộng_hòa),2026-07-10T18:59:09.150129+00:00
2000648,Quốc kỳ Việt Nam Cộng hòa,https://vi.wikipedia.org/wiki/Quốc_kỳ_Việt_Nam_Cộng_hòa,2026-07-10T18:59:09.150129+00:00
2000649,Tuyển cử Việt Nam Cộng hòa 1967,https://vi.wikipedia.org/wiki/Tuyển_cử_Việt_Nam_Cộng_hòa_1967,2026-07-10T18:59:09.150129+00:00
2000650,Vinacafe,https://vi.wikipedia.org/wiki/Vinacafe,2026-07-10T18:59:09.150129+00:00
2000651,Pleiku (tỉnh),https://vi.wikipedia.org/wiki/Pleiku_(tỉnh),2026-07-10T18:59:09.150129+00:00
2000652,Quân lực Thế giới Tự do (Chiến tranh Việt Nam),https://vi.wikipedia.org/wiki/Quân_lực_Thế_giới_Tự_do_(Chiến_tranh_Việt_Nam),2026-07-10T18:59:09.150129+00:00
2000653,Đoàn thanh thiếu nông 4T,https://vi.wikipedia.org/wiki/Đoàn_thanh_thiếu_nông_4T,2026-07-10T18:59:09.150129+00:00
2000654,Cảnh sát Quốc gia Việt Nam Cộng hòa,https://vi.wikipedia.org/wiki/Cảnh_sát_Quốc_gia_Việt_Nam_Cộng_hòa,2026-07-10T18:59:09.150129+00:00
2000655,Phong trào Liên đới Phụ nữ Việt Nam,https://vi.wikipedia.org/wiki/Phong_trào_Liên_đới_Phụ_nữ_Việt_Nam,2026-07-10T18:59:09.150129+00:00
2000656,Quốc huy Việt Nam Cộng hòa,https://vi.wikipedia.org/wiki/Quốc_huy_Việt_Nam_Cộng_hòa,2026-07-10T18:59:09.150129+00:00
2000657,Ủy ban Quốc gia Soạn thảo Danh từ Chuyên môn (Việt Nam Cộng hòa),https://vi.wikipedia.org/wiki/Ủy_ban_Quốc_gia_Soạn_thảo_Danh_từ_Chuyên_môn_(Việt_Nam_Cộng_hòa),2026-07-10T18:59:09.150129+00:00
2000658,Quốc hội Việt Nam Cộng hòa,https://vi.wikipedia.org/wiki/Quốc_hội_Việt_Nam_Cộng_hòa,2026-07-10T18:59:09.150129+00:00
2000659,Bộ Quốc phòng Việt Nam Cộng hòa,https://vi.wikipedia.org/wiki/Bộ_Quốc_phòng_Việt_Nam_Cộng_hòa,2026-07-10T18:59:09.150129+00:00
2000660,Phong trào khôi phục chế độ Việt Nam Cộng hòa,https://vi.wikipedia.org/wiki/Phong_trào_khôi_phục_chế_độ_Việt_Nam_Cộng_hòa,2026-07-10T18:59:09.150129+00:00
2000661,Chính sách Hoa kiều thời Đệ nhất Cộng hòa Việt Nam,https://vi.wikipedia.org/wiki/Chính_sách_Hoa_kiều_thời_Đệ_nhất_Cộng_hòa_Việt_Nam,2026-07-10T18:59:09.150129+00:00
2000662,Chính phủ quốc gia Việt Nam lâm thời,https://vi.wikipedia.org/wiki/Chính_phủ_quốc_gia_Việt_Nam_lâm_thời,2026-07-10T18:59:09.150129+00:00
2000663,Thanh niên Cộng hòa (Việt Nam Cộng hòa),https://vi.wikipedia.org/wiki/Thanh_niên_Cộng_hòa_(Việt_Nam_Cộng_hòa),2026-07-10T18:59:09.150129+00:00
2000664,Chính phủ Lâm thời Việt Nam Tự do,https://vi.wikipedia.org/wiki/Chính_phủ_Lâm_thời_Việt_Nam_Tự_do,2026-07-10T18:59:09.150129+00:00
2000665,Câu lạc bộ Du thuyền Vịnh Bắc Bộ,https://vi.wikipedia.org/wiki/Câu_lạc_bộ_Du_thuyền_Vịnh_Bắc_Bộ,2026-07-10T18:59:09.150129+00:00
2000666,Thượng nghị viện Việt Nam Cộng hòa,https://vi.wikipedia.org/wiki/Thượng_nghị_viện_Việt_Nam_Cộng_hòa,2026-07-10T18:59:09.150129+00:00
2000667,Trường Cộng đồng Mỹ tại Sài Gòn,https://vi.wikipedia.org/wiki/Trường_Cộng_đồng_Mỹ_tại_Sài_Gòn,2026-07-10T18:59:09.150129+00:00
2000668,Đại sứ quán Việt Nam Cộng hòa tại Hoa Kỳ,https://vi.wikipedia.org/wiki/Đại_sứ_quán_Việt_Nam_Cộng_hòa_tại_Hoa_Kỳ,2026-07-10T18:59:09.150129+00:00
2000669,Bộ Tài chánh Việt Nam Cộng hòa,https://vi.wikipedia.org/wiki/Bộ_Tài_chánh_Việt_Nam_Cộng_hòa,2026-07-10T18:59:09.150129+00:00
2000670,Bộ Tư pháp Việt Nam Cộng hòa,https://vi.wikipedia.org/wiki/Bộ_Tư_pháp_Việt_Nam_Cộng_hòa,2026-07-10T18:59:09.150129+00:00
2000671,Bộ Nội vụ Việt Nam Cộng hòa,https://vi.wikipedia.org/wiki/Bộ_Nội_vụ_Việt_Nam_Cộng_hòa,2026-07-10T18:59:09.150129+00:00
2000672,Bộ Phát triển Sắc tộc Việt Nam Cộng hòa,https://vi.wikipedia.org/wiki/Bộ_Phát_triển_Sắc_tộc_Việt_Nam_Cộng_hòa,2026-07-10T18:59:09.150129+00:00
2000673,Bộ Thương mại Việt Nam Cộng hòa,https://vi.wikipedia.org/wiki/Bộ_Thương_mại_Việt_Nam_Cộng_hòa,2026-07-10T18:59:09.150129+00:00
2000674,Bộ Ngoại giao Việt Nam Cộng hòa,https://vi.wikipedia.org/wiki/Bộ_Ngoại_giao_Việt_Nam_Cộng_hòa,2026-07-10T18:59:09.150129+00:00
2000675,Việt Nam Thông tấn xã (Việt Nam Cộng hòa),https://vi.wikipedia.org/wiki/Việt_Nam_Thông_tấn_xã_(Việt_Nam_Cộng_hòa),2026-07-10T18:59:09.150129+00:00
2000676,Nhân dân tự vệ,https://vi.wikipedia.org/wiki/Nhân_dân_tự_vệ,2026-07-10T18:59:09.150129+00:00
2000677,Đoàn Cố vấn Việt Nam Đại học Tiểu bang Michigan,https://vi.wikipedia.org/wiki/Đoàn_Cố_vấn_Việt_Nam_Đại_học_Tiểu_bang_Michigan,2026-07-10T18:59:09.150129+00:00
2000678,Cảnh sát Dã chiến Quốc gia Việt Nam Cộng hòa,https://vi.wikipedia.org/wiki/Cảnh_sát_Dã_chiến_Quốc_gia_Việt_Nam_Cộng_hòa,2026-07-10T18:59:09.150129+00:00
2000679,Hội đồng các Sắc tộc Việt Nam Cộng hòa,https://vi.wikipedia.org/wiki/Hội_đồng_các_Sắc_tộc_Việt_Nam_Cộng_hòa,2026-07-10T18:59:09.150129+00:00
2000680,Chương trình Nhập khẩu Thương mại,https://vi.wikipedia.org/wiki/Chương_trình_Nhập_khẩu_Thương_mại,2026-07-10T18:59:09.150129+00:00
2000681,Hiệp ước Hòa bình Nhân dân,https://vi.wikipedia.org/wiki/Hiệp_ước_Hòa_bình_Nhân_dân,2026-07-10T18:59:09.150129+00:00
2000682,Đội tuyển cầu lông quốc gia Việt Nam Cộng hòa,https://vi.wikipedia.org/wiki/Đội_tuyển_cầu_lông_quốc_gia_Việt_Nam_Cộng_hòa,2026-07-10T18:59:09.150129+00:00
2000683,Ủy hội Thế vận Việt Nam,https://vi.wikipedia.org/wiki/Ủy_hội_Thế_vận_Việt_Nam,2026-07-10T18:59:09.150129+00:00
2000684,Hội đồng An ninh Quốc gia Việt Nam Cộng hòa,https://vi.wikipedia.org/wiki/Hội_đồng_An_ninh_Quốc_gia_Việt_Nam_Cộng_hòa,2026-07-10T18:59:09.150129+00:00
2000685,Quốc phòng Quân lực Công báo,https://vi.wikipedia.org/wiki/Quốc_phòng_Quân_lực_Công_báo,2026-07-10T18:59:09.150129+00:00
2000686,Công báo Việt Nam Cộng hòa,https://vi.wikipedia.org/wiki/Công_báo_Việt_Nam_Cộng_hòa,2026-07-10T18:59:09.150129+00:00
2000687,Hội đồng Thẩm phán Việt Nam Cộng hòa,https://vi.wikipedia.org/wiki/Hội_đồng_Thẩm_phán_Việt_Nam_Cộng_hòa,2026-07-10T18:59:09.150129+00:00
2000688,Quy pháp vựng tập,https://vi.wikipedia.org/wiki/Quy_pháp_vựng_tập,2026-07-10T18:59:09.150129+00:00
2000689,Tham chính viện Việt Nam Cộng hòa,https://vi.wikipedia.org/wiki/Tham_chính_viện_Việt_Nam_Cộng_hòa,2026-07-10T18:59:09.150129+00:00
2000690,Hạ nghị viện Việt Nam Cộng hòa,https://vi.wikipedia.org/wiki/Hạ_nghị_viện_Việt_Nam_Cộng_hòa,2026-07-10T18:59:09.150129+00:00
2000691,Hội đồng Văn hóa Giáo dục Việt Nam Cộng hòa,https://vi.wikipedia.org/wiki/Hội_đồng_Văn_hóa_Giáo_dục_Việt_Nam_Cộng_hòa,2026-07-10T18:59:09.150129+00:00
2000692,Hội đồng Kinh tế Xã hội Việt Nam Cộng hòa,https://vi.wikipedia.org/wiki/Hội_đồng_Kinh_tế_Xã_hội_Việt_Nam_Cộng_hòa,2026-07-10T18:59:09.150129+00:00
2000693,Đặc biệt Pháp viện Việt Nam Cộng hòa,https://vi.wikipedia.org/wiki/Đặc_biệt_Pháp_viện_Việt_Nam_Cộng_hòa,2026-07-10T18:59:09.150129+00:00
2000694,Giám sát viện Việt Nam Cộng hòa,https://vi.wikipedia.org/wiki/Giám_sát_viện_Việt_Nam_Cộng_hòa,2026-07-10T18:59:09.150129+00:00
2000695,Hội đồng Quân Dân Việt Nam Cộng hòa,https://vi.wikipedia.org/wiki/Hội_đồng_Quân_Dân_Việt_Nam_Cộng_hòa,2026-07-10T18:59:09.150129+00:00
2000696,Viện Bảo hiến Việt Nam Cộng hòa,https://vi.wikipedia.org/wiki/Viện_Bảo_hiến_Việt_Nam_Cộng_hòa,2026-07-10T18:59:09.150129+00:00
2000697,Viện Hối đoái Việt Nam Cộng hòa,https://vi.wikipedia.org/wiki/Viện_Hối_đoái_Việt_Nam_Cộng_hòa,2026-07-10T18:59:09.150129+00:00
2000698,Bộ Công dân vụ Việt Nam Cộng hòa,https://vi.wikipedia.org/wiki/Bộ_Công_dân_vụ_Việt_Nam_Cộng_hòa,2026-07-10T18:59:09.150129+00:00
2000699,Bộ Thông tin Việt Nam Cộng hòa,https://vi.wikipedia.org/wiki/Bộ_Thông_tin_Việt_Nam_Cộng_hòa,2026-07-10T18:59:09.150129+00:00
2000700,Bộ Cựu chiến binh Việt Nam Cộng hòa,https://vi.wikipedia.org/wiki/Bộ_Cựu_chiến_binh_Việt_Nam_Cộng_hòa,2026-07-10T18:59:09.150129+00:00
2000701,Quốc gia Nông tín cuộc,https://vi.wikipedia.org/wiki/Quốc_gia_Nông_tín_cuộc,2026-07-10T18:59:09.150129+00:00
2000702,Biệt chính Nhân dân,https://vi.wikipedia.org/wiki/Biệt_chính_Nhân_dân,2026-07-10T18:59:09.150129+00:00
2000703,Biệt đội Thiên Nga,https://vi.wikipedia.org/wiki/Biệt_đội_Thiên_Nga,2026-07-10T18:59:09.150129+00:00
2000704,Liên đoàn Công chức Cách mạng Quốc gia,https://vi.wikipedia.org/wiki/Liên_đoàn_Công_chức_Cách_mạng_Quốc_gia,2026-07-10T18:59:09.150129+00:00
2000705,Phân cấp hành chính Việt Nam Cộng hòa,https://vi.wikipedia.org/wiki/Phân_cấp_hành_chính_Việt_Nam_Cộng_hòa,2026-07-10T18:59:09.150129+00:00
2000706,Cách Mạng Quốc Gia,https://vi.wikipedia.org/wiki/Cách_Mạng_Quốc_Gia,2026-07-10T18:59:09.150129+00:00
2000707,Thám sát Tỉnh,https://vi.wikipedia.org/wiki/Thám_sát_Tỉnh,2026-07-10T18:59:09.150129+00:00
2000708,Cảnh sát Đặc biệt Việt Nam Cộng hòa,https://vi.wikipedia.org/wiki/Cảnh_sát_Đặc_biệt_Việt_Nam_Cộng_hòa,2026-07-10T18:59:09.150129+00:00
2000709,Phong trào Cách mạng Quốc gia,https://vi.wikipedia.org/wiki/Phong_trào_Cách_mạng_Quốc_gia,2026-07-10T18:59:09.150129+00:00
2000710,Bót Catinat,https://vi.wikipedia.org/wiki/Bót_Catinat,2026-07-10T18:59:09.150129+00:00
2000711,Hàm Tử,https://vi.wikipedia.org/wiki/Hàm_Tử,2026-07-10T18:59:09.150129+00:00
2000712,Chi Lăng,https://vi.wikipedia.org/wiki/Chi_Lăng,2026-07-10T18:59:09.150129+00:00
2000713,Bãi Sậy,https://vi.wikipedia.org/wiki/Bãi_Sậy,2026-07-10T18:59:09.150129+00:00
2000714,Bến Chương Dương,https://vi.wikipedia.org/wiki/Bến_Chương_Dương,2026-07-10T18:59:09.150129+00:00
2000715,Trị Thiên,https://vi.wikipedia.org/wiki/Trị_Thiên,2026-07-10T18:59:09.150129+00:00
2000716,Đàn Xã Tắc (Huế),https://vi.wikipedia.org/wiki/Đàn_Xã_Tắc_(Huế),2026-07-10T18:59:09.150129+00:00
2000717,Ngọ Môn (Hoàng thành Huế),https://vi.wikipedia.org/wiki/Ngọ_Môn_(Hoàng_thành_Huế),2026-07-10T18:59:09.150129+00:00
2000718,Thế Tổ miếu (Hoàng thành Huế),https://vi.wikipedia.org/wiki/Thế_Tổ_miếu_(Hoàng_thành_Huế),2026-07-10T18:59:09.150129+00:00
2000719,Tàng Thư lâu,https://vi.wikipedia.org/wiki/Tàng_Thư_lâu,2026-07-10T18:59:09.150129+00:00
2000720,Kinh thành Huế,https://vi.wikipedia.org/wiki/Kinh_thành_Huế,2026-07-10T18:59:09.150129+00:00
2000721,Hoàng thành Huế,https://vi.wikipedia.org/wiki/Hoàng_thành_Huế,2026-07-10T18:59:09.150129+00:00
2000722,Hồ Tịnh Tâm,https://vi.wikipedia.org/wiki/Hồ_Tịnh_Tâm,2026-07-10T18:59:09.150129+00:00
2000723,Điện Long An,https://vi.wikipedia.org/wiki/Điện_Long_An,2026-07-10T18:59:09.150129+00:00
2000724,Kỳ đài (Huế),https://vi.wikipedia.org/wiki/Kỳ_đài_(Huế),2026-07-10T18:59:09.150129+00:00
2000725,Quốc sử quán (nhà Nguyễn),https://vi.wikipedia.org/wiki/Quốc_sử_quán_(nhà_Nguyễn),2026-07-10T18:59:09.150129+00:00
2000726,Linh Hựu quán,https://vi.wikipedia.org/wiki/Linh_Hựu_quán,2026-07-10T18:59:09.150129+00:00
2000727,Bảo tàng Cổ vật Cung đình Huế,https://vi.wikipedia.org/wiki/Bảo_tàng_Cổ_vật_Cung_đình_Huế,2026-07-10T18:59:09.150129+00:00
2000728,Vườn Thư Quang,https://vi.wikipedia.org/wiki/Vườn_Thư_Quang,2026-07-10T18:59:09.150129+00:00
2000729,Vườn Thường Mậu,https://vi.wikipedia.org/wiki/Vườn_Thường_Mậu,2026-07-10T18:59:09.150129+00:00
2000730,Khâm Thiên Giám (Huế),https://vi.wikipedia.org/wiki/Khâm_Thiên_Giám_(Huế),2026-07-10T18:59:09.150129+00:00
2000731,Tôn Nhơn phủ (Huế),https://vi.wikipedia.org/wiki/Tôn_Nhơn_phủ_(Huế),2026-07-10T18:59:09.150129+00:00
2000732,Miếu Tiên Y,https://vi.wikipedia.org/wiki/Miếu_Tiên_Y,2026-07-10T18:59:09.150129+00:00
2000733,Lục bộ đường,https://vi.wikipedia.org/wiki/Lục_bộ_đường,2026-07-10T18:59:09.150129+00:00
2000734,Học bộ,https://vi.wikipedia.org/wiki/Học_bộ,2026-07-10T18:59:09.150129+00:00
2000735,Hội Khoa học Lịch sử Việt Nam,https://vi.wikipedia.org/wiki/Hội_Khoa_học_Lịch_sử_Việt_Nam,2026-07-10T18:59:09.150129+00:00
2000736,Viện Sử học (Việt Nam),https://vi.wikipedia.org/wiki/Viện_Sử_học_(Việt_Nam),2026-07-10T18:59:09.150129+00:00
2000737,Bia Vĩnh Lăng,https://vi.wikipedia.org/wiki/Bia_Vĩnh_Lăng,2026-07-10T18:59:09.150129+00:00
2000738,Biên niên sử Việt Nam thời kỳ 1945–1975,https://vi.wikipedia.org/wiki/Biên_niên_sử_Việt_Nam_thời_kỳ_1945–1975,2026-07-10T18:59:09.150129+00:00
2000739,Dòng thời gian của lịch sử LGBT ở Việt Nam,https://vi.wikipedia.org/wiki/Dòng_thời_gian_của_lịch_sử_LGBT_ở_Việt_Nam,2026-07-10T18:59:09.150129+00:00
2000740,Văn Lang,https://vi.wikipedia.org/wiki/Văn_Lang,2026-07-10T18:59:09.150129+00:00
2000741,Lạc Long Quân,https://vi.wikipedia.org/wiki/Lạc_Long_Quân,2026-07-10T18:59:09.150129+00:00
2000742,Hùng Vương,https://vi.wikipedia.org/wiki/Hùng_Vương,2026-07-10T18:59:09.150129+00:00
2000743,Âu Cơ,https://vi.wikipedia.org/wiki/Âu_Cơ,2026-07-10T18:59:09.150129+00:00
2000744,Kinh Dương vương,https://vi.wikipedia.org/wiki/Kinh_Dương_vương,2026-07-10T18:59:09.150129+00:00
2000745,Nỏ liên châu,https://vi.wikipedia.org/wiki/Nỏ_liên_châu,2026-07-10T18:59:09.150129+00:00
2000746,Âu Việt,https://vi.wikipedia.org/wiki/Âu_Việt,2026-07-10T18:59:09.150129+00:00
2000747,Lịch sử Phú Yên,https://vi.wikipedia.org/wiki/Lịch_sử_Phú_Yên,2026-07-10T18:59:09.150129+00:00
2000748,Bóng đá tại Việt Nam,https://vi.wikipedia.org/wiki/Bóng_đá_tại_Việt_Nam,2026-07-10T18:59:09.150129+00:00
2000749,Danh sách vụ bán độ của bóng đá Việt Nam,https://vi.wikipedia.org/wiki/Danh_sách_vụ_bán_độ_của_bóng_đá_Việt_Nam,2026-07-10T18:59:09.150129+00:00
2000750,Cảng Sài Gòn 0–2 Tổng cục Đường sắt (1976),https://vi.wikipedia.org/wiki/Cảng_Sài_Gòn_0–2_Tổng_cục_Đường_sắt_(1976),2026-07-10T18:59:09.150129+00:00
2000751,Đại Ngu,https://vi.wikipedia.org/wiki/Đại_Ngu,2026-07-10T18:59:09.150129+00:00
2000752,Đại Cồ Việt,https://vi.wikipedia.org/wiki/Đại_Cồ_Việt,2026-07-10T18:59:09.150129+00:00
2000753,Vạn Xuân,https://vi.wikipedia.org/wiki/Vạn_Xuân,2026-07-10T18:59:09.150129+00:00
2000754,Xích Quỷ,https://vi.wikipedia.org/wiki/Xích_Quỷ,2026-07-10T18:59:09.150129+00:00
2000755,Thiên Phúc,https://vi.wikipedia.org/wiki/Thiên_Phúc,2026-07-10T18:59:09.150129+00:00
2000756,Thiên Đức (nhà Tiền Lý),https://vi.wikipedia.org/wiki/Thiên_Đức_(nhà_Tiền_Lý),2026-07-10T18:59:09.150129+00:00
2000757,Thái Bình (nhà Đinh),https://vi.wikipedia.org/wiki/Thái_Bình_(nhà_Đinh),2026-07-10T18:59:09.150129+00:00
2000758,Lịch sử chiến tranh Trung Quốc – Việt Nam,https://vi.wikipedia.org/wiki/Lịch_sử_chiến_tranh_Trung_Quốc_–_Việt_Nam,2026-07-10T18:59:09.150129+00:00
2000759,Lịch sử chiến tranh Việt – Xiêm,https://vi.wikipedia.org/wiki/Lịch_sử_chiến_tranh_Việt_–_Xiêm,2026-07-10T18:59:09.150129+00:00
2000760,Chiến tranh Đại Việt – Lan Xang (1479–1480),https://vi.wikipedia.org/wiki/Chiến_tranh_Đại_Việt_–_Lan_Xang_(1479–1480),2026-07-10T18:59:09.150129+00:00
2000761,Khủng hoảng cuối thời Lê sơ,https://vi.wikipedia.org/wiki/Khủng_hoảng_cuối_thời_Lê_sơ,2026-07-10T18:59:09.150129+00:00
2000762,Quân đội nhà Lý,https://vi.wikipedia.org/wiki/Quân_đội_nhà_Lý,2026-07-10T18:59:09.150129+00:00
2000763,Chiến tranh biên giới Việt Nam – Campuchia,https://vi.wikipedia.org/wiki/Chiến_tranh_biên_giới_Việt_Nam_–_Campuchia,2026-07-10T18:59:09.150129+00:00
2000764,Gò Đống Đa,https://vi.wikipedia.org/wiki/Gò_Đống_Đa,2026-07-10T18:59:09.150129+00:00
2000765,Quân đội Quốc gia Việt Nam,https://vi.wikipedia.org/wiki/Quân_đội_Quốc_gia_Việt_Nam,2026-07-10T18:59:09.150129+00:00
2000766,Thành Gia Định,https://vi.wikipedia.org/wiki/Thành_Gia_Định,2026-07-10T18:59:09.150129+00:00
2000767,Hà Thành đầu độc,https://vi.wikipedia.org/wiki/Hà_Thành_đầu_độc,2026-07-10T18:59:09.150129+00:00
2000768,Cột đồng Mã Viện,https://vi.wikipedia.org/wiki/Cột_đồng_Mã_Viện,2026-07-10T18:59:09.150129+00:00
2000769,Nam Bộ kháng chiến,https://vi.wikipedia.org/wiki/Nam_Bộ_kháng_chiến,2026-07-10T18:59:09.150129+00:00
2000770,Khởi nghĩa Yên Bái,https://vi.wikipedia.org/wiki/Khởi_nghĩa_Yên_Bái,2026-07-10T18:59:09.150129+00:00
2000771,Xung đột giành quyền kiểm soát tại quần đảo Trường Sa 1988,https://vi.wikipedia.org/wiki/Xung_đột_giành_quyền_kiểm_soát_tại_quần_đảo_Trường_Sa_1988,2026-07-10T18:59:09.150129+00:00
2000772,Đỗ Thanh Nhơn,https://vi.wikipedia.org/wiki/Đỗ_Thanh_Nhơn,2026-07-10T18:59:09.150129+00:00
2000773,Trận Ngọc Hồi – Đống Đa,https://vi.wikipedia.org/wiki/Trận_Ngọc_Hồi_–_Đống_Đa,2026-07-10T18:59:09.150129+00:00
2000774,Võ Tánh,https://vi.wikipedia.org/wiki/Võ_Tánh,2026-07-10T18:59:09.150129+00:00
2000775,Chiến tranh Tây Sơn – Chúa Nguyễn,https://vi.wikipedia.org/wiki/Chiến_tranh_Tây_Sơn_–_Chúa_Nguyễn,2026-07-10T18:59:09.150129+00:00
2000776,Olivier de Puymanel,https://vi.wikipedia.org/wiki/Olivier_de_Puymanel,2026-07-10T18:59:09.150129+00:00
2000777,Quân đội nhà Nguyễn,https://vi.wikipedia.org/wiki/Quân_đội_nhà_Nguyễn,2026-07-10T18:59:09.150129+00:00
2000778,Khởi nghĩa Bãi Sậy,https://vi.wikipedia.org/wiki/Khởi_nghĩa_Bãi_Sậy,2026-07-10T18:59:09.150129+00:00
2000779,Trận Đà Nẵng (1858–1859),https://vi.wikipedia.org/wiki/Trận_Đà_Nẵng_(1858–1859),2026-07-10T18:59:09.150129+00:00
2000780,Thành Tân Sở,https://vi.wikipedia.org/wiki/Thành_Tân_Sở,2026-07-10T18:59:09.150129+00:00
2000781,Xung đột Thái Lan – Việt Nam (1979–1989),https://vi.wikipedia.org/wiki/Xung_đột_Thái_Lan_–_Việt_Nam_(1979–1989),2026-07-10T18:59:09.150129+00:00
2000782,Nhà Minh xâm lược Đại Ngu,https://vi.wikipedia.org/wiki/Nhà_Minh_xâm_lược_Đại_Ngu,2026-07-10T18:59:09.150129+00:00
2000783,Quân đội nhà Lê sơ,https://vi.wikipedia.org/wiki/Quân_đội_nhà_Lê_sơ,2026-07-10T18:59:09.150129+00:00
2000784,Lính tập,https://vi.wikipedia.org/wiki/Lính_tập,2026-07-10T18:59:09.150129+00:00
2000785,Trận Nam Định (1883),https://vi.wikipedia.org/wiki/Trận_Nam_Định_(1883),2026-07-10T18:59:09.150129+00:00
2000786,Quân đội nhà Trần,https://vi.wikipedia.org/wiki/Quân_đội_nhà_Trần,2026-07-10T18:59:09.150129+00:00
2000787,Quân đội nhà Mạc,https://vi.wikipedia.org/wiki/Quân_đội_nhà_Mạc,2026-07-10T18:59:09.150129+00:00
2000788,Võ học Đàng Ngoài thời Lê trung hưng,https://vi.wikipedia.org/wiki/Võ_học_Đàng_Ngoài_thời_Lê_trung_hưng,2026-07-10T18:59:09.150129+00:00
2000789,Quân đội nhà Đinh,https://vi.wikipedia.org/wiki/Quân_đội_nhà_Đinh,2026-07-10T18:59:09.150129+00:00
2000790,Quân đội nhà Lê trung hưng,https://vi.wikipedia.org/wiki/Quân_đội_nhà_Lê_trung_hưng,2026-07-10T18:59:09.150129+00:00
2000791,Mông đồng,https://vi.wikipedia.org/wiki/Mông_đồng,2026-07-10T18:59:09.150129+00:00
2000792,Quân đội Đàng Trong thời Lê trung hưng,https://vi.wikipedia.org/wiki/Quân_đội_Đàng_Trong_thời_Lê_trung_hưng,2026-07-10T18:59:09.150129+00:00
2000793,Jean-Baptiste Chaigneau,https://vi.wikipedia.org/wiki/Jean-Baptiste_Chaigneau,2026-07-10T18:59:09.150129+00:00
2000794,Chiến dịch CQ-88,https://vi.wikipedia.org/wiki/Chiến_dịch_CQ-88,2026-07-10T18:59:09.150129+00:00
2000795,Trận Cao Bằng (1677),https://vi.wikipedia.org/wiki/Trận_Cao_Bằng_(1677),2026-07-10T18:59:09.150129+00:00
2000796,Quân đội nhà Tây Sơn,https://vi.wikipedia.org/wiki/Quân_đội_nhà_Tây_Sơn,2026-07-10T18:59:09.150129+00:00
2000797,Lịch sử quân hàm Quân đội nhân dân Việt Nam,https://vi.wikipedia.org/wiki/Lịch_sử_quân_hàm_Quân_đội_nhân_dân_Việt_Nam,2026-07-10T18:59:09.150129+00:00
2000798,Thành cổ Biên Hòa,https://vi.wikipedia.org/wiki/Thành_cổ_Biên_Hòa,2026-07-10T18:59:09.150129+00:00
2000799,Giáp trụ Việt Nam,https://vi.wikipedia.org/wiki/Giáp_trụ_Việt_Nam,2026-07-10T18:59:09.150129+00:00
2000800,Hành quân Trần Hưng Đạo 48,https://vi.wikipedia.org/wiki/Hành_quân_Trần_Hưng_Đạo_48,2026-07-10T18:59:09.150129+00:00
2000801,Lịch sử quân sự Văn Lang – Âu Lạc,https://vi.wikipedia.org/wiki/Lịch_sử_quân_sự_Văn_Lang_–_Âu_Lạc,2026-07-10T18:59:09.150129+00:00
2000802,Xung đột đảng phái tại Việt Nam (1945–1949),https://vi.wikipedia.org/wiki/Xung_đột_đảng_phái_tại_Việt_Nam_(1945–1949),2026-07-10T18:59:09.150129+00:00
2000803,Trận Thái Nguyên,https://vi.wikipedia.org/wiki/Trận_Thái_Nguyên,2026-07-10T18:59:09.150129+00:00
2000804,Phi đội Quyết Thắng,https://vi.wikipedia.org/wiki/Phi_đội_Quyết_Thắng,2026-07-10T18:59:09.150129+00:00
2000805,Châu Lý,https://vi.wikipedia.org/wiki/Châu_Lý,2026-07-10T18:59:09.150129+00:00
2000806,Thư thất điều,https://vi.wikipedia.org/wiki/Thư_thất_điều,2026-07-10T18:59:09.150129+00:00
2000807,Khởi nghĩa Lê Ngọc,https://vi.wikipedia.org/wiki/Khởi_nghĩa_Lê_Ngọc,2026-07-10T18:59:09.150129+00:00
2000808,Khởi nghĩa Dương Thanh,https://vi.wikipedia.org/wiki/Khởi_nghĩa_Dương_Thanh,2026-07-10T18:59:09.150129+00:00
2000809,Thảm sát Mỹ Trạch,https://vi.wikipedia.org/wiki/Thảm_sát_Mỹ_Trạch,2026-07-10T18:59:09.150129+00:00
2000810,Tây Sơn tam kiệt,https://vi.wikipedia.org/wiki/Tây_Sơn_tam_kiệt,2026-07-10T18:59:09.150129+00:00
2000811,Chiến dịch Hà Nam Ninh,https://vi.wikipedia.org/wiki/Chiến_dịch_Hà_Nam_Ninh,2026-07-10T18:59:09.150129+00:00
2000812,Thảm sát Cát Bay,https://vi.wikipedia.org/wiki/Thảm_sát_Cát_Bay,2026-07-10T18:59:09.150129+00:00
2000813,Đình nguyên thời Nguyễn,https://vi.wikipedia.org/wiki/Đình_nguyên_thời_Nguyễn,2026-07-10T18:59:09.150129+00:00
2000814,Tâm Tâm xã,https://vi.wikipedia.org/wiki/Tâm_Tâm_xã,2026-07-10T18:59:09.150129+00:00
2000815,Công ước Pháp – Thanh 1895,https://vi.wikipedia.org/wiki/Công_ước_Pháp_–_Thanh_1895,2026-07-10T18:59:09.150129+00:00
2000816,Tiểu quốc Mạ,https://vi.wikipedia.org/wiki/Tiểu_quốc_Mạ,2026-07-10T18:59:09.150129+00:00
2000817,Đạo quan binh,https://vi.wikipedia.org/wiki/Đạo_quan_binh,2026-07-10T18:59:09.150129+00:00
2000818,Panduranga-Chăm Pa,https://vi.wikipedia.org/wiki/Panduranga-Chăm_Pa,2026-07-10T18:59:09.150129+00:00
2000819,Địa Lý (châu),https://vi.wikipedia.org/wiki/Địa_Lý_(châu),2026-07-10T18:59:09.150129+00:00
2000820,Chiến dịch Commando Hunt,https://vi.wikipedia.org/wiki/Chiến_dịch_Commando_Hunt,2026-07-10T18:59:09.150129+00:00
2000821,Sư đoàn 31 (Việt Nam),https://vi.wikipedia.org/wiki/Sư_đoàn_31_(Việt_Nam),2026-07-10T18:59:09.150129+00:00
2000822,Gia Định Thành,https://vi.wikipedia.org/wiki/Gia_Định_Thành,2026-07-10T18:59:09.150129+00:00
2000823,Đồng Khánh địa dư chí,https://vi.wikipedia.org/wiki/Đồng_Khánh_địa_dư_chí,2026-07-10T18:59:09.150129+00:00
2000824,Trận Chương Dương độ,https://vi.wikipedia.org/wiki/Trận_Chương_Dương_độ,2026-07-10T18:59:09.150129+00:00
2000825,Mạc Vân thi xã,https://vi.wikipedia.org/wiki/Mạc_Vân_thi_xã,2026-07-10T18:59:09.150129+00:00
2000826,Binh biến tại Việt Nam Cộng hòa tháng 9 năm 1964,https://vi.wikipedia.org/wiki/Binh_biến_tại_Việt_Nam_Cộng_hòa_tháng_9_năm_1964,2026-07-10T18:59:09.150129+00:00
2000827,Cửu Trùng đài,https://vi.wikipedia.org/wiki/Cửu_Trùng_đài,2026-07-10T18:59:09.150129+00:00
2000828,Thảm sát Châu Đốc,https://vi.wikipedia.org/wiki/Thảm_sát_Châu_Đốc,2026-07-10T18:59:09.150129+00:00
2000829,Thảm sát Chợ Giữa,https://vi.wikipedia.org/wiki/Thảm_sát_Chợ_Giữa,2026-07-10T18:59:09.150129+00:00
2000830,Binh biến tại Việt Nam Cộng hòa tháng 12 năm 1964,https://vi.wikipedia.org/wiki/Binh_biến_tại_Việt_Nam_Cộng_hòa_tháng_12_năm_1964,2026-07-10T18:59:09.150129+00:00
2000831,Khanh,https://vi.wikipedia.org/wiki/Khanh,2026-07-10T18:59:09.150129+00:00
2000832,Thiếu khanh,https://vi.wikipedia.org/wiki/Thiếu_khanh,2026-07-10T18:59:09.150129+00:00
2000833,Linh đài lang,https://vi.wikipedia.org/wiki/Linh_đài_lang,2026-07-10T18:59:09.150129+00:00
2000834,Hải Dương chí lược,https://vi.wikipedia.org/wiki/Hải_Dương_chí_lược,2026-07-10T18:59:09.150129+00:00
2000835,Chiến dịch Nghĩa Lộ,https://vi.wikipedia.org/wiki/Chiến_dịch_Nghĩa_Lộ,2026-07-10T18:59:09.150129+00:00
2000836,Mã tà ma ní,https://vi.wikipedia.org/wiki/Mã_tà_ma_ní,2026-07-10T18:59:09.150129+00:00
2000837,Đinh Viết Nhưng,https://vi.wikipedia.org/wiki/Đinh_Viết_Nhưng,2026-07-10T18:59:09.150129+00:00
2000838,Việt Nam năm 1917,https://vi.wikipedia.org/wiki/Việt_Nam_năm_1917,2026-07-10T18:59:09.150129+00:00
2000839,Chiến dịch Adolphe,https://vi.wikipedia.org/wiki/Chiến_dịch_Adolphe,2026-07-10T18:59:09.150129+00:00
2000840,Vấn đề chính thống của nhà Triệu,https://vi.wikipedia.org/wiki/Vấn_đề_chính_thống_của_nhà_Triệu,2026-07-10T18:59:09.150129+00:00
2000841,Lễ hội chọi trâu Hải Lựu,https://vi.wikipedia.org/wiki/Lễ_hội_chọi_trâu_Hải_Lựu,2026-07-10T18:59:09.150129+00:00
2000842,Chùa Quang Hiếu,https://vi.wikipedia.org/wiki/Chùa_Quang_Hiếu,2026-07-10T18:59:09.150129+00:00
2000843,Mộ số 1 La Bạc Loan,https://vi.wikipedia.org/wiki/Mộ_số_1_La_Bạc_Loan,2026-07-10T18:59:09.150129+00:00
2000844,Bảo tàng Lăng mộ Triệu Văn Đế,https://vi.wikipedia.org/wiki/Bảo_tàng_Lăng_mộ_Triệu_Văn_Đế,2026-07-10T18:59:09.150129+00:00
2000845,Di tích đập nước bằng gỗ thời Triệu,https://vi.wikipedia.org/wiki/Di_tích_đập_nước_bằng_gỗ_thời_Triệu,2026-07-10T18:59:09.150129+00:00
2000846,Đền Đồng Xâm,https://vi.wikipedia.org/wiki/Đền_Đồng_Xâm,2026-07-10T18:59:09.150129+00:00
2000847,Nghệ thuật Việt Nam thời Mạc,https://vi.wikipedia.org/wiki/Nghệ_thuật_Việt_Nam_thời_Mạc,2026-07-10T18:59:09.150129+00:00
2000848,Nghệ thuật Đại Việt thời Lê sơ,https://vi.wikipedia.org/wiki/Nghệ_thuật_Đại_Việt_thời_Lê_sơ,2026-07-10T18:59:09.150129+00:00
2000849,Nghệ thuật Đại Việt thời Trần,https://vi.wikipedia.org/wiki/Nghệ_thuật_Đại_Việt_thời_Trần,2026-07-10T18:59:09.150129+00:00
2000850,Nghệ thuật Đại Việt thời Lý,https://vi.wikipedia.org/wiki/Nghệ_thuật_Đại_Việt_thời_Lý,2026-07-10T18:59:09.150129+00:00
2000851,Nghệ thuật Đàng Ngoài thời Lê trung hưng,https://vi.wikipedia.org/wiki/Nghệ_thuật_Đàng_Ngoài_thời_Lê_trung_hưng,2026-07-10T18:59:09.150129+00:00
2000852,Tiến quân ca,https://vi.wikipedia.org/wiki/Tiến_quân_ca,2026-07-10T18:59:09.150129+00:00
2000853,Đăng đàn cung,https://vi.wikipedia.org/wiki/Đăng_đàn_cung,2026-07-10T18:59:09.150129+00:00
2000854,Quốc ca Việt Nam,https://vi.wikipedia.org/wiki/Quốc_ca_Việt_Nam,2026-07-10T18:59:09.150129+00:00
2000855,Lê Văn Khôi,https://vi.wikipedia.org/wiki/Lê_Văn_Khôi,2026-07-10T18:59:09.150129+00:00
2000856,Trần Cảo (tướng khởi nghĩa),https://vi.wikipedia.org/wiki/Trần_Cảo_(tướng_khởi_nghĩa),2026-07-10T18:59:09.150129+00:00
2000857,Kiều Thuận,https://vi.wikipedia.org/wiki/Kiều_Thuận,2026-07-10T18:59:09.150129+00:00
2000858,Kiều Công Hãn,https://vi.wikipedia.org/wiki/Kiều_Công_Hãn,2026-07-10T18:59:09.150129+00:00
2000859,Nguyễn Phúc Hồng Bảo,https://vi.wikipedia.org/wiki/Nguyễn_Phúc_Hồng_Bảo,2026-07-10T18:59:09.150129+00:00
2000860,Nguyễn Phúc Hồng Tập,https://vi.wikipedia.org/wiki/Nguyễn_Phúc_Hồng_Tập,2026-07-10T18:59:09.150129+00:00
2000861,Đỗ Cảnh Thạc,https://vi.wikipedia.org/wiki/Đỗ_Cảnh_Thạc,2026-07-10T18:59:09.150129+00:00
2000862,Trần Phong (thuộc Minh),https://vi.wikipedia.org/wiki/Trần_Phong_(thuộc_Minh),2026-07-10T18:59:09.150129+00:00
2000863,Đỗ Duy Trung,https://vi.wikipedia.org/wiki/Đỗ_Duy_Trung,2026-07-10T18:59:09.150129+00:00
2000864,Lương Nhữ Hốt,https://vi.wikipedia.org/wiki/Lương_Nhữ_Hốt,2026-07-10T18:59:09.150129+00:00
2000865,Nùng Tồn Phúc,https://vi.wikipedia.org/wiki/Nùng_Tồn_Phúc,2026-07-10T18:59:09.150129+00:00
2000866,Trần Tuân,https://vi.wikipedia.org/wiki/Trần_Tuân,2026-07-10T18:59:09.150129+00:00
2000867,Trần Cung (Hậu Lê),https://vi.wikipedia.org/wiki/Trần_Cung_(Hậu_Lê),2026-07-10T18:59:09.150129+00:00
2000868,Bà Ba Cai Vàng,https://vi.wikipedia.org/wiki/Bà_Ba_Cai_Vàng,2026-07-10T18:59:09.150129+00:00
2000869,Đèo Cát Hãn,https://vi.wikipedia.org/wiki/Đèo_Cát_Hãn,2026-07-10T18:59:09.150129+00:00
2000870,Nguyễn Tự,https://vi.wikipedia.org/wiki/Nguyễn_Tự,2026-07-10T18:59:09.150129+00:00
2000871,Nguyễn Khoan,https://vi.wikipedia.org/wiki/Nguyễn_Khoan,2026-07-10T18:59:09.150129+00:00
2000872,Nguyễn Siêu,https://vi.wikipedia.org/wiki/Nguyễn_Siêu,2026-07-10T18:59:09.150129+00:00
2000873,Lý Khuê,https://vi.wikipedia.org/wiki/Lý_Khuê,2026-07-10T18:59:09.150129+00:00
2000874,Nông Văn Vân,https://vi.wikipedia.org/wiki/Nông_Văn_Vân,2026-07-10T18:59:09.150129+00:00
2000875,Thái Công Triều,https://vi.wikipedia.org/wiki/Thái_Công_Triều,2026-07-10T18:59:09.150129+00:00
2000876,Nguyễn Văn Trắm,https://vi.wikipedia.org/wiki/Nguyễn_Văn_Trắm,2026-07-10T18:59:09.150129+00:00
2000877,Lê Duy Lương,https://vi.wikipedia.org/wiki/Lê_Duy_Lương,2026-07-10T18:59:09.150129+00:00
2000878,Cai Vàng,https://vi.wikipedia.org/wiki/Cai_Vàng,2026-07-10T18:59:09.150129+00:00
2000879,Tạ Văn Phụng,https://vi.wikipedia.org/wiki/Tạ_Văn_Phụng,2026-07-10T18:59:09.150129+00:00
2000880,Quách Bốc,https://vi.wikipedia.org/wiki/Quách_Bốc,2026-07-10T18:59:09.150129+00:00
2000881,Phạm Sư Ôn,https://vi.wikipedia.org/wiki/Phạm_Sư_Ôn,2026-07-10T18:59:09.150129+00:00
2000882,Lã Xử Bình,https://vi.wikipedia.org/wiki/Lã_Xử_Bình,2026-07-10T18:59:09.150129+00:00
2000883,Dương Huy,https://vi.wikipedia.org/wiki/Dương_Huy,2026-07-10T18:59:09.150129+00:00
2000884,Dực Thánh vương,https://vi.wikipedia.org/wiki/Dực_Thánh_vương,2026-07-10T18:59:09.150129+00:00
2000885,Thân Lợi,https://vi.wikipedia.org/wiki/Thân_Lợi,2026-07-10T18:59:09.150129+00:00
2000886,Đàm Hữu Lượng,https://vi.wikipedia.org/wiki/Đàm_Hữu_Lượng,2026-07-10T18:59:09.150129+00:00
2000887,Lò Lẹt,https://vi.wikipedia.org/wiki/Lò_Lẹt,2026-07-10T18:59:09.150129+00:00
2000888,Vũ Đức vương,https://vi.wikipedia.org/wiki/Vũ_Đức_vương,2026-07-10T18:59:09.150129+00:00
2000889,Lê Vãn,https://vi.wikipedia.org/wiki/Lê_Vãn,2026-07-10T18:59:09.150129+00:00
2000890,Đẻ đất đẻ nước,https://vi.wikipedia.org/wiki/Đẻ_đất_đẻ_nước,2026-07-10T18:59:09.150129+00:00
2000891,Giàng,https://vi.wikipedia.org/wiki/Giàng,2026-07-10T18:59:09.150129+00:00
2000892,Đam San,https://vi.wikipedia.org/wiki/Đam_San,2026-07-10T18:59:09.150129+00:00
2000893,Xinh Nhã,https://vi.wikipedia.org/wiki/Xinh_Nhã,2026-07-10T18:59:09.150129+00:00
2000894,Sử thi các dân tộc Việt Nam,https://vi.wikipedia.org/wiki/Sử_thi_các_dân_tộc_Việt_Nam,2026-07-10T18:59:09.150129+00:00
2000895,Mtao Mxây,https://vi.wikipedia.org/wiki/Mtao_Mxây,2026-07-10T18:59:09.150129+00:00
2000896,Dam Noi,https://vi.wikipedia.org/wiki/Dam_Noi,2026-07-10T18:59:09.150129+00:00
2000897,N'Tung Krau Nglau Lăch,https://vi.wikipedia.org/wiki/N'Tung_Krau_Nglau_Lăch,2026-07-10T18:59:09.150129+00:00
2000898,Liên bang Đông Dương,https://vi.wikipedia.org/wiki/Liên_bang_Đông_Dương,2026-07-10T18:59:09.150129+00:00
2000899,Chăm Pa,https://vi.wikipedia.org/wiki/Chăm_Pa,2026-07-10T18:59:09.150129+00:00
2000900,Phù Nam,https://vi.wikipedia.org/wiki/Phù_Nam,2026-07-10T18:59:09.150129+00:00
2000901,Đại Lý (nước),https://vi.wikipedia.org/wiki/Đại_Lý_(nước),2026-07-10T18:59:09.150129+00:00
2000902,Nam Chiếu,https://vi.wikipedia.org/wiki/Nam_Chiếu,2026-07-10T18:59:09.150129+00:00
2000903,Hồ Tôn Tinh,https://vi.wikipedia.org/wiki/Hồ_Tôn_Tinh,2026-07-10T18:59:09.150129+00:00
2000904,Hoàn Vương,https://vi.wikipedia.org/wiki/Hoàn_Vương,2026-07-10T18:59:09.150129+00:00
2000905,Chân Lạp,https://vi.wikipedia.org/wiki/Chân_Lạp,2026-07-10T18:59:09.150129+00:00
2000906,Đế quốc Việt Nam,https://vi.wikipedia.org/wiki/Đế_quốc_Việt_Nam,2026-07-10T18:59:09.150129+00:00
2000907,Thủy Chân Lạp,https://vi.wikipedia.org/wiki/Thủy_Chân_Lạp,2026-07-10T18:59:09.150129+00:00
2000908,Vương quốc Xơ Đăng,https://vi.wikipedia.org/wiki/Vương_quốc_Xơ_Đăng,2026-07-10T18:59:09.150129+00:00
2000909,Quốc gia cổ trong lịch sử Việt Nam,https://vi.wikipedia.org/wiki/Quốc_gia_cổ_trong_lịch_sử_Việt_Nam,2026-07-10T18:59:09.150129+00:00
2000910,Cộng hòa tự trị Nam Kỳ,https://vi.wikipedia.org/wiki/Cộng_hòa_tự_trị_Nam_Kỳ,2026-07-10T18:59:09.150129+00:00
2000911,Lan Xang,https://vi.wikipedia.org/wiki/Lan_Xang,2026-07-10T18:59:09.150129+00:00
2000912,Việt Thường,https://vi.wikipedia.org/wiki/Việt_Thường,2026-07-10T18:59:09.150129+00:00
2000913,Kauthara,https://vi.wikipedia.org/wiki/Kauthara,2026-07-10T18:59:09.150129+00:00
2000914,Vương quốc Rattanakosin,https://vi.wikipedia.org/wiki/Vương_quốc_Rattanakosin,2026-07-10T18:59:09.150129+00:00
2000915,Vương quốc Cảnh Hồng,https://vi.wikipedia.org/wiki/Vương_quốc_Cảnh_Hồng,2026-07-10T18:59:09.150129+00:00
2000916,Đại Hùng (nhà nước),https://vi.wikipedia.org/wiki/Đại_Hùng_(nhà_nước),2026-07-10T18:59:09.150129+00:00
2000917,Khu tự trị Thái,https://vi.wikipedia.org/wiki/Khu_tự_trị_Thái,2026-07-10T18:59:09.150129+00:00
2000918,Tĩnh Hải quân,https://vi.wikipedia.org/wiki/Tĩnh_Hải_quân,2026-07-10T18:59:09.150129+00:00
2000919,Tiểu quốc Adham,https://vi.wikipedia.org/wiki/Tiểu_quốc_Adham,2026-07-10T18:59:09.150129+00:00
2000920,Đại Hùng Đế quốc,https://vi.wikipedia.org/wiki/Đại_Hùng_Đế_quốc,2026-07-10T18:59:09.150129+00:00
2000921,Dã Năng,https://vi.wikipedia.org/wiki/Dã_Năng,2026-07-10T18:59:09.150129+00:00
2000922,Thám hiểm sông Mekong 1866–1868,https://vi.wikipedia.org/wiki/Thám_hiểm_sông_Mekong_1866–1868,2026-07-10T18:59:09.150129+00:00
2000923,Ngưu Hống,https://vi.wikipedia.org/wiki/Ngưu_Hống,2026-07-10T18:59:09.150129+00:00
2000924,Tiền tệ Việt Nam thời Bắc thuộc,https://vi.wikipedia.org/wiki/Tiền_tệ_Việt_Nam_thời_Bắc_thuộc,2026-07-10T18:59:09.150129+00:00
2000925,Triệu Quốc Đạt,https://vi.wikipedia.org/wiki/Triệu_Quốc_Đạt,2026-07-10T18:59:09.150129+00:00
2000926,Làng (Việt Nam),https://vi.wikipedia.org/wiki/Làng_(Việt_Nam),2026-07-10T18:59:09.150129+00:00
2000927,Tổ chức Nhà nước Việt Nam,https://vi.wikipedia.org/wiki/Tổ_chức_Nhà_nước_Việt_Nam,2026-07-10T18:59:09.150129+00:00
2000928,Phân cấp hành chính Việt Nam,https://vi.wikipedia.org/wiki/Phân_cấp_hành_chính_Việt_Nam,2026-07-10T18:59:09.150129+00:00
2000929,Hành chính Đại Việt thời Lê sơ,https://vi.wikipedia.org/wiki/Hành_chính_Đại_Việt_thời_Lê_sơ,2026-07-10T18:59:09.150129+00:00
2000930,Phân cấp hành chính Quốc gia Việt Nam,https://vi.wikipedia.org/wiki/Phân_cấp_hành_chính_Quốc_gia_Việt_Nam,2026-07-10T18:59:09.150129+00:00
2000931,Hành chính Đàng Ngoài thời Lê trung hưng,https://vi.wikipedia.org/wiki/Hành_chính_Đàng_Ngoài_thời_Lê_trung_hưng,2026-07-10T18:59:09.150129+00:00
2000932,Hành chính Đàng Trong thời Lê trung hưng,https://vi.wikipedia.org/wiki/Hành_chính_Đàng_Trong_thời_Lê_trung_hưng,2026-07-10T18:59:09.150129+00:00
2000933,Hành chính Việt Nam thời Bắc thuộc lần 1,https://vi.wikipedia.org/wiki/Hành_chính_Việt_Nam_thời_Bắc_thuộc_lần_1,2026-07-10T18:59:09.150129+00:00
2000934,Hành chính Việt Nam thời Bắc thuộc lần 2,https://vi.wikipedia.org/wiki/Hành_chính_Việt_Nam_thời_Bắc_thuộc_lần_2,2026-07-10T18:59:09.150129+00:00
2000935,Hành chính Việt Nam thời Nguyễn,https://vi.wikipedia.org/wiki/Hành_chính_Việt_Nam_thời_Nguyễn,2026-07-10T18:59:09.150129+00:00
2000936,Hành chính Việt Nam thời Bắc thuộc lần 3,https://vi.wikipedia.org/wiki/Hành_chính_Việt_Nam_thời_Bắc_thuộc_lần_3,2026-07-10T18:59:09.150129+00:00
2000937,Hành chính Việt Nam thời Tiền Lý và Triệu Việt Vương,https://vi.wikipedia.org/wiki/Hành_chính_Việt_Nam_thời_Tiền_Lý_và_Triệu_Việt_Vương,2026-07-10T18:59:09.150129+00:00
2000938,Hành chính Việt Nam thời Ngô,https://vi.wikipedia.org/wiki/Hành_chính_Việt_Nam_thời_Ngô,2026-07-10T18:59:09.150129+00:00
2000939,Hành chính Việt Nam thời Tự chủ,https://vi.wikipedia.org/wiki/Hành_chính_Việt_Nam_thời_Tự_chủ,2026-07-10T18:59:09.150129+00:00
2000940,Hành chính Việt Nam thời Bắc thuộc lần 4,https://vi.wikipedia.org/wiki/Hành_chính_Việt_Nam_thời_Bắc_thuộc_lần_4,2026-07-10T18:59:09.150129+00:00
2000941,Tỉnh (Việt Nam Cộng hòa),https://vi.wikipedia.org/wiki/Tỉnh_(Việt_Nam_Cộng_hòa),2026-07-10T18:59:09.150129+00:00
2000942,Hành chính Việt Nam thời Tây Sơn,https://vi.wikipedia.org/wiki/Hành_chính_Việt_Nam_thời_Tây_Sơn,2026-07-10T18:59:09.150129+00:00
2000943,Hành chính Việt Nam thời Hồng Bàng,https://vi.wikipedia.org/wiki/Hành_chính_Việt_Nam_thời_Hồng_Bàng,2026-07-10T18:59:09.150129+00:00
2000944,Hành chính Việt Nam thời An Dương Vương,https://vi.wikipedia.org/wiki/Hành_chính_Việt_Nam_thời_An_Dương_Vương,2026-07-10T18:59:09.150129+00:00
2000945,Hành chính Việt Nam thời Pháp thuộc,https://vi.wikipedia.org/wiki/Hành_chính_Việt_Nam_thời_Pháp_thuộc,2026-07-10T18:59:09.150129+00:00
2000946,Hành chính Việt Nam thời Đinh,https://vi.wikipedia.org/wiki/Hành_chính_Việt_Nam_thời_Đinh,2026-07-10T18:59:09.150129+00:00
2000947,Hành chính Việt Nam thời Tiền Lê,https://vi.wikipedia.org/wiki/Hành_chính_Việt_Nam_thời_Tiền_Lê,2026-07-10T18:59:09.150129+00:00
2000948,Hành chính Việt Nam thời Hồ,https://vi.wikipedia.org/wiki/Hành_chính_Việt_Nam_thời_Hồ,2026-07-10T18:59:09.150129+00:00
2000949,Hành chính Việt Nam thời Nam Bắc triều,https://vi.wikipedia.org/wiki/Hành_chính_Việt_Nam_thời_Nam_Bắc_triều,2026-07-10T18:59:09.150129+00:00
2000950,Hành chính Cộng hòa miền Nam Việt Nam,https://vi.wikipedia.org/wiki/Hành_chính_Cộng_hòa_miền_Nam_Việt_Nam,2026-07-10T18:59:09.150129+00:00
2000951,Hành chính Cộng hòa xã hội chủ nghĩa Việt Nam,https://vi.wikipedia.org/wiki/Hành_chính_Cộng_hòa_xã_hội_chủ_nghĩa_Việt_Nam,2026-07-10T18:59:09.150129+00:00
2000952,Lộ (đơn vị hành chính),https://vi.wikipedia.org/wiki/Lộ_(đơn_vị_hành_chính),2026-07-10T18:59:09.150129+00:00
2000953,Quần đảo Cát Bà,https://vi.wikipedia.org/wiki/Quần_đảo_Cát_Bà,2026-07-10T18:59:09.150129+00:00
2000954,Vịnh Hạ Long,https://vi.wikipedia.org/wiki/Vịnh_Hạ_Long,2026-07-10T18:59:09.150129+00:00
2000955,Hồ Ba Bể,https://vi.wikipedia.org/wiki/Hồ_Ba_Bể,2026-07-10T18:59:09.150129+00:00
2000956,Dinh Độc Lập,https://vi.wikipedia.org/wiki/Dinh_Độc_Lập,2026-07-10T18:59:09.150129+00:00
2000957,Đường Trường Sơn,https://vi.wikipedia.org/wiki/Đường_Trường_Sơn,2026-07-10T18:59:09.150129+00:00
2000958,Hồ Hoàn Kiếm,https://vi.wikipedia.org/wiki/Hồ_Hoàn_Kiếm,2026-07-10T18:59:09.150129+00:00
2000959,Văn Miếu – Quốc Tử Giám,https://vi.wikipedia.org/wiki/Văn_Miếu_–_Quốc_Tử_Giám,2026-07-10T18:59:09.150129+00:00
2000960,Hoàng thành Thăng Long,https://vi.wikipedia.org/wiki/Hoàng_thành_Thăng_Long,2026-07-10T18:59:09.150129+00:00
2000961,Thành cổ Quảng Trị,https://vi.wikipedia.org/wiki/Thành_cổ_Quảng_Trị,2026-07-10T18:59:09.150129+00:00
2000962,Chùa Bổ Đà,https://vi.wikipedia.org/wiki/Chùa_Bổ_Đà,2026-07-10T18:59:09.150129+00:00
2000963,Khu di tích Phủ Chủ tịch,https://vi.wikipedia.org/wiki/Khu_di_tích_Phủ_Chủ_tịch,2026-07-10T18:59:09.150129+00:00
2000964,Chùa Bút Tháp,https://vi.wikipedia.org/wiki/Chùa_Bút_Tháp,2026-07-10T18:59:09.150129+00:00
2000965,Chùa Phổ Minh,https://vi.wikipedia.org/wiki/Chùa_Phổ_Minh,2026-07-10T18:59:09.150129+00:00
2000966,Chùa Thầy,https://vi.wikipedia.org/wiki/Chùa_Thầy,2026-07-10T18:59:09.150129+00:00
2000967,Chùa Tây Phương,https://vi.wikipedia.org/wiki/Chùa_Tây_Phương,2026-07-10T18:59:09.150129+00:00
2000968,Chùa Phật Tích,https://vi.wikipedia.org/wiki/Chùa_Phật_Tích,2026-07-10T18:59:09.150129+00:00
2000969,Chùa Dâu,https://vi.wikipedia.org/wiki/Chùa_Dâu,2026-07-10T18:59:09.150129+00:00
2000970,Chùa Hương,https://vi.wikipedia.org/wiki/Chùa_Hương,2026-07-10T18:59:09.150129+00:00
2000971,Khu di tích lịch sử Kim Liên,https://vi.wikipedia.org/wiki/Khu_di_tích_lịch_sử_Kim_Liên,2026-07-10T18:59:09.150129+00:00
2000972,Gò Tháp,https://vi.wikipedia.org/wiki/Gò_Tháp,2026-07-10T18:59:09.150129+00:00
2000973,Ngã ba Đồng Lộc,https://vi.wikipedia.org/wiki/Ngã_ba_Đồng_Lộc,2026-07-10T18:59:09.150129+00:00
2000974,Cầu Hiền Lương,https://vi.wikipedia.org/wiki/Cầu_Hiền_Lương,2026-07-10T18:59:09.150129+00:00
2000975,Địa đạo Vịnh Mốc,https://vi.wikipedia.org/wiki/Địa_đạo_Vịnh_Mốc,2026-07-10T18:59:09.150129+00:00
2000976,Đình,https://vi.wikipedia.org/wiki/Đình,2026-07-10T18:59:09.150129+00:00
2000977,Ngũ Hành Sơn,https://vi.wikipedia.org/wiki/Ngũ_Hành_Sơn,2026-07-10T18:59:09.150129+00:00
2000978,Núi Non Nước,https://vi.wikipedia.org/wiki/Núi_Non_Nước,2026-07-10T18:59:09.150129+00:00
2000979,Hang Con Moong,https://vi.wikipedia.org/wiki/Hang_Con_Moong,2026-07-10T18:59:09.150129+00:00
2000980,Vườn quốc gia Phong Nha – Kẻ Bàng,https://vi.wikipedia.org/wiki/Vườn_quốc_gia_Phong_Nha_–_Kẻ_Bàng,2026-07-10T18:59:09.150129+00:00
2000981,Vườn quốc gia Cát Tiên,https://vi.wikipedia.org/wiki/Vườn_quốc_gia_Cát_Tiên,2026-07-10T18:59:09.150129+00:00
2000982,Địa đạo Củ Chi,https://vi.wikipedia.org/wiki/Địa_đạo_Củ_Chi,2026-07-10T18:59:09.150129+00:00
2000983,Tháp Po Klong Garai,https://vi.wikipedia.org/wiki/Tháp_Po_Klong_Garai,2026-07-10T18:59:09.150129+00:00
2000984,Thăng Long tứ trấn,https://vi.wikipedia.org/wiki/Thăng_Long_tứ_trấn,2026-07-10T18:59:09.150129+00:00
2000985,Văn miếu Mao Điền,https://vi.wikipedia.org/wiki/Văn_miếu_Mao_Điền,2026-07-10T18:59:09.150129+00:00
2000986,Đền Cửa Ông,https://vi.wikipedia.org/wiki/Đền_Cửa_Ông,2026-07-10T18:59:09.150129+00:00
2000987,Thành nhà Hồ,https://vi.wikipedia.org/wiki/Thành_nhà_Hồ,2026-07-10T18:59:09.150129+00:00
2000988,Khu du lịch sinh thái Tràng An,https://vi.wikipedia.org/wiki/Khu_du_lịch_sinh_thái_Tràng_An,2026-07-10T18:59:09.150129+00:00
2000989,Tam Cốc – Bích Động,https://vi.wikipedia.org/wiki/Tam_Cốc_–_Bích_Động,2026-07-10T18:59:09.150129+00:00
2000990,Đền Hai Bà Trưng (Đồng Nhân),https://vi.wikipedia.org/wiki/Đền_Hai_Bà_Trưng_(Đồng_Nhân),2026-07-10T18:59:09.150129+00:00
2000991,Đình Chèm,https://vi.wikipedia.org/wiki/Đình_Chèm,2026-07-10T18:59:09.150129+00:00
2000992,Thánh địa Cát Tiên,https://vi.wikipedia.org/wiki/Thánh_địa_Cát_Tiên,2026-07-10T18:59:09.150129+00:00
2000993,Quần thể di tích Cố đô Hoa Lư,https://vi.wikipedia.org/wiki/Quần_thể_di_tích_Cố_đô_Hoa_Lư,2026-07-10T18:59:09.150129+00:00
2000994,Tháp Dương Long,https://vi.wikipedia.org/wiki/Tháp_Dương_Long,2026-07-10T18:59:09.150129+00:00
2000995,Đình Tây Đằng,https://vi.wikipedia.org/wiki/Đình_Tây_Đằng,2026-07-10T18:59:09.150129+00:00
2000996,Chiến khu Tân Trào,https://vi.wikipedia.org/wiki/Chiến_khu_Tân_Trào,2026-07-10T18:59:09.150129+00:00
2000997,Tháp Bình Sơn,https://vi.wikipedia.org/wiki/Tháp_Bình_Sơn,2026-07-10T18:59:09.150129+00:00
2000998,Khu di tích Pác Bó,https://vi.wikipedia.org/wiki/Khu_di_tích_Pác_Bó,2026-07-10T18:59:09.150129+00:00
2000999,Khu di chỉ văn hóa Sa Huỳnh,https://vi.wikipedia.org/wiki/Khu_di_chỉ_văn_hóa_Sa_Huỳnh,2026-07-10T18:59:09.150129+00:00
2001000,Tháp Nhạn,https://vi.wikipedia.org/wiki/Tháp_Nhạn,2026-07-10T18:59:09.150129+00:00
2001001,Đền Phù Đổng,https://vi.wikipedia.org/wiki/Đền_Phù_Đổng,2026-07-10T18:59:09.150129+00:00
2001002,Chùa Vĩnh Nghiêm (Bắc Ninh),https://vi.wikipedia.org/wiki/Chùa_Vĩnh_Nghiêm_(Bắc_Ninh),2026-07-10T18:59:09.150129+00:00
2001003,Đền Trần (Nam Định),https://vi.wikipedia.org/wiki/Đền_Trần_(Nam_Định),2026-07-10T18:59:09.150129+00:00
2001004,Đình Trà Cổ,https://vi.wikipedia.org/wiki/Đình_Trà_Cổ,2026-07-10T18:59:09.150129+00:00
2001005,An toàn khu II,https://vi.wikipedia.org/wiki/An_toàn_khu_II,2026-07-10T18:59:09.150129+00:00
2001006,Đền Trần Thương,https://vi.wikipedia.org/wiki/Đền_Trần_Thương,2026-07-10T18:59:09.150129+00:00
2001007,Phật viện Đồng Dương,https://vi.wikipedia.org/wiki/Phật_viện_Đồng_Dương,2026-07-10T18:59:09.150129+00:00
2001008,Tháp Hòa Lai,https://vi.wikipedia.org/wiki/Tháp_Hòa_Lai,2026-07-10T18:59:09.150129+00:00
2001009,Đền Trần (Long Hưng),https://vi.wikipedia.org/wiki/Đền_Trần_(Long_Hưng),2026-07-10T18:59:09.150129+00:00
2001010,Lam Kinh,https://vi.wikipedia.org/wiki/Lam_Kinh,2026-07-10T18:59:09.150129+00:00
2001011,Đền thờ Lê Hoàn,https://vi.wikipedia.org/wiki/Đền_thờ_Lê_Hoàn,2026-07-10T18:59:09.150129+00:00
2001012,Khu di tích chiến trường Điện Biên Phủ,https://vi.wikipedia.org/wiki/Khu_di_tích_chiến_trường_Điện_Biên_Phủ,2026-07-10T18:59:09.150129+00:00
2001013,Đền Bà Triệu,https://vi.wikipedia.org/wiki/Đền_Bà_Triệu,2026-07-10T18:59:09.150129+00:00
2001014,Khu di tích Côn Sơn – Kiếp Bạc,https://vi.wikipedia.org/wiki/Khu_di_tích_Côn_Sơn_–_Kiếp_Bạc,2026-07-10T18:59:09.150129+00:00
2001015,Chùa Keo Thái Bình,https://vi.wikipedia.org/wiki/Chùa_Keo_Thái_Bình,2026-07-10T18:59:09.150129+00:00
2001016,Chùa Keo Hành Thiện,https://vi.wikipedia.org/wiki/Chùa_Keo_Hành_Thiện,2026-07-10T18:59:09.150129+00:00
2001017,Đền Sóc,https://vi.wikipedia.org/wiki/Đền_Sóc,2026-07-10T18:59:09.150129+00:00
2001018,Gành Đá Đĩa,https://vi.wikipedia.org/wiki/Gành_Đá_Đĩa,2026-07-10T18:59:09.150129+00:00
2001019,Động Kính Chủ,https://vi.wikipedia.org/wiki/Động_Kính_Chủ,2026-07-10T18:59:09.150129+00:00
2001020,Di tích quốc gia đặc biệt (Việt Nam),https://vi.wikipedia.org/wiki/Di_tích_quốc_gia_đặc_biệt_(Việt_Nam),2026-07-10T18:59:09.150129+00:00
2001021,Khu di tích khởi nghĩa Yên Thế,https://vi.wikipedia.org/wiki/Khu_di_tích_khởi_nghĩa_Yên_Thế,2026-07-10T18:59:09.150129+00:00
2001022,Khu lưu niệm Chủ tịch Tôn Đức Thắng,https://vi.wikipedia.org/wiki/Khu_lưu_niệm_Chủ_tịch_Tôn_Đức_Thắng,2026-07-10T18:59:09.150129+00:00
2001023,An toàn khu Định Hóa,https://vi.wikipedia.org/wiki/An_toàn_khu_Định_Hóa,2026-07-10T18:59:09.150129+00:00
2001024,Chùa Đọi Sơn,https://vi.wikipedia.org/wiki/Chùa_Đọi_Sơn,2026-07-10T18:59:09.150129+00:00
2001025,Khu bảo tồn thiên nhiên Na Hang – Lâm Bình,https://vi.wikipedia.org/wiki/Khu_bảo_tồn_thiên_nhiên_Na_Hang_–_Lâm_Bình,2026-07-10T18:59:09.150129+00:00
2001026,Khu di tích chiến thắng Rạch Gầm – Xoài Mút,https://vi.wikipedia.org/wiki/Khu_di_tích_chiến_thắng_Rạch_Gầm_–_Xoài_Mút,2026-07-10T18:59:09.150129+00:00
2001027,Khu di tích nhà Trần tại Đông Triều,https://vi.wikipedia.org/wiki/Khu_di_tích_nhà_Trần_tại_Đông_Triều,2026-07-10T18:59:09.150129+00:00
2001028,Rừng Trần Hưng Đạo,https://vi.wikipedia.org/wiki/Rừng_Trần_Hưng_Đạo,2026-07-10T18:59:09.150129+00:00
2001029,Khu di tích Trạng Trình Nguyễn Bỉnh Khiêm,https://vi.wikipedia.org/wiki/Khu_di_tích_Trạng_Trình_Nguyễn_Bỉnh_Khiêm,2026-07-10T18:59:09.150129+00:00
2001030,Ruộng bậc thang Mù Cang Chải,https://vi.wikipedia.org/wiki/Ruộng_bậc_thang_Mù_Cang_Chải,2026-07-10T18:59:09.150129+00:00
2001031,Thành Xương Giang,https://vi.wikipedia.org/wiki/Thành_Xương_Giang,2026-07-10T18:59:09.150129+00:00
2001032,Đình So,https://vi.wikipedia.org/wiki/Đình_So,2026-07-10T18:59:09.150129+00:00
2001033,Núi Trường Lệ,https://vi.wikipedia.org/wiki/Núi_Trường_Lệ,2026-07-10T18:59:09.150129+00:00
2001034,Chùa Thái Lạc,https://vi.wikipedia.org/wiki/Chùa_Thái_Lạc,2026-07-10T18:59:09.150129+00:00
2001035,Đền Hát Môn,https://vi.wikipedia.org/wiki/Đền_Hát_Môn,2026-07-10T18:59:09.150129+00:00
2001036,Đền Hai Bà Trưng (Hạ Lôi),https://vi.wikipedia.org/wiki/Đền_Hai_Bà_Trưng_(Hạ_Lôi),2026-07-10T18:59:09.150129+00:00
2001037,Bảo tàng Quang Trung,https://vi.wikipedia.org/wiki/Bảo_tàng_Quang_Trung,2026-07-10T18:59:09.150129+00:00
2001038,Mộ cự thạch Hàng Gòn,https://vi.wikipedia.org/wiki/Mộ_cự_thạch_Hàng_Gòn,2026-07-10T18:59:09.150129+00:00
2001039,Thành Điện Hải,https://vi.wikipedia.org/wiki/Thành_Điện_Hải,2026-07-10T18:59:09.150129+00:00
2001040,Khu di tích Căn cứ Trung ương Cục miền Nam,https://vi.wikipedia.org/wiki/Khu_di_tích_Căn_cứ_Trung_ương_Cục_miền_Nam,2026-07-10T18:59:09.150129+00:00
2001041,Đình Thổ Tang,https://vi.wikipedia.org/wiki/Đình_Thổ_Tang,2026-07-10T18:59:09.150129+00:00
2001042,Đền Bia,https://vi.wikipedia.org/wiki/Đền_Bia,2026-07-10T18:59:09.150129+00:00
2001043,Căn cứ Cái Chanh,https://vi.wikipedia.org/wiki/Căn_cứ_Cái_Chanh,2026-07-10T18:59:09.150129+00:00
2001044,Chùa Giám,https://vi.wikipedia.org/wiki/Chùa_Giám,2026-07-10T18:59:09.150129+00:00
2001045,Tháp Vĩnh Hưng,https://vi.wikipedia.org/wiki/Tháp_Vĩnh_Hưng,2026-07-10T18:59:09.150129+00:00
2001046,Khu di tích lịch sử và danh thắng Yên Tử,https://vi.wikipedia.org/wiki/Khu_di_tích_lịch_sử_và_danh_thắng_Yên_Tử,2026-07-10T18:59:09.150129+00:00
2001047,Đền Cao An Phụ,https://vi.wikipedia.org/wiki/Đền_Cao_An_Phụ,2026-07-10T18:59:09.150129+00:00
2001048,Khu di tích và danh thắng Tây Thiên,https://vi.wikipedia.org/wiki/Khu_di_tích_và_danh_thắng_Tây_Thiên,2026-07-10T18:59:09.150129+00:00
2001049,Khu di tích lịch sử Bạch Đằng,https://vi.wikipedia.org/wiki/Khu_di_tích_lịch_sử_Bạch_Đằng,2026-07-10T18:59:09.150129+00:00
2001050,Đình Hạ Hiệp,https://vi.wikipedia.org/wiki/Đình_Hạ_Hiệp,2026-07-10T18:59:09.150129+00:00
2001051,Đình Tường Phiêu,https://vi.wikipedia.org/wiki/Đình_Tường_Phiêu,2026-07-10T18:59:09.150129+00:00
2001052,Đình Đại Phùng,https://vi.wikipedia.org/wiki/Đình_Đại_Phùng,2026-07-10T18:59:09.150129+00:00
2001053,Đền An Xá,https://vi.wikipedia.org/wiki/Đền_An_Xá,2026-07-10T18:59:09.150129+00:00
2001054,Đền Xưa,https://vi.wikipedia.org/wiki/Đền_Xưa,2026-07-10T18:59:09.150129+00:00
2001055,Cụm đình Hương Canh,https://vi.wikipedia.org/wiki/Cụm_đình_Hương_Canh,2026-07-10T18:59:09.150129+00:00
2001056,Lăng Nguyễn Đình Chiểu,https://vi.wikipedia.org/wiki/Lăng_Nguyễn_Đình_Chiểu,2026-07-10T18:59:09.150129+00:00
2001057,Khu lưu niệm Đại thi hào Nguyễn Du,https://vi.wikipedia.org/wiki/Khu_lưu_niệm_Đại_thi_hào_Nguyễn_Du,2026-07-10T18:59:09.150129+00:00
2001058,Đền Xám,https://vi.wikipedia.org/wiki/Đền_Xám,2026-07-10T18:59:09.150129+00:00
2001059,Thuế thân,https://vi.wikipedia.org/wiki/Thuế_thân,2026-07-10T18:59:09.150129+00:00
2001060,Danh sách chức quan thời quân chủ Việt Nam,https://vi.wikipedia.org/wiki/Danh_sách_chức_quan_thời_quân_chủ_Việt_Nam,2026-07-10T18:59:09.150129+00:00
2001061,Sắc phong,https://vi.wikipedia.org/wiki/Sắc_phong,2026-07-10T18:59:09.150129+00:00
2001062,Quan chế các triều đại quân chủ Việt Nam,https://vi.wikipedia.org/wiki/Quan_chế_các_triều_đại_quân_chủ_Việt_Nam,2026-07-10T18:59:09.150129+00:00
2001063,Thái thượng hoàng hậu,https://vi.wikipedia.org/wiki/Thái_thượng_hoàng_hậu,2026-07-10T18:59:09.150129+00:00
2001064,Giao thông liên lạc Việt Nam thời quân chủ,https://vi.wikipedia.org/wiki/Giao_thông_liên_lạc_Việt_Nam_thời_quân_chủ,2026-07-10T18:59:09.150129+00:00
2001065,Danh sách các triều đại Việt Nam,https://vi.wikipedia.org/wiki/Danh_sách_các_triều_đại_Việt_Nam,2026-07-10T18:59:09.150129+00:00
2001066,Đại Hành hoàng đế,https://vi.wikipedia.org/wiki/Đại_Hành_hoàng_đế,2026-07-10T18:59:09.150129+00:00
2001067,Trưng cầu dân ý Quốc gia Việt Nam 1955,https://vi.wikipedia.org/wiki/Trưng_cầu_dân_ý_Quốc_gia_Việt_Nam_1955,2026-07-10T18:59:09.150129+00:00
2001068,Khối 8406,https://vi.wikipedia.org/wiki/Khối_8406,2026-07-10T18:59:09.150129+00:00
2001069,Đảng Nhân dân Hành động Việt Nam,https://vi.wikipedia.org/wiki/Đảng_Nhân_dân_Hành_động_Việt_Nam,2026-07-10T18:59:09.150129+00:00
2001070,Liên đoàn Khmers Kampuchea-Krom,https://vi.wikipedia.org/wiki/Liên_đoàn_Khmers_Kampuchea-Krom,2026-07-10T18:59:09.150129+00:00
2001071,Đảng Vì dân,https://vi.wikipedia.org/wiki/Đảng_Vì_dân,2026-07-10T18:59:09.150129+00:00
2001072,Liên minh Quân chủ Lập hiến Đa nguyên Việt Nam,https://vi.wikipedia.org/wiki/Liên_minh_Quân_chủ_Lập_hiến_Đa_nguyên_Việt_Nam,2026-07-10T18:59:09.150129+00:00
2001073,Việt Minh,https://vi.wikipedia.org/wiki/Việt_Minh,2026-07-10T18:59:09.150129+00:00
2001074,Chiến tranh Đông Dương,https://vi.wikipedia.org/wiki/Chiến_tranh_Đông_Dương,2026-07-10T18:59:09.150129+00:00
2001075,Tuyên ngôn độc lập,https://vi.wikipedia.org/wiki/Tuyên_ngôn_độc_lập,2026-07-10T18:59:09.150129+00:00
2001076,Tuyên ngôn độc lập (Việt Nam Dân chủ Cộng hòa),https://vi.wikipedia.org/wiki/Tuyên_ngôn_độc_lập_(Việt_Nam_Dân_chủ_Cộng_hòa),2026-07-10T18:59:09.150129+00:00
2001077,Mặt trận Dân tộc Giải phóng miền Nam Việt Nam,https://vi.wikipedia.org/wiki/Mặt_trận_Dân_tộc_Giải_phóng_miền_Nam_Việt_Nam,2026-07-10T18:59:09.150129+00:00
2001078,Trận Hà Nội 1946,https://vi.wikipedia.org/wiki/Trận_Hà_Nội_1946,2026-07-10T18:59:09.150129+00:00
2001079,Đông Kinh Nghĩa Thục,https://vi.wikipedia.org/wiki/Đông_Kinh_Nghĩa_Thục,2026-07-10T18:59:09.150129+00:00
2001080,Hoàng Cao Khải,https://vi.wikipedia.org/wiki/Hoàng_Cao_Khải,2026-07-10T18:59:09.150129+00:00
2001081,Phú Riềng Đỏ,https://vi.wikipedia.org/wiki/Phú_Riềng_Đỏ,2026-07-10T18:59:09.150129+00:00
2001082,Phong trào Cần Vương,https://vi.wikipedia.org/wiki/Phong_trào_Cần_Vương,2026-07-10T18:59:09.150129+00:00
2001083,Đại Việt Quốc dân Đảng,https://vi.wikipedia.org/wiki/Đại_Việt_Quốc_dân_Đảng,2026-07-10T18:59:09.150129+00:00
2001084,Việt Nam trong Chiến tranh thế giới thứ nhất,https://vi.wikipedia.org/wiki/Việt_Nam_trong_Chiến_tranh_thế_giới_thứ_nhất,2026-07-10T18:59:09.150129+00:00
2001085,Việt Nam trong Chiến tranh thế giới thứ hai,https://vi.wikipedia.org/wiki/Việt_Nam_trong_Chiến_tranh_thế_giới_thứ_hai,2026-07-10T18:59:09.150129+00:00
2001086,Xô Viết Nghệ Tĩnh,https://vi.wikipedia.org/wiki/Xô_Viết_Nghệ_Tĩnh,2026-07-10T18:59:09.150129+00:00
2001087,Việt Nam Quang phục Hội,https://vi.wikipedia.org/wiki/Việt_Nam_Quang_phục_Hội,2026-07-10T18:59:09.150129+00:00
2001088,Đèo Văn Long,https://vi.wikipedia.org/wiki/Đèo_Văn_Long,2026-07-10T18:59:09.150129+00:00
2001089,Vụ ám sát Bazin,https://vi.wikipedia.org/wiki/Vụ_ám_sát_Bazin,2026-07-10T18:59:09.150129+00:00
2001090,Khởi nghĩa Thái Nguyên,https://vi.wikipedia.org/wiki/Khởi_nghĩa_Thái_Nguyên,2026-07-10T18:59:09.150129+00:00
2001091,Phong trào Đông Du,https://vi.wikipedia.org/wiki/Phong_trào_Đông_Du,2026-07-10T18:59:09.150129+00:00
2001092,Tuyên ngôn độc lập Việt Nam,https://vi.wikipedia.org/wiki/Tuyên_ngôn_độc_lập_Việt_Nam,2026-07-10T18:59:09.150129+00:00
2001093,Phong trào giải phóng dân tộc Việt Nam (1885–1945),https://vi.wikipedia.org/wiki/Phong_trào_giải_phóng_dân_tộc_Việt_Nam_(1885–1945),2026-07-10T18:59:09.150129+00:00
2001094,Trận Hải Phòng (1946–1947),https://vi.wikipedia.org/wiki/Trận_Hải_Phòng_(1946–1947),2026-07-10T18:59:09.150129+00:00
2001095,Duy Tân hội,https://vi.wikipedia.org/wiki/Duy_Tân_hội,2026-07-10T18:59:09.150129+00:00
2001096,Phong trào hội kín Nam Kỳ,https://vi.wikipedia.org/wiki/Phong_trào_hội_kín_Nam_Kỳ,2026-07-10T18:59:09.150129+00:00
2001097,Chiến dịch Thượng Lào,https://vi.wikipedia.org/wiki/Chiến_dịch_Thượng_Lào,2026-07-10T18:59:09.150129+00:00
2001098,Tiếng bom Phạm Hồng Thái,https://vi.wikipedia.org/wiki/Tiếng_bom_Phạm_Hồng_Thái,2026-07-10T18:59:09.150129+00:00
2001099,Đội Con Nai (OSS),https://vi.wikipedia.org/wiki/Đội_Con_Nai_(OSS),2026-07-10T18:59:09.150129+00:00
2001100,Trận Muong Khoua,https://vi.wikipedia.org/wiki/Trận_Muong_Khoua,2026-07-10T18:59:09.150129+00:00
2001101,Trận Cao Bằng (1949),https://vi.wikipedia.org/wiki/Trận_Cao_Bằng_(1949),2026-07-10T18:59:09.150129+00:00
2001102,Sự kiện 30 tháng 4 năm 1975,https://vi.wikipedia.org/wiki/Sự_kiện_30_tháng_4_năm_1975,2026-07-10T18:59:09.150129+00:00
2001103,Sự kiện Tết Mậu Thân,https://vi.wikipedia.org/wiki/Sự_kiện_Tết_Mậu_Thân,2026-07-10T18:59:09.150129+00:00
2001104,Chiến dịch Tây Nguyên,https://vi.wikipedia.org/wiki/Chiến_dịch_Tây_Nguyên,2026-07-10T18:59:09.150129+00:00
2001105,Chiến dịch Cedar Falls,https://vi.wikipedia.org/wiki/Chiến_dịch_Cedar_Falls,2026-07-10T18:59:09.150129+00:00
2001106,Chiến dịch Cuộc sống mới,https://vi.wikipedia.org/wiki/Chiến_dịch_Cuộc_sống_mới,2026-07-10T18:59:09.150129+00:00
2001107,Chiến dịch Hoàng Diệu (1955),https://vi.wikipedia.org/wiki/Chiến_dịch_Hoàng_Diệu_(1955),2026-07-10T18:59:09.150129+00:00
2001108,Chiến dịch Đường 14 – Phước Long,https://vi.wikipedia.org/wiki/Chiến_dịch_Đường_14_–_Phước_Long,2026-07-10T18:59:09.150129+00:00
2001109,Chiến dịch Phan Rang – Xuân Lộc,https://vi.wikipedia.org/wiki/Chiến_dịch_Phan_Rang_–_Xuân_Lộc,2026-07-10T18:59:09.150129+00:00
2001110,Mậu Thân 1968,https://vi.wikipedia.org/wiki/Mậu_Thân_1968,2026-07-10T18:59:09.150129+00:00
2001111,Vụ đánh bom cư xá Brinks,https://vi.wikipedia.org/wiki/Vụ_đánh_bom_cư_xá_Brinks,2026-07-10T18:59:09.150129+00:00
2001112,Chiến dịch Gió lốc,https://vi.wikipedia.org/wiki/Chiến_dịch_Gió_lốc,2026-07-10T18:59:09.150129+00:00
2001113,Nam Kỳ khởi nghĩa,https://vi.wikipedia.org/wiki/Nam_Kỳ_khởi_nghĩa,2026-07-10T18:59:09.150129+00:00
2001114,Mặt trận Quốc gia Dân chủ Xã hội,https://vi.wikipedia.org/wiki/Mặt_trận_Quốc_gia_Dân_chủ_Xã_hội,2026-07-10T18:59:09.150129+00:00
2001115,Thảm sát Đắk Sơn,https://vi.wikipedia.org/wiki/Thảm_sát_Đắk_Sơn,2026-07-10T18:59:09.150129+00:00
2001116,Trận Chơn Thành,https://vi.wikipedia.org/wiki/Trận_Chơn_Thành,2026-07-10T18:59:09.150129+00:00
2001117,Số 22 Gia Long,https://vi.wikipedia.org/wiki/Số_22_Gia_Long,2026-07-10T18:59:09.150129+00:00
2001118,Trận Sài Gòn (1955),https://vi.wikipedia.org/wiki/Trận_Sài_Gòn_(1955),2026-07-10T18:59:09.150129+00:00
2001119,João de Loureiro,https://vi.wikipedia.org/wiki/João_de_Loureiro,2026-07-10T18:59:09.150129+00:00
2001120,Francisco de Pina,https://vi.wikipedia.org/wiki/Francisco_de_Pina,2026-07-10T18:59:09.150129+00:00
2001121,Pierre Pigneau de Behaine,https://vi.wikipedia.org/wiki/Pierre_Pigneau_de_Behaine,2026-07-10T18:59:09.150129+00:00
2001122,Léopold Michel Cadière,https://vi.wikipedia.org/wiki/Léopold_Michel_Cadière,2026-07-10T18:59:09.150129+00:00
2001123,Alexandre de Rhodes,https://vi.wikipedia.org/wiki/Alexandre_de_Rhodes,2026-07-10T18:59:09.150129+00:00
2001124,Pierre Lambert de la Motte,https://vi.wikipedia.org/wiki/Pierre_Lambert_de_la_Motte,2026-07-10T18:59:09.150129+00:00
2001125,Jean-Charles Cornay Tân,https://vi.wikipedia.org/wiki/Jean-Charles_Cornay_Tân,2026-07-10T18:59:09.150129+00:00
2001126,Jean Théophane Vénard Ven,https://vi.wikipedia.org/wiki/Jean_Théophane_Vénard_Ven,2026-07-10T18:59:09.150129+00:00
2001127,Albert Schlicklin,https://vi.wikipedia.org/wiki/Albert_Schlicklin,2026-07-10T18:59:09.150129+00:00
2001128,William Charles Cadman,https://vi.wikipedia.org/wiki/William_Charles_Cadman,2026-07-10T18:59:09.150129+00:00
2001129,Grace Hazenberg Cadman,https://vi.wikipedia.org/wiki/Grace_Hazenberg_Cadman,2026-07-10T18:59:09.150129+00:00
2001130,John Drange Olsen,https://vi.wikipedia.org/wiki/John_Drange_Olsen,2026-07-10T18:59:09.150129+00:00
2001131,Gaspar do Amaral,https://vi.wikipedia.org/wiki/Gaspar_do_Amaral,2026-07-10T18:59:09.150129+00:00
2001132,François Pallu,https://vi.wikipedia.org/wiki/François_Pallu,2026-07-10T18:59:09.150129+00:00
2001133,Danh sách giám mục Công giáo ngoại quốc quản nhiệm tại Việt Nam,https://vi.wikipedia.org/wiki/Danh_sách_giám_mục_Công_giáo_ngoại_quốc_quản_nhiệm_tại_Việt_Nam,2026-07-10T18:59:09.150129+00:00
2001134,Jean-Louis Taberd,https://vi.wikipedia.org/wiki/Jean-Louis_Taberd,2026-07-10T18:59:09.150129+00:00
2001135,Antonio Barbosa,https://vi.wikipedia.org/wiki/Antonio_Barbosa,2026-07-10T18:59:09.150129+00:00
2001136,Christoforo Borri,https://vi.wikipedia.org/wiki/Christoforo_Borri,2026-07-10T18:59:09.150129+00:00
2001137,Francesco Buzomi,https://vi.wikipedia.org/wiki/Francesco_Buzomi,2026-07-10T18:59:09.150129+00:00
2001138,Girolamo Maiorica,https://vi.wikipedia.org/wiki/Girolamo_Maiorica,2026-07-10T18:59:09.150129+00:00
2001139,Giovanni Filippo de Marini,https://vi.wikipedia.org/wiki/Giovanni_Filippo_de_Marini,2026-07-10T18:59:09.150129+00:00
2001140,Jacques Dournes,https://vi.wikipedia.org/wiki/Jacques_Dournes,2026-07-10T18:59:09.150129+00:00
2001141,Betty Olsen,https://vi.wikipedia.org/wiki/Betty_Olsen,2026-07-10T18:59:09.150129+00:00
2001142,Giuliano Baldinotti,https://vi.wikipedia.org/wiki/Giuliano_Baldinotti,2026-07-10T18:59:09.150129+00:00
2001143,Nhà nước Đêga,https://vi.wikipedia.org/wiki/Nhà_nước_Đêga,2026-07-10T18:59:09.150129+00:00
2001144,Tổ chức Quỹ người Thượng,https://vi.wikipedia.org/wiki/Tổ_chức_Quỹ_người_Thượng,2026-07-10T18:59:09.150129+00:00
2001145,Biểu tình Tây Nguyên 2004,https://vi.wikipedia.org/wiki/Biểu_tình_Tây_Nguyên_2004,2026-07-10T18:59:09.150129+00:00
2001146,Lũ lụt miền Trung Việt Nam 2020,https://vi.wikipedia.org/wiki/Lũ_lụt_miền_Trung_Việt_Nam_2020,2026-07-10T18:59:09.150129+00:00
2001147,Vụ tấn công hai trụ sở Ủy ban nhân dân xã tại Đắk Lắk 2023,https://vi.wikipedia.org/wiki/Vụ_tấn_công_hai_trụ_sở_Ủy_ban_nhân_dân_xã_tại_Đắk_Lắk_2023,2026-07-10T18:59:09.150129+00:00
2001148,Người Thượng vì Công lý,https://vi.wikipedia.org/wiki/Người_Thượng_vì_Công_lý,2026-07-10T18:59:09.150129+00:00
2001149,Phật giáo Hòa Hảo,https://vi.wikipedia.org/wiki/Phật_giáo_Hòa_Hảo,2026-07-10T18:59:09.150129+00:00
2001150,Đảo chính Việt Nam Cộng hòa 1960,https://vi.wikipedia.org/wiki/Đảo_chính_Việt_Nam_Cộng_hòa_1960,2026-07-10T18:59:09.150129+00:00
2001151,Đồng (tiền Việt Nam Cộng hòa),https://vi.wikipedia.org/wiki/Đồng_(tiền_Việt_Nam_Cộng_hòa),2026-07-10T18:59:09.150129+00:00
2001152,Đảng Cần lao Nhân vị,https://vi.wikipedia.org/wiki/Đảng_Cần_lao_Nhân_vị,2026-07-10T18:59:09.150129+00:00
2001153,Việt Nam hóa chiến tranh,https://vi.wikipedia.org/wiki/Việt_Nam_hóa_chiến_tranh,2026-07-10T18:59:09.150129+00:00
2001154,Chiến tranh cục bộ (Chiến tranh Việt Nam),https://vi.wikipedia.org/wiki/Chiến_tranh_cục_bộ_(Chiến_tranh_Việt_Nam),2026-07-10T18:59:09.150129+00:00
2001155,Tai nạn C5 Tân Sơn Nhứt,https://vi.wikipedia.org/wiki/Tai_nạn_C5_Tân_Sơn_Nhứt,2026-07-10T18:59:09.150129+00:00
2001156,Chiến dịch Không vận Trẻ em Việt Nam,https://vi.wikipedia.org/wiki/Chiến_dịch_Không_vận_Trẻ_em_Việt_Nam,2026-07-10T18:59:09.150129+00:00
2001157,Đại sứ quán Hoa Kỳ tại Sài Gòn,https://vi.wikipedia.org/wiki/Đại_sứ_quán_Hoa_Kỳ_tại_Sài_Gòn,2026-07-10T18:59:09.150129+00:00
2001158,RMK-BRJ,https://vi.wikipedia.org/wiki/RMK-BRJ,2026-07-10T18:59:09.150129+00:00
2001159,Vụ xả súng lễ Phật Đản ở Huế,https://vi.wikipedia.org/wiki/Vụ_xả_súng_lễ_Phật_Đản_ở_Huế,2026-07-10T18:59:09.150129+00:00
2001160,Chiến dịch Enhance và Enhance Plus,https://vi.wikipedia.org/wiki/Chiến_dịch_Enhance_và_Enhance_Plus,2026-07-10T18:59:09.150129+00:00
2001161,Vụ oanh tạc Căn cứ không quân Tân Sơn Nhứt,https://vi.wikipedia.org/wiki/Vụ_oanh_tạc_Căn_cứ_không_quân_Tân_Sơn_Nhứt,2026-07-10T18:59:09.150129+00:00
2001162,Phản ứng về việc thành lập thành phố Tam Sa,https://vi.wikipedia.org/wiki/Phản_ứng_về_việc_thành_lập_thành_phố_Tam_Sa,2026-07-10T18:59:09.150129+00:00
2001163,Phong trào chống sưu thuế Trung Kỳ 1908,https://vi.wikipedia.org/wiki/Phong_trào_chống_sưu_thuế_Trung_Kỳ_1908,2026-07-10T18:59:09.150129+00:00
2001164,Tranh chấp Biển Đông Trung Quốc – Việt Nam (2011),https://vi.wikipedia.org/wiki/Tranh_chấp_Biển_Đông_Trung_Quốc_–_Việt_Nam_(2011),2026-07-10T18:59:09.150129+00:00
2001165,Biểu tình tại Việt Nam,https://vi.wikipedia.org/wiki/Biểu_tình_tại_Việt_Nam,2026-07-10T18:59:09.150129+00:00
2001166,Biểu tình phản đối Trung Quốc tại Việt Nam 2014,https://vi.wikipedia.org/wiki/Biểu_tình_phản_đối_Trung_Quốc_tại_Việt_Nam_2014,2026-07-10T18:59:09.150129+00:00
2001167,Cá chết hàng loạt ở Việt Nam năm 2016,https://vi.wikipedia.org/wiki/Cá_chết_hàng_loạt_ở_Việt_Nam_năm_2016,2026-07-10T18:59:09.150129+00:00
2001168,Vụ làng Nhô 1992,https://vi.wikipedia.org/wiki/Vụ_làng_Nhô_1992,2026-07-10T18:59:09.150129+00:00
2001169,"Nổi dậy Quỳnh Lưu, Nghệ An","https://vi.wikipedia.org/wiki/Nổi_dậy_Quỳnh_Lưu,_Nghệ_An",2026-07-10T18:59:09.150129+00:00
2001170,BOT giao thông ở Việt Nam,https://vi.wikipedia.org/wiki/BOT_giao_thông_ở_Việt_Nam,2026-07-10T18:59:09.150129+00:00
2001171,Biểu tình phản đối Luật đặc khu kinh tế và Luật An ninh mạng,https://vi.wikipedia.org/wiki/Biểu_tình_phản_đối_Luật_đặc_khu_kinh_tế_và_Luật_An_ninh_mạng,2026-07-10T18:59:09.150129+00:00
2001172,Biểu tình Thái Bình 1997,https://vi.wikipedia.org/wiki/Biểu_tình_Thái_Bình_1997,2026-07-10T18:59:09.150129+00:00
2001173,Biểu tình Mường Nhé 2011,https://vi.wikipedia.org/wiki/Biểu_tình_Mường_Nhé_2011,2026-07-10T18:59:09.150129+00:00
2001174,Vụ án Vạn Thịnh Phát,https://vi.wikipedia.org/wiki/Vụ_án_Vạn_Thịnh_Phát,2026-07-10T18:59:09.150129+00:00
2001175,Biểu tình Phật giáo tại Huế 1993,https://vi.wikipedia.org/wiki/Biểu_tình_Phật_giáo_tại_Huế_1993,2026-07-10T18:59:09.150129+00:00
2001176,Vụ bạo lực nam sinh lớp 8 ở Hà Nội 2024,https://vi.wikipedia.org/wiki/Vụ_bạo_lực_nam_sinh_lớp_8_ở_Hà_Nội_2024,2026-07-10T18:59:09.150129+00:00
2001177,Sông Bạch Đằng,https://vi.wikipedia.org/wiki/Sông_Bạch_Đằng,2026-07-10T18:59:09.150129+00:00
2001178,Bom ba càng,https://vi.wikipedia.org/wiki/Bom_ba_càng,2026-07-10T18:59:09.150129+00:00
2001179,VNS-41,https://vi.wikipedia.org/wiki/VNS-41,2026-07-10T18:59:09.150129+00:00
2001180,Thuận Thiên Kiếm,https://vi.wikipedia.org/wiki/Thuận_Thiên_Kiếm,2026-07-10T18:59:09.150129+00:00
2001181,TL-1,https://vi.wikipedia.org/wiki/TL-1,2026-07-10T18:59:09.150129+00:00
2001182,Mã tấu,https://vi.wikipedia.org/wiki/Mã_tấu,2026-07-10T18:59:09.150129+00:00
2001183,Máy bắn đá,https://vi.wikipedia.org/wiki/Máy_bắn_đá,2026-07-10T18:59:09.150129+00:00
2001184,K-50M,https://vi.wikipedia.org/wiki/K-50M,2026-07-10T18:59:09.150129+00:00
2001185,Voi chiến,https://vi.wikipedia.org/wiki/Voi_chiến,2026-07-10T18:59:09.150129+00:00
2001186,Rìu,https://vi.wikipedia.org/wiki/Rìu,2026-07-10T18:59:09.150129+00:00
2001187,Súng thần công,https://vi.wikipedia.org/wiki/Súng_thần_công,2026-07-10T18:59:09.150129+00:00
2001188,M-18,https://vi.wikipedia.org/wiki/M-18,2026-07-10T18:59:09.150129+00:00
2001189,SBT12M1,https://vi.wikipedia.org/wiki/SBT12M1,2026-07-10T18:59:09.150129+00:00
2001190,M-400 UAV,https://vi.wikipedia.org/wiki/M-400_UAV,2026-07-10T18:59:09.150129+00:00
2001191,Xuồng CQ,https://vi.wikipedia.org/wiki/Xuồng_CQ,2026-07-10T18:59:09.150129+00:00
2001192,ĐN-2000,https://vi.wikipedia.org/wiki/ĐN-2000,2026-07-10T18:59:09.150129+00:00
2001193,Định Quốc,https://vi.wikipedia.org/wiki/Định_Quốc,2026-07-10T18:59:09.150129+00:00
2001194,TL-10,https://vi.wikipedia.org/wiki/TL-10,2026-07-10T18:59:09.150129+00:00
2001195,VCM-01,https://vi.wikipedia.org/wiki/VCM-01,2026-07-10T18:59:09.150129+00:00
2001196,Súng trường STV,https://vi.wikipedia.org/wiki/Súng_trường_STV,2026-07-10T18:59:09.150129+00:00
2001197,XCB-01,https://vi.wikipedia.org/wiki/XCB-01,2026-07-10T18:59:09.150129+00:00
2001198,FMV-B1,https://vi.wikipedia.org/wiki/FMV-B1,2026-07-10T18:59:09.150129+00:00
2001199,UAV VU-C2,https://vi.wikipedia.org/wiki/UAV_VU-C2,2026-07-10T18:59:09.150129+00:00
2001200,OPL-40M,https://vi.wikipedia.org/wiki/OPL-40M,2026-07-10T18:59:09.150129+00:00
2001201,VCM-B,https://vi.wikipedia.org/wiki/VCM-B,2026-07-10T18:59:09.150129+00:00
2001202,XTC-02,https://vi.wikipedia.org/wiki/XTC-02,2026-07-10T18:59:09.150129+00:00
2001203,XTC-03,https://vi.wikipedia.org/wiki/XTC-03,2026-07-10T18:59:09.150129+00:00
2001204,T-1 (xe tăng hạng nhẹ),https://vi.wikipedia.org/wiki/T-1_(xe_tăng_hạng_nhẹ),2026-07-10T18:59:09.150129+00:00
2001205,Các ngày lễ ở Việt Nam,https://vi.wikipedia.org/wiki/Các_ngày_lễ_ở_Việt_Nam,2026-07-10T18:59:09.150129+00:00
2001206,Giáo dục khoa cử Đàng Trong thời Lê trung hưng,https://vi.wikipedia.org/wiki/Giáo_dục_khoa_cử_Đàng_Trong_thời_Lê_trung_hưng,2026-07-10T18:59:09.150129+00:00
2001207,Văn học Đàng Trong thời Lê trung hưng,https://vi.wikipedia.org/wiki/Văn_học_Đàng_Trong_thời_Lê_trung_hưng,2026-07-10T18:59:09.150129+00:00
2001208,Shirahama Kenki,https://vi.wikipedia.org/wiki/Shirahama_Kenki,2026-07-10T18:59:09.150129+00:00
2001209,Hải Dương (tỉnh),https://vi.wikipedia.org/wiki/Hải_Dương_(tỉnh),2026-07-10T18:59:09.150129+00:00
2001210,Hiến pháp nước Cộng hòa xã hội chủ nghĩa Việt Nam,https://vi.wikipedia.org/wiki/Hiến_pháp_nước_Cộng_hòa_xã_hội_chủ_nghĩa_Việt_Nam,2026-07-10T18:59:09.150129+00:00
2001211,Hiến pháp Việt Nam Dân chủ Cộng hòa năm 1946,https://vi.wikipedia.org/wiki/Hiến_pháp_Việt_Nam_Dân_chủ_Cộng_hòa_năm_1946,2026-07-10T18:59:09.150129+00:00
2001212,Hiến pháp nước Cộng hòa xã hội chủ nghĩa Việt Nam năm 2013,https://vi.wikipedia.org/wiki/Hiến_pháp_nước_Cộng_hòa_xã_hội_chủ_nghĩa_Việt_Nam_năm_2013,2026-07-10T18:59:09.150129+00:00
2001213,Điều 4 Hiến pháp nước Cộng hòa xã hội chủ nghĩa Việt Nam,https://vi.wikipedia.org/wiki/Điều_4_Hiến_pháp_nước_Cộng_hòa_xã_hội_chủ_nghĩa_Việt_Nam,2026-07-10T18:59:09.150129+00:00
2001214,Lịch sử Công giáo Việt Nam (1975–1990),https://vi.wikipedia.org/wiki/Lịch_sử_Công_giáo_Việt_Nam_(1975–1990),2026-07-10T18:59:09.150129+00:00
2001215,Lịch sử Công giáo Việt Nam (1990–2005),https://vi.wikipedia.org/wiki/Lịch_sử_Công_giáo_Việt_Nam_(1990–2005),2026-07-10T18:59:09.150129+00:00
2001216,Diễu binh Chiến thắng Điện Biên Phủ 2024,https://vi.wikipedia.org/wiki/Diễu_binh_Chiến_thắng_Điện_Biên_Phủ_2024,2026-07-10T18:59:09.150129+00:00
2001217,Diễu binh kỷ niệm 50 năm thống nhất Việt Nam,https://vi.wikipedia.org/wiki/Diễu_binh_kỷ_niệm_50_năm_thống_nhất_Việt_Nam,2026-07-10T18:59:09.150129+00:00
2001218,Chiến dịch Quang Trung (2025–2026),https://vi.wikipedia.org/wiki/Chiến_dịch_Quang_Trung_(2025–2026),2026-07-10T18:59:09.150129+00:00
2001219,Từ Đạo Hạnh,https://vi.wikipedia.org/wiki/Từ_Đạo_Hạnh,2026-07-10T18:59:09.150129+00:00
2001220,Nùng Trí Cao,https://vi.wikipedia.org/wiki/Nùng_Trí_Cao,2026-07-10T18:59:09.150129+00:00
2001221,Vạn Hạnh,https://vi.wikipedia.org/wiki/Vạn_Hạnh,2026-07-10T18:59:09.150129+00:00
2001222,Dương Không Lộ,https://vi.wikipedia.org/wiki/Dương_Không_Lộ,2026-07-10T18:59:09.150129+00:00
2001223,Phạt Tống lộ bố văn,https://vi.wikipedia.org/wiki/Phạt_Tống_lộ_bố_văn,2026-07-10T18:59:09.150129+00:00
2001224,Cây gạo làng Diên Uẩn,https://vi.wikipedia.org/wiki/Cây_gạo_làng_Diên_Uẩn,2026-07-10T18:59:09.150129+00:00
2001225,Bài thơ sấm trên cây gạo làng Diên Uẩn,https://vi.wikipedia.org/wiki/Bài_thơ_sấm_trên_cây_gạo_làng_Diên_Uẩn,2026-07-10T18:59:09.150129+00:00
2001226,Loạn Quách Bốc,https://vi.wikipedia.org/wiki/Loạn_Quách_Bốc,2026-07-10T18:59:09.150129+00:00
2001227,Tiền tệ Đại Việt thời Lý,https://vi.wikipedia.org/wiki/Tiền_tệ_Đại_Việt_thời_Lý,2026-07-10T18:59:09.150129+00:00
2001228,Bang giao Đại Việt thời Lý,https://vi.wikipedia.org/wiki/Bang_giao_Đại_Việt_thời_Lý,2026-07-10T18:59:09.150129+00:00
2001229,Thủ công nghiệp Đại Việt thời Lý,https://vi.wikipedia.org/wiki/Thủ_công_nghiệp_Đại_Việt_thời_Lý,2026-07-10T18:59:09.150129+00:00
2001230,Kinh tế Đại Việt thời Lý,https://vi.wikipedia.org/wiki/Kinh_tế_Đại_Việt_thời_Lý,2026-07-10T18:59:09.150129+00:00
2001231,Chính biến Canh Ngọ,https://vi.wikipedia.org/wiki/Chính_biến_Canh_Ngọ,2026-07-10T18:59:09.150129+00:00
2001232,Vấn đề biên giới Việt-Trung thời Lý,https://vi.wikipedia.org/wiki/Vấn_đề_biên_giới_Việt-Trung_thời_Lý,2026-07-10T18:59:09.150129+00:00
2001233,Nông nghiệp Đại Việt thời Lý,https://vi.wikipedia.org/wiki/Nông_nghiệp_Đại_Việt_thời_Lý,2026-07-10T18:59:09.150129+00:00
2001234,Thương mại Đại Việt thời Lý,https://vi.wikipedia.org/wiki/Thương_mại_Đại_Việt_thời_Lý,2026-07-10T18:59:09.150129+00:00
2001235,Lý Long Tường,https://vi.wikipedia.org/wiki/Lý_Long_Tường,2026-07-10T18:59:09.150129+00:00
2001236,Lý Đạo Thành,https://vi.wikipedia.org/wiki/Lý_Đạo_Thành,2026-07-10T18:59:09.150129+00:00
2001237,Sùng Hiền hầu,https://vi.wikipedia.org/wiki/Sùng_Hiền_hầu,2026-07-10T18:59:09.150129+00:00
2001238,Linh Lang,https://vi.wikipedia.org/wiki/Linh_Lang,2026-07-10T18:59:09.150129+00:00
2001239,Hoằng Chân,https://vi.wikipedia.org/wiki/Hoằng_Chân,2026-07-10T18:59:09.150129+00:00
2001240,Lý Nhật Quang,https://vi.wikipedia.org/wiki/Lý_Nhật_Quang,2026-07-10T18:59:09.150129+00:00
2001241,Chiêu Văn,https://vi.wikipedia.org/wiki/Chiêu_Văn,2026-07-10T18:59:09.150129+00:00
2001242,Lý Long Bồ,https://vi.wikipedia.org/wiki/Lý_Long_Bồ,2026-07-10T18:59:09.150129+00:00
2001243,Lý Long Xưởng,https://vi.wikipedia.org/wiki/Lý_Long_Xưởng,2026-07-10T18:59:09.150129+00:00
2001244,Đông Chinh vương,https://vi.wikipedia.org/wiki/Đông_Chinh_vương,2026-07-10T18:59:09.150129+00:00
2001245,Hiển Khánh vương,https://vi.wikipedia.org/wiki/Hiển_Khánh_vương,2026-07-10T18:59:09.150129+00:00
2001246,Chùa Hàm Long,https://vi.wikipedia.org/wiki/Chùa_Hàm_Long,2026-07-10T18:59:09.150129+00:00
2001247,Nguyễn Giản Thanh,https://vi.wikipedia.org/wiki/Nguyễn_Giản_Thanh,2026-07-10T18:59:09.150129+00:00
2001248,Giáp Hải,https://vi.wikipedia.org/wiki/Giáp_Hải,2026-07-10T18:59:09.150129+00:00
2001249,Đặng Thì Thố,https://vi.wikipedia.org/wiki/Đặng_Thì_Thố,2026-07-10T18:59:09.150129+00:00
2001250,Mạc Kính Điển,https://vi.wikipedia.org/wiki/Mạc_Kính_Điển,2026-07-10T18:59:09.150129+00:00
2001251,Phan Đình Tá,https://vi.wikipedia.org/wiki/Phan_Đình_Tá,2026-07-10T18:59:09.150129+00:00
2001252,Nguyễn Kính,https://vi.wikipedia.org/wiki/Nguyễn_Kính,2026-07-10T18:59:09.150129+00:00
2001253,Mạc Ngọc Liễn,https://vi.wikipedia.org/wiki/Mạc_Ngọc_Liễn,2026-07-10T18:59:09.150129+00:00
2001254,Nguyễn Thị Duệ,https://vi.wikipedia.org/wiki/Nguyễn_Thị_Duệ,2026-07-10T18:59:09.150129+00:00
2001255,Lê Quang Bí,https://vi.wikipedia.org/wiki/Lê_Quang_Bí,2026-07-10T18:59:09.150129+00:00
2001256,Ngô Miễn Thiệu,https://vi.wikipedia.org/wiki/Ngô_Miễn_Thiệu,2026-07-10T18:59:09.150129+00:00
2001257,Nguyễn Kỳ,https://vi.wikipedia.org/wiki/Nguyễn_Kỳ,2026-07-10T18:59:09.150129+00:00
2001258,Dương Phúc Tư,https://vi.wikipedia.org/wiki/Dương_Phúc_Tư,2026-07-10T18:59:09.150129+00:00
2001259,Trần Văn Bảo,https://vi.wikipedia.org/wiki/Trần_Văn_Bảo,2026-07-10T18:59:09.150129+00:00
2001260,Phạm Duy Quyết,https://vi.wikipedia.org/wiki/Phạm_Duy_Quyết,2026-07-10T18:59:09.150129+00:00
2001261,Phạm Quang Tiến,https://vi.wikipedia.org/wiki/Phạm_Quang_Tiến,2026-07-10T18:59:09.150129+00:00
2001262,Vũ Giới,https://vi.wikipedia.org/wiki/Vũ_Giới,2026-07-10T18:59:09.150129+00:00
2001263,Dương Văn An (nhà Mạc),https://vi.wikipedia.org/wiki/Dương_Văn_An_(nhà_Mạc),2026-07-10T18:59:09.150129+00:00
2001264,Nguyễn Thiến,https://vi.wikipedia.org/wiki/Nguyễn_Thiến,2026-07-10T18:59:09.150129+00:00
2001265,Nguyễn Dữ,https://vi.wikipedia.org/wiki/Nguyễn_Dữ,2026-07-10T18:59:09.150129+00:00
2001266,Lê Như Hổ,https://vi.wikipedia.org/wiki/Lê_Như_Hổ,2026-07-10T18:59:09.150129+00:00
2001267,Hoàng Văn Tán,https://vi.wikipedia.org/wiki/Hoàng_Văn_Tán,2026-07-10T18:59:09.150129+00:00
2001268,Vũ Hộ,https://vi.wikipedia.org/wiki/Vũ_Hộ,2026-07-10T18:59:09.150129+00:00
2001269,Trần Tất Văn,https://vi.wikipedia.org/wiki/Trần_Tất_Văn,2026-07-10T18:59:09.150129+00:00
2001270,Hứa Tam Tỉnh,https://vi.wikipedia.org/wiki/Hứa_Tam_Tỉnh,2026-07-10T18:59:09.150129+00:00
2001271,Đỗ Tống,https://vi.wikipedia.org/wiki/Đỗ_Tống,2026-07-10T18:59:09.150129+00:00
2001272,Nguyễn Lượng Thái,https://vi.wikipedia.org/wiki/Nguyễn_Lượng_Thái,2026-07-10T18:59:09.150129+00:00
2001273,Phạm Trấn (nhà Mạc),https://vi.wikipedia.org/wiki/Phạm_Trấn_(nhà_Mạc),2026-07-10T18:59:09.150129+00:00
2001274,Đỗ Uông,https://vi.wikipedia.org/wiki/Đỗ_Uông,2026-07-10T18:59:09.150129+00:00
2001275,Lê Bá Ly,https://vi.wikipedia.org/wiki/Lê_Bá_Ly,2026-07-10T18:59:09.150129+00:00
2001276,Mạc Đôn Nhượng,https://vi.wikipedia.org/wiki/Mạc_Đôn_Nhượng,2026-07-10T18:59:09.150129+00:00
2001277,Nguyễn Phong,https://vi.wikipedia.org/wiki/Nguyễn_Phong,2026-07-10T18:59:09.150129+00:00
2001278,Nguyễn Năng Nhượng,https://vi.wikipedia.org/wiki/Nguyễn_Năng_Nhượng,2026-07-10T18:59:09.150129+00:00
2001279,Đặng Đề (nhà thơ),https://vi.wikipedia.org/wiki/Đặng_Đề_(nhà_thơ),2026-07-10T18:59:09.150129+00:00
2001280,Vũ Cán,https://vi.wikipedia.org/wiki/Vũ_Cán,2026-07-10T18:59:09.150129+00:00
2001281,Vũ Cẩn,https://vi.wikipedia.org/wiki/Vũ_Cẩn,2026-07-10T18:59:09.150129+00:00
2001282,Đào Nghiễm,https://vi.wikipedia.org/wiki/Đào_Nghiễm,2026-07-10T18:59:09.150129+00:00
2001283,Lưu Đức An,https://vi.wikipedia.org/wiki/Lưu_Đức_An,2026-07-10T18:59:09.150129+00:00
2001284,Mạc Phúc Tư,https://vi.wikipedia.org/wiki/Mạc_Phúc_Tư,2026-07-10T18:59:09.150129+00:00
2001285,Hà Nhậm Đại,https://vi.wikipedia.org/wiki/Hà_Nhậm_Đại,2026-07-10T18:59:09.150129+00:00
2001286,Hoàng Sầm,https://vi.wikipedia.org/wiki/Hoàng_Sầm,2026-07-10T18:59:09.150129+00:00
2001287,Đoàn Sư Đức,https://vi.wikipedia.org/wiki/Đoàn_Sư_Đức,2026-07-10T18:59:09.150129+00:00
2001288,Đoàn Quảng Phu,https://vi.wikipedia.org/wiki/Đoàn_Quảng_Phu,2026-07-10T18:59:09.150129+00:00
2001289,Phạm Công Sâm,https://vi.wikipedia.org/wiki/Phạm_Công_Sâm,2026-07-10T18:59:09.150129+00:00
2001290,Bùi Trụ,https://vi.wikipedia.org/wiki/Bùi_Trụ,2026-07-10T18:59:09.150129+00:00
2001291,Nguyễn Cư Nhân,https://vi.wikipedia.org/wiki/Nguyễn_Cư_Nhân,2026-07-10T18:59:09.150129+00:00
2001292,Nguyễn Khải Khang,https://vi.wikipedia.org/wiki/Nguyễn_Khải_Khang,2026-07-10T18:59:09.150129+00:00
2001293,Nguyễn Văn Thái (thám hoa),https://vi.wikipedia.org/wiki/Nguyễn_Văn_Thái_(thám_hoa),2026-07-10T18:59:09.150129+00:00
2001294,Nguyễn Trọng Hiệu,https://vi.wikipedia.org/wiki/Nguyễn_Trọng_Hiệu,2026-07-10T18:59:09.150129+00:00
2001295,Nguyễn Công Nghi,https://vi.wikipedia.org/wiki/Nguyễn_Công_Nghi,2026-07-10T18:59:09.150129+00:00
2001296,Mạc Thái Tổ,https://vi.wikipedia.org/wiki/Mạc_Thái_Tổ,2026-07-10T18:59:09.150129+00:00
2001297,Mạc Thái Tông,https://vi.wikipedia.org/wiki/Mạc_Thái_Tông,2026-07-10T18:59:09.150129+00:00
2001298,Mạc Hiến Tông,https://vi.wikipedia.org/wiki/Mạc_Hiến_Tông,2026-07-10T18:59:09.150129+00:00
2001299,Mạc Tuyên Tông,https://vi.wikipedia.org/wiki/Mạc_Tuyên_Tông,2026-07-10T18:59:09.150129+00:00
2001300,Mạc Mậu Hợp,https://vi.wikipedia.org/wiki/Mạc_Mậu_Hợp,2026-07-10T18:59:09.150129+00:00
2001301,Mạc Kính Cung,https://vi.wikipedia.org/wiki/Mạc_Kính_Cung,2026-07-10T18:59:09.150129+00:00
2001302,Mạc Kính Chỉ,https://vi.wikipedia.org/wiki/Mạc_Kính_Chỉ,2026-07-10T18:59:09.150129+00:00
2001303,Mạc Kính Khoan,https://vi.wikipedia.org/wiki/Mạc_Kính_Khoan,2026-07-10T18:59:09.150129+00:00
2001304,Mạc Kính Vũ,https://vi.wikipedia.org/wiki/Mạc_Kính_Vũ,2026-07-10T18:59:09.150129+00:00
2001305,Mạc Toàn,https://vi.wikipedia.org/wiki/Mạc_Toàn,2026-07-10T18:59:09.150129+00:00
2001306,Mạc Chính Trung,https://vi.wikipedia.org/wiki/Mạc_Chính_Trung,2026-07-10T18:59:09.150129+00:00
2001307,Mạc Kính Quang,https://vi.wikipedia.org/wiki/Mạc_Kính_Quang,2026-07-10T18:59:09.150129+00:00
2001308,Mạc Kính Hẻ,https://vi.wikipedia.org/wiki/Mạc_Kính_Hẻ,2026-07-10T18:59:09.150129+00:00
2001309,Thành cổ Tuyên Quang,https://vi.wikipedia.org/wiki/Thành_cổ_Tuyên_Quang,2026-07-10T18:59:09.150129+00:00
2001310,Thành Bản Phủ (Cao Bằng),https://vi.wikipedia.org/wiki/Thành_Bản_Phủ_(Cao_Bằng),2026-07-10T18:59:09.150129+00:00
2001311,Quốc triều chính biên điển lục,https://vi.wikipedia.org/wiki/Quốc_triều_chính_biên_điển_lục,2026-07-10T18:59:09.150129+00:00
2001312,Kinh đô Vạn Lại – An Trường,https://vi.wikipedia.org/wiki/Kinh_đô_Vạn_Lại_–_An_Trường,2026-07-10T18:59:09.150129+00:00
2001313,Thành nhà Mạc (Lạng Sơn),https://vi.wikipedia.org/wiki/Thành_nhà_Mạc_(Lạng_Sơn),2026-07-10T18:59:09.150129+00:00
2001314,Thành nhà Mạc (Phục Hòa),https://vi.wikipedia.org/wiki/Thành_nhà_Mạc_(Phục_Hòa),2026-07-10T18:59:09.150129+00:00
2001315,Thành Nà Lữ,https://vi.wikipedia.org/wiki/Thành_Nà_Lữ,2026-07-10T18:59:09.150129+00:00
2001316,Tôn giáo Đại Việt thời Mạc,https://vi.wikipedia.org/wiki/Tôn_giáo_Đại_Việt_thời_Mạc,2026-07-10T18:59:09.150129+00:00
2001317,Văn hóa Lê–Mạc,https://vi.wikipedia.org/wiki/Văn_hóa_Lê–Mạc,2026-07-10T18:59:09.150129+00:00
2001318,Lễ hội Ná Nhèm,https://vi.wikipedia.org/wiki/Lễ_hội_Ná_Nhèm,2026-07-10T18:59:09.150129+00:00
2001319,Gốm Chu Đậu – Mỹ Xá,https://vi.wikipedia.org/wiki/Gốm_Chu_Đậu_–_Mỹ_Xá,2026-07-10T18:59:09.150129+00:00
2001320,Thương mại Đại Việt thời Mạc,https://vi.wikipedia.org/wiki/Thương_mại_Đại_Việt_thời_Mạc,2026-07-10T18:59:09.150129+00:00
2001321,Thủ công nghiệp Đại Việt thời Mạc,https://vi.wikipedia.org/wiki/Thủ_công_nghiệp_Đại_Việt_thời_Mạc,2026-07-10T18:59:09.150129+00:00
2001322,Tiền tệ Đại Việt thời Nam Bắc triều,https://vi.wikipedia.org/wiki/Tiền_tệ_Đại_Việt_thời_Nam_Bắc_triều,2026-07-10T18:59:09.150129+00:00
2001323,Nông nghiệp Đại Việt thời Mạc,https://vi.wikipedia.org/wiki/Nông_nghiệp_Đại_Việt_thời_Mạc,2026-07-10T18:59:09.150129+00:00
2001324,Vấn đề biên giới Việt-Trung thời Mạc,https://vi.wikipedia.org/wiki/Vấn_đề_biên_giới_Việt-Trung_thời_Mạc,2026-07-10T18:59:09.150129+00:00
2001325,Nguyễn Thị Niên,https://vi.wikipedia.org/wiki/Nguyễn_Thị_Niên,2026-07-10T18:59:09.150129+00:00
2001326,Mạc Cảnh Huống,https://vi.wikipedia.org/wiki/Mạc_Cảnh_Huống,2026-07-10T18:59:09.150129+00:00
2001327,Mạc Thị Giai,https://vi.wikipedia.org/wiki/Mạc_Thị_Giai,2026-07-10T18:59:09.150129+00:00
2001328,Ngô Đình Diệm,https://vi.wikipedia.org/wiki/Ngô_Đình_Diệm,2026-07-10T18:59:09.150129+00:00
2001329,Nguyễn Du,https://vi.wikipedia.org/wiki/Nguyễn_Du,2026-07-10T18:59:09.150129+00:00
2001330,Nguyễn Công Trứ,https://vi.wikipedia.org/wiki/Nguyễn_Công_Trứ,2026-07-10T18:59:09.150129+00:00
2001331,Nguyễn Cao,https://vi.wikipedia.org/wiki/Nguyễn_Cao,2026-07-10T18:59:09.150129+00:00
2001332,Trần Trọng Kim,https://vi.wikipedia.org/wiki/Trần_Trọng_Kim,2026-07-10T18:59:09.150129+00:00
2001333,Phan Thanh Giản,https://vi.wikipedia.org/wiki/Phan_Thanh_Giản,2026-07-10T18:59:09.150129+00:00
2001334,Nguyễn Trường Tộ,https://vi.wikipedia.org/wiki/Nguyễn_Trường_Tộ,2026-07-10T18:59:09.150129+00:00
2001335,Phan Châu Trinh,https://vi.wikipedia.org/wiki/Phan_Châu_Trinh,2026-07-10T18:59:09.150129+00:00
2001336,Bùi Bằng Đoàn,https://vi.wikipedia.org/wiki/Bùi_Bằng_Đoàn,2026-07-10T18:59:09.150129+00:00
2001337,Lê Trực,https://vi.wikipedia.org/wiki/Lê_Trực,2026-07-10T18:59:09.150129+00:00
2001338,Phan Huy Chú,https://vi.wikipedia.org/wiki/Phan_Huy_Chú,2026-07-10T18:59:09.150129+00:00
2001339,Tôn Thất Đàm,https://vi.wikipedia.org/wiki/Tôn_Thất_Đàm,2026-07-10T18:59:09.150129+00:00
2001340,Phan Đình Phùng,https://vi.wikipedia.org/wiki/Phan_Đình_Phùng,2026-07-10T18:59:09.150129+00:00
2001341,Bùi Hữu Nghĩa,https://vi.wikipedia.org/wiki/Bùi_Hữu_Nghĩa,2026-07-10T18:59:09.150129+00:00
2001342,Bùi Viện,https://vi.wikipedia.org/wiki/Bùi_Viện,2026-07-10T18:59:09.150129+00:00
2001343,Lê Văn Duyệt,https://vi.wikipedia.org/wiki/Lê_Văn_Duyệt,2026-07-10T18:59:09.150129+00:00
2001344,Bùi Dương Lịch,https://vi.wikipedia.org/wiki/Bùi_Dương_Lịch,2026-07-10T18:59:09.150129+00:00
2001345,Ngụy Khắc Đản,https://vi.wikipedia.org/wiki/Ngụy_Khắc_Đản,2026-07-10T18:59:09.150129+00:00
2001346,Trương Định,https://vi.wikipedia.org/wiki/Trương_Định,2026-07-10T18:59:09.150129+00:00
2001347,Hoàng Diệu,https://vi.wikipedia.org/wiki/Hoàng_Diệu,2026-07-10T18:59:09.150129+00:00
2001348,Nguyễn Tri Phương,https://vi.wikipedia.org/wiki/Nguyễn_Tri_Phương,2026-07-10T18:59:09.150129+00:00
2001349,Thoại Ngọc hầu,https://vi.wikipedia.org/wiki/Thoại_Ngọc_hầu,2026-07-10T18:59:09.150129+00:00
2001350,Võ Duy Ninh,https://vi.wikipedia.org/wiki/Võ_Duy_Ninh,2026-07-10T18:59:09.150129+00:00
2001351,Nguyễn Khuyến,https://vi.wikipedia.org/wiki/Nguyễn_Khuyến,2026-07-10T18:59:09.150129+00:00
2001352,Phạm Phú Thứ,https://vi.wikipedia.org/wiki/Phạm_Phú_Thứ,2026-07-10T18:59:09.150129+00:00
2001353,Nguyễn Duy (quan viên),https://vi.wikipedia.org/wiki/Nguyễn_Duy_(quan_viên),2026-07-10T18:59:09.150129+00:00
2001354,Phạm Thế Hiển,https://vi.wikipedia.org/wiki/Phạm_Thế_Hiển,2026-07-10T18:59:09.150129+00:00
2001355,Đặng Trần Thường,https://vi.wikipedia.org/wiki/Đặng_Trần_Thường,2026-07-10T18:59:09.150129+00:00
2001356,Lý Văn Phức,https://vi.wikipedia.org/wiki/Lý_Văn_Phức,2026-07-10T18:59:09.150129+00:00
2001357,Vũ Phạm Hàm,https://vi.wikipedia.org/wiki/Vũ_Phạm_Hàm,2026-07-10T18:59:09.150129+00:00
2001358,Nguyễn Trung Trực,https://vi.wikipedia.org/wiki/Nguyễn_Trung_Trực,2026-07-10T18:59:09.150129+00:00
2001359,Nguyễn Văn Thành (nhà Nguyễn),https://vi.wikipedia.org/wiki/Nguyễn_Văn_Thành_(nhà_Nguyễn),2026-07-10T18:59:09.150129+00:00
2001360,Đặng Văn Thụy,https://vi.wikipedia.org/wiki/Đặng_Văn_Thụy,2026-07-10T18:59:09.150129+00:00
2001361,Trương Quốc Dụng,https://vi.wikipedia.org/wiki/Trương_Quốc_Dụng,2026-07-10T18:59:09.150129+00:00
2001362,Trần Cao Vân,https://vi.wikipedia.org/wiki/Trần_Cao_Vân,2026-07-10T18:59:09.150129+00:00
2001363,Doãn Uẩn,https://vi.wikipedia.org/wiki/Doãn_Uẩn,2026-07-10T18:59:09.150129+00:00
2001364,Doãn Khuê,https://vi.wikipedia.org/wiki/Doãn_Khuê,2026-07-10T18:59:09.150129+00:00
2001365,Nguyễn Mậu Kiến,https://vi.wikipedia.org/wiki/Nguyễn_Mậu_Kiến,2026-07-10T18:59:09.150129+00:00
2001366,Nguyễn Quang Bích,https://vi.wikipedia.org/wiki/Nguyễn_Quang_Bích,2026-07-10T18:59:09.150129+00:00
2001367,Lê Tuấn,https://vi.wikipedia.org/wiki/Lê_Tuấn,2026-07-10T18:59:09.150129+00:00
2001368,Đặng Huy Trứ,https://vi.wikipedia.org/wiki/Đặng_Huy_Trứ,2026-07-10T18:59:09.150129+00:00
2001369,Nguyễn Huỳnh Đức,https://vi.wikipedia.org/wiki/Nguyễn_Huỳnh_Đức,2026-07-10T18:59:09.150129+00:00
2001370,Lưu Vĩnh Phúc,https://vi.wikipedia.org/wiki/Lưu_Vĩnh_Phúc,2026-07-10T18:59:09.150129+00:00
2001371,Nguyễn Thiện Thuật,https://vi.wikipedia.org/wiki/Nguyễn_Thiện_Thuật,2026-07-10T18:59:09.150129+00:00
2001372,Phạm Văn Nghị,https://vi.wikipedia.org/wiki/Phạm_Văn_Nghị,2026-07-10T18:59:09.150129+00:00
2001373,Nguyễn Hữu Huân,https://vi.wikipedia.org/wiki/Nguyễn_Hữu_Huân,2026-07-10T18:59:09.150129+00:00
2001374,Chu Mạnh Trinh,https://vi.wikipedia.org/wiki/Chu_Mạnh_Trinh,2026-07-10T18:59:09.150129+00:00
2001375,Nguyễn Thượng Hiền,https://vi.wikipedia.org/wiki/Nguyễn_Thượng_Hiền,2026-07-10T18:59:09.150129+00:00
2001376,Trần Bích San,https://vi.wikipedia.org/wiki/Trần_Bích_San,2026-07-10T18:59:09.150129+00:00
2001377,Đặng Xuân Bảng,https://vi.wikipedia.org/wiki/Đặng_Xuân_Bảng,2026-07-10T18:59:09.150129+00:00
2001378,Nguyễn Văn Siêu,https://vi.wikipedia.org/wiki/Nguyễn_Văn_Siêu,2026-07-10T18:59:09.150129+00:00
2001379,Hà Tông Quyền,https://vi.wikipedia.org/wiki/Hà_Tông_Quyền,2026-07-10T18:59:09.150129+00:00
2001380,Ngô Thế Vinh,https://vi.wikipedia.org/wiki/Ngô_Thế_Vinh,2026-07-10T18:59:09.150129+00:00
2001381,Võ Duy Dương,https://vi.wikipedia.org/wiki/Võ_Duy_Dương,2026-07-10T18:59:09.150129+00:00
2001382,Vũ Tông Phan,https://vi.wikipedia.org/wiki/Vũ_Tông_Phan,2026-07-10T18:59:09.150129+00:00
2001383,Phan Bá Đạt,https://vi.wikipedia.org/wiki/Phan_Bá_Đạt,2026-07-10T18:59:09.150129+00:00
2001384,Nguyễn Bá Nhạ,https://vi.wikipedia.org/wiki/Nguyễn_Bá_Nhạ,2026-07-10T18:59:09.150129+00:00
2001385,Nguyễn Xuân Ôn,https://vi.wikipedia.org/wiki/Nguyễn_Xuân_Ôn,2026-07-10T18:59:09.150129+00:00
2001386,Phan Huy Vịnh,https://vi.wikipedia.org/wiki/Phan_Huy_Vịnh,2026-07-10T18:59:09.150129+00:00
2001387,Hồ Bá Ôn,https://vi.wikipedia.org/wiki/Hồ_Bá_Ôn,2026-07-10T18:59:09.150129+00:00
2001388,Đỗ Phát,https://vi.wikipedia.org/wiki/Đỗ_Phát,2026-07-10T18:59:09.150129+00:00
2001389,Phan Liêm,https://vi.wikipedia.org/wiki/Phan_Liêm,2026-07-10T18:59:09.150129+00:00
2001390,Đặng Văn Kiều,https://vi.wikipedia.org/wiki/Đặng_Văn_Kiều,2026-07-10T18:59:09.150129+00:00
2001391,Trương Đăng Quế,https://vi.wikipedia.org/wiki/Trương_Đăng_Quế,2026-07-10T18:59:09.150129+00:00
2001392,Nguyễn Ngọc Thơ,https://vi.wikipedia.org/wiki/Nguyễn_Ngọc_Thơ,2026-07-10T18:59:09.150129+00:00
2001393,Vũ Duy Thanh,https://vi.wikipedia.org/wiki/Vũ_Duy_Thanh,2026-07-10T18:59:09.150129+00:00
2001394,Phạm Hữu Nhật,https://vi.wikipedia.org/wiki/Phạm_Hữu_Nhật,2026-07-10T18:59:09.150129+00:00
2001395,Phan Kế Toại,https://vi.wikipedia.org/wiki/Phan_Kế_Toại,2026-07-10T18:59:09.150129+00:00
2001396,Nguyễn Khoa Toàn,https://vi.wikipedia.org/wiki/Nguyễn_Khoa_Toàn,2026-07-10T18:59:09.150129+00:00
2001397,Phạm Như Xương,https://vi.wikipedia.org/wiki/Phạm_Như_Xương,2026-07-10T18:59:09.150129+00:00
2001398,Phó cơ Điều,https://vi.wikipedia.org/wiki/Phó_cơ_Điều,2026-07-10T18:59:09.150129+00:00
2001399,Nguyễn Văn Tuyên (võ tướng),https://vi.wikipedia.org/wiki/Nguyễn_Văn_Tuyên_(võ_tướng),2026-07-10T18:59:09.150129+00:00
2001400,Nguyễn Văn Tồn (nhà Nguyễn),https://vi.wikipedia.org/wiki/Nguyễn_Văn_Tồn_(nhà_Nguyễn),2026-07-10T18:59:09.150129+00:00
2001401,Huỳnh Mẫn Đạt,https://vi.wikipedia.org/wiki/Huỳnh_Mẫn_Đạt,2026-07-10T18:59:09.150129+00:00
2001402,Võ Xuân Cẩn,https://vi.wikipedia.org/wiki/Võ_Xuân_Cẩn,2026-07-10T18:59:09.150129+00:00
2001403,Lãnh binh Thăng,https://vi.wikipedia.org/wiki/Lãnh_binh_Thăng,2026-07-10T18:59:09.150129+00:00
2001404,Nguyễn Khắc Niêm,https://vi.wikipedia.org/wiki/Nguyễn_Khắc_Niêm,2026-07-10T18:59:09.150129+00:00
2001405,Dương Khuê,https://vi.wikipedia.org/wiki/Dương_Khuê,2026-07-10T18:59:09.150129+00:00
2001406,Nguyễn Xuân Thục,https://vi.wikipedia.org/wiki/Nguyễn_Xuân_Thục,2026-07-10T18:59:09.150129+00:00
2001407,Trương Gia Mô,https://vi.wikipedia.org/wiki/Trương_Gia_Mô,2026-07-10T18:59:09.150129+00:00
2001408,Nguyễn Phiên,https://vi.wikipedia.org/wiki/Nguyễn_Phiên,2026-07-10T18:59:09.150129+00:00
2001409,Nguyễn Xuân Bảng,https://vi.wikipedia.org/wiki/Nguyễn_Xuân_Bảng,2026-07-10T18:59:09.150129+00:00
2001410,Trần Cảnh Phát,https://vi.wikipedia.org/wiki/Trần_Cảnh_Phát,2026-07-10T18:59:09.150129+00:00
2001411,Nguyễn Đức Đạt,https://vi.wikipedia.org/wiki/Nguyễn_Đức_Đạt,2026-07-10T18:59:09.150129+00:00
2001412,Nguyễn Thân,https://vi.wikipedia.org/wiki/Nguyễn_Thân,2026-07-10T18:59:09.150129+00:00
2001413,Gia Định tam gia,https://vi.wikipedia.org/wiki/Gia_Định_tam_gia,2026-07-10T18:59:09.150129+00:00
2001414,Ngô Nhân Tịnh,https://vi.wikipedia.org/wiki/Ngô_Nhân_Tịnh,2026-07-10T18:59:09.150129+00:00
2001415,Lê Quang Định,https://vi.wikipedia.org/wiki/Lê_Quang_Định,2026-07-10T18:59:09.150129+00:00
2001416,Trương Tấn Bửu (võ tướng),https://vi.wikipedia.org/wiki/Trương_Tấn_Bửu_(võ_tướng),2026-07-10T18:59:09.150129+00:00
2001417,Nguyễn Văn Nhơn,https://vi.wikipedia.org/wiki/Nguyễn_Văn_Nhơn,2026-07-10T18:59:09.150129+00:00
2001418,Phạm Viết Chánh,https://vi.wikipedia.org/wiki/Phạm_Viết_Chánh,2026-07-10T18:59:09.150129+00:00
2001419,Đỗ Huy Liêu,https://vi.wikipedia.org/wiki/Đỗ_Huy_Liêu,2026-07-10T18:59:09.150129+00:00
2001420,Mai Xuân Thưởng,https://vi.wikipedia.org/wiki/Mai_Xuân_Thưởng,2026-07-10T18:59:09.150129+00:00
2001421,Philippe Vannier,https://vi.wikipedia.org/wiki/Philippe_Vannier,2026-07-10T18:59:09.150129+00:00
2001422,Ngô Đình Khả,https://vi.wikipedia.org/wiki/Ngô_Đình_Khả,2026-07-10T18:59:09.150129+00:00
2001423,Trần Đình Túc,https://vi.wikipedia.org/wiki/Trần_Đình_Túc,2026-07-10T18:59:09.150129+00:00
2001424,Nguyễn Phong Di,https://vi.wikipedia.org/wiki/Nguyễn_Phong_Di,2026-07-10T18:59:09.150129+00:00
2001425,Nguyễn Tư Giản,https://vi.wikipedia.org/wiki/Nguyễn_Tư_Giản,2026-07-10T18:59:09.150129+00:00
2001426,Nguyễn Phạm Tuân,https://vi.wikipedia.org/wiki/Nguyễn_Phạm_Tuân,2026-07-10T18:59:09.150129+00:00
2001427,Hoàng Đạo Thành,https://vi.wikipedia.org/wiki/Hoàng_Đạo_Thành,2026-07-10T18:59:09.150129+00:00
2001428,Đốc Ngữ,https://vi.wikipedia.org/wiki/Đốc_Ngữ,2026-07-10T18:59:09.150129+00:00
2001429,Vũ Hữu Lợi,https://vi.wikipedia.org/wiki/Vũ_Hữu_Lợi,2026-07-10T18:59:09.150129+00:00
2001430,Nguyễn Thiện Kế,https://vi.wikipedia.org/wiki/Nguyễn_Thiện_Kế,2026-07-10T18:59:09.150129+00:00
2001431,Nguyễn Văn Lý (nhà Nguyễn),https://vi.wikipedia.org/wiki/Nguyễn_Văn_Lý_(nhà_Nguyễn),2026-07-10T18:59:09.150129+00:00
2001432,Nguyễn Hữu Lập,https://vi.wikipedia.org/wiki/Nguyễn_Hữu_Lập,2026-07-10T18:59:09.150129+00:00
2001433,Ngô Đình Khôi,https://vi.wikipedia.org/wiki/Ngô_Đình_Khôi,2026-07-10T18:59:09.150129+00:00
2001434,Mạc Như Đông,https://vi.wikipedia.org/wiki/Mạc_Như_Đông,2026-07-10T18:59:09.150129+00:00
2001435,Nguyễn Đăng Huân,https://vi.wikipedia.org/wiki/Nguyễn_Đăng_Huân,2026-07-10T18:59:09.150129+00:00
2001436,Nguyễn Ngọc,https://vi.wikipedia.org/wiki/Nguyễn_Ngọc,2026-07-10T18:59:09.150129+00:00
2001437,Võ Trọng Bình,https://vi.wikipedia.org/wiki/Võ_Trọng_Bình,2026-07-10T18:59:09.150129+00:00
2001438,Phạm Huy Quang,https://vi.wikipedia.org/wiki/Phạm_Huy_Quang,2026-07-10T18:59:09.150129+00:00
2001439,Lê Khiết,https://vi.wikipedia.org/wiki/Lê_Khiết,2026-07-10T18:59:09.150129+00:00
2001440,Vũ Phạm Khải,https://vi.wikipedia.org/wiki/Vũ_Phạm_Khải,2026-07-10T18:59:09.150129+00:00
2001441,Đỗ Quang (nhà Nguyễn),https://vi.wikipedia.org/wiki/Đỗ_Quang_(nhà_Nguyễn),2026-07-10T18:59:09.150129+00:00
2001442,Đốc binh Kiều,https://vi.wikipedia.org/wiki/Đốc_binh_Kiều,2026-07-10T18:59:09.150129+00:00
2001443,Nguyễn Bá Trác,https://vi.wikipedia.org/wiki/Nguyễn_Bá_Trác,2026-07-10T18:59:09.150129+00:00
2001444,Trần Xuân Hòa (quan nhà Nguyễn),https://vi.wikipedia.org/wiki/Trần_Xuân_Hòa_(quan_nhà_Nguyễn),2026-07-10T18:59:09.150129+00:00
2001445,Nguyễn Án,https://vi.wikipedia.org/wiki/Nguyễn_Án,2026-07-10T18:59:09.150129+00:00
2001446,Đinh Văn Chất,https://vi.wikipedia.org/wiki/Đinh_Văn_Chất,2026-07-10T18:59:09.150129+00:00
2001447,Mai Anh Tuấn,https://vi.wikipedia.org/wiki/Mai_Anh_Tuấn,2026-07-10T18:59:09.150129+00:00
2001448,Ngô Thì Du,https://vi.wikipedia.org/wiki/Ngô_Thì_Du,2026-07-10T18:59:09.150129+00:00
2001449,Lê Trinh,https://vi.wikipedia.org/wiki/Lê_Trinh,2026-07-10T18:59:09.150129+00:00
2001450,Hoàng Văn Hòe,https://vi.wikipedia.org/wiki/Hoàng_Văn_Hòe,2026-07-10T18:59:09.150129+00:00
2001451,Trần Văn Gia,https://vi.wikipedia.org/wiki/Trần_Văn_Gia,2026-07-10T18:59:09.150129+00:00
2001452,Ngô Lập Chi,https://vi.wikipedia.org/wiki/Ngô_Lập_Chi,2026-07-10T18:59:09.150129+00:00
2001453,Bùi Văn Dị,https://vi.wikipedia.org/wiki/Bùi_Văn_Dị,2026-07-10T18:59:09.150129+00:00
2001454,Trần Văn Dư,https://vi.wikipedia.org/wiki/Trần_Văn_Dư,2026-07-10T18:59:09.150129+00:00
2001455,Nguyễn Văn Tâm (thủ tướng),https://vi.wikipedia.org/wiki/Nguyễn_Văn_Tâm_(thủ_tướng),2026-07-10T18:59:09.150129+00:00
2001456,Hồ Đắc Khải,https://vi.wikipedia.org/wiki/Hồ_Đắc_Khải,2026-07-10T18:59:09.150129+00:00
2001457,Phan Đình Thực,https://vi.wikipedia.org/wiki/Phan_Đình_Thực,2026-07-10T18:59:09.150129+00:00
2001458,Nguyễn Lâm,https://vi.wikipedia.org/wiki/Nguyễn_Lâm,2026-07-10T18:59:09.150129+00:00
2001459,Nguyễn Tấn (quan nhà Nguyễn),https://vi.wikipedia.org/wiki/Nguyễn_Tấn_(quan_nhà_Nguyễn),2026-07-10T18:59:09.150129+00:00
2001460,Phan Văn Ái,https://vi.wikipedia.org/wiki/Phan_Văn_Ái,2026-07-10T18:59:09.150129+00:00
2001461,Đinh Nho Quang,https://vi.wikipedia.org/wiki/Đinh_Nho_Quang,2026-07-10T18:59:09.150129+00:00
2001462,Cao Ngọc Lễ,https://vi.wikipedia.org/wiki/Cao_Ngọc_Lễ,2026-07-10T18:59:09.150129+00:00
2001463,Âu Dương Lân,https://vi.wikipedia.org/wiki/Âu_Dương_Lân,2026-07-10T18:59:09.150129+00:00
2001464,Phan Hiển Đạo,https://vi.wikipedia.org/wiki/Phan_Hiển_Đạo,2026-07-10T18:59:09.150129+00:00
2001465,Lê Cẩn,https://vi.wikipedia.org/wiki/Lê_Cẩn,2026-07-10T18:59:09.150129+00:00
2001466,Phan Khắc Thận,https://vi.wikipedia.org/wiki/Phan_Khắc_Thận,2026-07-10T18:59:09.150129+00:00
2001467,Lâm Duy Hiệp,https://vi.wikipedia.org/wiki/Lâm_Duy_Hiệp,2026-07-10T18:59:09.150129+00:00
2001468,Huỳnh Công Lý (quan nhà Nguyễn),https://vi.wikipedia.org/wiki/Huỳnh_Công_Lý_(quan_nhà_Nguyễn),2026-07-10T18:59:09.150129+00:00
2001469,Nguyễn Hàm Ninh,https://vi.wikipedia.org/wiki/Nguyễn_Hàm_Ninh,2026-07-10T18:59:09.150129+00:00
2001470,Nguyễn Đăng Giai,https://vi.wikipedia.org/wiki/Nguyễn_Đăng_Giai,2026-07-10T18:59:09.150129+00:00
2001471,Nguyễn Văn Giáp,https://vi.wikipedia.org/wiki/Nguyễn_Văn_Giáp,2026-07-10T18:59:09.150129+00:00
2001472,Lã Xuân Oai,https://vi.wikipedia.org/wiki/Lã_Xuân_Oai,2026-07-10T18:59:09.150129+00:00
2001473,Lê Quả Dục,https://vi.wikipedia.org/wiki/Lê_Quả_Dục,2026-07-10T18:59:09.150129+00:00
2001474,Hoàng Văn Tuấn,https://vi.wikipedia.org/wiki/Hoàng_Văn_Tuấn,2026-07-10T18:59:09.150129+00:00
2001475,Phan Thúc Trực,https://vi.wikipedia.org/wiki/Phan_Thúc_Trực,2026-07-10T18:59:09.150129+00:00
2001476,Nguyễn Thu,https://vi.wikipedia.org/wiki/Nguyễn_Thu,2026-07-10T18:59:09.150129+00:00
2001477,Nguyễn Thành Ý,https://vi.wikipedia.org/wiki/Nguyễn_Thành_Ý,2026-07-10T18:59:09.150129+00:00
2001478,Nguyễn Đình Tựu,https://vi.wikipedia.org/wiki/Nguyễn_Đình_Tựu,2026-07-10T18:59:09.150129+00:00
2001479,Phan Văn Vàng,https://vi.wikipedia.org/wiki/Phan_Văn_Vàng,2026-07-10T18:59:09.150129+00:00
2001480,Nguyễn Văn Sâm,https://vi.wikipedia.org/wiki/Nguyễn_Văn_Sâm,2026-07-10T18:59:09.150129+00:00
2001481,Phạm Quý Thích,https://vi.wikipedia.org/wiki/Phạm_Quý_Thích,2026-07-10T18:59:09.150129+00:00
2001482,Đoàn Đình Niêu,https://vi.wikipedia.org/wiki/Đoàn_Đình_Niêu,2026-07-10T18:59:09.150129+00:00
2001483,Nguyễn Liên Phong,https://vi.wikipedia.org/wiki/Nguyễn_Liên_Phong,2026-07-10T18:59:09.150129+00:00
2001484,Ngô Thì Hương,https://vi.wikipedia.org/wiki/Ngô_Thì_Hương,2026-07-10T18:59:09.150129+00:00
2001485,Nguyễn Huy Lượng,https://vi.wikipedia.org/wiki/Nguyễn_Huy_Lượng,2026-07-10T18:59:09.150129+00:00
2001486,Cao Huy Diệu,https://vi.wikipedia.org/wiki/Cao_Huy_Diệu,2026-07-10T18:59:09.150129+00:00
2001487,Nguyễn Huy Hổ,https://vi.wikipedia.org/wiki/Nguyễn_Huy_Hổ,2026-07-10T18:59:09.150129+00:00
2001488,Phan Thúc Vĩnh,https://vi.wikipedia.org/wiki/Phan_Thúc_Vĩnh,2026-07-10T18:59:09.150129+00:00
2001489,Kiều Oánh Mậu,https://vi.wikipedia.org/wiki/Kiều_Oánh_Mậu,2026-07-10T18:59:09.150129+00:00
2001490,Vũ Trinh,https://vi.wikipedia.org/wiki/Vũ_Trinh,2026-07-10T18:59:09.150129+00:00
2001491,Nhữ Bá Sĩ,https://vi.wikipedia.org/wiki/Nhữ_Bá_Sĩ,2026-07-10T18:59:09.150129+00:00
2001492,Trương Quang Đản,https://vi.wikipedia.org/wiki/Trương_Quang_Đản,2026-07-10T18:59:09.150129+00:00
2001493,Lê Văn Phú (quan nhà Nguyễn),https://vi.wikipedia.org/wiki/Lê_Văn_Phú_(quan_nhà_Nguyễn),2026-07-10T18:59:09.150129+00:00
2001494,Phan Cư Chánh,https://vi.wikipedia.org/wiki/Phan_Cư_Chánh,2026-07-10T18:59:09.150129+00:00
2001495,Đào Trí Phú,https://vi.wikipedia.org/wiki/Đào_Trí_Phú,2026-07-10T18:59:09.150129+00:00
2001496,Nguyễn Hữu Thận,https://vi.wikipedia.org/wiki/Nguyễn_Hữu_Thận,2026-07-10T18:59:09.150129+00:00
2001497,Trần Thiện Chánh,https://vi.wikipedia.org/wiki/Trần_Thiện_Chánh,2026-07-10T18:59:09.150129+00:00
2001498,Đoàn Tử Quang,https://vi.wikipedia.org/wiki/Đoàn_Tử_Quang,2026-07-10T18:59:09.150129+00:00
2001499,Đào Doãn Địch,https://vi.wikipedia.org/wiki/Đào_Doãn_Địch,2026-07-10T18:59:09.150129+00:00
2001500,Trần Thúc Nhẫn,https://vi.wikipedia.org/wiki/Trần_Thúc_Nhẫn,2026-07-10T18:59:09.150129+00:00
2001501,Lâm Hoành,https://vi.wikipedia.org/wiki/Lâm_Hoành,2026-07-10T18:59:09.150129+00:00
2001502,Nguyễn Đôn Tiết,https://vi.wikipedia.org/wiki/Nguyễn_Đôn_Tiết,2026-07-10T18:59:09.150129+00:00
2001503,Hoàng Bật Đạt,https://vi.wikipedia.org/wiki/Hoàng_Bật_Đạt,2026-07-10T18:59:09.150129+00:00
2001504,Trương Gia Hội,https://vi.wikipedia.org/wiki/Trương_Gia_Hội,2026-07-10T18:59:09.150129+00:00
2001505,Đinh Nhật Thận,https://vi.wikipedia.org/wiki/Đinh_Nhật_Thận,2026-07-10T18:59:09.150129+00:00
2001506,Đặng Hữu Phổ,https://vi.wikipedia.org/wiki/Đặng_Hữu_Phổ,2026-07-10T18:59:09.150129+00:00
2001507,Phan Tam Tỉnh,https://vi.wikipedia.org/wiki/Phan_Tam_Tỉnh,2026-07-10T18:59:09.150129+00:00
2001508,Văn Đức Khuê,https://vi.wikipedia.org/wiki/Văn_Đức_Khuê,2026-07-10T18:59:09.150129+00:00
2001509,Trần Viết Thọ,https://vi.wikipedia.org/wiki/Trần_Viết_Thọ,2026-07-10T18:59:09.150129+00:00
2001510,Bùi Quỹ,https://vi.wikipedia.org/wiki/Bùi_Quỹ,2026-07-10T18:59:09.150129+00:00
2001511,Từ Đạm,https://vi.wikipedia.org/wiki/Từ_Đạm,2026-07-10T18:59:09.150129+00:00
2001512,Nguyễn Hữu Độ (quan nhà Nguyễn),https://vi.wikipedia.org/wiki/Nguyễn_Hữu_Độ_(quan_nhà_Nguyễn),2026-07-10T18:59:09.150129+00:00
2001513,Hồ Trọng Đính,https://vi.wikipedia.org/wiki/Hồ_Trọng_Đính,2026-07-10T18:59:09.150129+00:00
2001514,Tô Trân,https://vi.wikipedia.org/wiki/Tô_Trân,2026-07-10T18:59:09.150129+00:00
2001515,Lê Quang Bỉnh,https://vi.wikipedia.org/wiki/Lê_Quang_Bỉnh,2026-07-10T18:59:09.150129+00:00
2001516,Nguyễn Dục,https://vi.wikipedia.org/wiki/Nguyễn_Dục,2026-07-10T18:59:09.150129+00:00
2001517,Lê Cao Lãng,https://vi.wikipedia.org/wiki/Lê_Cao_Lãng,2026-07-10T18:59:09.150129+00:00
2001518,Đỗ Thúc Tĩnh,https://vi.wikipedia.org/wiki/Đỗ_Thúc_Tĩnh,2026-07-10T18:59:09.150129+00:00
2001519,Nguyễn Lộ Trạch,https://vi.wikipedia.org/wiki/Nguyễn_Lộ_Trạch,2026-07-10T18:59:09.150129+00:00
2001520,Thân Trọng Huề,https://vi.wikipedia.org/wiki/Thân_Trọng_Huề,2026-07-10T18:59:09.150129+00:00
2001521,Phạm Đình Trạc,https://vi.wikipedia.org/wiki/Phạm_Đình_Trạc,2026-07-10T18:59:09.150129+00:00
2001522,Nguyễn Viên,https://vi.wikipedia.org/wiki/Nguyễn_Viên,2026-07-10T18:59:09.150129+00:00
2001523,Lê Khắc Cẩn,https://vi.wikipedia.org/wiki/Lê_Khắc_Cẩn,2026-07-10T18:59:09.150129+00:00
2001524,Lưu Phước Tường,https://vi.wikipedia.org/wiki/Lưu_Phước_Tường,2026-07-10T18:59:09.150129+00:00
2001525,Lê Hoan,https://vi.wikipedia.org/wiki/Lê_Hoan,2026-07-10T18:59:09.150129+00:00
2001526,Khâm Tấn Tường,https://vi.wikipedia.org/wiki/Khâm_Tấn_Tường,2026-07-10T18:59:09.150129+00:00
2001527,Lãnh binh Tòng,https://vi.wikipedia.org/wiki/Lãnh_binh_Tòng,2026-07-10T18:59:09.150129+00:00
2001528,Micae Hồ Đình Hy,https://vi.wikipedia.org/wiki/Micae_Hồ_Đình_Hy,2026-07-10T18:59:09.150129+00:00
2001529,Lê Bá Phẩm,https://vi.wikipedia.org/wiki/Lê_Bá_Phẩm,2026-07-10T18:59:09.150129+00:00
2001530,Phạm Ngọc Uẩn,https://vi.wikipedia.org/wiki/Phạm_Ngọc_Uẩn,2026-07-10T18:59:09.150129+00:00
2001531,Phạm Quang Ảnh,https://vi.wikipedia.org/wiki/Phạm_Quang_Ảnh,2026-07-10T18:59:09.150129+00:00
2001532,Phan Văn Thúy,https://vi.wikipedia.org/wiki/Phan_Văn_Thúy,2026-07-10T18:59:09.150129+00:00
2001533,Nguyễn Đăng Tuân (quan nhà Nguyễn),https://vi.wikipedia.org/wiki/Nguyễn_Đăng_Tuân_(quan_nhà_Nguyễn),2026-07-10T18:59:09.150129+00:00
2001534,Nguyễn Đăng Hành (quan nhà Nguyễn),https://vi.wikipedia.org/wiki/Nguyễn_Đăng_Hành_(quan_nhà_Nguyễn),2026-07-10T18:59:09.150129+00:00
2001535,Hoàng Ngọc Uẩn,https://vi.wikipedia.org/wiki/Hoàng_Ngọc_Uẩn,2026-07-10T18:59:09.150129+00:00
2001536,Đỗ Trình Thoại,https://vi.wikipedia.org/wiki/Đỗ_Trình_Thoại,2026-07-10T18:59:09.150129+00:00
2001537,Đặng Văn Hướng,https://vi.wikipedia.org/wiki/Đặng_Văn_Hướng,2026-07-10T18:59:09.150129+00:00
2001538,Hồ Đắc Điềm,https://vi.wikipedia.org/wiki/Hồ_Đắc_Điềm,2026-07-10T18:59:09.150129+00:00
2001539,Hoàng Trọng Phu,https://vi.wikipedia.org/wiki/Hoàng_Trọng_Phu,2026-07-10T18:59:09.150129+00:00
2001540,Trần Văn Lý,https://vi.wikipedia.org/wiki/Trần_Văn_Lý,2026-07-10T18:59:09.150129+00:00
2001541,Nguyễn Tiến Lãng,https://vi.wikipedia.org/wiki/Nguyễn_Tiến_Lãng,2026-07-10T18:59:09.150129+00:00
2001542,Nguyễn Văn Trình (quan nhà Nguyễn),https://vi.wikipedia.org/wiki/Nguyễn_Văn_Trình_(quan_nhà_Nguyễn),2026-07-10T18:59:09.150129+00:00
2001543,Trần Đình Phong,https://vi.wikipedia.org/wiki/Trần_Đình_Phong,2026-07-10T18:59:09.150129+00:00
2001544,Nguyễn Thức Tự,https://vi.wikipedia.org/wiki/Nguyễn_Thức_Tự,2026-07-10T18:59:09.150129+00:00
2001545,Trần Tuyên,https://vi.wikipedia.org/wiki/Trần_Tuyên,2026-07-10T18:59:09.150129+00:00
2001546,Phạm Văn Thụ,https://vi.wikipedia.org/wiki/Phạm_Văn_Thụ,2026-07-10T18:59:09.150129+00:00
2001547,Võ Liêm Sơn,https://vi.wikipedia.org/wiki/Võ_Liêm_Sơn,2026-07-10T18:59:09.150129+00:00
2001548,Lê Đại Cương,https://vi.wikipedia.org/wiki/Lê_Đại_Cương,2026-07-10T18:59:09.150129+00:00
2001549,Nguyễn Đình Hiến,https://vi.wikipedia.org/wiki/Nguyễn_Đình_Hiến,2026-07-10T18:59:09.150129+00:00
2001550,Nguyễn Ý,https://vi.wikipedia.org/wiki/Nguyễn_Ý,2026-07-10T18:59:09.150129+00:00
2001551,Hoàng Tế Mỹ,https://vi.wikipedia.org/wiki/Hoàng_Tế_Mỹ,2026-07-10T18:59:09.150129+00:00
2001552,Nguyễn Huy Hựu,https://vi.wikipedia.org/wiki/Nguyễn_Huy_Hựu,2026-07-10T18:59:09.150129+00:00
2001553,Ngụy Khắc Tuấn,https://vi.wikipedia.org/wiki/Ngụy_Khắc_Tuấn,2026-07-10T18:59:09.150129+00:00
2001554,Đặng Văn Khải,https://vi.wikipedia.org/wiki/Đặng_Văn_Khải,2026-07-10T18:59:09.150129+00:00
2001555,Phan Trứ,https://vi.wikipedia.org/wiki/Phan_Trứ,2026-07-10T18:59:09.150129+00:00
2001556,Phạm Sĩ Ái,https://vi.wikipedia.org/wiki/Phạm_Sĩ_Ái,2026-07-10T18:59:09.150129+00:00
2001557,Nguyễn Tán,https://vi.wikipedia.org/wiki/Nguyễn_Tán,2026-07-10T18:59:09.150129+00:00
2001558,Nguyễn Hữu Cơ,https://vi.wikipedia.org/wiki/Nguyễn_Hữu_Cơ,2026-07-10T18:59:09.150129+00:00
2001559,Nguyễn Cửu Trường,https://vi.wikipedia.org/wiki/Nguyễn_Cửu_Trường,2026-07-10T18:59:09.150129+00:00
2001560,Hoàng Đình Tá,https://vi.wikipedia.org/wiki/Hoàng_Đình_Tá,2026-07-10T18:59:09.150129+00:00
2001561,Nguyễn Khắc Cần (Hoàng giáp),https://vi.wikipedia.org/wiki/Nguyễn_Khắc_Cần_(Hoàng_giáp),2026-07-10T18:59:09.150129+00:00
2001562,Bùi Thức Kiên,https://vi.wikipedia.org/wiki/Bùi_Thức_Kiên,2026-07-10T18:59:09.150129+00:00
2001563,Đỗ Duy Đệ,https://vi.wikipedia.org/wiki/Đỗ_Duy_Đệ,2026-07-10T18:59:09.150129+00:00
2001564,Lê Đình Diên,https://vi.wikipedia.org/wiki/Lê_Đình_Diên,2026-07-10T18:59:09.150129+00:00
2001565,Phạm Thanh,https://vi.wikipedia.org/wiki/Phạm_Thanh,2026-07-10T18:59:09.150129+00:00
2001566,Nguyễn Văn Giao,https://vi.wikipedia.org/wiki/Nguyễn_Văn_Giao,2026-07-10T18:59:09.150129+00:00
2001567,Mai Thế Quý,https://vi.wikipedia.org/wiki/Mai_Thế_Quý,2026-07-10T18:59:09.150129+00:00
2001568,Vũ Nhự,https://vi.wikipedia.org/wiki/Vũ_Nhự,2026-07-10T18:59:09.150129+00:00
2001569,Phan Trọng Mưu,https://vi.wikipedia.org/wiki/Phan_Trọng_Mưu,2026-07-10T18:59:09.150129+00:00
2001570,Vũ Tuấn,https://vi.wikipedia.org/wiki/Vũ_Tuấn,2026-07-10T18:59:09.150129+00:00
2001571,Phan Huy Nhuận,https://vi.wikipedia.org/wiki/Phan_Huy_Nhuận,2026-07-10T18:59:09.150129+00:00
2001572,Nguyễn Đình Dương,https://vi.wikipedia.org/wiki/Nguyễn_Đình_Dương,2026-07-10T18:59:09.150129+00:00
2001573,Khiếu Năng Tĩnh,https://vi.wikipedia.org/wiki/Khiếu_Năng_Tĩnh,2026-07-10T18:59:09.150129+00:00
2001574,Nguyễn Đức Quý,https://vi.wikipedia.org/wiki/Nguyễn_Đức_Quý,2026-07-10T18:59:09.150129+00:00
2001575,Hoàng Bính,https://vi.wikipedia.org/wiki/Hoàng_Bính,2026-07-10T18:59:09.150129+00:00
2001576,Nguyễn Duy Phiên,https://vi.wikipedia.org/wiki/Nguyễn_Duy_Phiên,2026-07-10T18:59:09.150129+00:00
2001577,Đinh Văn Chấp,https://vi.wikipedia.org/wiki/Đinh_Văn_Chấp,2026-07-10T18:59:09.150129+00:00
2001578,Phan Huy Tùng,https://vi.wikipedia.org/wiki/Phan_Huy_Tùng,2026-07-10T18:59:09.150129+00:00
2001579,Trịnh Thuần,https://vi.wikipedia.org/wiki/Trịnh_Thuần,2026-07-10T18:59:09.150129+00:00
2001580,Lê Văn Kỷ,https://vi.wikipedia.org/wiki/Lê_Văn_Kỷ,2026-07-10T18:59:09.150129+00:00
2001581,Trần Dĩnh Sĩ,https://vi.wikipedia.org/wiki/Trần_Dĩnh_Sĩ,2026-07-10T18:59:09.150129+00:00
2001582,Võ Văn Đức,https://vi.wikipedia.org/wiki/Võ_Văn_Đức,2026-07-10T18:59:09.150129+00:00
2001583,Nguyễn Văn Vận,https://vi.wikipedia.org/wiki/Nguyễn_Văn_Vận,2026-07-10T18:59:09.150129+00:00
2001584,Đỗ Huy Uyển,https://vi.wikipedia.org/wiki/Đỗ_Huy_Uyển,2026-07-10T18:59:09.150129+00:00
2001585,Vi Văn Định,https://vi.wikipedia.org/wiki/Vi_Văn_Định,2026-07-10T18:59:09.150129+00:00
2001586,Bùi Tuấn (nhà Nguyễn),https://vi.wikipedia.org/wiki/Bùi_Tuấn_(nhà_Nguyễn),2026-07-10T18:59:09.150129+00:00
2001587,Tôn Thất Liệt,https://vi.wikipedia.org/wiki/Tôn_Thất_Liệt,2026-07-10T18:59:09.150129+00:00
2001588,Nghiêm Xuân Quảng,https://vi.wikipedia.org/wiki/Nghiêm_Xuân_Quảng,2026-07-10T18:59:09.150129+00:00
2001589,Phan Sĩ Thục,https://vi.wikipedia.org/wiki/Phan_Sĩ_Thục,2026-07-10T18:59:09.150129+00:00
2001590,Đoàn Khắc Nhượng,https://vi.wikipedia.org/wiki/Đoàn_Khắc_Nhượng,2026-07-10T18:59:09.150129+00:00
2001591,Đỗ Đăng Đệ,https://vi.wikipedia.org/wiki/Đỗ_Đăng_Đệ,2026-07-10T18:59:09.150129+00:00
2001592,Phan Đình Bình,https://vi.wikipedia.org/wiki/Phan_Đình_Bình,2026-07-10T18:59:09.150129+00:00
2001593,Vương Hữu Quang,https://vi.wikipedia.org/wiki/Vương_Hữu_Quang,2026-07-10T18:59:09.150129+00:00
2001594,Võ Chuẩn,https://vi.wikipedia.org/wiki/Võ_Chuẩn,2026-07-10T18:59:09.150129+00:00
2001595,Trần Đình Liêm,https://vi.wikipedia.org/wiki/Trần_Đình_Liêm,2026-07-10T18:59:09.150129+00:00
2001596,Vũ Giác,https://vi.wikipedia.org/wiki/Vũ_Giác,2026-07-10T18:59:09.150129+00:00
2001597,Thân Văn Nhiếp,https://vi.wikipedia.org/wiki/Thân_Văn_Nhiếp,2026-07-10T18:59:09.150129+00:00
2001598,Nguyễn Hữu Trí (đảng Đại Việt),https://vi.wikipedia.org/wiki/Nguyễn_Hữu_Trí_(đảng_Đại_Việt),2026-07-10T18:59:09.150129+00:00
2001599,Bạch Xuân Nguyên,https://vi.wikipedia.org/wiki/Bạch_Xuân_Nguyên,2026-07-10T18:59:09.150129+00:00
2001600,Bạch Đông Ôn,https://vi.wikipedia.org/wiki/Bạch_Đông_Ôn,2026-07-10T18:59:09.150129+00:00
2001601,Thái Văn Toản,https://vi.wikipedia.org/wiki/Thái_Văn_Toản,2026-07-10T18:59:09.150129+00:00
2001602,Trương Như Cương,https://vi.wikipedia.org/wiki/Trương_Như_Cương,2026-07-10T18:59:09.150129+00:00
2001603,Phạm Đăng Thuật,https://vi.wikipedia.org/wiki/Phạm_Đăng_Thuật,2026-07-10T18:59:09.150129+00:00
2001604,Nguyễn Đăng Sở,https://vi.wikipedia.org/wiki/Nguyễn_Đăng_Sở,2026-07-10T18:59:09.150129+00:00
2001605,Nguyễn Phúc Hồng Thiết,https://vi.wikipedia.org/wiki/Nguyễn_Phúc_Hồng_Thiết,2026-07-10T18:59:09.150129+00:00
2001606,Nguyễn Phúc Ưng Úy,https://vi.wikipedia.org/wiki/Nguyễn_Phúc_Ưng_Úy,2026-07-10T18:59:09.150129+00:00
2001607,Lê Sĩ,https://vi.wikipedia.org/wiki/Lê_Sĩ,2026-07-10T18:59:09.150129+00:00
2001608,Lê Trung Ngọc,https://vi.wikipedia.org/wiki/Lê_Trung_Ngọc,2026-07-10T18:59:09.150129+00:00
2001609,Tôn Thất Hân,https://vi.wikipedia.org/wiki/Tôn_Thất_Hân,2026-07-10T18:59:09.150129+00:00
2001610,Tôn Thất Đàn,https://vi.wikipedia.org/wiki/Tôn_Thất_Đàn,2026-07-10T18:59:09.150129+00:00
2001611,Đặng Hữu Dương,https://vi.wikipedia.org/wiki/Đặng_Hữu_Dương,2026-07-10T18:59:09.150129+00:00
2001612,Võ Văn Giải,https://vi.wikipedia.org/wiki/Võ_Văn_Giải,2026-07-10T18:59:09.150129+00:00
2001613,Đỗ Trọng Vỹ,https://vi.wikipedia.org/wiki/Đỗ_Trọng_Vỹ,2026-07-10T18:59:09.150129+00:00
2001614,Mai Lượng,https://vi.wikipedia.org/wiki/Mai_Lượng,2026-07-10T18:59:09.150129+00:00
2001615,Đinh Văn Phác,https://vi.wikipedia.org/wiki/Đinh_Văn_Phác,2026-07-10T18:59:09.150129+00:00
2001616,Đinh Hồng Phiên,https://vi.wikipedia.org/wiki/Đinh_Hồng_Phiên,2026-07-10T18:59:09.150129+00:00
2001617,Tôn Thất Đính (võ tướng),https://vi.wikipedia.org/wiki/Tôn_Thất_Đính_(võ_tướng),2026-07-10T18:59:09.150129+00:00
2001618,Nguyễn Năng Tĩnh,https://vi.wikipedia.org/wiki/Nguyễn_Năng_Tĩnh,2026-07-10T18:59:09.150129+00:00
2001619,Hà Duy Phiên,https://vi.wikipedia.org/wiki/Hà_Duy_Phiên,2026-07-10T18:59:09.150129+00:00
2001620,Trương Đình Hội,https://vi.wikipedia.org/wiki/Trương_Đình_Hội,2026-07-10T18:59:09.150129+00:00
2001621,Nguyễn Tạo (nhà Nguyễn),https://vi.wikipedia.org/wiki/Nguyễn_Tạo_(nhà_Nguyễn),2026-07-10T18:59:09.150129+00:00
2001622,Đoàn Đình Duyệt,https://vi.wikipedia.org/wiki/Đoàn_Đình_Duyệt,2026-07-10T18:59:09.150129+00:00
2001623,Nguyễn Hoàng (tướng nhà Nguyễn),https://vi.wikipedia.org/wiki/Nguyễn_Hoàng_(tướng_nhà_Nguyễn),2026-07-10T18:59:09.150129+00:00
2001624,Lương Trọng Hối,https://vi.wikipedia.org/wiki/Lương_Trọng_Hối,2026-07-10T18:59:09.150129+00:00
2001625,Hoàng Quýnh,https://vi.wikipedia.org/wiki/Hoàng_Quýnh,2026-07-10T18:59:09.150129+00:00
2001626,Lê Thế Tiết,https://vi.wikipedia.org/wiki/Lê_Thế_Tiết,2026-07-10T18:59:09.150129+00:00
2001627,Phan Tấn Cẩn,https://vi.wikipedia.org/wiki/Phan_Tấn_Cẩn,2026-07-10T18:59:09.150129+00:00
2001628,Đặng Trần Vỹ,https://vi.wikipedia.org/wiki/Đặng_Trần_Vỹ,2026-07-10T18:59:09.150129+00:00
2001629,Nguyễn Phúc Bửu Trưng,https://vi.wikipedia.org/wiki/Nguyễn_Phúc_Bửu_Trưng,2026-07-10T18:59:09.150129+00:00
2001630,Nguyễn Phúc Ưng Huy,https://vi.wikipedia.org/wiki/Nguyễn_Phúc_Ưng_Huy,2026-07-10T18:59:09.150129+00:00
2001631,Hà Văn Đại,https://vi.wikipedia.org/wiki/Hà_Văn_Đại,2026-07-10T18:59:09.150129+00:00
2001632,Đinh Nhật Tân,https://vi.wikipedia.org/wiki/Đinh_Nhật_Tân,2026-07-10T18:59:09.150129+00:00
2001633,Tôn Thất Hối,https://vi.wikipedia.org/wiki/Tôn_Thất_Hối,2026-07-10T18:59:09.150129+00:00
2001634,Hà Thúc Du,https://vi.wikipedia.org/wiki/Hà_Thúc_Du,2026-07-10T18:59:09.150129+00:00
2001635,Phạm Hữu Nghi,https://vi.wikipedia.org/wiki/Phạm_Hữu_Nghi,2026-07-10T18:59:09.150129+00:00
2001636,Lê Quang Thiết,https://vi.wikipedia.org/wiki/Lê_Quang_Thiết,2026-07-10T18:59:09.150129+00:00
2001637,Dương Thiệu Chi,https://vi.wikipedia.org/wiki/Dương_Thiệu_Chi,2026-07-10T18:59:09.150129+00:00
2001638,Đặng Trinh Kỳ,https://vi.wikipedia.org/wiki/Đặng_Trinh_Kỳ,2026-07-10T18:59:09.150129+00:00
2001639,Dương Thiệu Tường,https://vi.wikipedia.org/wiki/Dương_Thiệu_Tường,2026-07-10T18:59:09.150129+00:00
2001640,Dương Tự Phan,https://vi.wikipedia.org/wiki/Dương_Tự_Phan,2026-07-10T18:59:09.150129+00:00
2001641,Dương Tự Nhu,https://vi.wikipedia.org/wiki/Dương_Tự_Nhu,2026-07-10T18:59:09.150129+00:00
2001642,Bùi Bằng Thuận,https://vi.wikipedia.org/wiki/Bùi_Bằng_Thuận,2026-07-10T18:59:09.150129+00:00
2001643,Bùi Bằng Phấn,https://vi.wikipedia.org/wiki/Bùi_Bằng_Phấn,2026-07-10T18:59:09.150129+00:00
2001644,Hoàng Gia Mô,https://vi.wikipedia.org/wiki/Hoàng_Gia_Mô,2026-07-10T18:59:09.150129+00:00
2001645,Hoàng Gia Đức,https://vi.wikipedia.org/wiki/Hoàng_Gia_Đức,2026-07-10T18:59:09.150129+00:00
2001646,Hồ Đắc Tuấn,https://vi.wikipedia.org/wiki/Hồ_Đắc_Tuấn,2026-07-10T18:59:09.150129+00:00
2001647,Hồ Đắc Đệ,https://vi.wikipedia.org/wiki/Hồ_Đắc_Đệ,2026-07-10T18:59:09.150129+00:00
2001648,Nguyễn Duy Nhạc,https://vi.wikipedia.org/wiki/Nguyễn_Duy_Nhạc,2026-07-10T18:59:09.150129+00:00
2001649,Nguyễn Duy Hàn,https://vi.wikipedia.org/wiki/Nguyễn_Duy_Hàn,2026-07-10T18:59:09.150129+00:00
2001650,Nguyễn Ngọc Quỳnh (nhà Nguyễn),https://vi.wikipedia.org/wiki/Nguyễn_Ngọc_Quỳnh_(nhà_Nguyễn),2026-07-10T18:59:09.150129+00:00
2001651,Tôn Thất Niêm,https://vi.wikipedia.org/wiki/Tôn_Thất_Niêm,2026-07-10T18:59:09.150129+00:00
2001652,Tôn Thất Tư,https://vi.wikipedia.org/wiki/Tôn_Thất_Tư,2026-07-10T18:59:09.150129+00:00
2001653,Tôn Thất Đề,https://vi.wikipedia.org/wiki/Tôn_Thất_Đề,2026-07-10T18:59:09.150129+00:00
2001654,Tôn Thất Chương,https://vi.wikipedia.org/wiki/Tôn_Thất_Chương,2026-07-10T18:59:09.150129+00:00
2001655,Tôn Thất Bính,https://vi.wikipedia.org/wiki/Tôn_Thất_Bính,2026-07-10T18:59:09.150129+00:00
2001656,Tôn Thất Cổn,https://vi.wikipedia.org/wiki/Tôn_Thất_Cổn,2026-07-10T18:59:09.150129+00:00
2001657,Nguyễn Phúc Ưng Dinh,https://vi.wikipedia.org/wiki/Nguyễn_Phúc_Ưng_Dinh,2026-07-10T18:59:09.150129+00:00
2001658,Nguyễn Phúc Ưng Ân,https://vi.wikipedia.org/wiki/Nguyễn_Phúc_Ưng_Ân,2026-07-10T18:59:09.150129+00:00
2001659,Nguyễn Phúc Ưng Quyến,https://vi.wikipedia.org/wiki/Nguyễn_Phúc_Ưng_Quyến,2026-07-10T18:59:09.150129+00:00
2001660,Nguyễn Phúc Ưng Tôn,https://vi.wikipedia.org/wiki/Nguyễn_Phúc_Ưng_Tôn,2026-07-10T18:59:09.150129+00:00
2001661,Nguyễn Phúc Ưng Thông,https://vi.wikipedia.org/wiki/Nguyễn_Phúc_Ưng_Thông,2026-07-10T18:59:09.150129+00:00
2001662,Nguyễn Phúc Ưng Dự,https://vi.wikipedia.org/wiki/Nguyễn_Phúc_Ưng_Dự,2026-07-10T18:59:09.150129+00:00
2001663,Nguyễn Phúc Hồng Phì,https://vi.wikipedia.org/wiki/Nguyễn_Phúc_Hồng_Phì,2026-07-10T18:59:09.150129+00:00
2001664,Nguyễn Phúc Ưng Bàng (1881–1959),https://vi.wikipedia.org/wiki/Nguyễn_Phúc_Ưng_Bàng_(1881–1959),2026-07-10T18:59:09.150129+00:00
2001665,Nguyễn Phúc Ưng Bàng (1881–1951),https://vi.wikipedia.org/wiki/Nguyễn_Phúc_Ưng_Bàng_(1881–1951),2026-07-10T18:59:09.150129+00:00
2001666,Nguyễn Phúc Ưng Đồng,https://vi.wikipedia.org/wiki/Nguyễn_Phúc_Ưng_Đồng,2026-07-10T18:59:09.150129+00:00
2001667,Nguyễn Phúc Hường Thỏa,https://vi.wikipedia.org/wiki/Nguyễn_Phúc_Hường_Thỏa,2026-07-10T18:59:09.150129+00:00
2001668,Nguyễn Mạnh Hướng,https://vi.wikipedia.org/wiki/Nguyễn_Mạnh_Hướng,2026-07-10T18:59:09.150129+00:00
2001669,Bùi Thiện Căn,https://vi.wikipedia.org/wiki/Bùi_Thiện_Căn,2026-07-10T18:59:09.150129+00:00
2001670,Bùi Thiện Cơ,https://vi.wikipedia.org/wiki/Bùi_Thiện_Cơ,2026-07-10T18:59:09.150129+00:00
2001671,Tôn Thất Tế,https://vi.wikipedia.org/wiki/Tôn_Thất_Tế,2026-07-10T18:59:09.150129+00:00
2001672,Phan Đình Hoè,https://vi.wikipedia.org/wiki/Phan_Đình_Hoè,2026-07-10T18:59:09.150129+00:00
2001673,Tôn Thất Quảng,https://vi.wikipedia.org/wiki/Tôn_Thất_Quảng,2026-07-10T18:59:09.150129+00:00
2001674,Dương Quý Biên,https://vi.wikipedia.org/wiki/Dương_Quý_Biên,2026-07-10T18:59:09.150129+00:00
2001675,Tôn Thất Chử,https://vi.wikipedia.org/wiki/Tôn_Thất_Chử,2026-07-10T18:59:09.150129+00:00
2001676,Tôn Thất Toại,https://vi.wikipedia.org/wiki/Tôn_Thất_Toại,2026-07-10T18:59:09.150129+00:00
2001677,Nguyễn Khắc Vỹ,https://vi.wikipedia.org/wiki/Nguyễn_Khắc_Vỹ,2026-07-10T18:59:09.150129+00:00
2001678,Nguyễn Khắc Trạch,https://vi.wikipedia.org/wiki/Nguyễn_Khắc_Trạch,2026-07-10T18:59:09.150129+00:00
2001679,Nguyễn Khắc Phổ,https://vi.wikipedia.org/wiki/Nguyễn_Khắc_Phổ,2026-07-10T18:59:09.150129+00:00
2001680,Nghiêm Hoàn Luyến,https://vi.wikipedia.org/wiki/Nghiêm_Hoàn_Luyến,2026-07-10T18:59:09.150129+00:00
2001681,Nghiêm Châu Tuệ,https://vi.wikipedia.org/wiki/Nghiêm_Châu_Tuệ,2026-07-10T18:59:09.150129+00:00
2001682,Nghiêm Quán Thông,https://vi.wikipedia.org/wiki/Nghiêm_Quán_Thông,2026-07-10T18:59:09.150129+00:00
2001683,Nghiêm Niệm,https://vi.wikipedia.org/wiki/Nghiêm_Niệm,2026-07-10T18:59:09.150129+00:00
2001684,Đặng Văn Oánh,https://vi.wikipedia.org/wiki/Đặng_Văn_Oánh,2026-07-10T18:59:09.150129+00:00
2001685,Nguyễn Duy Nhiếp,https://vi.wikipedia.org/wiki/Nguyễn_Duy_Nhiếp,2026-07-10T18:59:09.150129+00:00
2001686,Lê Xuân Mai,https://vi.wikipedia.org/wiki/Lê_Xuân_Mai,2026-07-10T18:59:09.150129+00:00
2001687,Võ Sĩ,https://vi.wikipedia.org/wiki/Võ_Sĩ,2026-07-10T18:59:09.150129+00:00
2001688,Bùi Văn Quế,https://vi.wikipedia.org/wiki/Bùi_Văn_Quế,2026-07-10T18:59:09.150129+00:00
2001689,Bùi Thức,https://vi.wikipedia.org/wiki/Bùi_Thức,2026-07-10T18:59:09.150129+00:00
2001690,Bùi Hướng Thành,https://vi.wikipedia.org/wiki/Bùi_Hướng_Thành,2026-07-10T18:59:09.150129+00:00
2001691,Nguyễn Thanh Oai,https://vi.wikipedia.org/wiki/Nguyễn_Thanh_Oai,2026-07-10T18:59:09.150129+00:00
2001692,Hồ Sĩ Tuần,https://vi.wikipedia.org/wiki/Hồ_Sĩ_Tuần,2026-07-10T18:59:09.150129+00:00
2001693,Đoàn Văn Hội,https://vi.wikipedia.org/wiki/Đoàn_Văn_Hội,2026-07-10T18:59:09.150129+00:00
2001694,Đặng Kim Toán,https://vi.wikipedia.org/wiki/Đặng_Kim_Toán,2026-07-10T18:59:09.150129+00:00
2001695,Từ Thiệp,https://vi.wikipedia.org/wiki/Từ_Thiệp,2026-07-10T18:59:09.150129+00:00
2001696,Tạ Tương,https://vi.wikipedia.org/wiki/Tạ_Tương,2026-07-10T18:59:09.150129+00:00
2001697,Nguyễn Hữu Toản,https://vi.wikipedia.org/wiki/Nguyễn_Hữu_Toản,2026-07-10T18:59:09.150129+00:00
2001698,Thân Trọng Ngật,https://vi.wikipedia.org/wiki/Thân_Trọng_Ngật,2026-07-10T18:59:09.150129+00:00
2001699,Tôn Thất Phiên,https://vi.wikipedia.org/wiki/Tôn_Thất_Phiên,2026-07-10T18:59:09.150129+00:00
2001700,Khiếu Tam Lữ,https://vi.wikipedia.org/wiki/Khiếu_Tam_Lữ,2026-07-10T18:59:09.150129+00:00
2001701,Hoàng Huân Trung,https://vi.wikipedia.org/wiki/Hoàng_Huân_Trung,2026-07-10T18:59:09.150129+00:00
2001702,Đặng Thành Đôn,https://vi.wikipedia.org/wiki/Đặng_Thành_Đôn,2026-07-10T18:59:09.150129+00:00
2001703,Đặng Đức Cường,https://vi.wikipedia.org/wiki/Đặng_Đức_Cường,2026-07-10T18:59:09.150129+00:00
2001704,Phạm Văn Toán,https://vi.wikipedia.org/wiki/Phạm_Văn_Toán,2026-07-10T18:59:09.150129+00:00
2001705,Lê Nhiếp,https://vi.wikipedia.org/wiki/Lê_Nhiếp,2026-07-10T18:59:09.150129+00:00
2001706,Lương Văn Phúc,https://vi.wikipedia.org/wiki/Lương_Văn_Phúc,2026-07-10T18:59:09.150129+00:00
2001707,Hà Xuân Hải,https://vi.wikipedia.org/wiki/Hà_Xuân_Hải,2026-07-10T18:59:09.150129+00:00
2001708,Phan Văn Đại,https://vi.wikipedia.org/wiki/Phan_Văn_Đại,2026-07-10T18:59:09.150129+00:00
2001709,Nguyễn Năng Quốc,https://vi.wikipedia.org/wiki/Nguyễn_Năng_Quốc,2026-07-10T18:59:09.150129+00:00
2001710,Lang Vi Năng,https://vi.wikipedia.org/wiki/Lang_Vi_Năng,2026-07-10T18:59:09.150129+00:00
2001711,Lang Vi Bằng,https://vi.wikipedia.org/wiki/Lang_Vi_Bằng,2026-07-10T18:59:09.150129+00:00
2001712,Lê Đỉnh,https://vi.wikipedia.org/wiki/Lê_Đỉnh,2026-07-10T18:59:09.150129+00:00
2001713,Hoàng Quảng Phu,https://vi.wikipedia.org/wiki/Hoàng_Quảng_Phu,2026-07-10T18:59:09.150129+00:00
2001714,Thân Trọng Khoái,https://vi.wikipedia.org/wiki/Thân_Trọng_Khoái,2026-07-10T18:59:09.150129+00:00
2001715,Cung Đình Vận,https://vi.wikipedia.org/wiki/Cung_Đình_Vận,2026-07-10T18:59:09.150129+00:00
2001716,Cung Khắc Đản,https://vi.wikipedia.org/wiki/Cung_Khắc_Đản,2026-07-10T18:59:09.150129+00:00
2001717,Linh Quang Vọng,https://vi.wikipedia.org/wiki/Linh_Quang_Vọng,2026-07-10T18:59:09.150129+00:00
2001718,Trương Xuân Mai,https://vi.wikipedia.org/wiki/Trương_Xuân_Mai,2026-07-10T18:59:09.150129+00:00
2001719,Đào Phan Duân,https://vi.wikipedia.org/wiki/Đào_Phan_Duân,2026-07-10T18:59:09.150129+00:00
2001720,Phạm Tuấn,https://vi.wikipedia.org/wiki/Phạm_Tuấn,2026-07-10T18:59:09.150129+00:00
2001721,Trần Quang Riệu,https://vi.wikipedia.org/wiki/Trần_Quang_Riệu,2026-07-10T18:59:09.150129+00:00
2001722,Nguyễn Đăng Tam,https://vi.wikipedia.org/wiki/Nguyễn_Đăng_Tam,2026-07-10T18:59:09.150129+00:00
2001723,Phạm Gia Thụy,https://vi.wikipedia.org/wiki/Phạm_Gia_Thụy,2026-07-10T18:59:09.150129+00:00
2001724,Nguyễn Khoa Tân,https://vi.wikipedia.org/wiki/Nguyễn_Khoa_Tân,2026-07-10T18:59:09.150129+00:00
2001725,Nguyễn Khoa Kỳ,https://vi.wikipedia.org/wiki/Nguyễn_Khoa_Kỳ,2026-07-10T18:59:09.150129+00:00
2001726,Ngô Trọng Tố,https://vi.wikipedia.org/wiki/Ngô_Trọng_Tố,2026-07-10T18:59:09.150129+00:00
2001727,Minh Mạng,https://vi.wikipedia.org/wiki/Minh_Mạng,2026-07-10T18:59:09.150129+00:00
2001728,Gia Long,https://vi.wikipedia.org/wiki/Gia_Long,2026-07-10T18:59:09.150129+00:00
2001729,Bảo Đại,https://vi.wikipedia.org/wiki/Bảo_Đại,2026-07-10T18:59:09.150129+00:00
2001730,Tự Đức,https://vi.wikipedia.org/wiki/Tự_Đức,2026-07-10T18:59:09.150129+00:00
2001731,Thành Thái,https://vi.wikipedia.org/wiki/Thành_Thái,2026-07-10T18:59:09.150129+00:00
2001732,Thiệu Trị,https://vi.wikipedia.org/wiki/Thiệu_Trị,2026-07-10T18:59:09.150129+00:00
2001733,Dục Đức,https://vi.wikipedia.org/wiki/Dục_Đức,2026-07-10T18:59:09.150129+00:00
2001734,Kiến Phúc,https://vi.wikipedia.org/wiki/Kiến_Phúc,2026-07-10T18:59:09.150129+00:00
2001735,Đồng Khánh,https://vi.wikipedia.org/wiki/Đồng_Khánh,2026-07-10T18:59:09.150129+00:00
2001736,Hàm Nghi,https://vi.wikipedia.org/wiki/Hàm_Nghi,2026-07-10T18:59:09.150129+00:00
2001737,Duy Tân,https://vi.wikipedia.org/wiki/Duy_Tân,2026-07-10T18:59:09.150129+00:00
2001738,Khải Định,https://vi.wikipedia.org/wiki/Khải_Định,2026-07-10T18:59:09.150129+00:00
2001739,Hiệp Hòa,https://vi.wikipedia.org/wiki/Hiệp_Hòa,2026-07-10T18:59:09.150129+00:00
2001740,Nguyễn Hoàng,https://vi.wikipedia.org/wiki/Nguyễn_Hoàng,2026-07-10T18:59:09.150129+00:00
2001741,Chúa Nguyễn,https://vi.wikipedia.org/wiki/Chúa_Nguyễn,2026-07-10T18:59:09.150129+00:00
2001742,Nguyễn Phúc Nguyên,https://vi.wikipedia.org/wiki/Nguyễn_Phúc_Nguyên,2026-07-10T18:59:09.150129+00:00
2001743,Nguyễn Kim,https://vi.wikipedia.org/wiki/Nguyễn_Kim,2026-07-10T18:59:09.150129+00:00
2001744,Nguyễn Phúc Khoát,https://vi.wikipedia.org/wiki/Nguyễn_Phúc_Khoát,2026-07-10T18:59:09.150129+00:00
2001745,Nguyễn Phúc Lan,https://vi.wikipedia.org/wiki/Nguyễn_Phúc_Lan,2026-07-10T18:59:09.150129+00:00
2001746,Nguyễn Phúc Tần,https://vi.wikipedia.org/wiki/Nguyễn_Phúc_Tần,2026-07-10T18:59:09.150129+00:00
2001747,Nguyễn Phúc Thái,https://vi.wikipedia.org/wiki/Nguyễn_Phúc_Thái,2026-07-10T18:59:09.150129+00:00
2001748,Nguyễn Phúc Chu,https://vi.wikipedia.org/wiki/Nguyễn_Phúc_Chu,2026-07-10T18:59:09.150129+00:00
2001749,Nguyễn Phúc Chú,https://vi.wikipedia.org/wiki/Nguyễn_Phúc_Chú,2026-07-10T18:59:09.150129+00:00
2001750,Nguyễn Phúc Thuần,https://vi.wikipedia.org/wiki/Nguyễn_Phúc_Thuần,2026-07-10T18:59:09.150129+00:00
2001751,Nguyễn Phúc Luân,https://vi.wikipedia.org/wiki/Nguyễn_Phúc_Luân,2026-07-10T18:59:09.150129+00:00
2001752,Chiến tranh Tây Sơn – Chúa Nguyễn (1787–1802),https://vi.wikipedia.org/wiki/Chiến_tranh_Tây_Sơn_–_Chúa_Nguyễn_(1787–1802),2026-07-10T18:59:09.150129+00:00
2001753,Chiến tranh Tây Sơn – Chúa Nguyễn (1771–1785),https://vi.wikipedia.org/wiki/Chiến_tranh_Tây_Sơn_–_Chúa_Nguyễn_(1771–1785),2026-07-10T18:59:09.150129+00:00
2001754,Nguyễn Phúc Dương,https://vi.wikipedia.org/wiki/Nguyễn_Phúc_Dương,2026-07-10T18:59:09.150129+00:00
2001755,Cuộc bao vây thành Quy Nhơn,https://vi.wikipedia.org/wiki/Cuộc_bao_vây_thành_Quy_Nhơn,2026-07-10T18:59:09.150129+00:00
2001756,Xung đột Công ty Đông Ấn Hà Lan với Đàng Trong,https://vi.wikipedia.org/wiki/Xung_đột_Công_ty_Đông_Ấn_Hà_Lan_với_Đàng_Trong,2026-07-10T18:59:09.150129+00:00
2001757,Trận cảng Eo 1643,https://vi.wikipedia.org/wiki/Trận_cảng_Eo_1643,2026-07-10T18:59:09.150129+00:00
2001758,Chiến tranh Việt – Xiêm (1718),https://vi.wikipedia.org/wiki/Chiến_tranh_Việt_–_Xiêm_(1718),2026-07-10T18:59:09.150129+00:00
2001759,Chiến tranh Pháp – Thanh,https://vi.wikipedia.org/wiki/Chiến_tranh_Pháp_–_Thanh,2026-07-10T18:59:09.150129+00:00
2001760,Đại đồn Chí Hòa,https://vi.wikipedia.org/wiki/Đại_đồn_Chí_Hòa,2026-07-10T18:59:09.150129+00:00
2001761,Trận Đà Nẵng (1859–1860),https://vi.wikipedia.org/wiki/Trận_Đà_Nẵng_(1859–1860),2026-07-10T18:59:09.150129+00:00
2001762,Hoàng Sa thời nhà Nguyễn,https://vi.wikipedia.org/wiki/Hoàng_Sa_thời_nhà_Nguyễn,2026-07-10T18:59:09.150129+00:00
2001763,Chỉ dụ chống Pháp năm 1860 của hoàng đế Tự Đức,https://vi.wikipedia.org/wiki/Chỉ_dụ_chống_Pháp_năm_1860_của_hoàng_đế_Tự_Đức,2026-07-10T18:59:09.150129+00:00
2001764,Biến cố Bắc Kỳ (1873),https://vi.wikipedia.org/wiki/Biến_cố_Bắc_Kỳ_(1873),2026-07-10T18:59:09.150129+00:00
2001765,Nông nghiệp Việt Nam thời Nguyễn,https://vi.wikipedia.org/wiki/Nông_nghiệp_Việt_Nam_thời_Nguyễn,2026-07-10T18:59:09.150129+00:00
2001766,Chiến tranh Pháp – Đại Nam,https://vi.wikipedia.org/wiki/Chiến_tranh_Pháp_–_Đại_Nam,2026-07-10T18:59:09.150129+00:00
2001767,Thương mại Việt Nam thời Nguyễn,https://vi.wikipedia.org/wiki/Thương_mại_Việt_Nam_thời_Nguyễn,2026-07-10T18:59:09.150129+00:00
2001768,Danh sách Thống đốc Nam Kỳ,https://vi.wikipedia.org/wiki/Danh_sách_Thống_đốc_Nam_Kỳ,2026-07-10T18:59:09.150129+00:00
2001769,Chiến dịch Nam Kỳ,https://vi.wikipedia.org/wiki/Chiến_dịch_Nam_Kỳ,2026-07-10T18:59:09.150129+00:00
2001770,Tiền tệ Việt Nam thời Nguyễn,https://vi.wikipedia.org/wiki/Tiền_tệ_Việt_Nam_thời_Nguyễn,2026-07-10T18:59:09.150129+00:00
2001771,Áo Nhật bình,https://vi.wikipedia.org/wiki/Áo_Nhật_bình,2026-07-10T18:59:09.150129+00:00
2001772,Quỳnh Giao (ca sĩ),https://vi.wikipedia.org/wiki/Quỳnh_Giao_(ca_sĩ),2026-07-10T18:59:09.150129+00:00
2001773,Cường Để,https://vi.wikipedia.org/wiki/Cường_Để,2026-07-10T18:59:09.150129+00:00
2001774,Bửu Đình,https://vi.wikipedia.org/wiki/Bửu_Đình,2026-07-10T18:59:09.150129+00:00
2001775,Bảo Phúc,https://vi.wikipedia.org/wiki/Bảo_Phúc,2026-07-10T18:59:09.150129+00:00
2001776,Nguyễn Phước Ưng Bình,https://vi.wikipedia.org/wiki/Nguyễn_Phước_Ưng_Bình,2026-07-10T18:59:09.150129+00:00
2001777,Minh Kỳ,https://vi.wikipedia.org/wiki/Minh_Kỳ,2026-07-10T18:59:09.150129+00:00
2001778,Ưng Lang,https://vi.wikipedia.org/wiki/Ưng_Lang,2026-07-10T18:59:09.150129+00:00
2001779,Nguyễn Phúc Bửu Hội,https://vi.wikipedia.org/wiki/Nguyễn_Phúc_Bửu_Hội,2026-07-10T18:59:09.150129+00:00
2001780,Đạm Phương,https://vi.wikipedia.org/wiki/Đạm_Phương,2026-07-10T18:59:09.150129+00:00
2001781,Đế hệ thi,https://vi.wikipedia.org/wiki/Đế_hệ_thi,2026-07-10T18:59:09.150129+00:00
2001782,Kim Tuấn (nhà thơ),https://vi.wikipedia.org/wiki/Kim_Tuấn_(nhà_thơ),2026-07-10T18:59:09.150129+00:00
2001783,Tôn Thất Dương Kỵ,https://vi.wikipedia.org/wiki/Tôn_Thất_Dương_Kỵ,2026-07-10T18:59:09.150129+00:00
2001784,Bảo Chấn,https://vi.wikipedia.org/wiki/Bảo_Chấn,2026-07-10T18:59:09.150129+00:00
2001785,Nguyễn Phúc Bửu Lộc,https://vi.wikipedia.org/wiki/Nguyễn_Phúc_Bửu_Lộc,2026-07-10T18:59:09.150129+00:00
2001786,Nguyễn Phúc Vĩnh Lộc,https://vi.wikipedia.org/wiki/Nguyễn_Phúc_Vĩnh_Lộc,2026-07-10T18:59:09.150129+00:00
2001787,Nguyễn Phúc Hồng Khẳng,https://vi.wikipedia.org/wiki/Nguyễn_Phúc_Hồng_Khẳng,2026-07-10T18:59:09.150129+00:00
2001788,Vĩnh Sính,https://vi.wikipedia.org/wiki/Vĩnh_Sính,2026-07-10T18:59:09.150129+00:00
2001789,Nguyễn Phúc Mỹ Đường,https://vi.wikipedia.org/wiki/Nguyễn_Phúc_Mỹ_Đường,2026-07-10T18:59:09.150129+00:00
2001790,Hậu cung nhà Nguyễn,https://vi.wikipedia.org/wiki/Hậu_cung_nhà_Nguyễn,2026-07-10T18:59:09.150129+00:00
2001791,Hoàng tộc nhà Nguyễn,https://vi.wikipedia.org/wiki/Hoàng_tộc_nhà_Nguyễn,2026-07-10T18:59:09.150129+00:00
2001792,Nguyễn Phúc Bửu Thạch,https://vi.wikipedia.org/wiki/Nguyễn_Phúc_Bửu_Thạch,2026-07-10T18:59:09.150129+00:00
2001793,Nguyễn Phúc Bửu Trác,https://vi.wikipedia.org/wiki/Nguyễn_Phúc_Bửu_Trác,2026-07-10T18:59:09.150129+00:00
2001794,Nguyễn Phúc Vĩnh Cẩn,https://vi.wikipedia.org/wiki/Nguyễn_Phúc_Vĩnh_Cẩn,2026-07-10T18:59:09.150129+00:00
2001795,Nguyễn Phúc Anh,https://vi.wikipedia.org/wiki/Nguyễn_Phúc_Anh,2026-07-10T18:59:09.150129+00:00
2001796,Nguyễn Phúc Trung,https://vi.wikipedia.org/wiki/Nguyễn_Phúc_Trung,2026-07-10T18:59:09.150129+00:00
2001797,Bửu Đôn,https://vi.wikipedia.org/wiki/Bửu_Đôn,2026-07-10T18:59:09.150129+00:00
2001798,Nguyễn Phúc Vĩnh Thọ,https://vi.wikipedia.org/wiki/Nguyễn_Phúc_Vĩnh_Thọ,2026-07-10T18:59:09.150129+00:00
2001799,Nguyễn Phúc Ưng Trình,https://vi.wikipedia.org/wiki/Nguyễn_Phúc_Ưng_Trình,2026-07-10T18:59:09.150129+00:00
2001800,Nhã nhạc cung đình Huế,https://vi.wikipedia.org/wiki/Nhã_nhạc_cung_đình_Huế,2026-07-10T18:59:09.150129+00:00
2001801,Thần kinh nhị thập cảnh,https://vi.wikipedia.org/wiki/Thần_kinh_nhị_thập_cảnh,2026-07-10T18:59:09.150129+00:00
2001802,Mộc bản triều Nguyễn,https://vi.wikipedia.org/wiki/Mộc_bản_triều_Nguyễn,2026-07-10T18:59:09.150129+00:00
2001803,Châu bản triều Nguyễn,https://vi.wikipedia.org/wiki/Châu_bản_triều_Nguyễn,2026-07-10T18:59:09.150129+00:00
2001804,Hùng Vương từ khảo,https://vi.wikipedia.org/wiki/Hùng_Vương_từ_khảo,2026-07-10T18:59:09.150129+00:00
2001805,Lễ tế giao,https://vi.wikipedia.org/wiki/Lễ_tế_giao,2026-07-10T18:59:09.150129+00:00
2001806,Xác ướp Xóm Cải,https://vi.wikipedia.org/wiki/Xác_ướp_Xóm_Cải,2026-07-10T18:59:09.150129+00:00
2001807,Nam Kỳ lục tỉnh địa dư chí,https://vi.wikipedia.org/wiki/Nam_Kỳ_lục_tỉnh_địa_dư_chí,2026-07-10T18:59:09.150129+00:00
2001808,Trần Thủ Độ,https://vi.wikipedia.org/wiki/Trần_Thủ_Độ,2026-07-11T08:24:55.349711+00:00
2001809,Chu Văn An,https://vi.wikipedia.org/wiki/Chu_Văn_An,2026-07-11T08:24:55.349711+00:00
2001810,Lý Thần Tông,https://vi.wikipedia.org/wiki/Lý_Thần_Tông,2026-07-11T08:24:55.349711+00:00
2001811,Nguyễn Biểu,https://vi.wikipedia.org/wiki/Nguyễn_Biểu,2026-07-11T08:24:55.349711+00:00
2001812,Kinh Dương Vương,https://vi.wikipedia.org/wiki/Kinh_Dương_Vương,2026-07-11T08:24:55.349711+00:00
2001813,Lĩnh Nam chích quái,https://vi.wikipedia.org/wiki/Lĩnh_Nam_chích_quái,2026-07-11T08:24:55.349711+00:00
2001814,Nhật ký trong tù,https://vi.wikipedia.org/wiki/Nhật_ký_trong_tù,2026-07-11T08:24:55.349711+00:00
2001815,Chữ Nôm,https://vi.wikipedia.org/wiki/Chữ_Nôm,2026-07-11T08:24:55.349711+00:00
2001816,Quốc âm thi tập,https://vi.wikipedia.org/wiki/Quốc_âm_thi_tập,2026-07-11T08:24:55.349711+00:00
2001817,Ca trù,https://vi.wikipedia.org/wiki/Ca_trù,2026-07-11T08:24:55.349711+00:00
2001818,Tổng đốc,https://vi.wikipedia.org/wiki/Tổng_đốc,2026-07-11T08:24:55.349711+00:00
2001819,Tuần phủ,https://vi.wikipedia.org/wiki/Tuần_phủ,2026-07-11T08:24:55.349711+00:00
2001820,Đổi mới,https://vi.wikipedia.org/wiki/Đổi_mới,2026-07-11T08:24:55.349711+00:00
2001821,Trận Như Nguyệt,https://vi.wikipedia.org/wiki/Trận_Như_Nguyệt,2026-07-11T08:24:55.349711+00:00
2001822,Trận Hà Hồi,https://vi.wikipedia.org/wiki/Trận_Hà_Hồi,2026-07-11T08:24:55.349711+00:00
2001823,Khởi nghĩa Lam Sơn,https://vi.wikipedia.org/wiki/Khởi_nghĩa_Lam_Sơn,2026-07-11T08:24:55.349711+00:00
2001824,Hiệp định Paris 1973,https://vi.wikipedia.org/wiki/Hiệp_định_Paris_1973,2026-07-11T08:24:55.349711+00:00
2001825,Ấp chiến lược,https://vi.wikipedia.org/wiki/Ấp_chiến_lược,2026-07-11T08:24:55.349711+00:00
2001826,Cách mạng tháng Tám,https://vi.wikipedia.org/wiki/Cách_mạng_tháng_Tám,2026-07-11T08:24:55.349711+00:00
