run_id,transport,mode,token_index,recv_ms,conn_setup_ms,bytes
0,sse,healthy,0,219.963,16.623,16
0,sse,healthy,1,244.119,16.623,19
0,sse,healthy,2,266.771,16.623,17
0,sse,healthy,3,289.401,16.623,19
0,sse,healthy,4,312.081,16.623,19
0,sse,healthy,5,336.301,16.623,16
0,sse,healthy,6,359.447,16.623,17
0,sse,healthy,7,382.953,16.623,18
0,sse,healthy,8,406.187,16.623,15
0,sse,healthy,9,429.651,16.623,14
0,sse,healthy,10,453.473,16.623,14
0,sse,healthy,11,476.742,16.623,19
0,sse,healthy,12,499.942,16.623,14
0,sse,healthy,13,523.145,16.623,17
0,sse,healthy,14,546.557,16.623,18
0,sse,healthy,15,569.821,16.623,13
0,sse,healthy,16,593.067,16.623,16
0,sse,healthy,17,616.610,16.623,19
0,sse,healthy,18,639.424,16.623,13
0,sse,healthy,19,662.229,16.623,16
0,sse,healthy,20,685.171,16.623,18
0,sse,healthy,21,708.724,16.623,18
0,sse,healthy,22,731.504,16.623,18
0,sse,healthy,23,754.778,16.623,19
0,sse,healthy,24,777.619,16.623,18
0,sse,healthy,25,800.772,16.623,17
0,sse,healthy,26,823.871,16.623,17
0,sse,healthy,27,846.558,16.623,19
0,sse,healthy,28,868.830,16.623,16
0,sse,healthy,29,891.753,16.623,18
0,sse,healthy,30,914.631,16.623,16
0,sse,healthy,31,938.566,16.623,19
0,sse,healthy,32,962.350,16.623,19
0,sse,healthy,33,986.110,16.623,18
0,sse,healthy,34,1010.099,16.623,16
0,sse,healthy,35,1033.060,16.623,19
0,sse,healthy,36,1058.629,16.623,16
0,sse,healthy,37,1085.464,16.623,17
0,sse,healthy,38,1111.544,16.623,14
0,sse,healthy,39,1134.660,16.623,14
0,sse,healthy,40,1157.561,16.623,19
0,sse,healthy,41,1181.348,16.623,16
0,sse,healthy,42,1205.024,16.623,18
0,sse,healthy,43,1228.941,16.623,18
0,sse,healthy,44,1252.107,16.623,20
0,sse,healthy,45,1275.456,16.623,17
0,sse,healthy,46,1298.369,16.623,18
0,sse,healthy,47,1321.269,16.623,17
0,sse,healthy,48,1344.211,16.623,18
0,sse,healthy,49,1366.950,16.623,19
0,sse,healthy,50,1389.966,16.623,19
0,sse,healthy,51,1413.978,16.623,17
0,sse,healthy,52,1437.814,16.623,18
0,sse,healthy,53,1461.739,16.623,19
0,sse,healthy,54,1484.457,16.623,16
0,sse,healthy,55,1507.073,16.623,19
0,sse,healthy,56,1530.331,16.623,16
0,sse,healthy,57,1553.081,16.623,13
0,sse,healthy,58,1576.086,16.623,17
0,sse,healthy,59,1598.772,16.623,21
0,sse,healthy,60,1621.472,16.623,19
0,sse,healthy,61,1644.295,16.623,18
0,sse,healthy,62,1667.471,16.623,17
0,sse,healthy,63,1690.069,16.623,18
0,sse,healthy,64,1713.992,16.623,17
0,sse,healthy,65,1736.796,16.623,13
0,sse,healthy,66,1759.729,16.623,14
0,sse,healthy,67,1782.508,16.623,16
0,sse,healthy,68,1805.447,16.623,17
0,sse,healthy,69,1828.937,16.623,18
0,sse,healthy,70,1851.869,16.623,19
0,sse,healthy,71,1875.528,16.623,18
0,sse,healthy,72,1899.456,16.623,18
0,sse,healthy,73,1922.488,16.623,20
0,sse,healthy,74,1945.928,16.623,16
0,sse,healthy,75,1970.239,16.623,19
0,sse,healthy,76,1993.635,16.623,20
0,sse,healthy,77,2017.288,16.623,18
0,sse,healthy,78,2040.042,16.623,19
0,sse,healthy,79,2063.007,16.623,18
0,sse,healthy,80,2086.009,16.623,19
0,sse,healthy,81,2109.494,16.623,17
0,sse,healthy,82,2132.817,16.623,19
0,sse,healthy,83,2155.848,16.623,16
0,sse,healthy,84,2179.163,16.623,13
1,sse,healthy,0,173.799,13.564,15
1,sse,healthy,1,197.136,13.564,16
1,sse,healthy,2,220.430,13.564,20
1,sse,healthy,3,243.264,13.564,14
1,sse,healthy,4,266.081,13.564,17
1,sse,healthy,5,288.892,13.564,15
1,sse,healthy,6,312.418,13.564,17
1,sse,healthy,7,335.713,13.564,17
1,sse,healthy,8,358.946,13.564,13
1,sse,healthy,9,382.148,13.564,15
1,sse,healthy,10,405.376,13.564,21
1,sse,healthy,11,428.723,13.564,18
1,sse,healthy,12,451.821,13.564,18
1,sse,healthy,13,474.982,13.564,16
1,sse,healthy,14,498.005,13.564,16
1,sse,healthy,15,521.582,13.564,13
1,sse,healthy,16,545.487,13.564,18
1,sse,healthy,17,568.737,13.564,17
1,sse,healthy,18,593.398,13.564,18
1,sse,healthy,19,617.550,13.564,19
1,sse,healthy,20,641.126,13.564,18
1,sse,healthy,21,664.239,13.564,17
1,sse,healthy,22,687.271,13.564,18
1,sse,healthy,23,710.844,13.564,17
1,sse,healthy,24,733.867,13.564,18
1,sse,healthy,25,757.316,13.564,15
1,sse,healthy,26,780.294,13.564,16
1,sse,healthy,27,803.738,13.564,14
1,sse,healthy,28,826.942,13.564,15
1,sse,healthy,29,850.261,13.564,13
1,sse,healthy,30,873.509,13.564,16
1,sse,healthy,31,896.475,13.564,16
1,sse,healthy,32,919.621,13.564,17
1,sse,healthy,33,942.634,13.564,16
1,sse,healthy,34,965.431,13.564,16
1,sse,healthy,35,988.338,13.564,15
1,sse,healthy,36,1012.121,13.564,16
1,sse,healthy,37,1034.764,13.564,13
1,sse,healthy,38,1061.714,13.564,21
1,sse,healthy,39,1085.954,13.564,17
1,sse,healthy,40,1109.505,13.564,17
1,sse,healthy,41,1132.879,13.564,18
1,sse,healthy,42,1156.091,13.564,17
1,sse,healthy,43,1179.307,13.564,16
1,sse,healthy,44,1202.717,13.564,19
1,sse,healthy,45,1225.560,13.564,18
1,sse,healthy,46,1248.529,13.564,18
1,sse,healthy,47,1271.600,13.564,20
1,sse,healthy,48,1294.914,13.564,19
1,sse,healthy,49,1317.698,13.564,14
1,sse,healthy,50,1340.664,13.564,15
1,sse,healthy,51,1363.143,13.564,14
1,sse,healthy,52,1385.882,13.564,16
1,sse,healthy,53,1408.487,13.564,13
2,sse,healthy,0,170.609,13.649,13
2,sse,healthy,1,192.980,13.649,14
2,sse,healthy,2,216.277,13.649,16
2,sse,healthy,3,238.972,13.649,14
2,sse,healthy,4,262.301,13.649,16
2,sse,healthy,5,285.259,13.649,16
2,sse,healthy,6,307.758,13.649,18
2,sse,healthy,7,330.523,13.649,18
2,sse,healthy,8,353.031,13.649,20
2,sse,healthy,9,375.619,13.649,17
2,sse,healthy,10,398.351,13.649,16
2,sse,healthy,11,420.951,13.649,16
2,sse,healthy,12,443.522,13.649,18
2,sse,healthy,13,466.272,13.649,18
2,sse,healthy,14,489.919,13.649,21
2,sse,healthy,15,513.805,13.649,19
2,sse,healthy,16,537.449,13.649,18
2,sse,healthy,17,561.122,13.649,19
2,sse,healthy,18,584.291,13.649,17
2,sse,healthy,19,607.293,13.649,19
2,sse,healthy,20,630.285,13.649,16
2,sse,healthy,21,653.073,13.649,13
2,sse,healthy,22,675.896,13.649,17
2,sse,healthy,23,698.779,13.649,17
2,sse,healthy,24,721.483,13.649,18
2,sse,healthy,25,744.246,13.649,19
2,sse,healthy,26,767.047,13.649,19
2,sse,healthy,27,789.989,13.649,19
2,sse,healthy,28,812.567,13.649,19
2,sse,healthy,29,835.065,13.649,16
2,sse,healthy,30,858.048,13.649,17
2,sse,healthy,31,880.595,13.649,20
2,sse,healthy,32,903.567,13.649,18
2,sse,healthy,33,926.315,13.649,18
2,sse,healthy,34,949.195,13.649,14
2,sse,healthy,35,972.140,13.649,15
2,sse,healthy,36,994.698,13.649,20
2,sse,healthy,37,1017.293,13.649,14
2,sse,healthy,38,1039.982,13.649,16
2,sse,healthy,39,1062.420,13.649,17
2,sse,healthy,40,1085.475,13.649,16
2,sse,healthy,41,1107.948,13.649,13
2,sse,healthy,42,1130.553,13.649,15
2,sse,healthy,43,1153.748,13.649,13
2,sse,healthy,44,1176.890,13.649,13
2,sse,healthy,45,1199.788,13.649,17
2,sse,healthy,46,1222.640,13.649,16
2,sse,healthy,47,1245.364,13.649,14
2,sse,healthy,48,1267.938,13.649,16
2,sse,healthy,49,1290.549,13.649,17
2,sse,healthy,50,1313.030,13.649,18
2,sse,healthy,51,1336.001,13.649,16
2,sse,healthy,52,1358.768,13.649,18
2,sse,healthy,53,1381.171,13.649,19
2,sse,healthy,54,1404.071,13.649,20
2,sse,healthy,55,1426.747,13.649,19
2,sse,healthy,56,1449.366,13.649,20
2,sse,healthy,57,1471.993,13.649,18
2,sse,healthy,58,1495.051,13.649,18
2,sse,healthy,59,1517.729,13.649,14
2,sse,healthy,60,1540.287,13.649,15
2,sse,healthy,61,1563.363,13.649,20
2,sse,healthy,62,1585.822,13.649,14
2,sse,healthy,63,1608.653,13.649,16
2,sse,healthy,64,1631.192,13.649,13
2,sse,healthy,65,1653.875,13.649,17
2,sse,healthy,66,1676.504,13.649,17
2,sse,healthy,67,1699.367,13.649,18
2,sse,healthy,68,1722.148,13.649,18
2,sse,healthy,69,1744.774,13.649,21
2,sse,healthy,70,1767.584,13.649,18
2,sse,healthy,71,1790.284,13.649,18
2,sse,healthy,72,1813.093,13.649,21
2,sse,healthy,73,1835.540,13.649,19
2,sse,healthy,74,1858.215,13.649,17
2,sse,healthy,75,1880.883,13.649,16
2,sse,healthy,76,1903.570,13.649,20
2,sse,healthy,77,1926.352,13.649,17
2,sse,healthy,78,1948.875,13.649,18
2,sse,healthy,79,1971.486,13.649,20
2,sse,healthy,80,1994.129,13.649,18
2,sse,healthy,81,2016.911,13.649,18
2,sse,healthy,82,2039.388,13.649,14
2,sse,healthy,83,2062.197,13.649,16
2,sse,healthy,84,2084.969,13.649,13
2,sse,healthy,85,2107.588,13.649,17
2,sse,healthy,86,2130.117,13.649,17
2,sse,healthy,87,2152.757,13.649,17
2,sse,healthy,88,2175.880,13.649,19
2,sse,healthy,89,2198.776,13.649,17
2,sse,healthy,90,2221.628,13.649,20
2,sse,healthy,91,2244.144,13.649,20
2,sse,healthy,92,2266.889,13.649,17
2,sse,healthy,93,2289.687,13.649,15
2,sse,healthy,94,2312.229,13.649,16
2,sse,healthy,95,2334.894,13.649,18
2,sse,healthy,96,2357.633,13.649,18
2,sse,healthy,97,2380.422,13.649,18
2,sse,healthy,98,2403.117,13.649,19
2,sse,healthy,99,2426.776,13.649,18
2,sse,healthy,100,2450.084,13.649,18
2,sse,healthy,101,2473.876,13.649,20
2,sse,healthy,102,2497.086,13.649,13
2,sse,healthy,103,2519.935,13.649,16
2,sse,healthy,104,2542.793,13.649,18
2,sse,healthy,105,2566.040,13.649,19
2,sse,healthy,106,2588.958,13.649,17
2,sse,healthy,107,2612.493,13.649,19
2,sse,healthy,108,2635.660,13.649,18
2,sse,healthy,109,2658.766,13.649,17
2,sse,healthy,110,2681.705,13.649,13
2,sse,healthy,111,2704.954,13.649,19
2,sse,healthy,112,2727.784,13.649,17
2,sse,healthy,113,2750.484,13.649,16
2,sse,healthy,114,2773.341,13.649,16
2,sse,healthy,115,2796.464,13.649,14
2,sse,healthy,116,2819.253,13.649,17
2,sse,healthy,117,2842.146,13.649,17
2,sse,healthy,118,2865.146,13.649,14
2,sse,healthy,119,2887.773,13.649,16
2,sse,healthy,120,2911.465,13.649,20
2,sse,healthy,121,2934.726,13.649,18
2,sse,healthy,122,2957.881,13.649,16
2,sse,healthy,123,2980.725,13.649,17
2,sse,healthy,124,3003.713,13.649,16
2,sse,healthy,125,3026.782,13.649,18
2,sse,healthy,126,3049.704,13.649,18
2,sse,healthy,127,3072.588,13.649,20
2,sse,healthy,128,3095.410,13.649,19
2,sse,healthy,129,3118.312,13.649,20
2,sse,healthy,130,3140.977,13.649,18
2,sse,healthy,131,3164.380,13.649,17
2,sse,healthy,132,3187.099,13.649,17
2,sse,healthy,133,3210.119,13.649,19
2,sse,healthy,134,3232.848,13.649,18
2,sse,healthy,135,3255.662,13.649,19
2,sse,healthy,136,3278.468,13.649,17
2,sse,healthy,137,3301.192,13.649,19
2,sse,healthy,138,3324.116,13.649,16
2,sse,healthy,139,3347.214,13.649,13
2,sse,healthy,140,3370.383,13.649,17
2,sse,healthy,141,3393.300,13.649,17
2,sse,healthy,142,3416.311,13.649,18
2,sse,healthy,143,3439.394,13.649,13
2,sse,healthy,144,3462.654,13.649,14
2,sse,healthy,145,3485.520,13.649,17
2,sse,healthy,146,3508.747,13.649,13
2,sse,healthy,147,3531.640,13.649,15
2,sse,healthy,148,3554.542,13.649,16
2,sse,healthy,149,3577.807,13.649,18
2,sse,healthy,150,3601.124,13.649,13
2,sse,healthy,151,3624.573,13.649,17
2,sse,healthy,152,3647.605,13.649,17
2,sse,healthy,153,3671.280,13.649,13
2,sse,healthy,154,3694.125,13.649,15
2,sse,healthy,155,3717.246,13.649,13
2,sse,healthy,156,3740.106,13.649,13
2,sse,healthy,157,3763.103,13.649,16
2,sse,healthy,158,3786.348,13.649,16
2,sse,healthy,159,3809.713,13.649,14
2,sse,healthy,160,3832.793,13.649,16
2,sse,healthy,161,3855.945,13.649,17
2,sse,healthy,162,3879.106,13.649,19
2,sse,healthy,163,3902.256,13.649,18
2,sse,healthy,164,3925.038,13.649,18
2,sse,healthy,165,3948.394,13.649,19
2,sse,healthy,166,3971.728,13.649,19
2,sse,healthy,167,3994.829,13.649,18
2,sse,healthy,168,4017.845,13.649,18
2,sse,healthy,169,4040.827,13.649,14
2,sse,healthy,170,4064.024,13.649,16
2,sse,healthy,171,4087.393,13.649,16
2,sse,healthy,172,4110.413,13.649,19
2,sse,healthy,173,4133.523,13.649,18
2,sse,healthy,174,4157.168,13.649,19
2,sse,healthy,175,4180.749,13.649,18
2,sse,healthy,176,4204.059,13.649,16
2,sse,healthy,177,4227.134,13.649,20
2,sse,healthy,178,4250.304,13.649,19
2,sse,healthy,179,4273.494,13.649,16
2,sse,healthy,180,4296.672,13.649,13
3,sse,healthy,0,295.166,13.698,18
3,sse,healthy,1,319.889,13.698,18
3,sse,healthy,2,343.186,13.698,18
3,sse,healthy,3,366.525,13.698,19
3,sse,healthy,4,390.254,13.698,17
3,sse,healthy,5,413.652,13.698,13
3,sse,healthy,6,437.460,13.698,16
3,sse,healthy,7,460.521,13.698,15
3,sse,healthy,8,484.154,13.698,13
3,sse,healthy,9,507.856,13.698,19
3,sse,healthy,10,531.247,13.698,18
3,sse,healthy,11,554.106,13.698,19
3,sse,healthy,12,576.884,13.698,19
3,sse,healthy,13,600.099,13.698,18
3,sse,healthy,14,622.949,13.698,18
3,sse,healthy,15,646.190,13.698,19
3,sse,healthy,16,669.512,13.698,16
3,sse,healthy,17,692.488,13.698,19
3,sse,healthy,18,715.713,13.698,17
3,sse,healthy,19,738.491,13.698,16
3,sse,healthy,20,761.923,13.698,17
3,sse,healthy,21,785.244,13.698,17
3,sse,healthy,22,808.103,13.698,17
3,sse,healthy,23,831.208,13.698,13
3,sse,healthy,24,855.215,13.698,16
3,sse,healthy,25,879.699,13.698,17
3,sse,healthy,26,902.725,13.698,16
3,sse,healthy,27,925.718,13.698,17
3,sse,healthy,28,948.740,13.698,21
3,sse,healthy,29,971.748,13.698,17
3,sse,healthy,30,995.041,13.698,14
3,sse,healthy,31,1018.282,13.698,14
3,sse,healthy,32,1041.081,13.698,17
3,sse,healthy,33,1064.148,13.698,17
3,sse,healthy,34,1086.856,13.698,14
3,sse,healthy,35,1110.394,13.698,15
3,sse,healthy,36,1133.923,13.698,13
3,sse,healthy,37,1157.060,13.698,13
3,sse,healthy,38,1180.534,13.698,15
3,sse,healthy,39,1204.001,13.698,13
3,sse,healthy,40,1227.583,13.698,13
3,sse,healthy,41,1251.506,13.698,16
3,sse,healthy,42,1274.943,13.698,18
3,sse,healthy,43,1298.462,13.698,16
3,sse,healthy,44,1322.021,13.698,15
3,sse,healthy,45,1345.213,13.698,13
3,sse,healthy,46,1368.870,13.698,19
3,sse,healthy,47,1391.872,13.698,18
3,sse,healthy,48,1414.925,13.698,18
3,sse,healthy,49,1437.871,13.698,18
3,sse,healthy,50,1460.826,13.698,18
3,sse,healthy,51,1483.645,13.698,19
3,sse,healthy,52,1506.880,13.698,16
3,sse,healthy,53,1530.940,13.698,13
3,sse,healthy,54,1554.651,13.698,21
3,sse,healthy,55,1578.017,13.698,19
3,sse,healthy,56,1601.231,13.698,18
3,sse,healthy,57,1624.611,13.698,18
3,sse,healthy,58,1647.428,13.698,21
3,sse,healthy,59,1670.362,13.698,15
3,sse,healthy,60,1693.540,13.698,15
3,sse,healthy,61,1716.611,13.698,16
3,sse,healthy,62,1739.652,13.698,17
3,sse,healthy,63,1762.768,13.698,16
3,sse,healthy,64,1785.667,13.698,15
3,sse,healthy,65,1808.522,13.698,13
3,sse,healthy,66,1832.266,13.698,17
3,sse,healthy,67,1855.685,13.698,17
3,sse,healthy,68,1879.236,13.698,19
3,sse,healthy,69,1902.239,13.698,18
3,sse,healthy,70,1925.360,13.698,17
3,sse,healthy,71,1948.190,13.698,16
3,sse,healthy,72,1971.359,13.698,16
3,sse,healthy,73,1994.263,13.698,18
3,sse,healthy,74,2017.208,13.698,19
3,sse,healthy,75,2039.837,13.698,18
3,sse,healthy,76,2062.354,13.698,19
3,sse,healthy,77,2085.297,13.698,17
3,sse,healthy,78,2107.990,13.698,19
3,sse,healthy,79,2130.691,13.698,18
3,sse,healthy,80,2153.383,13.698,19
3,sse,healthy,81,2176.550,13.698,17
3,sse,healthy,82,2199.410,13.698,18
3,sse,healthy,83,2222.150,13.698,19
3,sse,healthy,84,2245.295,13.698,17
3,sse,healthy,85,2267.978,13.698,19
3,sse,healthy,86,2290.602,13.698,16
3,sse,healthy,87,2313.280,13.698,17
3,sse,healthy,88,2336.223,13.698,15
3,sse,healthy,89,2359.220,13.698,17
3,sse,healthy,90,2382.585,13.698,16
3,sse,healthy,91,2405.390,13.698,17
3,sse,healthy,92,2428.497,13.698,21
3,sse,healthy,93,2451.231,13.698,14
3,sse,healthy,94,2474.180,13.698,15
3,sse,healthy,95,2496.885,13.698,13
3,sse,healthy,96,2519.516,13.698,13
3,sse,healthy,97,2542.178,13.698,15
3,sse,healthy,98,2565.008,13.698,13
3,sse,healthy,99,2587.652,13.698,14
3,sse,healthy,100,2610.249,13.698,18
3,sse,healthy,101,2633.052,13.698,16
3,sse,healthy,102,2656.123,13.698,15
3,sse,healthy,103,2678.908,13.698,13
3,sse,healthy,104,2701.484,13.698,19
3,sse,healthy,105,2724.171,13.698,18
3,sse,healthy,106,2747.122,13.698,19
3,sse,healthy,107,2769.771,13.698,18
3,sse,healthy,108,2792.692,13.698,21
3,sse,healthy,109,2815.734,13.698,19
3,sse,healthy,110,2839.433,13.698,18
3,sse,healthy,111,2862.264,13.698,18
3,sse,healthy,112,2885.659,13.698,21
3,sse,healthy,113,2908.759,13.698,15
3,sse,healthy,114,2931.874,13.698,14
3,sse,healthy,115,2955.055,13.698,13
3,sse,healthy,116,2978.035,13.698,21
3,sse,healthy,117,3001.238,13.698,19
3,sse,healthy,118,3024.277,13.698,18
3,sse,healthy,119,3047.397,13.698,18
3,sse,healthy,120,3070.571,13.698,18
3,sse,healthy,121,3095.063,13.698,17
3,sse,healthy,122,3118.744,13.698,17
3,sse,healthy,123,3141.764,13.698,17
3,sse,healthy,124,3165.065,13.698,13
3,sse,healthy,125,3187.797,13.698,17
3,sse,healthy,126,3210.700,13.698,21
3,sse,healthy,127,3233.507,13.698,17
3,sse,healthy,128,3256.695,13.698,16
3,sse,healthy,129,3279.435,13.698,20
3,sse,healthy,130,3302.477,13.698,19
3,sse,healthy,131,3325.649,13.698,17
3,sse,healthy,132,3348.303,13.698,19
3,sse,healthy,133,3370.924,13.698,18
3,sse,healthy,134,3393.961,13.698,18
3,sse,healthy,135,3416.874,13.698,19
3,sse,healthy,136,3439.765,13.698,16
3,sse,healthy,137,3462.565,13.698,16
3,sse,healthy,138,3485.179,13.698,18
3,sse,healthy,139,3508.071,13.698,20
3,sse,healthy,140,3531.153,13.698,20
3,sse,healthy,141,3553.786,13.698,19
3,sse,healthy,142,3576.554,13.698,17
3,sse,healthy,143,3599.345,13.698,13
3,sse,healthy,144,3622.148,13.698,17
3,sse,healthy,145,3645.901,13.698,20
3,sse,healthy,146,3675.038,13.698,17
3,sse,healthy,147,3697.419,13.698,17
3,sse,healthy,148,3726.855,13.698,19
3,sse,healthy,149,3754.252,13.698,17
3,sse,healthy,150,3779.208,13.698,20
3,sse,healthy,151,3802.319,13.698,19
3,sse,healthy,152,3825.032,13.698,20
3,sse,healthy,153,3848.317,13.698,13
3,sse,healthy,154,3871.270,13.698,17
3,sse,healthy,155,3894.190,13.698,17
3,sse,healthy,156,3916.872,13.698,16
3,sse,healthy,157,3939.704,13.698,16
3,sse,healthy,158,3962.439,13.698,18
3,sse,healthy,159,3985.498,13.698,18
3,sse,healthy,160,4008.112,13.698,17
3,sse,healthy,161,4030.862,13.698,14
3,sse,healthy,162,4053.698,13.698,14
3,sse,healthy,163,4076.390,13.698,21
3,sse,healthy,164,4099.336,13.698,16
3,sse,healthy,165,4121.967,13.698,18
3,sse,healthy,166,4145.319,13.698,18
3,sse,healthy,167,4168.314,13.698,20
3,sse,healthy,168,4191.203,13.698,16
3,sse,healthy,169,4214.028,13.698,15
3,sse,healthy,170,4236.817,13.698,13
3,sse,healthy,171,4259.873,13.698,19
3,sse,healthy,172,4282.725,13.698,18
3,sse,healthy,173,4305.596,13.698,19
3,sse,healthy,174,4328.327,13.698,17
3,sse,healthy,175,4351.108,13.698,19
3,sse,healthy,176,4374.030,13.698,16
3,sse,healthy,177,4397.147,13.698,17
3,sse,healthy,178,4420.740,13.698,20
3,sse,healthy,179,4443.853,13.698,19
3,sse,healthy,180,4466.669,13.698,18
3,sse,healthy,181,4489.789,13.698,19
3,sse,healthy,182,4512.528,13.698,16
3,sse,healthy,183,4535.394,13.698,13
3,sse,healthy,184,4558.267,13.698,19
3,sse,healthy,185,4581.141,13.698,19
3,sse,healthy,186,4603.923,13.698,19
3,sse,healthy,187,4626.802,13.698,16
3,sse,healthy,188,4649.621,13.698,16
3,sse,healthy,189,4672.525,13.698,15
3,sse,healthy,190,4695.638,13.698,13
3,sse,healthy,191,4718.617,13.698,19
3,sse,healthy,192,4741.458,13.698,18
3,sse,healthy,193,4764.241,13.698,19
3,sse,healthy,194,4787.301,13.698,19
3,sse,healthy,195,4810.099,13.698,18
3,sse,healthy,196,4833.511,13.698,13
4,sse,healthy,0,224.900,17.103,16
4,sse,healthy,1,248.367,17.103,19
4,sse,healthy,2,271.142,17.103,18
4,sse,healthy,3,293.829,17.103,17
4,sse,healthy,4,316.604,17.103,20
4,sse,healthy,5,339.526,17.103,21
4,sse,healthy,6,362.169,17.103,19
4,sse,healthy,7,385.082,17.103,16
4,sse,healthy,8,408.114,17.103,17
4,sse,healthy,9,430.842,17.103,13
4,sse,healthy,10,453.602,17.103,19
4,sse,healthy,11,476.368,17.103,17
4,sse,healthy,12,499.340,17.103,16
4,sse,healthy,13,522.553,17.103,18
4,sse,healthy,14,545.832,17.103,17
4,sse,healthy,15,568.959,17.103,18
4,sse,healthy,16,591.956,17.103,16
4,sse,healthy,17,615.066,17.103,18
4,sse,healthy,18,638.223,17.103,18
4,sse,healthy,19,661.406,17.103,17
4,sse,healthy,20,684.187,17.103,17
4,sse,healthy,21,706.648,17.103,19
4,sse,healthy,22,729.355,17.103,19
4,sse,healthy,23,751.990,17.103,17
4,sse,healthy,24,775.582,17.103,17
4,sse,healthy,25,798.489,17.103,20
4,sse,healthy,26,821.550,17.103,18
4,sse,healthy,27,844.548,17.103,17
4,sse,healthy,28,867.423,17.103,19
4,sse,healthy,29,890.204,17.103,18
4,sse,healthy,30,912.935,17.103,18
4,sse,healthy,31,935.950,17.103,21
4,sse,healthy,32,958.768,17.103,15
4,sse,healthy,33,982.317,17.103,15
4,sse,healthy,34,1005.216,17.103,17
4,sse,healthy,35,1028.219,17.103,14
4,sse,healthy,36,1051.093,17.103,15
4,sse,healthy,37,1073.909,17.103,18
4,sse,healthy,38,1096.818,17.103,21
4,sse,healthy,39,1119.850,17.103,15
4,sse,healthy,40,1142.853,17.103,15
4,sse,healthy,41,1165.705,17.103,16
4,sse,healthy,42,1188.506,17.103,18
4,sse,healthy,43,1211.395,17.103,18
4,sse,healthy,44,1234.409,17.103,20
4,sse,healthy,45,1257.144,17.103,17
4,sse,healthy,46,1280.065,17.103,18
4,sse,healthy,47,1303.021,17.103,19
4,sse,healthy,48,1326.140,17.103,17
4,sse,healthy,49,1349.159,17.103,20
4,sse,healthy,50,1372.207,17.103,18
4,sse,healthy,51,1395.407,17.103,17
4,sse,healthy,52,1418.403,17.103,18
4,sse,healthy,53,1441.233,17.103,19
4,sse,healthy,54,1464.341,17.103,16
4,sse,healthy,55,1487.143,17.103,13
4,sse,healthy,56,1509.905,17.103,16
4,sse,healthy,57,1533.046,17.103,17
4,sse,healthy,58,1555.777,17.103,17
4,sse,healthy,59,1578.692,17.103,19
4,sse,healthy,60,1601.593,17.103,19
4,sse,healthy,61,1624.637,17.103,20
4,sse,healthy,62,1647.848,17.103,20
4,sse,healthy,63,1670.666,17.103,19
4,sse,healthy,64,1693.579,17.103,18
4,sse,healthy,65,1716.499,17.103,17
4,sse,healthy,66,1739.502,17.103,18
4,sse,healthy,67,1762.462,17.103,18
4,sse,healthy,68,1785.314,17.103,18
4,sse,healthy,69,1808.241,17.103,19
4,sse,healthy,70,1831.288,17.103,17
4,sse,healthy,71,1854.324,17.103,19
4,sse,healthy,72,1877.151,17.103,16
4,sse,healthy,73,1900.068,17.103,13
4,sse,healthy,74,1923.585,17.103,18
4,sse,healthy,75,1946.242,17.103,18
4,sse,healthy,76,1969.885,17.103,20
4,sse,healthy,77,1993.173,17.103,19
4,sse,healthy,78,2016.285,17.103,19
4,sse,healthy,79,2039.228,17.103,18
4,sse,healthy,80,2062.026,17.103,18
4,sse,healthy,81,2084.852,17.103,18
4,sse,healthy,82,2108.022,17.103,17
4,sse,healthy,83,2130.743,17.103,16
4,sse,healthy,84,2153.690,17.103,19
4,sse,healthy,85,2176.579,17.103,15
4,sse,healthy,86,2199.485,17.103,15
4,sse,healthy,87,2222.552,17.103,14
4,sse,healthy,88,2245.532,17.103,17
4,sse,healthy,89,2268.352,17.103,17
4,sse,healthy,90,2291.222,17.103,13
4,sse,healthy,91,2314.859,17.103,15
4,sse,healthy,92,2337.948,17.103,13
4,sse,healthy,93,2360.812,17.103,13
4,sse,healthy,94,2384.143,17.103,19
4,sse,healthy,95,2406.953,17.103,17
4,sse,healthy,96,2430.143,17.103,19
4,sse,healthy,97,2453.019,17.103,17
4,sse,healthy,98,2476.040,17.103,19
4,sse,healthy,99,2498.924,17.103,19
4,sse,healthy,100,2522.206,17.103,16
4,sse,healthy,101,2545.276,17.103,17
4,sse,healthy,102,2568.002,17.103,19
4,sse,healthy,103,2591.302,17.103,15
4,sse,healthy,104,2614.183,17.103,13
4,sse,healthy,105,2637.336,17.103,16
4,sse,healthy,106,2660.509,17.103,17
4,sse,healthy,107,2683.236,17.103,18
4,sse,healthy,108,2706.268,17.103,18
4,sse,healthy,109,2729.259,17.103,14
4,sse,healthy,110,2752.101,17.103,17
4,sse,healthy,111,2775.062,17.103,14
4,sse,healthy,112,2798.070,17.103,16
4,sse,healthy,113,2820.922,17.103,17
4,sse,healthy,114,2843.944,17.103,17
4,sse,healthy,115,2866.900,17.103,17
4,sse,healthy,116,2890.153,17.103,18
4,sse,healthy,117,2912.985,17.103,16
4,sse,healthy,118,2936.035,17.103,18
4,sse,healthy,119,2958.944,17.103,17
4,sse,healthy,120,2982.359,17.103,18
4,sse,healthy,121,3005.368,17.103,18
4,sse,healthy,122,3028.503,17.103,19
4,sse,healthy,123,3051.352,17.103,16
4,sse,healthy,124,3074.225,17.103,19
4,sse,healthy,125,3097.160,17.103,17
4,sse,healthy,126,3120.063,17.103,13
4,sse,healthy,127,3143.140,17.103,17
4,sse,healthy,128,3166.061,17.103,17
4,sse,healthy,129,3189.063,17.103,18
4,sse,healthy,130,3212.170,17.103,18
4,sse,healthy,131,3235.402,17.103,17
4,sse,healthy,132,3258.547,17.103,19
4,sse,healthy,133,3281.413,17.103,17
4,sse,healthy,134,3304.631,17.103,19
4,sse,healthy,135,3327.851,17.103,17
4,sse,healthy,136,3350.850,17.103,13
4,sse,healthy,137,3373.958,17.103,17
4,sse,healthy,138,3397.372,17.103,17
4,sse,healthy,139,3420.491,17.103,17
4,sse,healthy,140,3443.723,17.103,19
4,sse,healthy,141,3467.089,17.103,18
4,sse,healthy,142,3490.330,17.103,18
4,sse,healthy,143,3513.218,17.103,17
4,sse,healthy,144,3536.634,17.103,20
4,sse,healthy,145,3559.724,17.103,19
4,sse,healthy,146,3582.967,17.103,17
4,sse,healthy,147,3606.380,17.103,17
4,sse,healthy,148,3629.463,17.103,19
4,sse,healthy,149,3652.674,17.103,17
4,sse,healthy,150,3675.692,17.103,13
5,sse,healthy,0,168.669,12.597,16
5,sse,healthy,1,191.064,12.597,19
5,sse,healthy,2,213.905,12.597,18
5,sse,healthy,3,237.121,12.597,17
5,sse,healthy,4,260.547,12.597,20
5,sse,healthy,5,283.542,12.597,21
5,sse,healthy,6,306.520,12.597,17
5,sse,healthy,7,329.654,12.597,19
5,sse,healthy,8,352.755,12.597,16
5,sse,healthy,9,375.551,12.597,15
5,sse,healthy,10,398.818,12.597,13
6,sse,healthy,0,217.163,12.720,15
6,sse,healthy,1,240.973,12.720,16
6,sse,healthy,2,264.300,12.720,20
6,sse,healthy,3,287.046,12.720,14
6,sse,healthy,4,310.144,12.720,17
6,sse,healthy,5,332.853,12.720,15
6,sse,healthy,6,355.852,12.720,17
6,sse,healthy,7,379.030,12.720,17
6,sse,healthy,8,402.519,12.720,13
6,sse,healthy,9,425.483,12.720,15
6,sse,healthy,10,448.235,12.720,15
6,sse,healthy,11,471.359,12.720,16
6,sse,healthy,12,494.393,12.720,18
6,sse,healthy,13,517.332,12.720,15
6,sse,healthy,14,540.691,12.720,15
6,sse,healthy,15,563.705,12.720,13
6,sse,healthy,16,586.629,12.720,14
6,sse,healthy,17,609.680,12.720,13
6,sse,healthy,18,632.761,12.720,15
6,sse,healthy,19,655.611,12.720,18
6,sse,healthy,20,678.566,12.720,16
6,sse,healthy,21,701.742,12.720,16
6,sse,healthy,22,724.663,12.720,19
6,sse,healthy,23,747.579,12.720,14
6,sse,healthy,24,770.927,12.720,16
6,sse,healthy,25,793.925,12.720,13
6,sse,healthy,26,817.000,12.720,18
6,sse,healthy,27,840.538,12.720,19
6,sse,healthy,28,863.587,12.720,13
6,sse,healthy,29,886.366,12.720,18
6,sse,healthy,30,909.838,12.720,16
6,sse,healthy,31,932.886,12.720,18
6,sse,healthy,32,955.834,12.720,18
6,sse,healthy,33,979.050,12.720,20
6,sse,healthy,34,1002.409,12.720,20
6,sse,healthy,35,1025.490,12.720,20
6,sse,healthy,36,1048.529,12.720,17
6,sse,healthy,37,1071.442,12.720,20
6,sse,healthy,38,1094.389,12.720,18
6,sse,healthy,39,1117.624,12.720,16
6,sse,healthy,40,1140.689,12.720,15
6,sse,healthy,41,1163.748,12.720,13
6,sse,healthy,42,1187.062,12.720,19
6,sse,healthy,43,1210.458,12.720,17
6,sse,healthy,44,1233.434,12.720,16
6,sse,healthy,45,1256.836,12.720,13
6,sse,healthy,46,1279.568,12.720,18
6,sse,healthy,47,1302.485,12.720,17
6,sse,healthy,48,1325.442,12.720,22
6,sse,healthy,49,1348.855,12.720,16
6,sse,healthy,50,1371.654,12.720,19
6,sse,healthy,51,1394.859,12.720,19
6,sse,healthy,52,1417.991,12.720,18
6,sse,healthy,53,1440.837,12.720,16
6,sse,healthy,54,1463.763,12.720,20
6,sse,healthy,55,1486.650,12.720,19
6,sse,healthy,56,1510.318,12.720,19
6,sse,healthy,57,1533.320,12.720,20
6,sse,healthy,58,1556.418,12.720,19
6,sse,healthy,59,1579.387,12.720,16
6,sse,healthy,60,1602.196,12.720,17
6,sse,healthy,61,1625.250,12.720,19
6,sse,healthy,62,1648.233,12.720,17
6,sse,healthy,63,1671.176,12.720,17
6,sse,healthy,64,1694.013,12.720,13
7,sse,healthy,0,221.609,12.273,13
7,sse,healthy,1,245.819,12.273,14
7,sse,healthy,2,268.717,12.273,16
7,sse,healthy,3,291.790,12.273,14
7,sse,healthy,4,314.750,12.273,16
7,sse,healthy,5,337.636,12.273,16
7,sse,healthy,6,360.723,12.273,18
7,sse,healthy,7,383.694,12.273,17
7,sse,healthy,8,406.887,12.273,18
7,sse,healthy,9,429.948,12.273,19
7,sse,healthy,10,452.856,12.273,17
7,sse,healthy,11,476.030,12.273,20
7,sse,healthy,12,498.820,12.273,18
7,sse,healthy,13,521.719,12.273,19
7,sse,healthy,14,545.367,12.273,17
7,sse,healthy,15,568.453,12.273,19
7,sse,healthy,16,591.489,12.273,16
7,sse,healthy,17,614.595,12.273,13
7,sse,healthy,18,637.387,12.273,17
7,sse,healthy,19,660.412,12.273,17
7,sse,healthy,20,683.827,12.273,18
7,sse,healthy,21,706.806,12.273,19
7,sse,healthy,22,729.824,12.273,19
7,sse,healthy,23,753.164,12.273,19
7,sse,healthy,24,775.803,12.273,19
7,sse,healthy,25,799.223,12.273,16
7,sse,healthy,26,822.231,12.273,17
7,sse,healthy,27,845.392,12.273,20
7,sse,healthy,28,868.159,12.273,18
7,sse,healthy,29,890.975,12.273,18
7,sse,healthy,30,913.977,12.273,19
7,sse,healthy,31,936.648,12.273,18
7,sse,healthy,32,959.668,12.273,17
7,sse,healthy,33,983.042,12.273,16
7,sse,healthy,34,1005.953,12.273,18
7,sse,healthy,35,1028.701,12.273,13
7,sse,healthy,36,1051.769,12.273,13
7,sse,healthy,37,1074.572,12.273,13
7,sse,healthy,38,1097.695,12.273,17
7,sse,healthy,39,1120.645,12.273,17
7,sse,healthy,40,1143.879,12.273,13
7,sse,healthy,41,1166.974,12.273,20
7,sse,healthy,42,1190.053,12.273,17
7,sse,healthy,43,1212.854,12.273,18
7,sse,healthy,44,1235.745,12.273,19
7,sse,healthy,45,1258.657,12.273,18
7,sse,healthy,46,1281.577,12.273,19
7,sse,healthy,47,1304.638,12.273,14
7,sse,healthy,48,1327.788,12.273,16
7,sse,healthy,49,1350.617,12.273,15
7,sse,healthy,50,1373.676,12.273,16
7,sse,healthy,51,1396.501,12.273,16
7,sse,healthy,52,1419.467,12.273,17
7,sse,healthy,53,1442.414,12.273,20
7,sse,healthy,54,1465.377,12.273,17
7,sse,healthy,55,1488.715,12.273,18
7,sse,healthy,56,1511.468,12.273,17
7,sse,healthy,57,1534.733,12.273,14
7,sse,healthy,58,1557.944,12.273,14
7,sse,healthy,59,1580.658,12.273,17
7,sse,healthy,60,1603.864,12.273,16
7,sse,healthy,61,1626.641,12.273,18
7,sse,healthy,62,1649.728,12.273,16
7,sse,healthy,63,1672.843,12.273,15
7,sse,healthy,64,1695.897,12.273,13
7,sse,healthy,65,1718.729,12.273,19
7,sse,healthy,66,1741.655,12.273,18
7,sse,healthy,67,1764.814,12.273,18
7,sse,healthy,68,1787.812,12.273,20
7,sse,healthy,69,1810.906,12.273,18
7,sse,healthy,70,1834.083,12.273,16
7,sse,healthy,71,1857.273,12.273,19
7,sse,healthy,72,1880.284,12.273,18
7,sse,healthy,73,1903.116,12.273,19
7,sse,healthy,74,1926.207,12.273,16
7,sse,healthy,75,1949.021,12.273,17
7,sse,healthy,76,1971.870,12.273,21
7,sse,healthy,77,1994.891,12.273,17
7,sse,healthy,78,2017.873,12.273,13
7,sse,healthy,79,2040.756,12.273,15
7,sse,healthy,80,2063.764,12.273,13
7,sse,healthy,81,2086.745,12.273,19
7,sse,healthy,82,2109.848,12.273,13
7,sse,healthy,83,2133.250,12.273,15
7,sse,healthy,84,2156.248,12.273,13
7,sse,healthy,85,2179.408,12.273,13
7,sse,healthy,86,2202.526,12.273,18
7,sse,healthy,87,2225.288,12.273,19
7,sse,healthy,88,2248.175,12.273,17
7,sse,healthy,89,2271.193,12.273,17
7,sse,healthy,90,2294.226,12.273,13
7,sse,healthy,91,2317.188,12.273,17
7,sse,healthy,92,2340.256,12.273,17
7,sse,healthy,93,2363.542,12.273,19
7,sse,healthy,94,2386.547,12.273,19
7,sse,healthy,95,2409.838,12.273,20
7,sse,healthy,96,2432.712,12.273,19
7,sse,healthy,97,2455.882,12.273,18
7,sse,healthy,98,2479.230,12.273,14
7,sse,healthy,99,2502.311,12.273,15
7,sse,healthy,100,2525.383,12.273,14
7,sse,healthy,101,2548.870,12.273,16
7,sse,healthy,102,2571.864,12.273,16
7,sse,healthy,103,2595.165,12.273,16
7,sse,healthy,104,2618.246,12.273,18
7,sse,healthy,105,2641.600,12.273,21
7,sse,healthy,106,2664.561,12.273,17
7,sse,healthy,107,2687.852,12.273,18
7,sse,healthy,108,2710.544,12.273,18
7,sse,healthy,109,2733.869,12.273,21
7,sse,healthy,110,2757.051,12.273,20
7,sse,healthy,111,2779.958,12.273,18
7,sse,healthy,112,2803.276,12.273,16
7,sse,healthy,113,2826.359,12.273,17
7,sse,healthy,114,2849.176,12.273,18
7,sse,healthy,115,2872.291,12.273,16
7,sse,healthy,116,2895.755,12.273,18
7,sse,healthy,117,2918.703,12.273,18
7,sse,healthy,118,2941.578,12.273,17
7,sse,healthy,119,2964.558,12.273,13
7,sse,healthy,120,2987.530,12.273,14
7,sse,healthy,121,3010.539,12.273,16
7,sse,healthy,122,3033.632,12.273,14
7,sse,healthy,123,3056.924,12.273,16
7,sse,healthy,124,3079.775,12.273,13
7,sse,healthy,125,3102.878,12.273,16
7,sse,healthy,126,3126.588,12.273,19
7,sse,healthy,127,3149.829,12.273,16
7,sse,healthy,128,3172.945,12.273,18
7,sse,healthy,129,3196.021,12.273,17
7,sse,healthy,130,3218.946,12.273,18
7,sse,healthy,131,3242.083,12.273,19
7,sse,healthy,132,3265.337,12.273,21
7,sse,healthy,133,3288.277,12.273,18
7,sse,healthy,134,3311.305,12.273,16
7,sse,healthy,135,3334.544,12.273,15
7,sse,healthy,136,3357.617,12.273,13
7,sse,healthy,137,3380.584,12.273,17
7,sse,healthy,138,3403.661,12.273,17
7,sse,healthy,139,3427.126,12.273,13
7,sse,healthy,140,3450.325,12.273,17
7,sse,healthy,141,3473.268,12.273,18
7,sse,healthy,142,3496.296,12.273,19
7,sse,healthy,143,3519.495,12.273,18
7,sse,healthy,144,3542.911,12.273,18
7,sse,healthy,145,3565.855,12.273,18
7,sse,healthy,146,3588.972,12.273,18
7,sse,healthy,147,3612.048,12.273,19
7,sse,healthy,148,3634.999,12.273,17
7,sse,healthy,149,3658.182,12.273,20
7,sse,healthy,150,3681.720,12.273,18
7,sse,healthy,151,3704.605,12.273,19
7,sse,healthy,152,3727.736,12.273,19
7,sse,healthy,153,3750.781,12.273,19
7,sse,healthy,154,3773.903,12.273,16
7,sse,healthy,155,3797.394,12.273,17
7,sse,healthy,156,3820.657,12.273,17
7,sse,healthy,157,3843.399,12.273,17
7,sse,healthy,158,3867.032,12.273,13
7,sse,healthy,159,3890.117,12.273,15
7,sse,healthy,160,3912.992,12.273,13
7,sse,healthy,161,3936.233,12.273,13
7,sse,healthy,162,3959.725,12.273,17
7,sse,healthy,163,3982.818,12.273,17
7,sse,healthy,164,4005.996,12.273,18
7,sse,healthy,165,4029.088,12.273,18
7,sse,healthy,166,4051.968,12.273,21
7,sse,healthy,167,4075.051,12.273,20
7,sse,healthy,168,4098.066,12.273,20
7,sse,healthy,169,4121.714,12.273,17
7,sse,healthy,170,4144.951,12.273,16
7,sse,healthy,171,4167.825,12.273,21
7,sse,healthy,172,4191.307,12.273,17
7,sse,healthy,173,4214.150,12.273,18
7,sse,healthy,174,4237.212,12.273,20
7,sse,healthy,175,4260.320,12.273,18
7,sse,healthy,176,4283.488,12.273,18
7,sse,healthy,177,4306.636,12.273,19
7,sse,healthy,178,4329.804,12.273,18
7,sse,healthy,179,4352.755,12.273,17
7,sse,healthy,180,4375.892,12.273,17
7,sse,healthy,181,4398.946,12.273,16
7,sse,healthy,182,4422.030,12.273,19
7,sse,healthy,183,4445.147,12.273,18
7,sse,healthy,184,4468.269,12.273,17
7,sse,healthy,185,4491.726,12.273,19
7,sse,healthy,186,4514.703,12.273,20
7,sse,healthy,187,4538.330,12.273,18
7,sse,healthy,188,4561.402,12.273,17
7,sse,healthy,189,4584.861,12.273,15
7,sse,healthy,190,4607.844,12.273,16
7,sse,healthy,191,4631.087,12.273,19
7,sse,healthy,192,4654.263,12.273,18
7,sse,healthy,193,4678.003,12.273,18
7,sse,healthy,194,4701.264,12.273,19
7,sse,healthy,195,4724.255,12.273,18
7,sse,healthy,196,4747.405,12.273,17
7,sse,healthy,197,4770.584,12.273,17
7,sse,healthy,198,4793.805,12.273,13
7,sse,healthy,199,4817.280,12.273,16
7,sse,healthy,200,4840.628,12.273,16
7,sse,healthy,201,4863.716,12.273,14
7,sse,healthy,202,4886.797,12.273,16
7,sse,healthy,203,4910.057,12.273,17
7,sse,healthy,204,4933.210,12.273,20
7,sse,healthy,205,4956.356,12.273,19
7,sse,healthy,206,4979.468,12.273,19
7,sse,healthy,207,5002.792,12.273,20
7,sse,healthy,208,5026.122,12.273,16
7,sse,healthy,209,5049.275,12.273,20
7,sse,healthy,210,5072.485,12.273,18
7,sse,healthy,211,5095.491,12.273,16
7,sse,healthy,212,5118.829,12.273,15
7,sse,healthy,213,5142.397,12.273,13
7,sse,healthy,214,5165.416,12.273,19
7,sse,healthy,215,5189.028,12.273,16
7,sse,healthy,216,5212.141,12.273,19
7,sse,healthy,217,5235.117,12.273,18
7,sse,healthy,218,5260.108,12.273,13
7,sse,healthy,219,5283.198,12.273,19
7,sse,healthy,220,5306.574,12.273,18
7,sse,healthy,221,5329.695,12.273,18
7,sse,healthy,222,5352.942,12.273,17
7,sse,healthy,223,5376.727,12.273,20
7,sse,healthy,224,5399.699,12.273,18
7,sse,healthy,225,5423.032,12.273,18
7,sse,healthy,226,5447.706,12.273,19
7,sse,healthy,227,5471.513,12.273,17
7,sse,healthy,228,5494.856,12.273,19
7,sse,healthy,229,5518.419,12.273,16
7,sse,healthy,230,5542.089,12.273,13
8,sse,healthy,0,225.622,12.235,14
8,sse,healthy,1,249.357,12.235,16
8,sse,healthy,2,272.500,12.235,18
8,sse,healthy,3,296.090,12.235,13
8,sse,healthy,4,319.231,12.235,17
8,sse,healthy,5,342.498,12.235,21
8,sse,healthy,6,365.687,12.235,14
8,sse,healthy,7,388.734,12.235,15
8,sse,healthy,8,411.590,12.235,13
8,sse,healthy,9,434.957,12.235,13
8,sse,healthy,10,457.782,12.235,15
8,sse,healthy,11,481.097,12.235,13
8,sse,healthy,12,504.636,12.235,13
8,sse,healthy,13,527.513,12.235,16
8,sse,healthy,14,550.657,12.235,16
8,sse,healthy,15,573.687,12.235,15
8,sse,healthy,16,597.015,12.235,13
8,sse,healthy,17,620.167,12.235,19
8,sse,healthy,18,643.043,12.235,18
8,sse,healthy,19,665.957,12.235,19
8,sse,healthy,20,689.482,12.235,19
8,sse,healthy,21,712.451,12.235,18
8,sse,healthy,22,735.578,12.235,18
8,sse,healthy,23,758.497,12.235,19
8,sse,healthy,24,781.530,12.235,16
8,sse,healthy,25,804.532,12.235,13
8,sse,healthy,26,827.616,12.235,15
8,sse,healthy,27,850.517,12.235,18
8,sse,healthy,28,873.784,12.235,17
8,sse,healthy,29,896.875,12.235,13
8,sse,healthy,30,920.000,12.235,16
8,sse,healthy,31,942.919,12.235,16
8,sse,healthy,32,965.918,12.235,16
8,sse,healthy,33,989.349,12.235,15
8,sse,healthy,34,1012.753,12.235,13
8,sse,healthy,35,1035.633,12.235,19
8,sse,healthy,36,1058.502,12.235,18
8,sse,healthy,37,1081.552,12.235,13
8,sse,healthy,38,1104.757,12.235,17
8,sse,healthy,39,1128.043,12.235,16
8,sse,healthy,40,1151.173,12.235,14
8,sse,healthy,41,1174.166,12.235,15
8,sse,healthy,42,1197.173,12.235,13
8,sse,healthy,43,1220.209,12.235,13
8,sse,healthy,44,1243.459,12.235,15
8,sse,healthy,45,1266.887,12.235,13
8,sse,healthy,46,1289.403,12.235,14
8,sse,healthy,47,1312.921,12.235,17
8,sse,healthy,48,1335.819,12.235,19
8,sse,healthy,49,1359.068,12.235,14
8,sse,healthy,50,1382.194,12.235,15
8,sse,healthy,51,1405.101,12.235,13
8,sse,healthy,52,1428.397,12.235,13
8,sse,healthy,53,1451.477,12.235,15
8,sse,healthy,54,1474.194,12.235,13
8,sse,healthy,55,1497.228,12.235,13
8,sse,healthy,56,1520.264,12.235,16
8,sse,healthy,57,1543.288,12.235,17
8,sse,healthy,58,1566.660,12.235,17
8,sse,healthy,59,1589.733,12.235,14
8,sse,healthy,60,1613.050,12.235,15
8,sse,healthy,61,1636.044,12.235,13
8,sse,healthy,62,1658.724,12.235,13
8,sse,healthy,63,1681.687,12.235,15
8,sse,healthy,64,1704.552,12.235,13
8,sse,healthy,65,1727.675,12.235,14
9,sse,healthy,0,224.924,13.082,16
9,sse,healthy,1,249.106,13.082,19
9,sse,healthy,2,272.333,13.082,18
9,sse,healthy,3,295.560,13.082,17
9,sse,healthy,4,318.462,13.082,19
9,sse,healthy,5,341.427,13.082,19
9,sse,healthy,6,364.819,13.082,16
9,sse,healthy,7,387.667,13.082,17
9,sse,healthy,8,410.762,13.082,18
9,sse,healthy,9,433.834,13.082,17
9,sse,healthy,10,456.832,13.082,19
9,sse,healthy,11,479.911,13.082,19
9,sse,healthy,12,503.116,13.082,17
9,sse,healthy,13,526.208,13.082,18
9,sse,healthy,14,549.135,13.082,17
9,sse,healthy,15,572.449,13.082,18
9,sse,healthy,16,595.392,13.082,15
9,sse,healthy,17,618.673,13.082,14
9,sse,healthy,18,641.418,13.082,15
9,sse,healthy,19,664.401,13.082,18
9,sse,healthy,20,687.452,13.082,21
9,sse,healthy,21,710.423,13.082,15
9,sse,healthy,22,733.458,13.082,15
9,sse,healthy,23,756.475,13.082,19
9,sse,healthy,24,779.572,13.082,17
9,sse,healthy,25,803.129,13.082,18
9,sse,healthy,26,826.307,13.082,18
9,sse,healthy,27,849.290,13.082,15
9,sse,healthy,28,872.611,13.082,16
9,sse,healthy,29,895.538,13.082,19
9,sse,healthy,30,918.325,13.082,13
9,sse,healthy,31,941.252,13.082,16
9,sse,healthy,32,964.250,13.082,18
9,sse,healthy,33,987.539,13.082,18
9,sse,healthy,34,1010.320,13.082,18
9,sse,healthy,35,1033.368,13.082,18
9,sse,healthy,36,1056.689,13.082,19
9,sse,healthy,37,1079.781,13.082,19
9,sse,healthy,38,1102.877,13.082,20
9,sse,healthy,39,1126.083,13.082,18
9,sse,healthy,40,1148.941,13.082,20
9,sse,healthy,41,1172.320,13.082,18
9,sse,healthy,42,1195.565,13.082,18
9,sse,healthy,43,1218.553,13.082,14
9,sse,healthy,44,1241.601,13.082,15
9,sse,healthy,45,1264.689,13.082,20
9,sse,healthy,46,1287.579,13.082,17
9,sse,healthy,47,1310.741,13.082,18
9,sse,healthy,48,1333.683,13.082,18
9,sse,healthy,49,1356.945,13.082,21
9,sse,healthy,50,1380.155,13.082,15
9,sse,healthy,51,1403.028,13.082,15
9,sse,healthy,52,1426.020,13.082,17
9,sse,healthy,53,1449.049,13.082,14
9,sse,healthy,54,1471.977,13.082,18
9,sse,healthy,55,1495.192,13.082,15
9,sse,healthy,56,1518.248,13.082,15
9,sse,healthy,57,1541.141,13.082,16
9,sse,healthy,58,1564.452,13.082,18
9,sse,healthy,59,1587.239,13.082,17
9,sse,healthy,60,1610.215,13.082,18
9,sse,healthy,61,1633.219,13.082,19
9,sse,healthy,62,1656.027,13.082,18
9,sse,healthy,63,1678.998,13.082,17
9,sse,healthy,64,1701.925,13.082,16
9,sse,healthy,65,1725.182,13.082,19
9,sse,healthy,66,1748.134,13.082,18
9,sse,healthy,67,1770.936,13.082,18
9,sse,healthy,68,1793.880,13.082,21
9,sse,healthy,69,1817.236,13.082,19
9,sse,healthy,70,1840.545,13.082,16
9,sse,healthy,71,1863.608,13.082,18
9,sse,healthy,72,1886.406,13.082,18
9,sse,healthy,73,1909.424,13.082,17
9,sse,healthy,74,1932.431,13.082,13
9,sse,healthy,75,1955.312,13.082,14
9,sse,healthy,76,1978.382,13.082,13
9,sse,healthy,77,2001.599,13.082,17
9,sse,healthy,78,2024.586,13.082,17
9,sse,healthy,79,2047.855,13.082,18
9,sse,healthy,80,2070.906,13.082,19
9,sse,healthy,81,2094.072,13.082,18
9,sse,healthy,82,2117.137,13.082,19
9,sse,healthy,83,2140.457,13.082,19
9,sse,healthy,84,2163.821,13.082,16
9,sse,healthy,85,2186.948,13.082,20
9,sse,healthy,86,2209.860,13.082,18
9,sse,healthy,87,2233.125,13.082,18
9,sse,healthy,88,2256.160,13.082,14
9,sse,healthy,89,2279.255,13.082,15
9,sse,healthy,90,2302.319,13.082,20
9,sse,healthy,91,2325.303,13.082,17
9,sse,healthy,92,2348.326,13.082,18
9,sse,healthy,93,2371.838,13.082,17
9,sse,healthy,94,2394.712,13.082,21
9,sse,healthy,95,2417.806,13.082,17
9,sse,healthy,96,2440.725,13.082,13
9,sse,healthy,97,2464.076,13.082,15
9,sse,healthy,98,2487.308,13.082,13
9,sse,healthy,99,2510.885,13.082,13
9,sse,healthy,100,2534.225,13.082,15
9,sse,healthy,101,2557.572,13.082,13
9,sse,healthy,102,2580.595,13.082,17
9,sse,healthy,103,2604.152,13.082,13
9,sse,healthy,104,2627.185,13.082,15
9,sse,healthy,105,2650.033,13.082,19
9,sse,healthy,106,2673.213,13.082,17
9,sse,healthy,107,2696.552,13.082,17
9,sse,healthy,108,2719.633,13.082,13
9,sse,healthy,109,2742.556,13.082,21
9,sse,healthy,110,2765.576,13.082,15
9,sse,healthy,111,2788.503,13.082,15
9,sse,healthy,112,2811.981,13.082,17
9,sse,healthy,113,2834.958,13.082,19
9,sse,healthy,114,2858.142,13.082,19
9,sse,healthy,115,2881.458,13.082,20
9,sse,healthy,116,2904.163,13.082,20
9,sse,healthy,117,2927.235,13.082,19
9,sse,healthy,118,2950.244,13.082,18
9,sse,healthy,119,2973.227,13.082,17
9,sse,healthy,120,2996.404,13.082,18
9,sse,healthy,121,3019.227,13.082,20
9,sse,healthy,122,3042.283,13.082,18
9,sse,healthy,123,3065.382,13.082,18
9,sse,healthy,124,3088.423,13.082,14
9,sse,healthy,125,3111.323,13.082,15
9,sse,healthy,126,3134.395,13.082,20
9,sse,healthy,127,3157.612,13.082,17
9,sse,healthy,128,3180.729,13.082,18
9,sse,healthy,129,3203.591,13.082,16
9,sse,healthy,130,3226.908,13.082,19
9,sse,healthy,131,3250.022,13.082,18
9,sse,healthy,132,3272.917,13.082,19
9,sse,healthy,133,3295.881,13.082,18
9,sse,healthy,134,3319.213,13.082,16
9,sse,healthy,135,3341.971,13.082,21
9,sse,healthy,136,3365.256,13.082,19
9,sse,healthy,137,3388.219,13.082,16
9,sse,healthy,138,3411.207,13.082,13
9,sse,healthy,139,3434.266,13.082,18
9,sse,healthy,140,3457.323,13.082,18
9,sse,healthy,141,3480.405,13.082,20
9,sse,healthy,142,3503.475,13.082,19
9,sse,healthy,143,3526.538,13.082,19
9,sse,healthy,144,3549.519,13.082,17
9,sse,healthy,145,3572.625,13.082,18
9,sse,healthy,146,3595.571,13.082,20
9,sse,healthy,147,3618.518,13.082,18
9,sse,healthy,148,3641.512,13.082,17
9,sse,healthy,149,3664.652,13.082,16
9,sse,healthy,150,3687.507,13.082,19
9,sse,healthy,151,3710.661,13.082,18
9,sse,healthy,152,3733.885,13.082,18
9,sse,healthy,153,3756.893,13.082,17
9,sse,healthy,154,3780.110,13.082,19
9,sse,healthy,155,3804.240,13.082,18
9,sse,healthy,156,3827.042,13.082,18
9,sse,healthy,157,3850.433,13.082,16
9,sse,healthy,158,3873.761,13.082,14
9,sse,healthy,159,3896.704,13.082,13
9,sse,healthy,160,3919.900,13.082,14
9,sse,healthy,161,3942.901,13.082,16
9,sse,healthy,162,3966.075,13.082,20
9,sse,healthy,163,3989.257,13.082,18
9,sse,healthy,164,4012.346,13.082,14
9,sse,healthy,165,4035.921,13.082,18
9,sse,healthy,166,4058.870,13.082,19
9,sse,healthy,167,4081.871,13.082,13
9,sse,healthy,168,4104.839,13.082,17
9,sse,healthy,169,4127.850,13.082,17
9,sse,healthy,170,4150.937,13.082,13
9,sse,healthy,171,4174.343,13.082,15
9,sse,healthy,172,4197.709,13.082,13
9,sse,healthy,173,4220.972,13.082,17
9,sse,healthy,174,4243.948,13.082,15
9,sse,healthy,175,4266.982,13.082,19
9,sse,healthy,176,4290.281,13.082,13
9,sse,healthy,177,4313.612,13.082,18
9,sse,healthy,178,4336.685,13.082,17
9,sse,healthy,179,4360.260,13.082,15
9,sse,healthy,180,4383.432,13.082,19
9,sse,healthy,181,4406.386,13.082,19
9,sse,healthy,182,4429.461,13.082,16
9,sse,healthy,183,4452.729,13.082,17
9,sse,healthy,184,4475.791,13.082,19
9,sse,healthy,185,4499.284,13.082,20
9,sse,healthy,186,4522.589,13.082,18
9,sse,healthy,187,4545.715,13.082,20
9,sse,healthy,188,4568.881,13.082,18
9,sse,healthy,189,4592.282,13.082,18
9,sse,healthy,190,4615.485,13.082,14
9,sse,healthy,191,4638.839,13.082,15
9,sse,healthy,192,4661.884,13.082,20
9,sse,healthy,193,4685.169,13.082,17
9,sse,healthy,194,4708.343,13.082,18
9,sse,healthy,195,4731.728,13.082,18
9,sse,healthy,196,4755.270,13.082,21
9,sse,healthy,197,4778.160,13.082,15
9,sse,healthy,198,4801.963,13.082,15
9,sse,healthy,199,4825.346,13.082,16
9,sse,healthy,200,4848.401,13.082,18
9,sse,healthy,201,4871.961,13.082,19
9,sse,healthy,202,4895.106,13.082,19
9,sse,healthy,203,4918.202,13.082,18
9,sse,healthy,204,4941.426,13.082,19
9,sse,healthy,205,4964.664,13.082,19
9,sse,healthy,206,4987.996,13.082,19
9,sse,healthy,207,5011.201,13.082,17
9,sse,healthy,208,5034.705,13.082,13
9,sse,healthy,209,5057.993,13.082,18
9,sse,healthy,210,5081.440,13.082,18
9,sse,healthy,211,5104.661,13.082,16
9,sse,healthy,212,5128.182,13.082,18
9,sse,healthy,213,5151.687,13.082,19
9,sse,healthy,214,5174.939,13.082,16
9,sse,healthy,215,5198.258,13.082,19
9,sse,healthy,216,5221.513,13.082,16
9,sse,healthy,217,5246.092,13.082,19
9,sse,healthy,218,5269.557,13.082,17
9,sse,healthy,219,5292.816,13.082,17
9,sse,healthy,220,5316.445,13.082,19
9,sse,healthy,221,5339.609,13.082,17
9,sse,healthy,222,5363.429,13.082,13
9,sse,healthy,223,5386.687,13.082,17
9,sse,healthy,224,5409.781,13.082,17
9,sse,healthy,225,5433.072,13.082,17
9,sse,healthy,226,5456.499,13.082,19
9,sse,healthy,227,5479.962,13.082,18
9,sse,healthy,228,5503.271,13.082,18
9,sse,healthy,229,5526.467,13.082,17
9,sse,healthy,230,5549.876,13.082,19
9,sse,healthy,231,5573.151,13.082,18
9,sse,healthy,232,5596.105,13.082,13
10,sse,healthy,0,170.941,12.545,16
10,sse,healthy,1,193.777,12.545,19
10,sse,healthy,2,216.912,12.545,16
10,sse,healthy,3,239.985,12.545,19
10,sse,healthy,4,263.188,12.545,16
10,sse,healthy,5,286.082,12.545,17
10,sse,healthy,6,309.216,12.545,18
10,sse,healthy,7,332.391,12.545,18
10,sse,healthy,8,355.275,12.545,15
10,sse,healthy,9,378.359,12.545,19
10,sse,healthy,10,401.597,12.545,17
10,sse,healthy,11,424.542,12.545,19
10,sse,healthy,12,447.579,12.545,16
10,sse,healthy,13,470.936,12.545,17
10,sse,healthy,14,494.231,12.545,15
10,sse,healthy,15,517.177,12.545,14
10,sse,healthy,16,540.352,12.545,14
10,sse,healthy,17,563.535,12.545,19
10,sse,healthy,18,586.544,12.545,14
10,sse,healthy,19,609.783,12.545,21
10,sse,healthy,20,632.721,12.545,19
10,sse,healthy,21,655.838,12.545,18
10,sse,healthy,22,678.894,12.545,17
10,sse,healthy,23,701.849,12.545,19
10,sse,healthy,24,725.148,12.545,20
10,sse,healthy,25,748.601,12.545,19
10,sse,healthy,26,771.568,12.545,18
10,sse,healthy,27,794.593,12.545,13
10,sse,healthy,28,817.714,12.545,16
10,sse,healthy,29,840.759,12.545,19
10,sse,healthy,30,863.756,12.545,13
10,sse,healthy,31,887.175,12.545,16
10,sse,healthy,32,910.143,12.545,18
10,sse,healthy,33,933.118,12.545,18
10,sse,healthy,34,956.109,12.545,18
10,sse,healthy,35,979.207,12.545,15
10,sse,healthy,36,1002.226,12.545,16
10,sse,healthy,37,1025.133,12.545,18
10,sse,healthy,38,1048.103,12.545,17
10,sse,healthy,39,1071.210,12.545,18
10,sse,healthy,40,1094.196,12.545,17
10,sse,healthy,41,1117.216,12.545,19
10,sse,healthy,42,1140.227,12.545,16
10,sse,healthy,43,1163.261,12.545,19
10,sse,healthy,44,1186.961,12.545,16
10,sse,healthy,45,1210.276,12.545,17
10,sse,healthy,46,1233.405,12.545,13
10,sse,healthy,47,1256.492,12.545,16
10,sse,healthy,48,1279.321,12.545,17
10,sse,healthy,49,1302.642,12.545,19
10,sse,healthy,50,1325.457,12.545,16
10,sse,healthy,51,1348.514,12.545,18
10,sse,healthy,52,1371.664,12.545,18
10,sse,healthy,53,1394.780,12.545,20
10,sse,healthy,54,1417.963,12.545,18
10,sse,healthy,55,1441.133,12.545,17
10,sse,healthy,56,1463.986,12.545,17
10,sse,healthy,57,1487.057,12.545,18
10,sse,healthy,58,1510.173,12.545,16
10,sse,healthy,59,1534.618,12.545,18
10,sse,healthy,60,1558.582,12.545,16
10,sse,healthy,61,1581.609,12.545,19
10,sse,healthy,62,1605.154,12.545,16
10,sse,healthy,63,1628.322,12.545,19
10,sse,healthy,64,1651.486,12.545,16
10,sse,healthy,65,1674.788,12.545,13
10,sse,healthy,66,1697.914,12.545,18
10,sse,healthy,67,1720.783,12.545,19
10,sse,healthy,68,1744.490,12.545,17
10,sse,healthy,69,1767.341,12.545,17
10,sse,healthy,70,1790.018,12.545,17
10,sse,healthy,71,1813.461,12.545,18
10,sse,healthy,72,1836.616,12.545,16
10,sse,healthy,73,1859.782,12.545,15
10,sse,healthy,74,1883.014,12.545,17
10,sse,healthy,75,1906.038,12.545,13
10,sse,healthy,76,1928.950,12.545,17
10,sse,healthy,77,1951.932,12.545,21
10,sse,healthy,78,1975.115,12.545,20
10,sse,healthy,79,1998.339,12.545,13
10,sse,healthy,80,2021.218,12.545,18
10,sse,healthy,81,2044.124,12.545,17
10,sse,healthy,82,2067.326,12.545,19
10,sse,healthy,83,2090.268,12.545,21
10,sse,healthy,84,2113.548,12.545,17
10,sse,healthy,85,2136.411,12.545,18
10,sse,healthy,86,2159.418,12.545,17
10,sse,healthy,87,2183.021,12.545,21
10,sse,healthy,88,2206.298,12.545,14
10,sse,healthy,89,2229.309,12.545,15
10,sse,healthy,90,2252.482,12.545,16
10,sse,healthy,91,2275.656,12.545,16
10,sse,healthy,92,2298.502,12.545,20
10,sse,healthy,93,2321.450,12.545,18
10,sse,healthy,94,2344.760,12.545,17
10,sse,healthy,95,2367.751,12.545,19
10,sse,healthy,96,2390.792,12.545,15
10,sse,healthy,97,2414.087,12.545,15
10,sse,healthy,98,2437.483,12.545,15
10,sse,healthy,99,2461.145,12.545,16
10,sse,healthy,100,2484.618,12.545,14
10,sse,healthy,101,2507.919,12.545,14
10,sse,healthy,102,2531.035,12.545,15
10,sse,healthy,103,2554.152,12.545,19
10,sse,healthy,104,2577.272,12.545,13
10,sse,healthy,105,2600.411,12.545,17
10,sse,healthy,106,2623.382,12.545,18
10,sse,healthy,107,2646.462,12.545,17
10,sse,healthy,108,2669.287,12.545,13
10,sse,healthy,109,2692.312,12.545,13
10,sse,healthy,110,2715.331,12.545,21
10,sse,healthy,111,2738.868,12.545,18
10,sse,healthy,112,2761.764,12.545,20
10,sse,healthy,113,2784.575,12.545,17
10,sse,healthy,114,2807.862,12.545,16
10,sse,healthy,115,2830.903,12.545,13
10,sse,healthy,116,2854.005,12.545,15
10,sse,healthy,117,2877.188,12.545,13
10,sse,healthy,118,2900.238,12.545,13
10,sse,healthy,119,2923.350,12.545,20
10,sse,healthy,120,2946.800,12.545,16
10,sse,healthy,121,2969.805,12.545,18
10,sse,healthy,122,2993.049,12.545,14
10,sse,healthy,123,3016.182,12.545,16
10,sse,healthy,124,3039.087,12.545,18
10,sse,healthy,125,3062.330,12.545,17
10,sse,healthy,126,3085.843,12.545,16
10,sse,healthy,127,3109.187,12.545,17
10,sse,healthy,128,3132.095,12.545,16
10,sse,healthy,129,3155.052,12.545,16
10,sse,healthy,130,3178.602,12.545,19
10,sse,healthy,131,3201.805,12.545,18
10,sse,healthy,132,3224.528,12.545,15
10,sse,healthy,133,3248.012,12.545,16
10,sse,healthy,134,3271.153,12.545,13
10,sse,healthy,135,3294.101,12.545,18
10,sse,healthy,136,3317.099,12.545,17
10,sse,healthy,137,3340.022,12.545,18
10,sse,healthy,138,3363.123,12.545,19
10,sse,healthy,139,3386.336,12.545,21
10,sse,healthy,140,3409.327,12.545,13
10,sse,healthy,141,3432.356,12.545,18
10,sse,healthy,142,3455.234,12.545,19
10,sse,healthy,143,3478.281,12.545,16
10,sse,healthy,144,3501.208,12.545,18
10,sse,healthy,145,3524.234,12.545,20
10,sse,healthy,146,3547.450,12.545,18
10,sse,healthy,147,3570.672,12.545,14
10,sse,healthy,148,3593.720,12.545,14
10,sse,healthy,149,3617.142,12.545,18
10,sse,healthy,150,3640.000,12.545,13
10,sse,healthy,151,3662.904,12.545,17
10,sse,healthy,152,3685.902,12.545,17
10,sse,healthy,153,3708.788,12.545,13
10,sse,healthy,154,3732.083,12.545,18
10,sse,healthy,155,3755.206,12.545,17
10,sse,healthy,156,3777.950,12.545,19
10,sse,healthy,157,3801.174,12.545,18
10,sse,healthy,158,3824.214,12.545,19
10,sse,healthy,159,3847.294,12.545,18
10,sse,healthy,160,3870.463,12.545,18
10,sse,healthy,161,3893.856,12.545,20
10,sse,healthy,162,3916.988,12.545,16
10,sse,healthy,163,3939.971,12.545,19
10,sse,healthy,164,3963.032,12.545,17
10,sse,healthy,165,3986.262,12.545,18
10,sse,healthy,166,4009.304,12.545,18
10,sse,healthy,167,4032.449,12.545,19
10,sse,healthy,168,4055.522,12.545,16
10,sse,healthy,169,4078.645,12.545,19
10,sse,healthy,170,4101.779,12.545,16
10,sse,healthy,171,4125.028,12.545,16
10,sse,healthy,172,4148.131,12.545,16
10,sse,healthy,173,4171.305,12.545,20
10,sse,healthy,174,4194.923,12.545,19
10,sse,healthy,175,4218.429,12.545,18
10,sse,healthy,176,4241.627,12.545,18
10,sse,healthy,177,4264.689,12.545,19
10,sse,healthy,178,4287.785,12.545,18
10,sse,healthy,179,4310.844,12.545,13
10,sse,healthy,180,4333.876,12.545,17
10,sse,healthy,181,4357.017,12.545,17
10,sse,healthy,182,4380.087,12.545,16
10,sse,healthy,183,4403.473,12.545,17
10,sse,healthy,184,4426.500,12.545,17
10,sse,healthy,185,4449.685,12.545,17
10,sse,healthy,186,4473.099,12.545,15
10,sse,healthy,187,4495.960,12.545,19
10,sse,healthy,188,4519.082,12.545,13
10,sse,healthy,189,4542.320,12.545,17
10,sse,healthy,190,4565.483,12.545,19
10,sse,healthy,191,4588.864,12.545,18
10,sse,healthy,192,4612.210,12.545,17
10,sse,healthy,193,4635.423,12.545,18
10,sse,healthy,194,4658.840,12.545,19
10,sse,healthy,195,4682.339,12.545,16
10,sse,healthy,196,4705.616,12.545,17
10,sse,healthy,197,4728.962,12.545,18
10,sse,healthy,198,4752.259,12.545,17
10,sse,healthy,199,4775.013,12.545,17
10,sse,healthy,200,4798.443,12.545,19
10,sse,healthy,201,4821.613,12.545,18
10,sse,healthy,202,4844.937,12.545,18
10,sse,healthy,203,4868.143,12.545,18
10,sse,healthy,204,4891.440,12.545,17
10,sse,healthy,205,4914.775,12.545,19
10,sse,healthy,206,4937.796,12.545,19
10,sse,healthy,207,4961.066,12.545,18
10,sse,healthy,208,4984.257,12.545,17
10,sse,healthy,209,5007.451,12.545,17
10,sse,healthy,210,5030.579,12.545,19
10,sse,healthy,211,5053.812,12.545,17
10,sse,healthy,212,5076.987,12.545,18
10,sse,healthy,213,5100.169,12.545,16
10,sse,healthy,214,5123.626,12.545,17
10,sse,healthy,215,5146.634,12.545,15
10,sse,healthy,216,5169.862,12.545,14
10,sse,healthy,217,5193.596,12.545,14
10,sse,healthy,218,5216.834,12.545,19
10,sse,healthy,219,5240.140,12.545,15
11,sse,healthy,0,183.228,12.488,15
11,sse,healthy,1,206.272,12.488,16
11,sse,healthy,2,229.650,12.488,20
11,sse,healthy,3,252.456,12.488,14
11,sse,healthy,4,275.738,12.488,17
11,sse,healthy,5,298.600,12.488,15
11,sse,healthy,6,321.862,12.488,17
11,sse,healthy,7,344.680,12.488,17
11,sse,healthy,8,367.573,12.488,13
11,sse,healthy,9,390.812,12.488,15
11,sse,healthy,10,413.773,12.488,21
11,sse,healthy,11,436.850,12.488,16
11,sse,healthy,12,459.811,12.488,19
11,sse,healthy,13,483.353,12.488,16
11,sse,healthy,14,506.289,12.488,15
11,sse,healthy,15,529.243,12.488,16
11,sse,healthy,16,552.187,12.488,16
11,sse,healthy,17,575.612,12.488,16
11,sse,healthy,18,598.469,12.488,18
11,sse,healthy,19,621.869,12.488,17
11,sse,healthy,20,644.885,12.488,15
11,sse,healthy,21,667.794,12.488,15
11,sse,healthy,22,690.903,12.488,13
11,sse,healthy,23,713.982,12.488,19
11,sse,healthy,24,737.075,12.488,19
11,sse,healthy,25,760.033,12.488,17
11,sse,healthy,26,783.243,12.488,21
11,sse,healthy,27,806.505,12.488,18
11,sse,healthy,28,829.721,12.488,17
11,sse,healthy,29,853.037,12.488,16
11,sse,healthy,30,876.156,12.488,14
11,sse,healthy,31,899.323,12.488,15
11,sse,healthy,32,922.745,12.488,17
11,sse,healthy,33,945.997,12.488,17
11,sse,healthy,34,969.265,12.488,19
11,sse,healthy,35,992.400,12.488,18
11,sse,healthy,36,1015.327,12.488,18
11,sse,healthy,37,1038.279,12.488,19
11,sse,healthy,38,1061.176,12.488,17
11,sse,healthy,39,1084.395,12.488,15
11,sse,healthy,40,1107.206,12.488,15
11,sse,healthy,41,1130.334,12.488,20
11,sse,healthy,42,1153.319,12.488,20
11,sse,healthy,43,1176.361,12.488,13
11,sse,healthy,44,1199.279,12.488,14
11,sse,healthy,45,1222.317,12.488,15
11,sse,healthy,46,1245.349,12.488,18
11,sse,healthy,47,1268.400,12.488,21
11,sse,healthy,48,1291.398,12.488,16
11,sse,healthy,49,1314.564,12.488,19
11,sse,healthy,50,1337.813,12.488,16
11,sse,healthy,51,1360.590,12.488,16
11,sse,healthy,52,1383.504,12.488,16
11,sse,healthy,53,1406.489,12.488,16
11,sse,healthy,54,1429.461,12.488,16
11,sse,healthy,55,1452.472,12.488,19
11,sse,healthy,56,1475.906,12.488,18
11,sse,healthy,57,1498.696,12.488,16
11,sse,healthy,58,1521.626,12.488,14
11,sse,healthy,59,1544.782,12.488,15
11,sse,healthy,60,1567.595,12.488,18
11,sse,healthy,61,1591.048,12.488,17
11,sse,healthy,62,1614.208,12.488,15
11,sse,healthy,63,1637.202,12.488,20
11,sse,healthy,64,1660.610,12.488,20
11,sse,healthy,65,1683.596,12.488,16
11,sse,healthy,66,1706.383,12.488,16
11,sse,healthy,67,1729.355,12.488,17
11,sse,healthy,68,1752.351,12.488,17
11,sse,healthy,69,1775.517,12.488,16
11,sse,healthy,70,1798.716,12.488,19
11,sse,healthy,71,1821.672,12.488,19
11,sse,healthy,72,1844.709,12.488,18
11,sse,healthy,73,1867.724,12.488,19
11,sse,healthy,74,1890.643,12.488,19
11,sse,healthy,75,1914.118,12.488,18
11,sse,healthy,76,1937.340,12.488,18
11,sse,healthy,77,1960.769,12.488,18
11,sse,healthy,78,1984.025,12.488,15
11,sse,healthy,79,2006.896,12.488,14
11,sse,healthy,80,2029.973,12.488,15
11,sse,healthy,81,2053.138,12.488,16
11,sse,healthy,82,2075.839,12.488,13
12,sse,healthy,0,241.139,21.859,13
12,sse,healthy,1,265.323,21.859,14
12,sse,healthy,2,288.391,21.859,16
12,sse,healthy,3,311.338,21.859,14
12,sse,healthy,4,334.282,21.859,16
12,sse,healthy,5,357.128,21.859,19
12,sse,healthy,6,380.500,21.859,19
12,sse,healthy,7,403.205,21.859,16
12,sse,healthy,8,426.319,21.859,17
12,sse,healthy,9,449.348,21.859,20
12,sse,healthy,10,472.287,21.859,18
12,sse,healthy,11,495.485,21.859,18
12,sse,healthy,12,518.504,21.859,17
12,sse,healthy,13,541.712,21.859,14
12,sse,healthy,14,564.870,21.859,15
12,sse,healthy,15,588.013,21.859,13
12,sse,healthy,16,611.260,21.859,16
12,sse,healthy,17,634.200,21.859,18
12,sse,healthy,18,657.080,21.859,19
12,sse,healthy,19,680.042,21.859,20
12,sse,healthy,20,703.108,21.859,18
12,sse,healthy,21,726.127,21.859,19
12,sse,healthy,22,749.447,21.859,19
12,sse,healthy,23,772.658,21.859,16
12,sse,healthy,24,795.522,21.859,16
12,sse,healthy,25,819.079,21.859,16
12,sse,healthy,26,842.339,21.859,15
12,sse,healthy,27,865.403,21.859,13
12,sse,healthy,28,888.683,21.859,19
12,sse,healthy,29,911.916,21.859,17
12,sse,healthy,30,934.761,21.859,17
12,sse,healthy,31,957.788,21.859,18
12,sse,healthy,32,980.829,21.859,18
12,sse,healthy,33,1004.060,21.859,19
12,sse,healthy,34,1027.162,21.859,13
13,sse,healthy,0,168.041,12.209,14
13,sse,healthy,1,190.551,12.209,16
13,sse,healthy,2,213.472,12.209,18
13,sse,healthy,3,236.521,12.209,13
13,sse,healthy,4,259.571,12.209,17
13,sse,healthy,5,282.592,12.209,21
13,sse,healthy,6,305.754,12.209,14
13,sse,healthy,7,329.258,12.209,15
13,sse,healthy,8,352.168,12.209,13
13,sse,healthy,9,375.395,12.209,13
13,sse,healthy,10,398.360,12.209,15
13,sse,healthy,11,421.291,12.209,13
13,sse,healthy,12,444.563,12.209,13
13,sse,healthy,13,467.751,12.209,16
13,sse,healthy,14,490.874,12.209,16
13,sse,healthy,15,514.070,12.209,15
13,sse,healthy,16,536.928,12.209,13
13,sse,healthy,17,559.894,12.209,19
13,sse,healthy,18,582.750,12.209,18
13,sse,healthy,19,605.511,12.209,19
13,sse,healthy,20,628.505,12.209,19
13,sse,healthy,21,651.933,12.209,18
13,sse,healthy,22,675.220,12.209,18
13,sse,healthy,23,698.092,12.209,19
13,sse,healthy,24,721.332,12.209,16
13,sse,healthy,25,744.136,12.209,13
13,sse,healthy,26,767.769,12.209,16
13,sse,healthy,27,790.891,12.209,15
13,sse,healthy,28,814.057,12.209,13
13,sse,healthy,29,837.079,12.209,19
13,sse,healthy,30,860.010,12.209,17
13,sse,healthy,31,882.977,12.209,21
13,sse,healthy,32,905.907,12.209,19
13,sse,healthy,33,928.942,12.209,18
13,sse,healthy,34,952.105,12.209,18
13,sse,healthy,35,975.279,12.209,16
13,sse,healthy,36,998.385,12.209,17
13,sse,healthy,37,1021.217,12.209,14
13,sse,healthy,38,1044.642,12.209,17
13,sse,healthy,39,1067.562,12.209,16
13,sse,healthy,40,1090.487,12.209,16
13,sse,healthy,41,1113.714,12.209,17
13,sse,healthy,42,1136.635,12.209,17
13,sse,healthy,43,1159.781,12.209,17
13,sse,healthy,44,1182.889,12.209,17
13,sse,healthy,45,1205.864,12.209,19
13,sse,healthy,46,1229.142,12.209,18
13,sse,healthy,47,1252.260,12.209,16
13,sse,healthy,48,1275.354,12.209,16
13,sse,healthy,49,1298.085,12.209,15
13,sse,healthy,50,1321.051,12.209,13
13,sse,healthy,51,1343.833,12.209,19
13,sse,healthy,52,1366.749,12.209,17
13,sse,healthy,53,1389.465,12.209,17
13,sse,healthy,54,1412.603,12.209,18
13,sse,healthy,55,1435.497,12.209,18
13,sse,healthy,56,1458.696,12.209,17
13,sse,healthy,57,1481.895,12.209,17
13,sse,healthy,58,1504.914,12.209,19
13,sse,healthy,59,1527.869,12.209,17
13,sse,healthy,60,1551.056,12.209,17
13,sse,healthy,61,1573.906,12.209,13
13,sse,healthy,62,1597.002,12.209,19
13,sse,healthy,63,1619.915,12.209,16
13,sse,healthy,64,1642.896,12.209,17
13,sse,healthy,65,1666.014,12.209,19
13,sse,healthy,66,1689.113,12.209,16
13,sse,healthy,67,1712.160,12.209,18
13,sse,healthy,68,1735.145,12.209,17
13,sse,healthy,69,1758.275,12.209,17
13,sse,healthy,70,1781.728,12.209,17
13,sse,healthy,71,1804.989,12.209,19
13,sse,healthy,72,1828.073,12.209,17
13,sse,healthy,73,1851.048,12.209,20
13,sse,healthy,74,1873.913,12.209,13
13,sse,healthy,75,1897.360,12.209,16
13,sse,healthy,76,1920.271,12.209,18
13,sse,healthy,77,1943.265,12.209,19
13,sse,healthy,78,1966.145,12.209,17
13,sse,healthy,79,1989.374,12.209,18
13,sse,healthy,80,2012.448,12.209,16
13,sse,healthy,81,2035.417,12.209,21
13,sse,healthy,82,2058.381,12.209,18
13,sse,healthy,83,2081.818,12.209,16
13,sse,healthy,84,2104.604,12.209,18
13,sse,healthy,85,2127.658,12.209,19
13,sse,healthy,86,2150.566,12.209,13
13,sse,healthy,87,2173.708,12.209,18
13,sse,healthy,88,2196.955,12.209,17
13,sse,healthy,89,2220.031,12.209,17
13,sse,healthy,90,2242.846,12.209,18
13,sse,healthy,91,2265.885,12.209,19
13,sse,healthy,92,2289.310,12.209,18
13,sse,healthy,93,2312.351,12.209,18
13,sse,healthy,94,2335.467,12.209,17
13,sse,healthy,95,2358.259,12.209,20
13,sse,healthy,96,2381.492,12.209,19
13,sse,healthy,97,2404.339,12.209,18
13,sse,healthy,98,2427.283,12.209,19
13,sse,healthy,99,2450.251,12.209,19
13,sse,healthy,100,2473.515,12.209,13
13,sse,healthy,101,2496.532,12.209,16
13,sse,healthy,102,2519.450,12.209,19
13,sse,healthy,103,2542.531,12.209,13
13,sse,healthy,104,2565.534,12.209,19
13,sse,healthy,105,2588.735,12.209,18
13,sse,healthy,106,2611.552,12.209,16
13,sse,healthy,107,2634.590,12.209,15
13,sse,healthy,108,2657.569,12.209,13
13,sse,healthy,109,2680.582,12.209,19
13,sse,healthy,110,2703.888,12.209,21
13,sse,healthy,111,2726.742,12.209,18
13,sse,healthy,112,2749.746,12.209,17
13,sse,healthy,113,2773.299,12.209,18
13,sse,healthy,114,2819.561,12.209,17
13,sse,healthy,115,2842.479,12.209,15
13,sse,healthy,116,2865.404,12.209,18
13,sse,healthy,117,2888.482,12.209,15
13,sse,healthy,118,2911.406,12.209,15
13,sse,healthy,119,2934.734,12.209,17
13,sse,healthy,120,2957.681,12.209,20
13,sse,healthy,121,2980.926,12.209,16
13,sse,healthy,122,3005.103,12.209,18
13,sse,healthy,123,3028.622,12.209,19
13,sse,healthy,124,3051.762,12.209,18
13,sse,healthy,125,3074.830,12.209,18
13,sse,healthy,126,3097.948,12.209,18
13,sse,healthy,127,3121.030,12.209,17
13,sse,healthy,128,3144.095,12.209,13
13,sse,healthy,129,3167.493,12.209,14
13,sse,healthy,130,3190.492,12.209,17
13,sse,healthy,131,3213.475,12.209,15
13,sse,healthy,132,3236.762,12.209,15
13,sse,healthy,133,3259.871,12.209,13
13,sse,healthy,134,3282.912,12.209,19
13,sse,healthy,135,3305.998,12.209,21
13,sse,healthy,136,3329.339,12.209,18
13,sse,healthy,137,3352.294,12.209,18
13,sse,healthy,138,3375.438,12.209,17
13,sse,healthy,139,3398.404,12.209,17
13,sse,healthy,140,3421.748,12.209,13
13,sse,healthy,141,3444.806,12.209,15
13,sse,healthy,142,3468.073,12.209,13
13,sse,healthy,143,3491.347,12.209,16
13,sse,healthy,144,3514.663,12.209,18
13,sse,healthy,145,3537.668,12.209,19
13,sse,healthy,146,3560.593,12.209,19
13,sse,healthy,147,3583.528,12.209,17
13,sse,healthy,148,3606.619,12.209,13
13,sse,healthy,149,3629.807,12.209,20
13,sse,healthy,150,3653.492,12.209,17
13,sse,healthy,151,3676.577,12.209,18
13,sse,healthy,152,3699.806,12.209,19
13,sse,healthy,153,3723.137,12.209,18
13,sse,healthy,154,3746.111,12.209,17
13,sse,healthy,155,3769.530,12.209,17
13,sse,healthy,156,3793.097,12.209,17
13,sse,healthy,157,3816.326,12.209,13
13,sse,healthy,158,3839.853,12.209,19
13,sse,healthy,159,3862.916,12.209,21
13,sse,healthy,160,3886.144,12.209,19
13,sse,healthy,161,3909.144,12.209,18
13,sse,healthy,162,3932.382,12.209,16
13,sse,healthy,163,3955.588,12.209,19
13,sse,healthy,164,3978.882,12.209,16
13,sse,healthy,165,4001.824,12.209,13
14,sse,healthy,0,223.118,14.067,13
14,sse,healthy,1,246.818,14.067,16
14,sse,healthy,2,269.960,14.067,19
14,sse,healthy,3,293.077,14.067,18
14,sse,healthy,4,316.125,14.067,18
14,sse,healthy,5,339.274,14.067,21
14,sse,healthy,6,362.066,14.067,15
14,sse,healthy,7,385.163,14.067,15
14,sse,healthy,8,408.141,14.067,17
14,sse,healthy,9,431.099,14.067,19
14,sse,healthy,10,454.187,14.067,18
14,sse,healthy,11,477.411,14.067,18
14,sse,healthy,12,500.334,14.067,19
14,sse,healthy,13,523.299,14.067,18
14,sse,healthy,14,546.248,14.067,18
14,sse,healthy,15,569.328,14.067,19
14,sse,healthy,16,592.197,14.067,14
14,sse,healthy,17,615.361,14.067,17
14,sse,healthy,18,638.313,14.067,15
14,sse,healthy,19,661.315,14.067,17
14,sse,healthy,20,684.588,14.067,17
14,sse,healthy,21,707.361,14.067,17
14,sse,healthy,22,730.392,14.067,13
14,sse,healthy,23,753.913,14.067,15
14,sse,healthy,24,777.074,14.067,13
14,sse,healthy,25,800.302,14.067,14
14,sse,healthy,26,823.200,14.067,15
14,sse,healthy,27,846.165,14.067,16
14,sse,healthy,28,869.072,14.067,18
14,sse,healthy,29,892.087,14.067,21
14,sse,healthy,30,915.073,14.067,19
14,sse,healthy,31,938.067,14.067,16
14,sse,healthy,32,961.303,14.067,20
14,sse,healthy,33,984.310,14.067,18
14,sse,healthy,34,1007.340,14.067,16
14,sse,healthy,35,1030.261,14.067,17
14,sse,healthy,36,1053.216,14.067,17
14,sse,healthy,37,1076.234,14.067,17
14,sse,healthy,38,1099.436,14.067,19
14,sse,healthy,39,1122.342,14.067,18
14,sse,healthy,40,1145.575,14.067,16
14,sse,healthy,41,1168.653,14.067,17
14,sse,healthy,42,1192.095,14.067,21
14,sse,healthy,43,1215.091,14.067,16
14,sse,healthy,44,1237.946,14.067,18
14,sse,healthy,45,1261.031,14.067,18
14,sse,healthy,46,1284.299,14.067,13
15,sse,healthy,0,214.936,12.882,16
15,sse,healthy,1,238.717,12.882,19
15,sse,healthy,2,261.717,12.882,18
15,sse,healthy,3,284.593,12.882,17
15,sse,healthy,4,307.570,12.882,20
15,sse,healthy,5,330.583,12.882,21
15,sse,healthy,6,353.729,12.882,17
15,sse,healthy,7,376.882,12.882,19
15,sse,healthy,8,400.173,12.882,21
15,sse,healthy,9,423.251,12.882,19
15,sse,healthy,10,446.451,12.882,18
15,sse,healthy,11,469.685,12.882,17
15,sse,healthy,12,492.881,12.882,19
15,sse,healthy,13,515.692,12.882,17
15,sse,healthy,14,538.792,12.882,17
15,sse,healthy,15,561.793,12.882,18
15,sse,healthy,16,584.708,12.882,13
15,sse,healthy,17,607.777,12.882,17
15,sse,healthy,18,630.920,12.882,16
15,sse,healthy,19,654.249,12.882,18
15,sse,healthy,20,677.228,12.882,18
15,sse,healthy,21,700.354,12.882,16
15,sse,healthy,22,723.528,12.882,18
15,sse,healthy,23,746.428,12.882,16
15,sse,healthy,24,769.635,12.882,18
15,sse,healthy,25,792.801,12.882,19
15,sse,healthy,26,815.804,12.882,13
16,sse,healthy,0,143.524,7.708,15
16,sse,healthy,1,165.912,7.708,16
16,sse,healthy,2,188.756,7.708,20
16,sse,healthy,3,211.771,7.708,14
16,sse,healthy,4,234.832,7.708,17
16,sse,healthy,5,257.760,7.708,15
16,sse,healthy,6,280.562,7.708,17
16,sse,healthy,7,303.762,7.708,17
16,sse,healthy,8,327.214,7.708,13
16,sse,healthy,9,349.935,7.708,15
16,sse,healthy,10,372.864,7.708,15
16,sse,healthy,11,395.707,7.708,21
16,sse,healthy,12,418.796,7.708,16
16,sse,healthy,13,441.805,7.708,16
16,sse,healthy,14,464.757,7.708,18
16,sse,healthy,15,487.871,7.708,19
16,sse,healthy,16,510.869,7.708,13
16,sse,healthy,17,534.289,7.708,14
16,sse,healthy,18,557.408,7.708,19
16,sse,healthy,19,580.547,7.708,16
16,sse,healthy,20,603.796,7.708,16
16,sse,healthy,21,626.947,7.708,16
16,sse,healthy,22,650.644,7.708,18
16,sse,healthy,23,673.418,7.708,18
16,sse,healthy,24,696.524,7.708,20
16,sse,healthy,25,719.539,7.708,17
16,sse,healthy,26,742.484,7.708,18
16,sse,healthy,27,765.618,7.708,17
16,sse,healthy,28,788.623,7.708,18
16,sse,healthy,29,812.018,7.708,20
16,sse,healthy,30,834.862,7.708,18
16,sse,healthy,31,858.005,7.708,16
16,sse,healthy,32,881.000,7.708,15
16,sse,healthy,33,904.372,7.708,13
16,sse,healthy,34,927.165,7.708,19
16,sse,healthy,35,950.392,7.708,16
16,sse,healthy,36,973.280,7.708,13
16,sse,healthy,37,996.514,7.708,21
16,sse,healthy,38,1019.699,7.708,17
16,sse,healthy,39,1042.640,7.708,18
16,sse,healthy,40,1065.651,7.708,19
16,sse,healthy,41,1088.684,7.708,18
16,sse,healthy,42,1111.796,7.708,19
16,sse,healthy,43,1135.122,7.708,20
16,sse,healthy,44,1158.271,7.708,18
16,sse,healthy,45,1181.147,7.708,18
16,sse,healthy,46,1204.384,7.708,14
16,sse,healthy,47,1227.201,7.708,15
16,sse,healthy,48,1250.218,7.708,20
16,sse,healthy,49,1273.097,7.708,22
16,sse,healthy,50,1296.288,7.708,16
16,sse,healthy,51,1319.288,7.708,18
16,sse,healthy,52,1342.473,7.708,19
16,sse,healthy,53,1365.371,7.708,16
16,sse,healthy,54,1388.321,7.708,19
16,sse,healthy,55,1411.367,7.708,20
16,sse,healthy,56,1434.209,7.708,20
16,sse,healthy,57,1457.406,7.708,18
16,sse,healthy,58,1480.341,7.708,18
16,sse,healthy,59,1503.305,7.708,14
16,sse,healthy,60,1526.308,7.708,17
16,sse,healthy,61,1549.319,7.708,15
16,sse,healthy,62,1572.716,7.708,17
16,sse,healthy,63,1595.737,7.708,13
16,sse,healthy,64,1618.962,7.708,19
16,sse,healthy,65,1642.197,7.708,18
16,sse,healthy,66,1665.145,7.708,17
16,sse,healthy,67,1688.364,7.708,19
16,sse,healthy,68,1711.262,7.708,19
16,sse,healthy,69,1734.110,7.708,18
16,sse,healthy,70,1757.206,7.708,17
16,sse,healthy,71,1780.413,7.708,20
16,sse,healthy,72,1803.371,7.708,19
16,sse,healthy,73,1826.396,7.708,14
16,sse,healthy,74,1849.391,7.708,15
16,sse,healthy,75,1872.292,7.708,19
16,sse,healthy,76,1895.295,7.708,14
16,sse,healthy,77,1918.273,7.708,15
16,sse,healthy,78,1941.445,7.708,18
16,sse,healthy,79,1964.449,7.708,18
16,sse,healthy,80,1987.450,7.708,16
16,sse,healthy,81,2010.894,7.708,17
16,sse,healthy,82,2033.682,7.708,20
16,sse,healthy,83,2056.937,7.708,19
16,sse,healthy,84,2079.932,7.708,19
16,sse,healthy,85,2102.863,7.708,13
16,sse,healthy,86,2125.766,7.708,17
16,sse,healthy,87,2149.232,7.708,17
16,sse,healthy,88,2171.959,7.708,13
16,sse,healthy,89,2194.930,7.708,15
16,sse,healthy,90,2217.990,7.708,13
17,sse,healthy,0,171.486,12.439,13
17,sse,healthy,1,193.739,12.439,14
17,sse,healthy,2,216.736,12.439,16
17,sse,healthy,3,239.920,12.439,14
17,sse,healthy,4,262.770,12.439,16
17,sse,healthy,5,285.679,12.439,19
17,sse,healthy,6,309.189,12.439,19
17,sse,healthy,7,332.125,12.439,16
17,sse,healthy,8,355.550,12.439,17
17,sse,healthy,9,378.498,12.439,20
17,sse,healthy,10,402.006,12.439,18
17,sse,healthy,11,424.876,12.439,18
17,sse,healthy,12,447.863,12.439,17
17,sse,healthy,13,471.061,12.439,14
17,sse,healthy,14,494.170,12.439,15
17,sse,healthy,15,517.056,12.439,13
17,sse,healthy,16,539.888,12.439,18
17,sse,healthy,17,563.040,12.439,19
17,sse,healthy,18,586.111,12.439,19
17,sse,healthy,19,609.458,12.439,19
17,sse,healthy,20,632.305,12.439,20
17,sse,healthy,21,655.251,12.439,18
17,sse,healthy,22,678.299,12.439,17
17,sse,healthy,23,701.508,12.439,20
17,sse,healthy,24,724.399,12.439,19
17,sse,healthy,25,747.644,12.439,18
17,sse,healthy,26,770.831,12.439,17
17,sse,healthy,27,793.966,12.439,17
17,sse,healthy,28,816.877,12.439,16
17,sse,healthy,29,839.754,12.439,19
17,sse,healthy,30,862.659,12.439,16
17,sse,healthy,31,885.665,12.439,13
18,sse,healthy,0,231.796,12.801,14
18,sse,healthy,1,246.543,12.801,16
18,sse,healthy,2,269.472,12.801,18
18,sse,healthy,3,292.652,12.801,13
18,sse,healthy,4,315.748,12.801,17
18,sse,healthy,5,338.687,12.801,21
18,sse,healthy,6,361.748,12.801,14
18,sse,healthy,7,384.938,12.801,15
18,sse,healthy,8,408.251,12.801,13
18,sse,healthy,9,431.331,12.801,13
18,sse,healthy,10,455.135,12.801,15
18,sse,healthy,11,478.512,12.801,13
18,sse,healthy,12,502.506,12.801,13
18,sse,healthy,13,525.498,12.801,16
18,sse,healthy,14,548.498,12.801,16
18,sse,healthy,15,571.438,12.801,15
18,sse,healthy,16,594.392,12.801,13
18,sse,healthy,17,617.692,12.801,19
18,sse,healthy,18,640.751,12.801,19
18,sse,healthy,19,663.791,12.801,18
18,sse,healthy,20,686.670,12.801,18
18,sse,healthy,21,709.738,12.801,18
18,sse,healthy,22,732.646,12.801,19
18,sse,healthy,23,755.672,12.801,16
18,sse,healthy,24,778.870,12.801,19
18,sse,healthy,25,801.871,12.801,16
18,sse,healthy,26,824.756,12.801,13
18,sse,healthy,27,848.163,12.801,16
18,sse,healthy,28,871.003,12.801,15
18,sse,healthy,29,894.011,12.801,13
18,sse,healthy,30,916.971,12.801,19
18,sse,healthy,31,939.942,12.801,17
18,sse,healthy,32,962.999,12.801,21
18,sse,healthy,33,986.349,12.801,16
18,sse,healthy,34,1009.571,12.801,17
18,sse,healthy,35,1032.439,12.801,14
18,sse,healthy,36,1055.368,12.801,17
18,sse,healthy,37,1078.399,12.801,19
18,sse,healthy,38,1101.325,12.801,18
18,sse,healthy,39,1124.402,12.801,16
18,sse,healthy,40,1147.464,12.801,16
18,sse,healthy,41,1170.669,12.801,17
18,sse,healthy,42,1193.567,12.801,17
18,sse,healthy,43,1216.865,12.801,17
18,sse,healthy,44,1240.210,12.801,17
18,sse,healthy,45,1262.956,12.801,18
18,sse,healthy,46,1286.144,12.801,19
18,sse,healthy,47,1309.076,12.801,16
18,sse,healthy,48,1332.123,12.801,16
18,sse,healthy,49,1355.127,12.801,16
18,sse,healthy,50,1378.130,12.801,17
18,sse,healthy,51,1401.181,12.801,18
18,sse,healthy,52,1424.315,12.801,17
18,sse,healthy,53,1447.758,12.801,17
18,sse,healthy,54,1470.783,12.801,17
18,sse,healthy,55,1494.209,12.801,15
18,sse,healthy,56,1517.300,12.801,16
18,sse,healthy,57,1540.052,12.801,17
18,sse,healthy,58,1563.327,12.801,17
18,sse,healthy,59,1586.211,12.801,13
18,sse,healthy,60,1609.222,12.801,14
18,sse,healthy,61,1632.174,12.801,17
18,sse,healthy,62,1655.486,12.801,14
18,sse,healthy,63,1678.697,12.801,17
18,sse,healthy,64,1701.670,12.801,16
18,sse,healthy,65,1725.147,12.801,16
18,sse,healthy,66,1748.528,12.801,17
18,sse,healthy,67,1772.039,12.801,17
18,sse,healthy,68,1795.191,12.801,18
18,sse,healthy,69,1818.255,12.801,16
18,sse,healthy,70,1841.322,12.801,16
18,sse,healthy,71,1864.541,12.801,17
18,sse,healthy,72,1887.651,12.801,13
18,sse,healthy,73,1911.029,12.801,17
18,sse,healthy,74,1934.217,12.801,17
18,sse,healthy,75,1957.145,12.801,18
18,sse,healthy,76,1980.350,12.801,19
18,sse,healthy,77,2003.650,12.801,18
18,sse,healthy,78,2026.455,12.801,17
18,sse,healthy,79,2049.444,12.801,17
18,sse,healthy,80,2072.470,12.801,20
18,sse,healthy,81,2095.435,12.801,16
18,sse,healthy,82,2118.537,12.801,19
18,sse,healthy,83,2141.862,12.801,18
18,sse,healthy,84,2164.707,12.801,18
18,sse,healthy,85,2188.136,12.801,16
18,sse,healthy,86,2211.035,12.801,15
18,sse,healthy,87,2234.315,12.801,13
18,sse,healthy,88,2257.585,12.801,19
18,sse,healthy,89,2280.230,12.801,13
18,sse,healthy,90,2303.269,12.801,18
18,sse,healthy,91,2326.466,12.801,19
18,sse,healthy,92,2349.340,12.801,17
18,sse,healthy,93,2372.398,12.801,18
18,sse,healthy,94,2395.745,12.801,16
18,sse,healthy,95,2418.587,12.801,18
18,sse,healthy,96,2441.601,12.801,17
18,sse,healthy,97,2465.040,12.801,13
18,sse,healthy,98,2488.282,12.801,19
18,sse,healthy,99,2511.258,12.801,16
18,sse,healthy,100,2534.293,12.801,19
18,sse,healthy,101,2557.236,12.801,16
18,sse,healthy,102,2580.172,12.801,18
18,sse,healthy,103,2603.267,12.801,17
18,sse,healthy,104,2626.315,12.801,20
18,sse,healthy,105,2649.673,12.801,18
18,sse,healthy,106,2672.665,12.801,20
18,sse,healthy,107,2695.552,12.801,17
18,sse,healthy,108,2718.820,12.801,20
18,sse,healthy,109,2742.190,12.801,17
18,sse,healthy,110,2765.206,12.801,17
18,sse,healthy,111,2788.311,12.801,13
18,sse,healthy,112,2811.237,12.801,14
18,sse,healthy,113,2834.112,12.801,15
18,sse,healthy,114,2857.541,12.801,19
18,sse,healthy,115,2880.325,12.801,17
18,sse,healthy,116,2903.589,12.801,20
18,sse,healthy,117,2926.567,12.801,19
18,sse,healthy,118,2949.541,12.801,20
18,sse,healthy,119,2972.548,12.801,16
18,sse,healthy,120,2996.066,12.801,19
18,sse,healthy,121,3019.030,12.801,18
18,sse,healthy,122,3041.880,12.801,18
18,sse,healthy,123,3064.923,12.801,14
18,sse,healthy,124,3087.945,12.801,13
18,sse,healthy,125,3111.065,12.801,18
18,sse,healthy,126,3134.149,12.801,20
18,sse,healthy,127,3157.219,12.801,17
18,sse,healthy,128,3180.283,12.801,19
18,sse,healthy,129,3203.273,12.801,13
18,sse,healthy,130,3226.370,12.801,21
18,sse,healthy,131,3249.375,12.801,18
18,sse,healthy,132,3272.335,12.801,16
18,sse,healthy,133,3295.360,12.801,18
18,sse,healthy,134,3318.444,12.801,21
18,sse,healthy,135,3341.471,12.801,14
18,sse,healthy,136,3364.442,12.801,13
18,sse,healthy,137,3387.460,12.801,15
18,sse,healthy,138,3411.013,12.801,14
18,sse,healthy,139,3434.170,12.801,15
18,sse,healthy,140,3457.501,12.801,15
18,sse,healthy,141,3480.341,12.801,19
18,sse,healthy,142,3504.193,12.801,13
18,sse,healthy,143,3527.250,12.801,17
18,sse,healthy,144,3550.220,12.801,19
18,sse,healthy,145,3573.658,12.801,17
18,sse,healthy,146,3596.674,12.801,18
18,sse,healthy,147,3619.736,12.801,19
18,sse,healthy,148,3642.697,12.801,19
18,sse,healthy,149,3666.081,12.801,18
18,sse,healthy,150,3689.058,12.801,18
18,sse,healthy,151,3712.333,12.801,16
18,sse,healthy,152,3735.414,12.801,15
18,sse,healthy,153,3758.650,12.801,19
18,sse,healthy,154,3781.769,12.801,13
18,sse,healthy,155,3804.969,12.801,19
18,sse,healthy,156,3827.945,12.801,18
18,sse,healthy,157,3851.415,12.801,17
18,sse,healthy,158,3874.363,12.801,13
18,sse,healthy,159,3897.442,12.801,14
18,sse,healthy,160,3920.692,12.801,16
18,sse,healthy,161,3943.817,12.801,19
18,sse,healthy,162,3966.874,12.801,18
18,sse,healthy,163,3990.494,12.801,17
18,sse,healthy,164,4013.715,12.801,13
18,sse,healthy,165,4037.172,12.801,14
18,sse,healthy,166,4060.013,12.801,13
18,sse,healthy,167,4083.070,12.801,19
18,sse,healthy,168,4106.105,12.801,16
18,sse,healthy,169,4129.445,12.801,17
18,sse,healthy,170,4152.447,12.801,19
18,sse,healthy,171,4175.788,12.801,16
18,sse,healthy,172,4198.974,12.801,18
18,sse,healthy,173,4221.928,12.801,17
18,sse,healthy,174,4245.290,12.801,16
18,sse,healthy,175,4268.220,12.801,18
18,sse,healthy,176,4291.175,12.801,17
18,sse,healthy,177,4314.440,12.801,20
18,sse,healthy,178,4337.740,12.801,19
18,sse,healthy,179,4360.697,12.801,13
18,sse,healthy,180,4383.789,12.801,17
18,sse,healthy,181,4406.916,12.801,17
18,sse,healthy,182,4430.157,12.801,14
18,sse,healthy,183,4453.761,12.801,15
18,sse,healthy,184,4477.363,12.801,20
18,sse,healthy,185,4500.869,12.801,18
18,sse,healthy,186,4524.398,12.801,18
18,sse,healthy,187,4547.506,12.801,16
18,sse,healthy,188,4570.975,12.801,19
18,sse,healthy,189,4594.002,12.801,19
18,sse,healthy,190,4617.216,12.801,19
18,sse,healthy,191,4640.392,12.801,18
18,sse,healthy,192,4663.899,12.801,18
18,sse,healthy,193,4686.938,12.801,13
18,sse,healthy,194,4710.175,12.801,15
18,sse,healthy,195,4733.394,12.801,16
18,sse,healthy,196,4756.621,12.801,18
18,sse,healthy,197,4779.962,12.801,13
18,sse,healthy,198,4803.429,12.801,17
18,sse,healthy,199,4826.434,12.801,13
18,sse,healthy,200,4849.987,12.801,15
18,sse,healthy,201,4873.192,12.801,13
18,sse,healthy,202,4896.464,12.801,13
18,sse,healthy,203,4919.819,12.801,17
18,sse,healthy,204,4943.058,12.801,21
18,sse,healthy,205,4966.088,12.801,14
18,sse,healthy,206,4989.982,12.801,16
18,sse,healthy,207,5013.487,12.801,18
18,sse,healthy,208,5036.448,12.801,16
18,sse,healthy,209,5059.668,12.801,21
18,sse,healthy,210,5083.115,12.801,17
18,sse,healthy,211,5106.328,12.801,18
18,sse,healthy,212,5129.464,12.801,18
18,sse,healthy,213,5154.693,12.801,19
18,sse,healthy,214,5178.053,12.801,17
18,sse,healthy,215,5201.362,12.801,19
18,sse,healthy,216,5224.638,12.801,18
18,sse,healthy,217,5247.945,12.801,14
18,sse,healthy,218,5271.208,12.801,13
18,sse,healthy,219,5294.485,12.801,14
18,sse,healthy,220,5317.864,12.801,17
18,sse,healthy,221,5341.190,12.801,16
18,sse,healthy,222,5364.527,12.801,19
18,sse,healthy,223,5387.862,12.801,17
18,sse,healthy,224,5411.305,12.801,17
18,sse,healthy,225,5435.425,12.801,18
18,sse,healthy,226,5458.730,12.801,18
18,sse,healthy,227,5482.310,12.801,17
18,sse,healthy,228,5505.857,12.801,19
18,sse,healthy,229,5529.135,12.801,18
18,sse,healthy,230,5552.337,12.801,13
18,sse,healthy,231,5575.636,12.801,15
18,sse,healthy,232,5598.984,12.801,17
18,sse,healthy,233,5622.454,12.801,17
18,sse,healthy,234,5645.652,12.801,17
18,sse,healthy,235,5669.119,12.801,18
18,sse,healthy,236,5692.348,12.801,19
18,sse,healthy,237,5715.537,12.801,17
18,sse,healthy,238,5738.870,12.801,13
18,sse,healthy,239,5762.195,12.801,14
18,sse,healthy,240,5785.781,12.801,18
18,sse,healthy,241,5808.997,12.801,13
18,sse,healthy,242,5832.253,12.801,16
18,sse,healthy,243,5855.967,12.801,15
18,sse,healthy,244,5879.101,12.801,13
18,sse,healthy,245,5902.375,12.801,19
18,sse,healthy,246,5925.731,12.801,18
18,sse,healthy,247,5949.128,12.801,19
18,sse,healthy,248,5972.826,12.801,19
18,sse,healthy,249,5996.433,12.801,18
18,sse,healthy,250,6019.379,12.801,18
18,sse,healthy,251,6042.634,12.801,19
18,sse,healthy,252,6066.084,12.801,16
18,sse,healthy,253,6089.370,12.801,16
18,sse,healthy,254,6112.907,12.801,17
18,sse,healthy,255,6136.191,12.801,21
18,sse,healthy,256,6159.662,12.801,13
18,sse,healthy,257,6183.321,12.801,17
18,sse,healthy,258,6206.983,12.801,17
18,sse,healthy,259,6230.065,12.801,17
18,sse,healthy,260,6253.409,12.801,17
18,sse,healthy,261,6276.689,12.801,13
18,sse,healthy,262,6300.075,12.801,15
18,sse,healthy,263,6323.444,12.801,13
18,sse,healthy,264,6346.848,12.801,19
18,sse,healthy,265,6370.250,12.801,17
18,sse,healthy,266,6393.563,12.801,13
18,sse,healthy,267,6417.241,12.801,15
18,sse,healthy,268,6440.732,12.801,13
18,sse,healthy,269,6464.335,12.801,13
19,sse,healthy,0,170.571,12.149,14
19,sse,healthy,1,192.921,12.149,15
19,sse,healthy,2,216.026,12.149,18
19,sse,healthy,3,239.559,12.149,17
19,sse,healthy,4,262.395,12.149,19
19,sse,healthy,5,285.589,12.149,17
19,sse,healthy,6,308.751,12.149,18
19,sse,healthy,7,331.675,12.149,18
19,sse,healthy,8,354.758,12.149,18
19,sse,healthy,9,378.184,12.149,21
19,sse,healthy,10,401.038,12.149,15
19,sse,healthy,11,424.089,12.149,15
19,sse,healthy,12,447.265,12.149,17
19,sse,healthy,13,470.289,12.149,17
19,sse,healthy,14,493.743,12.149,13
19,sse,healthy,15,516.880,12.149,15
19,sse,healthy,16,539.636,12.149,13
19,sse,healthy,17,562.569,12.149,13
0,ws,healthy,0,204.652,4.978,16
0,ws,healthy,1,228.206,4.978,19
0,ws,healthy,2,251.222,4.978,17
0,ws,healthy,3,274.850,4.978,19
0,ws,healthy,4,298.204,4.978,19
0,ws,healthy,5,321.151,4.978,16
0,ws,healthy,6,344.534,4.978,17
0,ws,healthy,7,367.648,4.978,18
0,ws,healthy,8,390.855,4.978,17
0,ws,healthy,9,413.967,4.978,19
0,ws,healthy,10,437.239,4.978,17
0,ws,healthy,11,460.063,4.978,19
0,ws,healthy,12,483.438,4.978,21
0,ws,healthy,13,506.340,4.978,19
0,ws,healthy,14,529.305,4.978,18
0,ws,healthy,15,552.263,4.978,17
0,ws,healthy,16,575.216,4.978,17
0,ws,healthy,17,598.094,4.978,17
0,ws,healthy,18,621.256,4.978,13
0,ws,healthy,19,644.143,4.978,16
0,ws,healthy,20,667.116,4.978,19
0,ws,healthy,21,690.469,4.978,13
0,ws,healthy,22,713.506,4.978,17
0,ws,healthy,23,736.388,4.978,16
0,ws,healthy,24,759.407,4.978,18
0,ws,healthy,25,782.433,4.978,17
0,ws,healthy,26,805.509,4.978,18
0,ws,healthy,27,829.052,4.978,18
0,ws,healthy,28,852.103,4.978,17
0,ws,healthy,29,875.291,4.978,19
0,ws,healthy,30,898.099,4.978,16
0,ws,healthy,31,921.071,4.978,18
0,ws,healthy,32,944.317,4.978,17
0,ws,healthy,33,967.118,4.978,16
0,ws,healthy,34,990.235,4.978,19
0,ws,healthy,35,1013.260,4.978,17
0,ws,healthy,36,1036.199,4.978,19
0,ws,healthy,37,1059.304,4.978,17
0,ws,healthy,38,1082.056,4.978,14
0,ws,healthy,39,1104.918,4.978,14
0,ws,healthy,40,1127.951,4.978,19
0,ws,healthy,41,1150.813,4.978,16
0,ws,healthy,42,1173.723,4.978,18
0,ws,healthy,43,1196.941,4.978,18
0,ws,healthy,44,1219.838,4.978,20
0,ws,healthy,45,1242.749,4.978,16
0,ws,healthy,46,1266.593,4.978,19
0,ws,healthy,47,1289.649,4.978,17
0,ws,healthy,48,1313.022,4.978,18
0,ws,healthy,49,1336.076,4.978,18
0,ws,healthy,50,1358.771,4.978,16
0,ws,healthy,51,1381.886,4.978,18
0,ws,healthy,52,1404.862,4.978,20
0,ws,healthy,53,1427.785,4.978,19
0,ws,healthy,54,1450.731,4.978,18
0,ws,healthy,55,1473.760,4.978,19
0,ws,healthy,56,1497.025,4.978,16
0,ws,healthy,57,1520.184,4.978,13
0,ws,healthy,58,1543.267,4.978,19
0,ws,healthy,59,1566.163,4.978,19
0,ws,healthy,60,1589.670,4.978,16
0,ws,healthy,61,1613.649,4.978,18
0,ws,healthy,62,1636.562,4.978,19
0,ws,healthy,63,1659.504,4.978,17
0,ws,healthy,64,1682.572,4.978,18
0,ws,healthy,65,1705.744,4.978,17
0,ws,healthy,66,1728.973,4.978,13
0,ws,healthy,67,1752.400,4.978,17
0,ws,healthy,68,1775.696,4.978,19
0,ws,healthy,69,1799.014,4.978,18
0,ws,healthy,70,1822.060,4.978,17
0,ws,healthy,71,1845.101,4.978,18
0,ws,healthy,72,1867.881,4.978,19
0,ws,healthy,73,1890.811,4.978,20
0,ws,healthy,74,1913.897,4.978,16
0,ws,healthy,75,1936.873,4.978,19
0,ws,healthy,76,1959.907,4.978,16
0,ws,healthy,77,1982.948,4.978,14
0,ws,healthy,78,2006.100,4.978,18
0,ws,healthy,79,2029.405,4.978,19
0,ws,healthy,80,2052.298,4.978,18
0,ws,healthy,81,2075.162,4.978,19
0,ws,healthy,82,2098.563,4.978,16
0,ws,healthy,83,2121.448,4.978,17
0,ws,healthy,84,2144.482,4.978,17
0,ws,healthy,85,2167.427,4.978,13
0,ws,healthy,86,2190.761,4.978,15
0,ws,healthy,87,2213.600,4.978,13
0,ws,healthy,88,2236.733,4.978,19
0,ws,healthy,89,2259.592,4.978,13
0,ws,healthy,90,2282.635,4.978,15
0,ws,healthy,91,2306.124,4.978,13
0,ws,healthy,92,2329.236,4.978,13
0,ws,healthy,93,2352.155,4.978,16
0,ws,healthy,94,2375.179,4.978,19
0,ws,healthy,95,2398.178,4.978,17
0,ws,healthy,96,2421.079,4.978,17
0,ws,healthy,97,2444.245,4.978,19
0,ws,healthy,98,2467.095,4.978,17
0,ws,healthy,99,2490.435,4.978,17
0,ws,healthy,100,2513.211,4.978,20
0,ws,healthy,101,2536.322,4.978,17
0,ws,healthy,102,2559.756,4.978,19
0,ws,healthy,103,2583.139,4.978,17
0,ws,healthy,104,2606.281,4.978,16
0,ws,healthy,105,2629.300,4.978,17
0,ws,healthy,106,2652.162,4.978,17
0,ws,healthy,107,2675.222,4.978,19
0,ws,healthy,108,2698.415,4.978,16
0,ws,healthy,109,2721.506,4.978,17
0,ws,healthy,110,2744.477,4.978,17
0,ws,healthy,111,2767.447,4.978,18
0,ws,healthy,112,2790.512,4.978,16
0,ws,healthy,113,2814.022,4.978,18
0,ws,healthy,114,2837.057,4.978,17
0,ws,healthy,115,2859.888,4.978,18
0,ws,healthy,116,2882.930,4.978,18
0,ws,healthy,117,2905.938,4.978,19
0,ws,healthy,118,2929.031,4.978,16
0,ws,healthy,119,2952.141,4.978,19
0,ws,healthy,120,2975.146,4.978,17
0,ws,healthy,121,2998.513,4.978,13
0,ws,healthy,122,3021.685,4.978,17
0,ws,healthy,123,3044.926,4.978,17
0,ws,healthy,124,3067.989,4.978,18
0,ws,healthy,125,3091.093,4.978,18
0,ws,healthy,126,3114.124,4.978,17
0,ws,healthy,127,3137.201,4.978,19
0,ws,healthy,128,3160.147,4.978,16
0,ws,healthy,129,3183.226,4.978,19
0,ws,healthy,130,3206.394,4.978,17
0,ws,healthy,131,3229.349,4.978,19
0,ws,healthy,132,3252.516,4.978,13
0,ws,healthy,133,3276.365,4.978,17
0,ws,healthy,134,3299.528,4.978,17
0,ws,healthy,135,3323.137,4.978,17
0,ws,healthy,136,3345.937,4.978,19
0,ws,healthy,137,3369.056,4.978,18
0,ws,healthy,138,3392.341,4.978,18
0,ws,healthy,139,3415.404,4.978,18
0,ws,healthy,140,3438.389,4.978,17
0,ws,healthy,141,3461.173,4.978,13
1,ws,healthy,0,156.394,4.146,15
1,ws,healthy,1,178.805,4.146,16
1,ws,healthy,2,202.129,4.146,20
1,ws,healthy,3,225.365,4.146,14
1,ws,healthy,4,248.203,4.146,17
1,ws,healthy,5,270.977,4.146,15
1,ws,healthy,6,294.107,4.146,17
1,ws,healthy,7,317.127,4.146,17
1,ws,healthy,8,340.439,4.146,13
1,ws,healthy,9,363.507,4.146,15
1,ws,healthy,10,386.715,4.146,15
1,ws,healthy,11,410.146,4.146,16
1,ws,healthy,12,432.757,4.146,16
1,ws,healthy,13,455.825,4.146,17
1,ws,healthy,14,478.901,4.146,18
1,ws,healthy,15,502.033,4.146,21
1,ws,healthy,16,525.089,4.146,18
1,ws,healthy,17,548.187,4.146,18
1,ws,healthy,18,571.161,4.146,19
1,ws,healthy,19,594.087,4.146,17
1,ws,healthy,20,617.099,4.146,15
1,ws,healthy,21,640.352,4.146,14
1,ws,healthy,22,663.577,4.146,20
1,ws,healthy,23,686.561,4.146,13
1,ws,healthy,24,709.468,4.146,18
1,ws,healthy,25,732.704,4.146,16
1,ws,healthy,26,755.723,4.146,18
1,ws,healthy,27,779.178,4.146,19
1,ws,healthy,28,802.471,4.146,14
1,ws,healthy,29,825.644,4.146,17
1,ws,healthy,30,848.999,4.146,19
1,ws,healthy,31,871.971,4.146,21
1,ws,healthy,32,895.287,4.146,17
1,ws,healthy,33,918.398,4.146,17
1,ws,healthy,34,941.407,4.146,18
1,ws,healthy,35,964.706,4.146,17
1,ws,healthy,36,987.489,4.146,16
1,ws,healthy,37,1011.024,4.146,14
1,ws,healthy,38,1033.912,4.146,16
1,ws,healthy,39,1057.091,4.146,19
1,ws,healthy,40,1080.061,4.146,14
1,ws,healthy,41,1103.248,4.146,15
1,ws,healthy,42,1126.534,4.146,13
1,ws,healthy,43,1149.501,4.146,18
1,ws,healthy,44,1172.504,4.146,19
1,ws,healthy,45,1195.487,4.146,20
1,ws,healthy,46,1218.948,4.146,17
1,ws,healthy,47,1241.822,4.146,13
1,ws,healthy,48,1264.781,4.146,16
1,ws,healthy,49,1287.628,4.146,16
1,ws,healthy,50,1311.227,4.146,17
1,ws,healthy,51,1334.401,4.146,17
1,ws,healthy,52,1357.382,4.146,19
1,ws,healthy,53,1380.213,4.146,20
1,ws,healthy,54,1403.258,4.146,20
1,ws,healthy,55,1426.221,4.146,18
1,ws,healthy,56,1449.364,4.146,17
1,ws,healthy,57,1472.453,4.146,18
1,ws,healthy,58,1495.440,4.146,17
1,ws,healthy,59,1518.658,4.146,17
1,ws,healthy,60,1541.903,4.146,18
1,ws,healthy,61,1565.392,4.146,18
1,ws,healthy,62,1588.513,4.146,16
1,ws,healthy,63,1612.346,4.146,18
1,ws,healthy,64,1636.379,4.146,19
1,ws,healthy,65,1659.492,4.146,17
1,ws,healthy,66,1682.301,4.146,18
1,ws,healthy,67,1705.279,4.146,17
1,ws,healthy,68,1728.569,4.146,27
1,ws,healthy,69,1751.621,4.146,18
1,ws,healthy,70,1774.474,4.146,16
1,ws,healthy,71,1797.996,4.146,15
1,ws,healthy,72,1821.038,4.146,13
1,ws,healthy,73,1844.189,4.146,19
1,ws,healthy,74,1867.131,4.146,14
1,ws,healthy,75,1890.091,4.146,16
1,ws,healthy,76,1913.323,4.146,19
1,ws,healthy,77,1936.069,4.146,18
1,ws,healthy,78,1959.330,4.146,19
1,ws,healthy,79,1982.251,4.146,20
1,ws,healthy,80,2005.417,4.146,20
1,ws,healthy,81,2028.324,4.146,16
1,ws,healthy,82,2051.498,4.146,18
1,ws,healthy,83,2074.569,4.146,19
1,ws,healthy,84,2097.440,4.146,17
1,ws,healthy,85,2120.639,4.146,15
1,ws,healthy,86,2143.598,4.146,14
1,ws,healthy,87,2166.644,4.146,17
1,ws,healthy,88,2189.984,4.146,13
1,ws,healthy,89,2212.985,4.146,15
1,ws,healthy,90,2236.022,4.146,17
1,ws,healthy,91,2258.871,4.146,13
1,ws,healthy,92,2281.908,4.146,15
1,ws,healthy,93,2304.862,4.146,13
1,ws,healthy,94,2328.349,4.146,16
1,ws,healthy,95,2351.387,4.146,16
1,ws,healthy,96,2374.299,4.146,17
1,ws,healthy,97,2397.447,4.146,17
1,ws,healthy,98,2420.223,4.146,19
1,ws,healthy,99,2443.285,4.146,20
1,ws,healthy,100,2466.319,4.146,20
1,ws,healthy,101,2489.358,4.146,18
1,ws,healthy,102,2512.487,4.146,17
1,ws,healthy,103,2535.592,4.146,18
1,ws,healthy,104,2558.587,4.146,17
1,ws,healthy,105,2581.668,4.146,18
1,ws,healthy,106,2604.570,4.146,14
1,ws,healthy,107,2627.495,4.146,19
1,ws,healthy,108,2650.610,4.146,16
1,ws,healthy,109,2673.663,4.146,18
1,ws,healthy,110,2696.743,4.146,20
1,ws,healthy,111,2719.667,4.146,18
1,ws,healthy,112,2742.652,4.146,18
1,ws,healthy,113,2765.858,4.146,18
1,ws,healthy,114,2789.273,4.146,17
1,ws,healthy,115,2812.664,4.146,18
1,ws,healthy,116,2835.943,4.146,19
1,ws,healthy,117,2858.836,4.146,14
1,ws,healthy,118,2881.740,4.146,16
1,ws,healthy,119,2905.075,4.146,19
1,ws,healthy,120,2927.998,4.146,13
1,ws,healthy,121,2951.145,4.146,18
1,ws,healthy,122,2974.003,4.146,19
1,ws,healthy,123,2997.355,4.146,17
1,ws,healthy,124,3020.575,4.146,15
1,ws,healthy,125,3043.602,4.146,14
1,ws,healthy,126,3066.995,4.146,17
1,ws,healthy,127,3089.876,4.146,19
1,ws,healthy,128,3113.046,4.146,20
1,ws,healthy,129,3136.083,4.146,20
1,ws,healthy,130,3159.158,4.146,18
1,ws,healthy,131,3182.297,4.146,15
1,ws,healthy,132,3205.344,4.146,16
1,ws,healthy,133,3228.462,4.146,14
1,ws,healthy,134,3251.732,4.146,17
1,ws,healthy,135,3274.797,4.146,15
1,ws,healthy,136,3297.988,4.146,17
1,ws,healthy,137,3321.260,4.146,13
1,ws,healthy,138,3344.403,4.146,19
1,ws,healthy,139,3367.302,4.146,18
1,ws,healthy,140,3390.386,4.146,18
1,ws,healthy,141,3413.581,4.146,20
1,ws,healthy,142,3436.775,4.146,14
1,ws,healthy,143,3459.822,4.146,14
1,ws,healthy,144,3482.741,4.146,16
1,ws,healthy,145,3505.940,4.146,17
1,ws,healthy,146,3529.019,4.146,20
1,ws,healthy,147,3552.136,4.146,18
1,ws,healthy,148,3574.993,4.146,19
1,ws,healthy,149,3598.176,4.146,17
1,ws,healthy,150,3621.179,4.146,19
1,ws,healthy,151,3644.173,4.146,16
1,ws,healthy,152,3667.214,4.146,13
1,ws,healthy,153,3690.379,4.146,16
1,ws,healthy,154,3713.622,4.146,20
1,ws,healthy,155,3736.700,4.146,15
1,ws,healthy,156,3759.912,4.146,19
1,ws,healthy,157,3783.397,4.146,18
1,ws,healthy,158,3806.480,4.146,18
1,ws,healthy,159,3829.847,4.146,21
1,ws,healthy,160,3853.080,4.146,20
1,ws,healthy,161,3875.941,4.146,19
1,ws,healthy,162,3899.009,4.146,20
1,ws,healthy,163,3922.167,4.146,17
1,ws,healthy,164,3945.209,4.146,18
1,ws,healthy,165,3968.453,4.146,19
1,ws,healthy,166,3991.663,4.146,18
1,ws,healthy,167,4014.682,4.146,17
1,ws,healthy,168,4038.166,4.146,15
1,ws,healthy,169,4061.060,4.146,14
1,ws,healthy,170,4084.464,4.146,13
2,ws,healthy,0,152.128,4.009,13
2,ws,healthy,1,174.500,4.009,14
2,ws,healthy,2,197.843,4.009,16
2,ws,healthy,3,220.880,4.009,14
2,ws,healthy,4,244.071,4.009,16
2,ws,healthy,5,266.963,4.009,16
2,ws,healthy,6,290.057,4.009,18
2,ws,healthy,7,312.946,4.009,17
2,ws,healthy,8,336.079,4.009,16
2,ws,healthy,9,359.061,4.009,18
2,ws,healthy,10,381.981,4.009,20
2,ws,healthy,11,405.379,4.009,18
2,ws,healthy,12,428.512,4.009,19
2,ws,healthy,13,451.288,4.009,16
2,ws,healthy,14,474.377,4.009,13
2,ws,healthy,15,497.404,4.009,17
2,ws,healthy,16,520.522,4.009,17
2,ws,healthy,17,543.388,4.009,18
2,ws,healthy,18,566.373,4.009,19
2,ws,healthy,19,589.454,4.009,19
2,ws,healthy,20,612.527,4.009,19
2,ws,healthy,21,635.638,4.009,19
2,ws,healthy,22,658.687,4.009,16
2,ws,healthy,23,682.206,4.009,17
2,ws,healthy,24,705.275,4.009,20
2,ws,healthy,25,728.463,4.009,18
2,ws,healthy,26,751.516,4.009,18
2,ws,healthy,27,774.510,4.009,17
2,ws,healthy,28,797.858,4.009,17
2,ws,healthy,29,820.896,4.009,14
2,ws,healthy,30,843.849,4.009,14
2,ws,healthy,31,866.962,4.009,15
2,ws,healthy,32,890.006,4.009,19
2,ws,healthy,33,913.050,4.009,13
2,ws,healthy,34,936.057,4.009,17
2,ws,healthy,35,958.979,4.009,18
2,ws,healthy,36,982.101,4.009,17
2,ws,healthy,37,1004.954,4.009,13
2,ws,healthy,38,1028.300,4.009,14
2,ws,healthy,39,1051.124,4.009,13
2,ws,healthy,40,1074.097,4.009,18
2,ws,healthy,41,1097.285,4.009,17
2,ws,healthy,42,1120.282,4.009,15
2,ws,healthy,43,1143.285,4.009,16
2,ws,healthy,44,1166.244,4.009,16
2,ws,healthy,45,1189.197,4.009,19
2,ws,healthy,46,1212.594,4.009,15
2,ws,healthy,47,1235.741,4.009,16
2,ws,healthy,48,1258.727,4.009,20
2,ws,healthy,49,1281.543,4.009,19
2,ws,healthy,50,1304.666,4.009,16
2,ws,healthy,51,1327.635,4.009,21
2,ws,healthy,52,1350.627,4.009,17
2,ws,healthy,53,1373.592,4.009,18
2,ws,healthy,54,1397.006,4.009,18
2,ws,healthy,55,1419.994,4.009,17
2,ws,healthy,56,1443.068,4.009,18
2,ws,healthy,57,1466.098,4.009,21
2,ws,healthy,58,1489.030,4.009,19
2,ws,healthy,59,1512.063,4.009,21
2,ws,healthy,60,1535.121,4.009,18
2,ws,healthy,61,1558.293,4.009,17
2,ws,healthy,62,1581.201,4.009,17
2,ws,healthy,63,1604.543,4.009,14
2,ws,healthy,64,1627.437,4.009,16
2,ws,healthy,65,1650.472,4.009,19
2,ws,healthy,66,1673.642,4.009,19
2,ws,healthy,67,1696.731,4.009,16
2,ws,healthy,68,1720.381,4.009,17
2,ws,healthy,69,1743.317,4.009,18
2,ws,healthy,70,1766.281,4.009,14
2,ws,healthy,71,1789.769,4.009,14
2,ws,healthy,72,1812.569,4.009,16
2,ws,healthy,73,1835.759,4.009,14
2,ws,healthy,74,1858.916,4.009,16
2,ws,healthy,75,1882.200,4.009,16
2,ws,healthy,76,1905.511,4.009,18
2,ws,healthy,77,1928.308,4.009,19
2,ws,healthy,78,1951.389,4.009,20
2,ws,healthy,79,1974.322,4.009,18
2,ws,healthy,80,1997.317,4.009,19
2,ws,healthy,81,2020.589,4.009,19
2,ws,healthy,82,2043.368,4.009,18
2,ws,healthy,83,2066.442,4.009,16
2,ws,healthy,84,2089.528,4.009,21
2,ws,healthy,85,2112.750,4.009,19
2,ws,healthy,86,2135.667,4.009,13
2,ws,healthy,87,2158.706,4.009,16
2,ws,healthy,88,2181.578,4.009,19
2,ws,healthy,89,2204.842,4.009,18
2,ws,healthy,90,2228.008,4.009,13
2,ws,healthy,91,2251.052,4.009,18
2,ws,healthy,92,2273.923,4.009,16
2,ws,healthy,93,2296.857,4.009,17
2,ws,healthy,94,2319.834,4.009,17
2,ws,healthy,95,2342.865,4.009,19
2,ws,healthy,96,2366.009,4.009,21
2,ws,healthy,97,2388.902,4.009,20
2,ws,healthy,98,2412.197,4.009,18
2,ws,healthy,99,2435.143,4.009,13
2,ws,healthy,100,2458.225,4.009,19
2,ws,healthy,101,2481.131,4.009,18
2,ws,healthy,102,2503.985,4.009,17
2,ws,healthy,103,2527.068,4.009,18
2,ws,healthy,104,2550.123,4.009,18
2,ws,healthy,105,2573.103,4.009,18
2,ws,healthy,106,2596.052,4.009,17
2,ws,healthy,107,2619.557,4.009,20
2,ws,healthy,108,2642.328,4.009,18
2,ws,healthy,109,2665.312,4.009,18
2,ws,healthy,110,2688.988,4.009,18
2,ws,healthy,111,2712.072,4.009,19
2,ws,healthy,112,2735.133,4.009,18
2,ws,healthy,113,2758.118,4.009,18
2,ws,healthy,114,2781.120,4.009,18
2,ws,healthy,115,2804.250,4.009,19
2,ws,healthy,116,2827.076,4.009,16
2,ws,healthy,117,2850.360,4.009,13
3,ws,healthy,0,213.778,4.306,14
3,ws,healthy,1,237.580,4.306,16
3,ws,healthy,2,260.773,4.306,18
3,ws,healthy,3,283.617,4.306,13
3,ws,healthy,4,306.677,4.306,17
3,ws,healthy,5,330.117,4.306,21
3,ws,healthy,6,353.240,4.306,16
3,ws,healthy,7,376.146,4.306,16
3,ws,healthy,8,399.085,4.306,15
3,ws,healthy,9,422.100,4.306,13
3,ws,healthy,10,445.320,4.306,19
3,ws,healthy,11,468.317,4.306,18
3,ws,healthy,12,491.224,4.306,19
3,ws,healthy,13,514.229,4.306,19
3,ws,healthy,14,537.695,4.306,18
3,ws,healthy,15,560.887,4.306,18
3,ws,healthy,16,583.803,4.306,19
3,ws,healthy,17,606.721,4.306,16
3,ws,healthy,18,629.673,4.306,13
3,ws,healthy,19,652.840,4.306,18
3,ws,healthy,20,675.786,4.306,18
3,ws,healthy,21,698.745,4.306,17
3,ws,healthy,22,721.825,4.306,17
3,ws,healthy,23,744.926,4.306,13
3,ws,healthy,24,768.231,4.306,15
3,ws,healthy,25,791.686,4.306,13
3,ws,healthy,26,814.791,4.306,19
3,ws,healthy,27,838.045,4.306,17
3,ws,healthy,28,861.300,4.306,13
3,ws,healthy,29,884.129,4.306,15
3,ws,healthy,30,907.155,4.306,13
3,ws,healthy,31,930.407,4.306,13
3,ws,healthy,32,953.490,4.306,16
3,ws,healthy,33,976.659,4.306,15
3,ws,healthy,34,999.820,4.306,13
3,ws,healthy,35,1022.643,4.306,19
3,ws,healthy,36,1045.664,4.306,17
3,ws,healthy,37,1068.812,4.306,21
3,ws,healthy,38,1092.312,4.306,19
3,ws,healthy,39,1115.263,4.306,18
3,ws,healthy,40,1138.683,4.306,18
3,ws,healthy,41,1161.746,4.306,16
3,ws,healthy,42,1184.880,4.306,17
3,ws,healthy,43,1208.036,4.306,14
3,ws,healthy,44,1231.102,4.306,17
3,ws,healthy,45,1254.237,4.306,13
3,ws,healthy,46,1277.601,4.306,21
3,ws,healthy,47,1300.691,4.306,17
3,ws,healthy,48,1323.714,4.306,17
3,ws,healthy,49,1347.149,4.306,16
3,ws,healthy,50,1370.131,4.306,16
3,ws,healthy,51,1392.960,4.306,17
3,ws,healthy,52,1416.203,4.306,13
3,ws,healthy,53,1439.153,4.306,16
3,ws,healthy,54,1462.244,4.306,16
3,ws,healthy,55,1485.594,4.306,18
3,ws,healthy,56,1508.464,4.306,18
3,ws,healthy,57,1531.673,4.306,20
3,ws,healthy,58,1554.823,4.306,16
3,ws,healthy,59,1577.812,4.306,15
3,ws,healthy,60,1600.820,4.306,13
3,ws,healthy,61,1623.855,4.306,19
3,ws,healthy,62,1646.800,4.306,17
3,ws,healthy,63,1669.927,4.306,20
3,ws,healthy,64,1692.914,4.306,19
3,ws,healthy,65,1716.016,4.306,18
3,ws,healthy,66,1739.000,4.306,19
3,ws,healthy,67,1762.100,4.306,17
3,ws,healthy,68,1785.723,4.306,19
3,ws,healthy,69,1808.852,4.306,16
3,ws,healthy,70,1831.957,4.306,13
4,ws,healthy,0,148.530,3.759,14
4,ws,healthy,1,171.192,3.759,15
4,ws,healthy,2,194.174,3.759,18
4,ws,healthy,3,217.163,3.759,21
4,ws,healthy,4,240.529,3.759,15
4,ws,healthy,5,263.585,3.759,15
4,ws,healthy,6,286.540,3.759,17
4,ws,healthy,7,309.495,3.759,17
4,ws,healthy,8,332.410,3.759,19
4,ws,healthy,9,355.411,3.759,19
4,ws,healthy,10,378.262,3.759,17
4,ws,healthy,11,401.575,3.759,18
4,ws,healthy,12,424.420,3.759,18
4,ws,healthy,13,447.525,3.759,17
4,ws,healthy,14,470.544,3.759,19
4,ws,healthy,15,494.053,3.759,14
4,ws,healthy,16,516.886,3.759,18
4,ws,healthy,17,540.029,3.759,17
4,ws,healthy,18,563.018,3.759,14
4,ws,healthy,19,586.027,3.759,14
4,ws,healthy,20,609.073,3.759,16
4,ws,healthy,21,632.194,3.759,13
4,ws,healthy,22,655.161,3.759,14
4,ws,healthy,23,678.470,3.759,13
4,ws,healthy,24,701.603,3.759,17
4,ws,healthy,25,724.571,3.759,13
4,ws,healthy,26,747.986,3.759,15
4,ws,healthy,27,770.855,3.759,13
4,ws,healthy,28,793.846,3.759,13
5,ws,healthy,0,205.223,4.233,16
5,ws,healthy,1,229.321,4.233,19
5,ws,healthy,2,252.610,4.233,17
5,ws,healthy,3,275.436,4.233,19
5,ws,healthy,4,298.326,4.233,19
5,ws,healthy,5,321.560,4.233,16
5,ws,healthy,6,344.705,4.233,17
5,ws,healthy,7,367.650,4.233,18
5,ws,healthy,8,390.576,4.233,17
5,ws,healthy,9,413.412,4.233,18
5,ws,healthy,10,436.683,4.233,15
5,ws,healthy,11,459.900,4.233,14
5,ws,healthy,12,483.146,4.233,14
5,ws,healthy,13,506.061,4.233,19
5,ws,healthy,14,528.937,4.233,14
5,ws,healthy,15,552.015,4.233,16
5,ws,healthy,16,575.170,4.233,18
5,ws,healthy,17,598.124,4.233,18
5,ws,healthy,18,621.256,4.233,18
5,ws,healthy,19,644.404,4.233,18
5,ws,healthy,20,668.258,4.233,13
5,ws,healthy,21,691.246,4.233,16
5,ws,healthy,22,714.260,4.233,18
5,ws,healthy,23,737.190,4.233,18
5,ws,healthy,24,760.297,4.233,18
5,ws,healthy,25,783.810,4.233,17
5,ws,healthy,26,806.706,4.233,19
5,ws,healthy,27,829.679,4.233,18
5,ws,healthy,28,852.896,4.233,21
5,ws,healthy,29,875.995,4.233,19
5,ws,healthy,30,898.746,4.233,19
5,ws,healthy,31,921.834,4.233,18
5,ws,healthy,32,944.769,4.233,21
5,ws,healthy,33,967.745,4.233,17
5,ws,healthy,34,990.848,4.233,18
5,ws,healthy,35,1013.760,4.233,17
5,ws,healthy,36,1036.681,4.233,17
5,ws,healthy,37,1060.143,4.233,17
5,ws,healthy,38,1082.752,4.233,17
5,ws,healthy,39,1106.088,4.233,18
5,ws,healthy,40,1129.364,4.233,13
5,ws,healthy,41,1152.438,4.233,16
5,ws,healthy,42,1175.646,4.233,18
5,ws,healthy,43,1198.499,4.233,17
5,ws,healthy,44,1221.494,4.233,18
5,ws,healthy,45,1244.608,4.233,18
5,ws,healthy,46,1267.726,4.233,19
5,ws,healthy,47,1290.605,4.233,16
5,ws,healthy,48,1313.610,4.233,19
5,ws,healthy,49,1336.935,4.233,16
5,ws,healthy,50,1359.742,4.233,19
5,ws,healthy,51,1382.788,4.233,18
5,ws,healthy,52,1405.729,4.233,17
5,ws,healthy,53,1428.710,4.233,16
5,ws,healthy,54,1451.671,4.233,18
5,ws,healthy,55,1474.982,4.233,18
5,ws,healthy,56,1498.093,4.233,18
5,ws,healthy,57,1520.927,4.233,17
5,ws,healthy,58,1543.873,4.233,19
5,ws,healthy,59,1567.168,4.233,19
5,ws,healthy,60,1590.081,4.233,16
5,ws,healthy,61,1613.030,4.233,19
5,ws,healthy,62,1636.442,4.233,17
5,ws,healthy,63,1659.486,4.233,17
5,ws,healthy,64,1682.742,4.233,17
5,ws,healthy,65,1705.389,4.233,15
5,ws,healthy,66,1728.382,4.233,19
5,ws,healthy,67,1751.331,4.233,13
5,ws,healthy,68,1774.334,4.233,16
5,ws,healthy,69,1797.399,4.233,18
5,ws,healthy,70,1820.321,4.233,18
5,ws,healthy,71,1843.488,4.233,18
5,ws,healthy,72,1866.616,4.233,18
5,ws,healthy,73,1889.595,4.233,19
5,ws,healthy,74,1912.501,4.233,16
5,ws,healthy,75,1935.388,4.233,19
5,ws,healthy,76,1958.200,4.233,19
5,ws,healthy,77,1981.180,4.233,13
5,ws,healthy,78,2004.131,4.233,16
5,ws,healthy,79,2027.040,4.233,18
5,ws,healthy,80,2050.131,4.233,18
5,ws,healthy,81,2073.013,4.233,17
5,ws,healthy,82,2096.031,4.233,17
5,ws,healthy,83,2119.744,4.233,16
5,ws,healthy,84,2142.695,4.233,15
5,ws,healthy,85,2166.033,4.233,13
5,ws,healthy,86,2189.115,4.233,19
5,ws,healthy,87,2211.831,4.233,17
5,ws,healthy,88,2234.783,4.233,20
5,ws,healthy,89,2257.884,4.233,18
5,ws,healthy,90,2280.763,4.233,19
5,ws,healthy,91,2303.882,4.233,16
5,ws,healthy,92,2326.892,4.233,13
5,ws,healthy,93,2350.257,4.233,17
5,ws,healthy,94,2373.237,4.233,19
5,ws,healthy,95,2395.899,4.233,21
5,ws,healthy,96,2419.233,4.233,19
5,ws,healthy,97,2442.296,4.233,18
5,ws,healthy,98,2465.336,4.233,17
5,ws,healthy,99,2488.250,4.233,17
5,ws,healthy,100,2511.137,4.233,13
5,ws,healthy,101,2534.139,4.233,15
5,ws,healthy,102,2557.434,4.233,13
5,ws,healthy,103,2580.303,4.233,20
5,ws,healthy,104,2603.203,4.233,19
5,ws,healthy,105,2626.228,4.233,16
5,ws,healthy,106,2649.209,4.233,19
5,ws,healthy,107,2672.558,4.233,18
5,ws,healthy,108,2695.407,4.233,14
5,ws,healthy,109,2718.268,4.233,16
5,ws,healthy,110,2741.369,4.233,16
5,ws,healthy,111,2764.607,4.233,17
5,ws,healthy,112,2787.492,4.233,18
5,ws,healthy,113,2810.415,4.233,16
5,ws,healthy,114,2833.856,4.233,16
5,ws,healthy,115,2856.830,4.233,18
5,ws,healthy,116,2879.828,4.233,17
5,ws,healthy,117,2902.665,4.233,13
5,ws,healthy,118,2925.764,4.233,15
5,ws,healthy,119,2948.699,4.233,13
5,ws,healthy,120,2971.716,4.233,13
6,ws,healthy,0,204.496,3.867,15
6,ws,healthy,1,228.124,3.867,16
6,ws,healthy,2,251.037,3.867,20
6,ws,healthy,3,274.041,3.867,14
6,ws,healthy,4,296.992,3.867,17
6,ws,healthy,5,319.951,3.867,15
6,ws,healthy,6,343.260,3.867,17
6,ws,healthy,7,366.001,3.867,17
6,ws,healthy,8,389.199,3.867,13
6,ws,healthy,9,412.609,3.867,15
6,ws,healthy,10,435.570,3.867,15
6,ws,healthy,11,458.741,3.867,15
6,ws,healthy,12,481.845,3.867,14
6,ws,healthy,13,504.920,3.867,16
6,ws,healthy,14,527.952,3.867,16
6,ws,healthy,15,550.955,3.867,18
6,ws,healthy,16,574.102,3.867,19
6,ws,healthy,17,597.363,3.867,18
6,ws,healthy,18,620.428,3.867,19
6,ws,healthy,19,643.451,3.867,15
6,ws,healthy,20,666.899,3.867,16
6,ws,healthy,21,690.157,3.867,18
6,ws,healthy,22,712.991,3.867,19
6,ws,healthy,23,735.923,3.867,18
6,ws,healthy,24,759.039,3.867,18
6,ws,healthy,25,782.232,3.867,19
6,ws,healthy,26,805.153,3.867,17
6,ws,healthy,27,828.204,3.867,22
6,ws,healthy,28,851.631,3.867,13
6,ws,healthy,29,874.937,3.867,19
6,ws,healthy,30,897.760,3.867,18
6,ws,healthy,31,920.775,3.867,17
6,ws,healthy,32,943.981,3.867,19
6,ws,healthy,33,966.998,3.867,17
6,ws,healthy,34,990.020,3.867,20
6,ws,healthy,35,1012.992,3.867,18
6,ws,healthy,36,1036.138,3.867,19
6,ws,healthy,37,1059.187,3.867,17
6,ws,healthy,38,1082.229,3.867,19
6,ws,healthy,39,1105.518,3.867,16
6,ws,healthy,40,1128.888,3.867,13
7,ws,healthy,0,220.131,3.219,13
7,ws,healthy,1,243.847,3.219,14
7,ws,healthy,2,267.661,3.219,16
7,ws,healthy,3,290.183,3.219,14
7,ws,healthy,4,313.139,3.219,16
7,ws,healthy,5,336.057,3.219,16
7,ws,healthy,6,358.922,3.219,17
7,ws,healthy,7,381.844,3.219,16
7,ws,healthy,8,404.953,3.219,19
7,ws,healthy,9,427.950,3.219,18
7,ws,healthy,10,450.857,3.219,18
7,ws,healthy,11,474.083,3.219,19
7,ws,healthy,12,496.999,3.219,16
7,ws,healthy,13,520.005,3.219,13
7,ws,healthy,14,543.404,3.219,16
7,ws,healthy,15,566.095,3.219,17
7,ws,healthy,16,589.082,3.219,17
7,ws,healthy,17,612.097,3.219,18
7,ws,healthy,18,635.062,3.219,19
7,ws,healthy,19,658.091,3.219,19
7,ws,healthy,20,681.072,3.219,19
7,ws,healthy,21,704.343,3.219,19
7,ws,healthy,22,727.595,3.219,16
7,ws,healthy,23,750.421,3.219,17
7,ws,healthy,24,773.384,3.219,20
7,ws,healthy,25,796.350,3.219,18
7,ws,healthy,26,819.286,3.219,18
7,ws,healthy,27,842.297,3.219,14
7,ws,healthy,28,865.395,3.219,15
7,ws,healthy,29,888.499,3.219,20
7,ws,healthy,30,911.567,3.219,20
7,ws,healthy,31,934.471,3.219,14
7,ws,healthy,32,957.576,3.219,16
7,ws,healthy,33,980.845,3.219,17
7,ws,healthy,34,1004.126,3.219,13
7,ws,healthy,35,1027.266,3.219,15
7,ws,healthy,36,1050.477,3.219,13
7,ws,healthy,37,1073.409,3.219,13
8,ws,healthy,0,148.644,3.686,14
8,ws,healthy,1,171.602,3.686,16
8,ws,healthy,2,194.740,3.686,18
8,ws,healthy,3,217.988,3.686,13
8,ws,healthy,4,240.837,3.686,17
8,ws,healthy,5,263.771,3.686,21
8,ws,healthy,6,287.081,3.686,16
8,ws,healthy,7,310.078,3.686,16
8,ws,healthy,8,333.225,3.686,15
8,ws,healthy,9,356.183,3.686,13
8,ws,healthy,10,379.171,3.686,19
8,ws,healthy,11,402.214,3.686,18
8,ws,healthy,12,425.703,3.686,19
8,ws,healthy,13,448.607,3.686,19
8,ws,healthy,14,471.640,3.686,18
8,ws,healthy,15,494.762,3.686,18
8,ws,healthy,16,517.684,3.686,19
8,ws,healthy,17,540.850,3.686,16
8,ws,healthy,18,563.879,3.686,13
8,ws,healthy,19,587.034,3.686,17
8,ws,healthy,20,610.055,3.686,17
8,ws,healthy,21,633.364,3.686,17
8,ws,healthy,22,656.401,3.686,17
8,ws,healthy,23,679.435,3.686,13
8,ws,healthy,24,702.571,3.686,15
8,ws,healthy,25,725.516,3.686,13
8,ws,healthy,26,748.775,3.686,19
8,ws,healthy,27,771.786,3.686,17
8,ws,healthy,28,795.001,3.686,13
8,ws,healthy,29,817.850,3.686,15
8,ws,healthy,30,840.894,3.686,13
8,ws,healthy,31,864.526,3.686,13
8,ws,healthy,32,887.636,3.686,16
8,ws,healthy,33,910.813,3.686,17
8,ws,healthy,34,933.983,3.686,13
8,ws,healthy,35,957.115,3.686,19
8,ws,healthy,36,980.157,3.686,16
8,ws,healthy,37,1003.228,3.686,18
8,ws,healthy,38,1026.448,3.686,19
8,ws,healthy,39,1049.454,3.686,18
8,ws,healthy,40,1072.516,3.686,19
8,ws,healthy,41,1095.904,3.686,16
8,ws,healthy,42,1118.873,3.686,17
8,ws,healthy,43,1141.867,3.686,18
8,ws,healthy,44,1164.943,3.686,19
8,ws,healthy,45,1187.952,3.686,18
8,ws,healthy,46,1211.056,3.686,18
8,ws,healthy,47,1234.320,3.686,19
8,ws,healthy,48,1257.098,3.686,18
8,ws,healthy,49,1280.165,3.686,19
8,ws,healthy,50,1303.517,3.686,18
8,ws,healthy,51,1326.520,3.686,19
8,ws,healthy,52,1349.269,3.686,18
8,ws,healthy,53,1372.223,3.686,16
8,ws,healthy,54,1395.401,3.686,18
8,ws,healthy,55,1418.743,3.686,19
8,ws,healthy,56,1441.979,3.686,13
9,ws,healthy,0,150.894,3.688,14
9,ws,healthy,1,173.825,3.688,15
9,ws,healthy,2,196.731,3.688,18
9,ws,healthy,3,219.877,3.688,17
9,ws,healthy,4,242.674,3.688,17
9,ws,healthy,5,265.854,3.688,19
9,ws,healthy,6,288.930,3.688,18
9,ws,healthy,7,311.873,3.688,19
9,ws,healthy,8,335.221,3.688,18
9,ws,healthy,9,358.213,3.688,18
9,ws,healthy,10,381.499,3.688,17
9,ws,healthy,11,404.437,3.688,19
9,ws,healthy,12,427.757,3.688,19
9,ws,healthy,13,450.955,3.688,17
9,ws,healthy,14,474.277,3.688,17
9,ws,healthy,15,497.207,3.688,13
9,ws,healthy,16,520.357,3.688,15
9,ws,healthy,17,543.604,3.688,13
9,ws,healthy,18,566.529,3.688,13
9,ws,healthy,19,589.712,3.688,17
9,ws,healthy,20,612.724,3.688,13
9,ws,healthy,21,635.907,3.688,15
9,ws,healthy,22,659.063,3.688,13
9,ws,healthy,23,682.105,3.688,13
9,ws,healthy,24,705.135,3.688,18
9,ws,healthy,25,728.153,3.688,18
9,ws,healthy,26,751.525,3.688,18
9,ws,healthy,27,774.418,3.688,16
9,ws,healthy,28,797.398,3.688,18
9,ws,healthy,29,820.350,3.688,17
9,ws,healthy,30,843.451,3.688,14
9,ws,healthy,31,866.461,3.688,13
9,ws,healthy,32,889.545,3.688,14
9,ws,healthy,33,912.852,3.688,17
9,ws,healthy,34,935.649,3.688,16
9,ws,healthy,35,959.104,3.688,16
9,ws,healthy,36,981.930,3.688,14
9,ws,healthy,37,1004.933,3.688,16
9,ws,healthy,38,1027.867,3.688,13
9,ws,healthy,39,1050.796,3.688,18
9,ws,healthy,40,1073.780,3.688,18
9,ws,healthy,41,1097.198,3.688,17
9,ws,healthy,42,1119.948,3.688,19
9,ws,healthy,43,1143.259,3.688,19
9,ws,healthy,44,1166.183,3.688,20
9,ws,healthy,45,1189.097,3.688,17
9,ws,healthy,46,1212.158,3.688,18
9,ws,healthy,47,1235.072,3.688,19
9,ws,healthy,48,1258.056,3.688,18
9,ws,healthy,49,1281.067,3.688,21
9,ws,healthy,50,1304.044,3.688,14
9,ws,healthy,51,1327.097,3.688,16
9,ws,healthy,52,1350.125,3.688,14
9,ws,healthy,53,1373.117,3.688,17
9,ws,healthy,54,1396.647,3.688,16
9,ws,healthy,55,1419.954,3.688,19
9,ws,healthy,56,1443.040,3.688,17
9,ws,healthy,57,1466.396,3.688,15
9,ws,healthy,58,1489.606,3.688,15
9,ws,healthy,59,1512.580,3.688,14
9,ws,healthy,60,1535.666,3.688,13
9,ws,healthy,61,1558.538,3.688,18
9,ws,healthy,62,1581.568,3.688,19
9,ws,healthy,63,1604.540,3.688,19
9,ws,healthy,64,1627.617,3.688,19
9,ws,healthy,65,1650.669,3.688,15
9,ws,healthy,66,1673.963,3.688,21
9,ws,healthy,67,1697.539,3.688,15
9,ws,healthy,68,1720.633,3.688,15
9,ws,healthy,69,1744.995,3.688,18
9,ws,healthy,70,1768.216,3.688,16
9,ws,healthy,71,1791.315,3.688,17
9,ws,healthy,72,1814.392,3.688,19
9,ws,healthy,73,1837.366,3.688,18
9,ws,healthy,74,1860.444,3.688,18
9,ws,healthy,75,1883.659,3.688,18
9,ws,healthy,76,1906.613,3.688,18
9,ws,healthy,77,1929.773,3.688,19
9,ws,healthy,78,1953.215,3.688,19
9,ws,healthy,79,1976.231,3.688,20
9,ws,healthy,80,1999.088,3.688,21
9,ws,healthy,81,2022.284,3.688,18
9,ws,healthy,82,2045.128,3.688,16
9,ws,healthy,83,2068.085,3.688,15
9,ws,healthy,84,2091.280,3.688,14
9,ws,healthy,85,2114.040,3.688,16
9,ws,healthy,86,2137.249,3.688,15
9,ws,healthy,87,2160.427,3.688,15
9,ws,healthy,88,2183.344,3.688,14
9,ws,healthy,89,2206.347,3.688,19
9,ws,healthy,90,2229.273,3.688,15
9,ws,healthy,91,2252.204,3.688,14
9,ws,healthy,92,2275.292,3.688,16
9,ws,healthy,93,2298.174,3.688,15
9,ws,healthy,94,2321.226,3.688,14
9,ws,healthy,95,2344.334,3.688,15
9,ws,healthy,96,2367.278,3.688,17
9,ws,healthy,97,2390.365,3.688,15
10,ws,healthy,0,194.475,3.784,16
10,ws,healthy,1,218.155,3.784,19
10,ws,healthy,2,241.146,3.784,17
10,ws,healthy,3,263.907,3.784,19
10,ws,healthy,4,287.777,3.784,19
10,ws,healthy,5,310.624,3.784,16
10,ws,healthy,6,333.613,3.784,17
10,ws,healthy,7,356.566,3.784,19
10,ws,healthy,8,379.569,3.784,15
10,ws,healthy,9,402.498,3.784,14
10,ws,healthy,10,425.590,3.784,14
10,ws,healthy,11,448.673,3.784,19
10,ws,healthy,12,471.836,3.784,14
10,ws,healthy,13,494.877,3.784,21
10,ws,healthy,14,518.015,3.784,19
10,ws,healthy,15,541.611,3.784,18
10,ws,healthy,16,564.645,3.784,13
10,ws,healthy,17,588.045,3.784,16
10,ws,healthy,18,610.991,3.784,19
10,ws,healthy,19,634.183,3.784,13
10,ws,healthy,20,657.127,3.784,17
10,ws,healthy,21,680.127,3.784,16
10,ws,healthy,22,703.764,3.784,18
10,ws,healthy,23,726.875,3.784,17
10,ws,healthy,24,749.995,3.784,19
10,ws,healthy,25,772.879,3.784,17
10,ws,healthy,26,795.795,3.784,19
10,ws,healthy,27,818.811,3.784,16
10,ws,healthy,28,841.612,3.784,18
10,ws,healthy,29,864.634,3.784,18
10,ws,healthy,30,887.562,3.784,17
10,ws,healthy,31,910.603,3.784,18
10,ws,healthy,32,933.588,3.784,19
10,ws,healthy,33,956.561,3.784,17
10,ws,healthy,34,979.754,3.784,19
10,ws,healthy,35,1003.316,3.784,16
10,ws,healthy,36,1026.423,3.784,13
10,ws,healthy,37,1049.489,3.784,21
10,ws,healthy,38,1072.411,3.784,19
10,ws,healthy,39,1095.170,3.784,19
10,ws,healthy,40,1118.331,3.784,18
10,ws,healthy,41,1141.357,3.784,17
10,ws,healthy,42,1164.414,3.784,20
10,ws,healthy,43,1187.497,3.784,18
10,ws,healthy,44,1210.679,3.784,18
10,ws,healthy,45,1233.704,3.784,16
10,ws,healthy,46,1256.555,3.784,15
10,ws,healthy,47,1279.603,3.784,13
10,ws,healthy,48,1302.572,3.784,19
10,ws,healthy,49,1325.528,3.784,17
10,ws,healthy,50,1348.674,3.784,19
10,ws,healthy,51,1371.650,3.784,17
10,ws,healthy,52,1394.594,3.784,17
10,ws,healthy,53,1417.823,3.784,13
10,ws,healthy,54,1440.715,3.784,15
10,ws,healthy,55,1463.716,3.784,13
10,ws,healthy,56,1486.697,3.784,19
10,ws,healthy,57,1509.698,3.784,13
10,ws,healthy,58,1533.142,3.784,15
10,ws,healthy,59,1556.224,3.784,13
10,ws,healthy,60,1579.034,3.784,17
10,ws,healthy,61,1602.065,3.784,13
10,ws,healthy,62,1624.956,3.784,16
10,ws,healthy,63,1648.318,3.784,17
10,ws,healthy,64,1671.306,3.784,19
10,ws,healthy,65,1694.370,3.784,19
10,ws,healthy,66,1717.351,3.784,18
10,ws,healthy,67,1740.657,3.784,17
10,ws,healthy,68,1763.906,3.784,15
10,ws,healthy,69,1786.643,3.784,14
10,ws,healthy,70,1809.661,3.784,20
10,ws,healthy,71,1832.665,3.784,16
10,ws,healthy,72,1855.636,3.784,18
10,ws,healthy,73,1878.759,3.784,16
10,ws,healthy,74,1901.728,3.784,14
10,ws,healthy,75,1924.875,3.784,14
10,ws,healthy,76,1947.955,3.784,19
10,ws,healthy,77,1970.803,3.784,21
10,ws,healthy,78,1994.420,3.784,17
10,ws,healthy,79,2017.472,3.784,20
10,ws,healthy,80,2040.750,3.784,16
10,ws,healthy,81,2063.927,3.784,18
10,ws,healthy,82,2087.061,3.784,15
10,ws,healthy,83,2110.002,3.784,18
10,ws,healthy,84,2133.250,3.784,13
10,ws,healthy,85,2155.980,3.784,17
10,ws,healthy,86,2178.963,3.784,17
10,ws,healthy,87,2201.930,3.784,19
10,ws,healthy,88,2225.402,3.784,20
10,ws,healthy,89,2248.329,3.784,15
10,ws,healthy,90,2271.102,3.784,15
10,ws,healthy,91,2294.123,3.784,14
10,ws,healthy,92,2317.139,3.784,16
10,ws,healthy,93,2340.563,3.784,17
10,ws,healthy,94,2363.624,3.784,15
10,ws,healthy,95,2386.766,3.784,16
10,ws,healthy,96,2409.703,3.784,17
10,ws,healthy,97,2433.446,3.784,18
10,ws,healthy,98,2456.618,3.784,19
10,ws,healthy,99,2479.591,3.784,16
10,ws,healthy,100,2502.515,3.784,19
10,ws,healthy,101,2525.647,3.784,18
10,ws,healthy,102,2549.015,3.784,18
10,ws,healthy,103,2571.896,3.784,17
10,ws,healthy,104,2594.963,3.784,19
10,ws,healthy,105,2618.001,3.784,16
10,ws,healthy,106,2641.108,3.784,13
10,ws,healthy,107,2664.226,3.784,17
10,ws,healthy,108,2687.259,3.784,13
10,ws,healthy,109,2710.222,3.784,15
10,ws,healthy,110,2733.571,3.784,13
10,ws,healthy,111,2756.541,3.784,13
10,ws,healthy,112,2779.515,3.784,19
10,ws,healthy,113,2802.947,3.784,14
10,ws,healthy,114,2825.718,3.784,17
10,ws,healthy,115,2848.771,3.784,17
10,ws,healthy,116,2871.696,3.784,18
10,ws,healthy,117,2894.719,3.784,16
10,ws,healthy,118,2918.026,3.784,16
10,ws,healthy,119,2940.907,3.784,19
10,ws,healthy,120,2963.863,3.784,18
10,ws,healthy,121,2987.583,3.784,17
10,ws,healthy,122,3010.760,3.784,19
10,ws,healthy,123,3033.898,3.784,17
10,ws,healthy,124,3057.067,3.784,17
10,ws,healthy,125,3079.851,3.784,18
10,ws,healthy,126,3102.808,3.784,18
10,ws,healthy,127,3126.184,3.784,17
10,ws,healthy,128,3149.094,3.784,19
10,ws,healthy,129,3172.062,3.784,19
10,ws,healthy,130,3195.051,3.784,16
10,ws,healthy,131,3218.082,3.784,17
10,ws,healthy,132,3241.320,3.784,18
10,ws,healthy,133,3264.398,3.784,15
10,ws,healthy,134,3287.274,3.784,14
10,ws,healthy,135,3310.307,3.784,14
10,ws,healthy,136,3333.616,3.784,19
10,ws,healthy,137,3356.506,3.784,14
10,ws,healthy,138,3379.539,3.784,17
10,ws,healthy,139,3402.502,3.784,18
10,ws,healthy,140,3425.737,3.784,18
10,ws,healthy,141,3448.936,3.784,13
10,ws,healthy,142,3471.757,3.784,16
10,ws,healthy,143,3494.644,3.784,18
10,ws,healthy,144,3517.715,3.784,17
10,ws,healthy,145,3541.058,3.784,18
10,ws,healthy,146,3564.034,3.784,18
10,ws,healthy,147,3587.275,3.784,16
10,ws,healthy,148,3610.619,3.784,19
10,ws,healthy,149,3633.446,3.784,18
10,ws,healthy,150,3656.495,3.784,17
10,ws,healthy,151,3679.467,3.784,16
10,ws,healthy,152,3702.226,3.784,18
10,ws,healthy,153,3725.493,3.784,18
10,ws,healthy,154,3748.678,3.784,18
10,ws,healthy,155,3771.638,3.784,18
10,ws,healthy,156,3794.661,3.784,17
10,ws,healthy,157,3817.821,3.784,13
11,ws,healthy,0,164.305,3.567,15
11,ws,healthy,1,186.874,3.567,16
11,ws,healthy,2,209.789,3.567,20
11,ws,healthy,3,232.940,3.567,14
11,ws,healthy,4,255.836,3.567,17
11,ws,healthy,5,278.927,3.567,15
11,ws,healthy,6,301.928,3.567,17
11,ws,healthy,7,324.876,3.567,17
11,ws,healthy,8,347.911,3.567,13
11,ws,healthy,9,370.894,3.567,15
11,ws,healthy,10,394.039,3.567,15
11,ws,healthy,11,417.278,3.567,16
11,ws,healthy,12,440.694,3.567,15
11,ws,healthy,13,463.390,3.567,15
11,ws,healthy,14,486.496,3.567,14
11,ws,healthy,15,509.548,3.567,13
11,ws,healthy,16,532.645,3.567,15
11,ws,healthy,17,555.729,3.567,21
11,ws,healthy,18,578.649,3.567,19
11,ws,healthy,19,601.784,3.567,19
11,ws,healthy,20,624.839,3.567,18
11,ws,healthy,21,648.079,3.567,17
11,ws,healthy,22,670.871,3.567,18
11,ws,healthy,23,694.506,3.567,16
11,ws,healthy,24,717.408,3.567,18
11,ws,healthy,25,740.391,3.567,14
11,ws,healthy,26,763.543,3.567,16
11,ws,healthy,27,786.520,3.567,13
11,ws,healthy,28,809.740,3.567,18
11,ws,healthy,29,832.765,3.567,19
11,ws,healthy,30,855.782,3.567,13
12,ws,healthy,0,148.974,4.269,13
12,ws,healthy,1,171.354,4.269,14
12,ws,healthy,2,194.171,4.269,16
12,ws,healthy,3,216.847,4.269,14
12,ws,healthy,4,239.843,4.269,16
12,ws,healthy,5,262.987,4.269,16
12,ws,healthy,6,286.237,4.269,18
12,ws,healthy,7,309.094,4.269,18
12,ws,healthy,8,332.456,4.269,20
12,ws,healthy,9,355.474,4.269,17
12,ws,healthy,10,378.432,4.269,16
12,ws,healthy,11,401.704,4.269,18
12,ws,healthy,12,424.515,4.269,18
12,ws,healthy,13,447.599,4.269,18
12,ws,healthy,14,470.483,4.269,19
12,ws,healthy,15,493.627,4.269,17
12,ws,healthy,16,516.843,4.269,19
12,ws,healthy,17,539.778,4.269,16
12,ws,healthy,18,563.172,4.269,13
12,ws,healthy,19,586.433,4.269,17
12,ws,healthy,20,609.373,4.269,17
12,ws,healthy,21,632.426,4.269,18
12,ws,healthy,22,655.517,4.269,19
12,ws,healthy,23,678.526,4.269,19
12,ws,healthy,24,701.818,4.269,19
12,ws,healthy,25,725.280,4.269,19
12,ws,healthy,26,748.084,4.269,16
12,ws,healthy,27,771.115,4.269,17
12,ws,healthy,28,794.058,4.269,20
12,ws,healthy,29,817.583,4.269,18
12,ws,healthy,30,840.400,4.269,17
12,ws,healthy,31,863.335,4.269,17
12,ws,healthy,32,886.335,4.269,14
12,ws,healthy,33,909.477,4.269,14
12,ws,healthy,34,932.398,4.269,16
12,ws,healthy,35,955.487,4.269,20
12,ws,healthy,36,978.339,4.269,18
12,ws,healthy,37,1001.447,4.269,19
12,ws,healthy,38,1024.634,4.269,13
12,ws,healthy,39,1047.614,4.269,17
12,ws,healthy,40,1070.390,4.269,19
12,ws,healthy,41,1093.357,4.269,18
12,ws,healthy,42,1116.368,4.269,17
12,ws,healthy,43,1139.446,4.269,13
12,ws,healthy,44,1162.402,4.269,14
12,ws,healthy,45,1185.964,4.269,13
13,ws,healthy,0,149.744,3.690,14
13,ws,healthy,1,172.262,3.690,16
13,ws,healthy,2,195.687,3.690,18
13,ws,healthy,3,218.596,3.690,13
13,ws,healthy,4,241.707,3.690,17
13,ws,healthy,5,264.861,3.690,21
13,ws,healthy,6,287.671,3.690,14
13,ws,healthy,7,310.962,3.690,15
13,ws,healthy,8,334.124,3.690,13
13,ws,healthy,9,357.109,3.690,13
13,ws,healthy,10,380.244,3.690,15
13,ws,healthy,11,403.500,3.690,13
13,ws,healthy,12,426.370,3.690,13
13,ws,healthy,13,449.549,3.690,16
13,ws,healthy,14,472.602,3.690,16
13,ws,healthy,15,495.728,3.690,15
13,ws,healthy,16,518.650,3.690,13
13,ws,healthy,17,541.880,3.690,19
13,ws,healthy,18,564.918,3.690,19
13,ws,healthy,19,587.972,3.690,18
13,ws,healthy,20,611.357,3.690,18
13,ws,healthy,21,634.016,3.690,18
13,ws,healthy,22,657.522,3.690,19
13,ws,healthy,23,680.247,3.690,19
13,ws,healthy,24,703.207,3.690,16
13,ws,healthy,25,726.318,3.690,13
13,ws,healthy,26,749.386,3.690,16
13,ws,healthy,27,772.329,3.690,15
13,ws,healthy,28,795.556,3.690,13
13,ws,healthy,29,818.708,3.690,19
13,ws,healthy,30,841.609,3.690,17
13,ws,healthy,31,864.575,3.690,21
13,ws,healthy,32,887.499,3.690,19
13,ws,healthy,33,910.624,3.690,18
13,ws,healthy,34,933.761,3.690,17
13,ws,healthy,35,956.622,3.690,17
13,ws,healthy,36,979.614,3.690,13
13,ws,healthy,37,1003.058,3.690,15
13,ws,healthy,38,1025.801,3.690,13
13,ws,healthy,39,1048.994,3.690,16
13,ws,healthy,40,1072.457,3.690,16
13,ws,healthy,41,1095.540,3.690,16
13,ws,healthy,42,1118.667,3.690,16
13,ws,healthy,43,1141.534,3.690,17
13,ws,healthy,44,1164.496,3.690,17
13,ws,healthy,45,1187.745,3.690,18
13,ws,healthy,46,1210.718,3.690,16
13,ws,healthy,47,1233.702,3.690,18
13,ws,healthy,48,1256.801,3.690,18
13,ws,healthy,49,1279.791,3.690,18
13,ws,healthy,50,1303.627,3.690,18
13,ws,healthy,51,1327.266,3.690,17
13,ws,healthy,52,1350.825,3.690,17
13,ws,healthy,53,1374.289,3.690,17
13,ws,healthy,54,1396.945,3.690,13
13,ws,healthy,55,1420.324,3.690,17
13,ws,healthy,56,1443.217,3.690,21
13,ws,healthy,57,1466.199,3.690,17
13,ws,healthy,58,1489.451,3.690,19
13,ws,healthy,59,1512.548,3.690,16
13,ws,healthy,60,1535.522,3.690,20
13,ws,healthy,61,1558.431,3.690,17
13,ws,healthy,62,1581.473,3.690,20
13,ws,healthy,63,1605.053,3.690,18
13,ws,healthy,64,1628.013,3.690,20
13,ws,healthy,65,1650.867,3.690,13
13,ws,healthy,66,1673.821,3.690,17
13,ws,healthy,67,1696.855,3.690,19
13,ws,healthy,68,1719.945,3.690,17
13,ws,healthy,69,1743.121,3.690,19
13,ws,healthy,70,1766.050,3.690,18
13,ws,healthy,71,1789.102,3.690,16
13,ws,healthy,72,1812.431,3.690,19
13,ws,healthy,73,1835.451,3.690,16
13,ws,healthy,74,1858.451,3.690,18
13,ws,healthy,75,1881.447,3.690,14
13,ws,healthy,76,1904.694,3.690,15
13,ws,healthy,77,1927.535,3.690,20
13,ws,healthy,78,1950.662,3.690,16
13,ws,healthy,79,1973.600,3.690,14
13,ws,healthy,80,1996.658,3.690,15
13,ws,healthy,81,2019.717,3.690,19
13,ws,healthy,82,2043.403,3.690,18
13,ws,healthy,83,2066.602,3.690,19
13,ws,healthy,84,2089.672,3.690,20
13,ws,healthy,85,2112.825,3.690,13
14,ws,healthy,0,150.669,3.501,16
14,ws,healthy,1,173.249,3.501,19
14,ws,healthy,2,196.018,3.501,18
14,ws,healthy,3,219.197,3.501,17
14,ws,healthy,4,242.206,3.501,19
14,ws,healthy,5,265.377,3.501,21
14,ws,healthy,6,288.287,3.501,19
14,ws,healthy,7,311.575,3.501,16
14,ws,healthy,8,334.744,3.501,17
14,ws,healthy,9,357.719,3.501,19
14,ws,healthy,10,380.824,3.501,18
14,ws,healthy,11,404.097,3.501,18
14,ws,healthy,12,427.128,3.501,21
14,ws,healthy,13,450.055,3.501,15
14,ws,healthy,14,473.890,3.501,15
14,ws,healthy,15,496.907,3.501,16
14,ws,healthy,16,519.880,3.501,18
14,ws,healthy,17,542.942,3.501,19
14,ws,healthy,18,565.890,3.501,19
14,ws,healthy,19,588.869,3.501,17
14,ws,healthy,20,612.024,3.501,18
14,ws,healthy,21,634.989,3.501,18
14,ws,healthy,22,658.119,3.501,16
14,ws,healthy,23,681.109,3.501,19
14,ws,healthy,24,704.126,3.501,13
15,ws,healthy,0,220.754,4.326,16
15,ws,healthy,1,244.373,4.326,19
15,ws,healthy,2,267.281,4.326,16
15,ws,healthy,3,290.246,4.326,19
15,ws,healthy,4,313.080,4.326,16
15,ws,healthy,5,336.356,4.326,17
15,ws,healthy,6,359.330,4.326,18
15,ws,healthy,7,382.324,4.326,17
15,ws,healthy,8,405.371,4.326,17
15,ws,healthy,9,428.349,4.326,19
15,ws,healthy,10,451.590,4.326,16
15,ws,healthy,11,474.984,4.326,19
15,ws,healthy,12,497.821,4.326,19
15,ws,healthy,13,520.911,4.326,18
15,ws,healthy,14,544.039,4.326,18
15,ws,healthy,15,567.043,4.326,16
15,ws,healthy,16,590.046,4.326,13
15,ws,healthy,17,613.103,4.326,18
15,ws,healthy,18,636.120,4.326,18
15,ws,healthy,19,659.501,4.326,16
15,ws,healthy,20,682.579,4.326,18
15,ws,healthy,21,705.759,4.326,17
15,ws,healthy,22,729.213,4.326,18
15,ws,healthy,23,752.327,4.326,18
15,ws,healthy,24,775.223,4.326,14
15,ws,healthy,25,798.534,4.326,16
15,ws,healthy,26,821.896,4.326,19
15,ws,healthy,27,844.703,4.326,19
15,ws,healthy,28,867.797,4.326,16
15,ws,healthy,29,890.763,4.326,19
15,ws,healthy,30,913.733,4.326,13
15,ws,healthy,31,936.858,4.326,17
15,ws,healthy,32,959.961,4.326,17
15,ws,healthy,33,982.887,4.326,17
15,ws,healthy,34,1005.888,4.326,19
15,ws,healthy,35,1028.771,4.326,18
15,ws,healthy,36,1051.856,4.326,18
15,ws,healthy,37,1075.016,4.326,17
15,ws,healthy,38,1097.875,4.326,19
15,ws,healthy,39,1120.887,4.326,19
15,ws,healthy,40,1144.278,4.326,16
15,ws,healthy,41,1167.251,4.326,17
15,ws,healthy,42,1190.518,4.326,18
15,ws,healthy,43,1213.550,4.326,13
16,ws,healthy,0,143.099,3.421,15
16,ws,healthy,1,166.076,3.421,16
16,ws,healthy,2,189.018,3.421,20
16,ws,healthy,3,211.990,3.421,14
16,ws,healthy,4,235.189,3.421,17
16,ws,healthy,5,258.319,3.421,15
16,ws,healthy,6,281.299,3.421,17
16,ws,healthy,7,304.218,3.421,17
16,ws,healthy,8,327.294,3.421,13
16,ws,healthy,9,350.179,3.421,15
16,ws,healthy,10,373.304,3.421,15
16,ws,healthy,11,396.183,3.421,20
16,ws,healthy,12,419.538,3.421,18
16,ws,healthy,13,442.496,3.421,18
16,ws,healthy,14,465.421,3.421,16
16,ws,healthy,15,488.466,3.421,18
16,ws,healthy,16,511.864,3.421,19
16,ws,healthy,17,534.852,3.421,18
16,ws,healthy,18,557.689,3.421,21
16,ws,healthy,19,580.712,3.421,14
16,ws,healthy,20,603.650,3.421,16
16,ws,healthy,21,627.068,3.421,14
16,ws,healthy,22,650.147,3.421,15
16,ws,healthy,23,672.997,3.421,16
16,ws,healthy,24,696.250,3.421,15
16,ws,healthy,25,719.292,3.421,18
16,ws,healthy,26,742.320,3.421,19
16,ws,healthy,27,765.313,3.421,13
16,ws,healthy,28,788.274,3.421,18
16,ws,healthy,29,811.348,3.421,16
16,ws,healthy,30,834.356,3.421,18
16,ws,healthy,31,857.417,3.421,18
16,ws,healthy,32,880.544,3.421,20
16,ws,healthy,33,903.557,3.421,20
16,ws,healthy,34,926.544,3.421,20
16,ws,healthy,35,949.588,3.421,17
16,ws,healthy,36,973.120,3.421,20
16,ws,healthy,37,996.304,3.421,19
16,ws,healthy,38,1019.327,3.421,18
16,ws,healthy,39,1042.320,3.421,19
16,ws,healthy,40,1065.831,3.421,17
16,ws,healthy,41,1088.847,3.421,20
16,ws,healthy,42,1111.993,3.421,19
16,ws,healthy,43,1135.230,3.421,14
16,ws,healthy,44,1158.236,3.421,15
16,ws,healthy,45,1181.210,3.421,19
16,ws,healthy,46,1204.154,3.421,13
16,ws,healthy,47,1226.964,3.421,18
16,ws,healthy,48,1250.088,3.421,20
16,ws,healthy,49,1273.066,3.421,18
16,ws,healthy,50,1296.269,3.421,17
16,ws,healthy,51,1319.285,3.421,19
16,ws,healthy,52,1342.278,3.421,18
16,ws,healthy,53,1365.292,3.421,18
16,ws,healthy,54,1388.410,3.421,21
16,ws,healthy,55,1411.516,3.421,19
16,ws,healthy,56,1434.913,3.421,21
16,ws,healthy,57,1457.845,3.421,17
16,ws,healthy,58,1480.765,3.421,14
16,ws,healthy,59,1504.340,3.421,15
16,ws,healthy,60,1527.416,3.421,20
16,ws,healthy,61,1550.285,3.421,18
16,ws,healthy,62,1573.267,3.421,21
16,ws,healthy,63,1596.126,3.421,14
16,ws,healthy,64,1619.739,3.421,16
16,ws,healthy,65,1642.514,3.421,14
16,ws,healthy,66,1665.513,3.421,15
16,ws,healthy,67,1688.586,3.421,13
17,ws,healthy,0,151.140,3.809,13
17,ws,healthy,1,173.542,3.809,14
17,ws,healthy,2,196.505,3.809,16
17,ws,healthy,3,219.590,3.809,14
17,ws,healthy,4,242.536,3.809,16
17,ws,healthy,5,265.883,3.809,19
17,ws,healthy,6,289.322,3.809,19
17,ws,healthy,7,312.480,3.809,16
17,ws,healthy,8,335.526,3.809,17
17,ws,healthy,9,358.792,3.809,20
17,ws,healthy,10,381.539,3.809,18
17,ws,healthy,11,404.693,3.809,18
17,ws,healthy,12,427.869,3.809,17
17,ws,healthy,13,450.819,3.809,17
17,ws,healthy,14,473.898,3.809,13
18,ws,healthy,0,202.703,3.479,14
18,ws,healthy,1,226.329,3.479,16
18,ws,healthy,2,249.264,3.479,18
18,ws,healthy,3,272.609,3.479,13
18,ws,healthy,4,295.880,3.479,17
18,ws,healthy,5,318.811,3.479,21
18,ws,healthy,6,341.765,3.479,14
18,ws,healthy,7,365.063,3.479,15
18,ws,healthy,8,388.175,3.479,13
18,ws,healthy,9,411.138,3.479,13
18,ws,healthy,10,434.275,3.479,15
18,ws,healthy,11,457.195,3.479,13
18,ws,healthy,12,480.480,3.479,13
18,ws,healthy,13,503.680,3.479,16
18,ws,healthy,14,526.807,3.479,16
18,ws,healthy,15,549.715,3.479,15
18,ws,healthy,16,572.689,3.479,13
18,ws,healthy,17,595.703,3.479,19
18,ws,healthy,18,618.673,3.479,18
18,ws,healthy,19,641.616,3.479,19
18,ws,healthy,20,664.581,3.479,19
18,ws,healthy,21,687.658,3.479,18
18,ws,healthy,22,710.643,3.479,18
18,ws,healthy,23,734.268,3.479,19
18,ws,healthy,24,757.491,3.479,16
18,ws,healthy,25,780.624,3.479,13
18,ws,healthy,26,803.707,3.479,16
18,ws,healthy,27,826.532,3.479,16
18,ws,healthy,28,849.488,3.479,21
18,ws,healthy,29,872.424,3.479,19
18,ws,healthy,30,895.681,3.479,18
18,ws,healthy,31,918.531,3.479,17
18,ws,healthy,32,941.459,3.479,17
18,ws,healthy,33,964.420,3.479,13
18,ws,healthy,34,987.411,3.479,15
18,ws,healthy,35,1010.641,3.479,13
18,ws,healthy,36,1033.678,3.479,18
18,ws,healthy,37,1056.516,3.479,16
18,ws,healthy,38,1079.397,3.479,16
18,ws,healthy,39,1102.709,3.479,17
18,ws,healthy,40,1125.508,3.479,20
18,ws,healthy,41,1148.419,3.479,19
18,ws,healthy,42,1171.583,3.479,17
18,ws,healthy,43,1194.417,3.479,17
18,ws,healthy,44,1217.640,3.479,17
18,ws,healthy,45,1240.391,3.479,13
18,ws,healthy,46,1263.349,3.479,16
18,ws,healthy,47,1286.705,3.479,15
18,ws,healthy,48,1309.567,3.479,13
18,ws,healthy,49,1332.619,3.479,19
18,ws,healthy,50,1355.470,3.479,17
18,ws,healthy,51,1378.415,3.479,17
18,ws,healthy,52,1401.427,3.479,18
18,ws,healthy,53,1424.483,3.479,18
18,ws,healthy,54,1447.747,3.479,18
18,ws,healthy,55,1470.527,3.479,21
18,ws,healthy,56,1493.751,3.479,13
18,ws,healthy,57,1516.641,3.479,15
18,ws,healthy,58,1539.631,3.479,17
18,ws,healthy,59,1562.866,3.479,16
18,ws,healthy,60,1585.731,3.479,19
18,ws,healthy,61,1608.734,3.479,16
18,ws,healthy,62,1631.634,3.479,20
18,ws,healthy,63,1654.670,3.479,17
18,ws,healthy,64,1677.659,3.479,20
18,ws,healthy,65,1700.728,3.479,18
18,ws,healthy,66,1723.711,3.479,17
18,ws,healthy,67,1747.309,3.479,13
18,ws,healthy,68,1770.076,3.479,16
18,ws,healthy,69,1793.430,3.479,18
18,ws,healthy,70,1816.245,3.479,17
18,ws,healthy,71,1839.111,3.479,17
18,ws,healthy,72,1862.468,3.479,19
18,ws,healthy,73,1885.715,3.479,18
18,ws,healthy,74,1909.056,3.479,18
18,ws,healthy,75,1931.837,3.479,13
18,ws,healthy,76,1955.100,3.479,18
18,ws,healthy,77,1978.094,3.479,20
18,ws,healthy,78,2001.114,3.479,17
18,ws,healthy,79,2024.491,3.479,17
18,ws,healthy,80,2047.516,3.479,16
18,ws,healthy,81,2070.735,3.479,19
18,ws,healthy,82,2094.094,3.479,18
18,ws,healthy,83,2117.112,3.479,13
18,ws,healthy,84,2140.225,3.479,18
18,ws,healthy,85,2163.295,3.479,17
18,ws,healthy,86,2186.364,3.479,19
18,ws,healthy,87,2209.729,3.479,18
18,ws,healthy,88,2232.716,3.479,18
18,ws,healthy,89,2256.291,3.479,20
18,ws,healthy,90,2279.283,3.479,15
18,ws,healthy,91,2302.238,3.479,16
18,ws,healthy,92,2325.280,3.479,19
18,ws,healthy,93,2348.566,3.479,16
18,ws,healthy,94,2371.601,3.479,19
18,ws,healthy,95,2394.581,3.479,18
18,ws,healthy,96,2417.557,3.479,19
18,ws,healthy,97,2440.604,3.479,17
18,ws,healthy,98,2463.778,3.479,15
18,ws,healthy,99,2486.843,3.479,15
18,ws,healthy,100,2509.850,3.479,13
18,ws,healthy,101,2532.934,3.479,19
18,ws,healthy,102,2555.832,3.479,21
18,ws,healthy,103,2578.762,3.479,18
18,ws,healthy,104,2601.814,3.479,18
18,ws,healthy,105,2624.792,3.479,17
18,ws,healthy,106,2647.905,3.479,17
18,ws,healthy,107,2671.139,3.479,13
18,ws,healthy,108,2694.084,3.479,15
18,ws,healthy,109,2717.114,3.479,13
18,ws,healthy,110,2740.392,3.479,16
18,ws,healthy,111,2763.292,3.479,18
18,ws,healthy,112,2786.365,3.479,19
18,ws,healthy,113,2809.280,3.479,19
18,ws,healthy,114,2832.031,3.479,17
18,ws,healthy,115,2855.566,3.479,20
18,ws,healthy,116,2878.392,3.479,17
18,ws,healthy,117,2901.630,3.479,18
18,ws,healthy,118,2924.440,3.479,19
18,ws,healthy,119,2947.574,3.479,18
18,ws,healthy,120,2970.519,3.479,17
18,ws,healthy,121,2993.579,3.479,17
18,ws,healthy,122,3016.619,3.479,17
18,ws,healthy,123,3039.921,3.479,17
18,ws,healthy,124,3062.937,3.479,18
18,ws,healthy,125,3086.015,3.479,20
18,ws,healthy,126,3109.017,3.479,16
18,ws,healthy,127,3132.349,3.479,16
18,ws,healthy,128,3155.499,3.479,19
18,ws,healthy,129,3178.261,3.479,20
18,ws,healthy,130,3201.484,3.479,20
18,ws,healthy,131,3224.421,3.479,18
18,ws,healthy,132,3247.762,3.479,19
18,ws,healthy,133,3270.727,3.479,18
18,ws,healthy,134,3294.115,3.479,20
18,ws,healthy,135,3317.125,3.479,20
18,ws,healthy,136,3340.008,3.479,18
18,ws,healthy,137,3363.253,3.479,18
18,ws,healthy,138,3386.531,3.479,19
18,ws,healthy,139,3409.320,3.479,18
18,ws,healthy,140,3432.188,3.479,13
18,ws,healthy,141,3455.345,3.479,18
18,ws,healthy,142,3478.476,3.479,16
18,ws,healthy,143,3501.509,3.479,18
18,ws,healthy,144,3524.550,3.479,20
18,ws,healthy,145,3547.489,3.479,14
18,ws,healthy,146,3570.483,3.479,14
18,ws,healthy,147,3593.411,3.479,16
18,ws,healthy,148,3616.467,3.479,17
18,ws,healthy,149,3639.661,3.479,20
18,ws,healthy,150,3662.864,3.479,18
18,ws,healthy,151,3685.921,3.479,19
18,ws,healthy,152,3709.040,3.479,17
18,ws,healthy,153,3732.726,3.479,19
18,ws,healthy,154,3755.995,3.479,16
18,ws,healthy,155,3779.093,3.479,13
18,ws,healthy,156,3802.464,3.479,18
18,ws,healthy,157,3825.281,3.479,19
18,ws,healthy,158,3848.281,3.479,19
18,ws,healthy,159,3871.425,3.479,20
18,ws,healthy,160,3894.674,3.479,18
18,ws,healthy,161,3917.765,3.479,17
18,ws,healthy,162,3940.796,3.479,20
18,ws,healthy,163,3963.950,3.479,16
18,ws,healthy,164,3987.134,3.479,18
18,ws,healthy,165,4010.331,3.479,18
18,ws,healthy,166,4033.322,3.479,19
18,ws,healthy,167,4056.387,3.479,16
18,ws,healthy,168,4079.717,3.479,18
18,ws,healthy,169,4102.938,3.479,19
18,ws,healthy,170,4125.922,3.479,18
18,ws,healthy,171,4148.988,3.479,19
18,ws,healthy,172,4172.518,3.479,16
18,ws,healthy,173,4195.426,3.479,19
18,ws,healthy,174,4218.524,3.479,18
18,ws,healthy,175,4241.314,3.479,18
18,ws,healthy,176,4264.314,3.479,18
18,ws,healthy,177,4287.821,3.479,19
18,ws,healthy,178,4310.807,3.479,13
19,ws,healthy,0,165.804,4.210,16
19,ws,healthy,1,188.360,4.210,19
19,ws,healthy,2,211.268,4.210,18
19,ws,healthy,3,234.227,4.210,17
19,ws,healthy,4,257.270,4.210,20
19,ws,healthy,5,280.280,4.210,21
19,ws,healthy,6,303.489,4.210,19
19,ws,healthy,7,326.529,4.210,16
19,ws,healthy,8,349.573,4.210,17
19,ws,healthy,9,372.609,4.210,18
19,ws,healthy,10,396.002,4.210,21
19,ws,healthy,11,419.498,4.210,16
19,ws,healthy,12,442.554,4.210,17
19,ws,healthy,13,465.797,4.210,16
19,ws,healthy,14,488.729,4.210,15
19,ws,healthy,15,511.813,4.210,14
19,ws,healthy,16,535.378,4.210,18
19,ws,healthy,17,558.434,4.210,15
19,ws,healthy,18,581.564,4.210,15
19,ws,healthy,19,604.343,4.210,14
19,ws,healthy,20,627.437,4.210,17
19,ws,healthy,21,650.426,4.210,20
19,ws,healthy,22,673.782,4.210,19
19,ws,healthy,23,696.584,4.210,20
19,ws,healthy,24,719.561,4.210,18
19,ws,healthy,25,742.616,4.210,18
19,ws,healthy,26,765.711,4.210,18
19,ws,healthy,27,788.687,4.210,13
19,ws,healthy,28,811.629,4.210,16
19,ws,healthy,29,834.852,4.210,19
19,ws,healthy,30,857.883,4.210,13
19,ws,healthy,31,881.050,4.210,16
19,ws,healthy,32,903.915,4.210,18
19,ws,healthy,33,926.841,4.210,18
19,ws,healthy,34,950.205,4.210,18
19,ws,healthy,35,973.250,4.210,18
19,ws,healthy,36,996.062,4.210,19
19,ws,healthy,37,1019.399,4.210,21
19,ws,healthy,38,1042.275,4.210,15
19,ws,healthy,39,1065.245,4.210,15
19,ws,healthy,40,1088.552,4.210,14
19,ws,healthy,41,1111.255,4.210,15
19,ws,healthy,42,1134.331,4.210,13
19,ws,healthy,43,1157.546,4.210,13
19,ws,healthy,44,1180.479,4.210,15
19,ws,healthy,45,1203.304,4.210,13
19,ws,healthy,46,1226.193,4.210,14
19,ws,healthy,47,1249.139,4.210,18
19,ws,healthy,48,1272.132,4.210,17
19,ws,healthy,49,1295.168,4.210,18
19,ws,healthy,50,1318.109,4.210,19
19,ws,healthy,51,1341.261,4.210,18
19,ws,healthy,52,1364.278,4.210,17
19,ws,healthy,53,1387.198,4.210,16
19,ws,healthy,54,1410.782,4.210,19
19,ws,healthy,55,1433.810,4.210,18
19,ws,healthy,56,1456.942,4.210,18
19,ws,healthy,57,1479.738,4.210,19
19,ws,healthy,58,1502.667,4.210,16
19,ws,healthy,59,1525.549,4.210,18
19,ws,healthy,60,1548.777,4.210,19
19,ws,healthy,61,1571.674,4.210,17
19,ws,healthy,62,1594.745,4.210,19
19,ws,healthy,63,1617.832,4.210,18
19,ws,healthy,64,1640.740,4.210,17
19,ws,healthy,65,1663.962,4.210,13
19,ws,healthy,66,1686.924,4.210,14
19,ws,healthy,67,1709.865,4.210,16
19,ws,healthy,68,1732.787,4.210,19
19,ws,healthy,69,1756.111,4.210,18
19,ws,healthy,70,1778.906,4.210,17
19,ws,healthy,71,1801.932,4.210,13
19,ws,healthy,72,1824.895,4.210,14
19,ws,healthy,73,1847.952,4.210,17
19,ws,healthy,74,1871.037,4.210,14
19,ws,healthy,75,1893.996,4.210,18
19,ws,healthy,76,1917.415,4.210,15
19,ws,healthy,77,1940.397,4.210,15
19,ws,healthy,78,1963.457,4.210,16
19,ws,healthy,79,1986.238,4.210,21
19,ws,healthy,80,2009.146,4.210,18
19,ws,healthy,81,2032.573,4.210,18
19,ws,healthy,82,2055.673,4.210,16
19,ws,healthy,83,2078.453,4.210,19
19,ws,healthy,84,2101.428,4.210,19
19,ws,healthy,85,2124.377,4.210,19
19,ws,healthy,86,2147.451,4.210,17
19,ws,healthy,87,2170.593,4.210,17
19,ws,healthy,88,2193.845,4.210,18
19,ws,healthy,89,2216.549,4.210,18
19,ws,healthy,90,2239.404,4.210,16
19,ws,healthy,91,2262.436,4.210,13
19,ws,healthy,92,2285.405,4.210,18
19,ws,healthy,93,2308.406,4.210,19
19,ws,healthy,94,2331.452,4.210,20
19,ws,healthy,95,2354.518,4.210,19
19,ws,healthy,96,2377.501,4.210,20
19,ws,healthy,97,2401.231,4.210,18
19,ws,healthy,98,2424.153,4.210,18
19,ws,healthy,99,2447.263,4.210,18
19,ws,healthy,100,2470.332,4.210,20
19,ws,healthy,101,2493.135,4.210,17
19,ws,healthy,102,2516.064,4.210,18
19,ws,healthy,103,2539.052,4.210,19
19,ws,healthy,104,2562.326,4.210,18
19,ws,healthy,105,2585.274,4.210,16
19,ws,healthy,106,2608.197,4.210,16
19,ws,healthy,107,2631.287,4.210,17
19,ws,healthy,108,2654.411,4.210,16
19,ws,healthy,109,2677.462,4.210,19
19,ws,healthy,110,2700.846,4.210,17
19,ws,healthy,111,2723.673,4.210,14
19,ws,healthy,112,2746.955,4.210,17
19,ws,healthy,113,2770.202,4.210,13
19,ws,healthy,114,2793.287,4.210,15
19,ws,healthy,115,2816.317,4.210,16
19,ws,healthy,116,2839.420,4.210,19
19,ws,healthy,117,2862.509,4.210,19
19,ws,healthy,118,2885.908,4.210,17
19,ws,healthy,119,2909.013,4.210,18
19,ws,healthy,120,2932.167,4.210,19
19,ws,healthy,121,2955.422,4.210,17
19,ws,healthy,122,2978.706,4.210,17
19,ws,healthy,123,3001.685,4.210,13
19,ws,healthy,124,3024.559,4.210,15
19,ws,healthy,125,3047.679,4.210,13
19,ws,healthy,126,3070.685,4.210,16
19,ws,healthy,127,3093.798,4.210,17
19,ws,healthy,128,3116.781,4.210,17
19,ws,healthy,129,3139.927,4.210,19
19,ws,healthy,130,3163.290,4.210,17
19,ws,healthy,131,3186.248,4.210,13
19,ws,healthy,132,3209.230,4.210,15
19,ws,healthy,133,3232.233,4.210,13
19,ws,healthy,134,3255.258,4.210,17
19,ws,healthy,135,3278.270,4.210,14
19,ws,healthy,136,3301.444,4.210,16
19,ws,healthy,137,3324.854,4.210,19
19,ws,healthy,138,3347.893,4.210,20
19,ws,healthy,139,3371.006,4.210,18
19,ws,healthy,140,3394.469,4.210,21
19,ws,healthy,141,3417.873,4.210,15
19,ws,healthy,142,3440.767,4.210,15
19,ws,healthy,143,3464.271,4.210,20
19,ws,healthy,144,3487.133,4.210,18
19,ws,healthy,145,3510.229,4.210,18
19,ws,healthy,146,3533.233,4.210,18
19,ws,healthy,147,3556.852,4.210,19
19,ws,healthy,148,3579.758,4.210,15
19,ws,healthy,149,3602.767,4.210,18
19,ws,healthy,150,3625.900,4.210,20
19,ws,healthy,151,3649.069,4.210,18
19,ws,healthy,152,3672.282,4.210,19
19,ws,healthy,153,3695.621,4.210,18
19,ws,healthy,154,3718.949,4.210,17
19,ws,healthy,155,3741.988,4.210,13
19,ws,healthy,156,3765.212,4.210,16
19,ws,healthy,157,3788.372,4.210,18
19,ws,healthy,158,3811.496,4.210,17
19,ws,healthy,159,3834.649,4.210,19
19,ws,healthy,160,3857.832,4.210,18
19,ws,healthy,161,3881.309,4.210,18
19,ws,healthy,162,3904.521,4.210,17
19,ws,healthy,163,3927.666,4.210,20
19,ws,healthy,164,3951.079,4.210,18
19,ws,healthy,165,3974.243,4.210,18
19,ws,healthy,166,3997.380,4.210,17
19,ws,healthy,167,4020.757,4.210,20
19,ws,healthy,168,4043.993,4.210,19
19,ws,healthy,169,4067.007,4.210,18
19,ws,healthy,170,4090.031,4.210,18
19,ws,healthy,171,4113.165,4.210,18
19,ws,healthy,172,4136.278,4.210,18
19,ws,healthy,173,4159.722,4.210,18
19,ws,healthy,174,4182.926,4.210,17
19,ws,healthy,175,4205.895,4.210,18
19,ws,healthy,176,4228.976,4.210,19
19,ws,healthy,177,4252.037,4.210,16
19,ws,healthy,178,4275.173,4.210,13
19,ws,healthy,179,4298.300,4.210,18
19,ws,healthy,180,4321.442,4.210,18
19,ws,healthy,181,4344.665,4.210,20
19,ws,healthy,182,4367.907,4.210,19
19,ws,healthy,183,4391.597,4.210,19
19,ws,healthy,184,4414.608,4.210,17
19,ws,healthy,185,4437.659,4.210,17
19,ws,healthy,186,4461.276,4.210,20
19,ws,healthy,187,4484.482,4.210,19
19,ws,healthy,188,4507.673,4.210,16
19,ws,healthy,189,4530.817,4.210,17
19,ws,healthy,190,4554.193,4.210,18
19,ws,healthy,191,4577.481,4.210,18
19,ws,healthy,192,4600.629,4.210,17
19,ws,healthy,193,4623.846,4.210,18
19,ws,healthy,194,4647.157,4.210,19
19,ws,healthy,195,4670.430,4.210,18
19,ws,healthy,196,4693.851,4.210,18
19,ws,healthy,197,4717.119,4.210,18
19,ws,healthy,198,4740.281,4.210,14
19,ws,healthy,199,4763.880,4.210,14
19,ws,healthy,200,4787.067,4.210,19
19,ws,healthy,201,4810.191,4.210,14
19,ws,healthy,202,4833.457,4.210,13
19,ws,healthy,203,4856.748,4.210,14
19,ws,healthy,204,4880.222,4.210,16
19,ws,healthy,205,4903.407,4.210,14
19,ws,healthy,206,4926.715,4.210,16
19,ws,healthy,207,4950.370,4.210,19
19,ws,healthy,208,4973.560,4.210,13
19,ws,healthy,209,4996.688,4.210,17
19,ws,healthy,210,5019.948,4.210,17
19,ws,healthy,211,5043.463,4.210,13
19,ws,healthy,212,5066.952,4.210,15
19,ws,healthy,213,5090.275,4.210,13
19,ws,healthy,214,5113.374,4.210,17
19,ws,healthy,215,5136.508,4.210,14
19,ws,healthy,216,5159.642,4.210,16
19,ws,healthy,217,5184.706,4.210,18
19,ws,healthy,218,5207.913,4.210,18
19,ws,healthy,219,5231.282,4.210,17
19,ws,healthy,220,5254.563,4.210,19
19,ws,healthy,221,5277.939,4.210,15
19,ws,healthy,222,5301.293,4.210,20
19,ws,healthy,223,5324.608,4.210,19
19,ws,healthy,224,5347.960,4.210,17
19,ws,healthy,225,5371.303,4.210,18
19,ws,healthy,226,5394.645,4.210,19
19,ws,healthy,227,5418.596,4.210,18
19,ws,healthy,228,5441.851,4.210,21
19,ws,healthy,229,5465.415,4.210,15
19,ws,healthy,230,5488.640,4.210,15
19,ws,healthy,231,5511.763,4.210,13
19,ws,healthy,232,5535.409,4.210,16
19,ws,healthy,233,5558.736,4.210,16
19,ws,healthy,234,5582.173,4.210,21
19,ws,healthy,235,5605.309,4.210,16
19,ws,healthy,236,5628.612,4.210,16
19,ws,healthy,237,5651.875,4.210,18
19,ws,healthy,238,5675.251,4.210,18
19,ws,healthy,239,5698.949,4.210,20
19,ws,healthy,240,5721.984,4.210,20
19,ws,healthy,241,5745.531,4.210,20
19,ws,healthy,242,5768.766,4.210,17
19,ws,healthy,243,5792.099,4.210,20
19,ws,healthy,244,5815.488,4.210,19
19,ws,healthy,245,5839.042,4.210,18
19,ws,healthy,246,5862.269,4.210,19
19,ws,healthy,247,5885.516,4.210,19
19,ws,healthy,248,5908.685,4.210,20
19,ws,healthy,249,5932.022,4.210,17
19,ws,healthy,250,5955.883,4.210,17
19,ws,healthy,251,5979.055,4.210,18
19,ws,healthy,252,6002.228,4.210,18
19,ws,healthy,253,6025.580,4.210,16
19,ws,healthy,254,6048.991,4.210,13
19,ws,healthy,255,6072.310,4.210,16
19,ws,healthy,256,6095.803,4.210,19
19,ws,healthy,257,6119.180,4.210,13
19,ws,healthy,258,6143.013,4.210,18
19,ws,healthy,259,6166.376,4.210,18
19,ws,healthy,260,6189.747,4.210,16
19,ws,healthy,261,6213.022,4.210,17
19,ws,healthy,262,6236.244,4.210,17
19,ws,healthy,263,6259.778,4.210,19
19,ws,healthy,264,6283.004,4.210,18
19,ws,healthy,265,6306.421,4.210,16
19,ws,healthy,266,6329.719,4.210,19
19,ws,healthy,267,6353.126,4.210,20
19,ws,healthy,268,6376.468,4.210,19
19,ws,healthy,269,6400.313,4.210,19
19,ws,healthy,270,6423.743,4.210,18
19,ws,healthy,271,6447.115,4.210,17
19,ws,healthy,272,6470.603,4.210,17
19,ws,healthy,273,6493.741,4.210,16
19,ws,healthy,274,6517.021,4.210,19
19,ws,healthy,275,6540.355,4.210,16
19,ws,healthy,276,6564.157,4.210,21
19,ws,healthy,277,6587.667,4.210,15
19,ws,healthy,278,6610.879,4.210,15
19,ws,healthy,279,6634.227,4.210,17
19,ws,healthy,280,6657.566,4.210,15
19,ws,healthy,281,6681.082,4.210,16
19,ws,healthy,282,6704.588,4.210,17
19,ws,healthy,283,6728.078,4.210,17
19,ws,healthy,284,6751.429,4.210,13
19,ws,healthy,285,6775.147,4.210,15
19,ws,healthy,286,6798.449,4.210,13
19,ws,healthy,287,6821.751,4.210,13
