run_id,transport,mode,token_index,recv_ms,conn_setup_ms,bytes
0,sse,groq-weak,0,351.754,13.843,14
0,sse,groq-weak,1,403.144,13.843,14
0,sse,groq-weak,2,433.524,13.843,19
0,sse,groq-weak,3,467.354,13.843,21
0,sse,groq-weak,4,512.659,13.843,19
0,sse,groq-weak,5,557.682,13.843,18
0,sse,groq-weak,6,607.191,13.843,17
0,sse,groq-weak,7,639.974,13.843,17
0,sse,groq-weak,8,689.415,13.843,13
0,sse,groq-weak,9,734.709,13.843,15
0,sse,groq-weak,10,769.699,13.843,13
0,sse,groq-weak,11,818.937,13.843,16
0,sse,groq-weak,12,860.658,13.843,16
0,sse,groq-weak,13,906.035,13.843,17
0,sse,groq-weak,14,948.858,13.843,16
0,sse,groq-weak,15,999.990,13.843,17
0,sse,groq-weak,16,1046.627,13.843,15
0,sse,groq-weak,17,1085.751,13.843,15
0,sse,groq-weak,18,1118.163,13.843,15
0,sse,groq-weak,19,1164.803,13.843,13
0,sse,groq-weak,20,1211.751,13.843,16
0,sse,groq-weak,21,1246.532,13.843,18
0,sse,groq-weak,22,1283.752,13.843,19
0,sse,groq-weak,23,1323.299,13.843,18
0,sse,groq-weak,24,1362.657,13.843,18
0,sse,groq-weak,25,1407.058,13.843,13
0,sse,groq-weak,26,1440.953,13.843,21
0,sse,groq-weak,27,1474.417,13.843,17
0,sse,groq-weak,28,1514.067,13.843,19
0,sse,groq-weak,29,1564.089,13.843,16
0,sse,groq-weak,30,1598.233,13.843,18
0,sse,groq-weak,31,1637.315,13.843,18
0,sse,groq-weak,32,1668.906,13.843,19
0,sse,groq-weak,33,1714.056,13.843,18
0,sse,groq-weak,34,1762.193,13.843,17
0,sse,groq-weak,35,1801.593,13.843,16
0,sse,groq-weak,36,1837.954,13.843,16
0,sse,groq-weak,37,1877.295,13.843,17
0,sse,groq-weak,38,1913.548,13.843,18
0,sse,groq-weak,39,1964.374,13.843,17
0,sse,groq-weak,40,1997.446,13.843,17
0,sse,groq-weak,41,2040.924,13.843,18
0,sse,groq-weak,42,2092.112,13.843,16
0,sse,groq-weak,43,2125.309,13.843,19
0,sse,groq-weak,44,2170.641,13.843,14
0,sse,groq-weak,45,2214.702,13.843,16
0,sse,groq-weak,46,2248.252,13.843,21
0,sse,groq-weak,47,2285.371,13.843,16
0,sse,groq-weak,48,2331.420,13.843,17
0,sse,groq-weak,49,2367.322,13.843,18
0,sse,groq-weak,50,2407.016,13.843,19
0,sse,groq-weak,51,2452.246,13.843,18
0,sse,groq-weak,52,2494.321,13.843,16
0,sse,groq-weak,53,2528.585,13.843,16
0,sse,groq-weak,54,2573.278,13.843,14
0,sse,groq-weak,55,2613.038,13.843,16
0,sse,groq-weak,56,2651.565,13.843,13
0,sse,groq-weak,57,2698.466,13.843,16
0,sse,groq-weak,58,2740.452,13.843,15
0,sse,groq-weak,59,2779.559,13.843,17
0,sse,groq-weak,60,2825.760,13.843,18
0,sse,groq-weak,61,2866.035,13.843,19
0,sse,groq-weak,62,2909.723,13.843,18
0,sse,groq-weak,63,2947.773,13.843,18
0,sse,groq-weak,64,2989.283,13.843,13
0,sse,groq-weak,65,3021.536,13.843,18
0,sse,groq-weak,66,3053.394,13.843,17
0,sse,groq-weak,67,3085.605,13.843,17
0,sse,groq-weak,68,3122.930,13.843,17
0,sse,groq-weak,69,3167.523,13.843,14
0,sse,groq-weak,70,3211.212,13.843,16
0,sse,groq-weak,71,3246.497,13.843,18
0,sse,groq-weak,72,3286.644,13.843,18
0,sse,groq-weak,73,3323.046,13.843,17
0,sse,groq-weak,74,3364.609,13.843,18
0,sse,groq-weak,75,3405.659,13.843,17
0,sse,groq-weak,76,3438.022,13.843,20
0,sse,groq-weak,77,3480.692,13.843,19
0,sse,groq-weak,78,3521.263,13.843,14
0,sse,groq-weak,79,3559.404,13.843,16
0,sse,groq-weak,80,3609.458,13.843,18
0,sse,groq-weak,81,3649.761,13.843,16
0,sse,groq-weak,82,3682.992,13.843,16
0,sse,groq-weak,83,3723.112,13.843,16
0,sse,groq-weak,84,3755.685,13.843,14
0,sse,groq-weak,85,3791.183,13.843,16
0,sse,groq-weak,86,3838.150,13.843,18
0,sse,groq-weak,87,3884.128,13.843,18
0,sse,groq-weak,88,3929.841,13.843,17
0,sse,groq-weak,89,3975.119,13.843,17
0,sse,groq-weak,90,4011.887,13.843,19
0,sse,groq-weak,91,4048.471,13.843,18
0,sse,groq-weak,92,4086.190,13.843,16
0,sse,groq-weak,93,4126.544,13.843,19
0,sse,groq-weak,94,4173.640,13.843,14
0,sse,groq-weak,95,4211.786,13.843,17
0,sse,groq-weak,96,4243.016,13.843,21
0,sse,groq-weak,97,4275.503,13.843,18
0,sse,groq-weak,98,4315.941,13.843,17
0,sse,groq-weak,99,4363.943,13.843,19
0,sse,groq-weak,100,4396.126,13.843,18
0,sse,groq-weak,101,4445.711,13.843,19
0,sse,groq-weak,102,4489.356,13.843,18
0,sse,groq-weak,103,4522.669,13.843,18
0,sse,groq-weak,104,4561.680,13.843,17
0,sse,groq-weak,105,4593.702,13.843,19
0,sse,groq-weak,106,4634.077,13.843,18
0,sse,groq-weak,107,4676.319,13.843,19
0,sse,groq-weak,108,4717.534,13.843,16
0,sse,groq-weak,109,4767.221,13.843,19
0,sse,groq-weak,110,4801.720,13.843,18
0,sse,groq-weak,111,4849.567,13.843,14
0,sse,groq-weak,112,4900.008,13.843,16
0,sse,groq-weak,113,4945.866,13.843,13
1,sse,groq-weak,0,333.107,12.374,15
1,sse,groq-weak,1,368.100,12.374,16
1,sse,groq-weak,2,404.299,12.374,20
1,sse,groq-weak,3,451.002,12.374,14
1,sse,groq-weak,4,483.426,12.374,17
1,sse,groq-weak,5,524.637,12.374,15
1,sse,groq-weak,6,564.208,12.374,17
1,sse,groq-weak,7,603.747,12.374,17
1,sse,groq-weak,8,649.629,12.374,13
1,sse,groq-weak,9,683.333,12.374,15
1,sse,groq-weak,10,721.319,12.374,16
1,sse,groq-weak,11,763.677,12.374,18
1,sse,groq-weak,12,796.603,12.374,18
1,sse,groq-weak,13,839.759,12.374,20
1,sse,groq-weak,14,879.847,12.374,20
1,sse,groq-weak,15,930.370,12.374,20
1,sse,groq-weak,16,972.406,12.374,19
1,sse,groq-weak,17,1018.960,12.374,17
1,sse,groq-weak,18,1068.300,12.374,17
1,sse,groq-weak,19,1105.954,12.374,20
1,sse,groq-weak,20,1149.183,12.374,18
1,sse,groq-weak,21,1196.522,12.374,21
1,sse,groq-weak,22,1236.194,12.374,19
1,sse,groq-weak,23,1271.296,12.374,16
1,sse,groq-weak,24,1307.639,12.374,13
1,sse,groq-weak,25,1350.757,12.374,18
1,sse,groq-weak,26,1390.745,12.374,16
1,sse,groq-weak,27,1435.656,12.374,20
1,sse,groq-weak,28,1477.994,12.374,20
1,sse,groq-weak,29,1522.698,12.374,20
1,sse,groq-weak,30,1556.931,12.374,18
1,sse,groq-weak,31,1592.217,12.374,18
1,sse,groq-weak,32,1639.892,12.374,14
1,sse,groq-weak,33,1679.565,12.374,15
1,sse,groq-weak,34,1718.613,12.374,20
1,sse,groq-weak,35,1766.733,12.374,16
1,sse,groq-weak,36,1799.375,12.374,14
1,sse,groq-weak,37,1836.119,12.374,15
1,sse,groq-weak,38,1880.437,12.374,14
1,sse,groq-weak,39,1914.487,12.374,14
1,sse,groq-weak,40,1961.662,12.374,13
1,sse,groq-weak,41,2001.506,12.374,15
1,sse,groq-weak,42,2034.561,12.374,19
1,sse,groq-weak,43,2076.196,12.374,18
1,sse,groq-weak,44,2120.253,12.374,21
1,sse,groq-weak,45,2168.795,12.374,15
1,sse,groq-weak,46,2201.996,12.374,13
1,sse,groq-weak,47,2241.212,12.374,16
1,sse,groq-weak,48,2273.144,12.374,17
1,sse,groq-weak,49,2307.104,12.374,17
1,sse,groq-weak,50,2352.321,12.374,20
1,sse,groq-weak,51,2392.878,12.374,17
1,sse,groq-weak,52,2430.521,12.374,16
1,sse,groq-weak,53,2471.651,12.374,17
1,sse,groq-weak,54,2502.983,12.374,19
1,sse,groq-weak,55,2537.525,12.374,19
1,sse,groq-weak,56,2581.448,12.374,18
1,sse,groq-weak,57,2619.824,12.374,19
1,sse,groq-weak,58,2660.806,12.374,16
1,sse,groq-weak,59,2705.718,12.374,16
1,sse,groq-weak,60,2742.237,12.374,19
1,sse,groq-weak,61,2773.722,12.374,18
1,sse,groq-weak,62,2818.068,12.374,18
1,sse,groq-weak,63,2856.603,12.374,19
1,sse,groq-weak,64,2893.202,12.374,16
1,sse,groq-weak,65,2938.658,12.374,14
1,sse,groq-weak,66,2970.879,12.374,15
1,sse,groq-weak,67,3017.127,12.374,15
1,sse,groq-weak,68,3064.785,12.374,19
1,sse,groq-weak,69,3103.965,12.374,15
1,sse,groq-weak,70,3151.634,12.374,16
1,sse,groq-weak,71,3187.586,12.374,18
1,sse,groq-weak,72,3236.290,12.374,20
1,sse,groq-weak,73,3268.446,12.374,18
1,sse,groq-weak,74,3313.628,12.374,22
1,sse,groq-weak,75,3352.905,12.374,18
1,sse,groq-weak,76,3389.598,12.374,18
1,sse,groq-weak,77,3436.397,12.374,19
1,sse,groq-weak,78,3474.668,12.374,18
1,sse,groq-weak,79,3515.005,12.374,15
1,sse,groq-weak,80,3560.536,12.374,14
1,sse,groq-weak,81,3600.623,12.374,16
1,sse,groq-weak,82,3642.076,12.374,16
1,sse,groq-weak,83,3686.060,12.374,13
1,sse,groq-weak,84,3726.520,12.374,18
1,sse,groq-weak,85,3769.264,12.374,17
1,sse,groq-weak,86,3813.660,12.374,21
1,sse,groq-weak,87,3857.737,12.374,17
1,sse,groq-weak,88,3898.331,12.374,15
1,sse,groq-weak,89,3948.862,12.374,15
1,sse,groq-weak,90,3993.303,12.374,13
1,sse,groq-weak,91,4038.381,12.374,18
1,sse,groq-weak,92,4087.373,12.374,19
1,sse,groq-weak,93,4126.583,12.374,16
1,sse,groq-weak,94,4160.155,12.374,17
1,sse,groq-weak,95,4207.616,12.374,14
1,sse,groq-weak,96,4251.048,12.374,16
1,sse,groq-weak,97,4291.323,12.374,18
1,sse,groq-weak,98,4324.199,12.374,13
1,sse,groq-weak,99,4367.737,12.374,17
1,sse,groq-weak,100,4417.522,12.374,14
1,sse,groq-weak,101,4452.172,12.374,14
1,sse,groq-weak,102,4500.672,12.374,16
1,sse,groq-weak,103,4550.841,12.374,16
1,sse,groq-weak,104,4589.369,12.374,16
1,sse,groq-weak,105,4636.103,12.374,17
1,sse,groq-weak,106,4678.724,12.374,17
1,sse,groq-weak,107,4711.493,12.374,18
1,sse,groq-weak,108,4743.375,12.374,17
1,sse,groq-weak,109,4788.513,12.374,16
1,sse,groq-weak,110,4831.555,12.374,19
1,sse,groq-weak,111,4876.143,12.374,18
1,sse,groq-weak,112,4926.435,12.374,17
1,sse,groq-weak,113,4960.474,12.374,20
1,sse,groq-weak,114,4999.882,12.374,16
1,sse,groq-weak,115,5032.244,12.374,19
1,sse,groq-weak,116,5067.424,12.374,17
1,sse,groq-weak,117,5115.826,12.374,19
1,sse,groq-weak,118,5156.213,12.374,18
1,sse,groq-weak,119,5201.838,12.374,15
1,sse,groq-weak,120,5249.868,12.374,15
1,sse,groq-weak,121,5298.540,12.374,14
1,sse,groq-weak,122,5336.785,12.374,16
1,sse,groq-weak,123,5379.640,12.374,16
1,sse,groq-weak,124,5413.951,12.374,13
1,sse,groq-weak,125,5464.836,12.374,17
1,sse,groq-weak,126,5513.987,12.374,21
1,sse,groq-weak,127,5556.522,12.374,19
1,sse,groq-weak,128,5589.646,12.374,19
1,sse,groq-weak,129,5636.977,12.374,18
1,sse,groq-weak,130,5679.990,12.374,19
1,sse,groq-weak,131,5723.317,12.374,17
1,sse,groq-weak,132,5756.258,12.374,19
1,sse,groq-weak,133,5796.869,12.374,16
1,sse,groq-weak,134,5830.760,12.374,18
1,sse,groq-weak,135,5863.702,12.374,19
1,sse,groq-weak,136,5912.246,12.374,18
1,sse,groq-weak,137,5951.372,12.374,19
1,sse,groq-weak,138,5985.974,12.374,21
1,sse,groq-weak,139,6023.273,12.374,19
1,sse,groq-weak,140,6070.961,12.374,18
1,sse,groq-weak,141,6120.570,12.374,19
1,sse,groq-weak,142,6163.455,12.374,20
1,sse,groq-weak,143,6214.173,12.374,19
1,sse,groq-weak,144,6263.303,12.374,20
1,sse,groq-weak,145,6304.288,12.374,18
1,sse,groq-weak,146,6340.688,12.374,18
1,sse,groq-weak,147,6375.110,12.374,14
1,sse,groq-weak,148,6413.159,12.374,15
1,sse,groq-weak,149,6457.699,12.374,20
1,sse,groq-weak,150,6500.960,12.374,16
1,sse,groq-weak,151,6543.103,12.374,14
1,sse,groq-weak,152,6591.444,12.374,15
1,sse,groq-weak,153,6630.861,12.374,14
1,sse,groq-weak,154,6675.899,12.374,13
1,sse,groq-weak,155,6723.259,12.374,14
1,sse,groq-weak,156,6773.038,12.374,17
1,sse,groq-weak,157,6822.344,12.374,18
1,sse,groq-weak,158,6871.504,12.374,17
1,sse,groq-weak,159,6913.812,12.374,17
1,sse,groq-weak,160,6952.529,12.374,19
1,sse,groq-weak,161,6987.502,12.374,16
1,sse,groq-weak,162,7034.911,12.374,21
1,sse,groq-weak,163,7068.494,12.374,14
1,sse,groq-weak,164,7099.781,12.374,17
1,sse,groq-weak,165,7145.120,12.374,13
1,sse,groq-weak,166,7181.291,12.374,17
1,sse,groq-weak,167,7226.535,12.374,17
1,sse,groq-weak,168,7264.295,12.374,13
1,sse,groq-weak,169,7307.307,12.374,15
1,sse,groq-weak,170,7357.983,12.374,19
1,sse,groq-weak,171,7399.311,12.374,13
1,sse,groq-weak,172,7445.084,12.374,15
1,sse,groq-weak,173,7479.073,12.374,13
1,sse,groq-weak,174,7520.418,12.374,18
1,sse,groq-weak,175,7564.736,12.374,17
1,sse,groq-weak,176,7597.165,12.374,13
1,sse,groq-weak,177,7633.043,12.374,20
1,sse,groq-weak,178,7682.792,12.374,19
1,sse,groq-weak,179,7725.364,12.374,17
1,sse,groq-weak,180,7767.402,12.374,20
1,sse,groq-weak,181,7804.717,12.374,19
1,sse,groq-weak,182,7843.559,12.374,16
1,sse,groq-weak,183,7883.617,12.374,18
1,sse,groq-weak,184,7915.605,12.374,16
1,sse,groq-weak,185,7949.385,12.374,19
1,sse,groq-weak,186,7986.377,12.374,18
1,sse,groq-weak,187,8030.918,12.374,18
1,sse,groq-weak,188,8065.220,12.374,21
1,sse,groq-weak,189,8112.793,12.374,18
1,sse,groq-weak,190,8160.613,12.374,16
1,sse,groq-weak,191,8205.253,12.374,14
1,sse,groq-weak,192,8238.667,12.374,15
1,sse,groq-weak,193,8280.162,12.374,14
1,sse,groq-weak,194,8330.972,12.374,13
1,sse,groq-weak,195,8362.654,12.374,16
1,sse,groq-weak,196,8395.019,12.374,16
1,sse,groq-weak,197,8427.497,12.374,17
1,sse,groq-weak,198,8461.765,12.374,14
1,sse,groq-weak,199,8501.038,12.374,17
1,sse,groq-weak,200,8551.890,12.374,13
1,sse,groq-weak,201,8591.659,12.374,18
1,sse,groq-weak,202,8642.340,12.374,18
1,sse,groq-weak,203,8677.768,12.374,14
1,sse,groq-weak,204,8717.791,12.374,17
1,sse,groq-weak,205,8767.320,12.374,15
1,sse,groq-weak,206,8801.588,12.374,17
1,sse,groq-weak,207,8842.561,12.374,17
1,sse,groq-weak,208,8888.780,12.374,17
1,sse,groq-weak,209,8933.497,12.374,13
1,sse,groq-weak,210,8969.862,12.374,15
1,sse,groq-weak,211,9002.418,12.374,13
1,sse,groq-weak,212,9043.892,12.374,17
1,sse,groq-weak,213,9081.089,12.374,13
1,sse,groq-weak,214,9122.824,12.374,15
1,sse,groq-weak,215,9158.286,12.374,19
1,sse,groq-weak,216,9200.446,12.374,17
1,sse,groq-weak,217,9238.709,12.374,19
1,sse,groq-weak,218,9281.937,12.374,18
1,sse,groq-weak,219,9313.422,12.374,17
1,sse,groq-weak,220,9350.971,12.374,19
1,sse,groq-weak,221,9399.223,12.374,14
1,sse,groq-weak,222,9442.126,12.374,16
1,sse,groq-weak,223,9480.218,12.374,19
1,sse,groq-weak,224,9512.859,12.374,17
1,sse,groq-weak,225,9544.218,12.374,17
1,sse,groq-weak,226,9592.015,12.374,14
1,sse,groq-weak,227,9642.777,12.374,15
1,sse,groq-weak,228,9680.088,12.374,20
1,sse,groq-weak,229,9721.429,12.374,16
1,sse,groq-weak,230,9757.661,12.374,20
1,sse,groq-weak,231,9790.556,12.374,18
1,sse,groq-weak,232,9824.345,12.374,18
1,sse,groq-weak,233,9870.700,12.374,21
1,sse,groq-weak,234,9903.207,12.374,18
1,sse,groq-weak,235,9938.333,12.374,19
1,sse,groq-weak,236,9975.881,12.374,17
1,sse,groq-weak,237,10024.287,12.374,17
1,sse,groq-weak,238,10062.225,12.374,18
1,sse,groq-weak,239,10110.976,12.374,18
1,sse,groq-weak,240,10145.708,12.374,17
1,sse,groq-weak,241,10182.662,12.374,18
1,sse,groq-weak,242,10225.347,12.374,19
1,sse,groq-weak,243,10276.003,12.374,17
1,sse,groq-weak,244,10312.955,12.374,19
1,sse,groq-weak,245,10357.757,12.374,16
1,sse,groq-weak,246,10392.106,12.374,16
1,sse,groq-weak,247,10430.489,12.374,18
1,sse,groq-weak,248,10465.578,12.374,19
1,sse,groq-weak,249,10514.815,12.374,18
1,sse,groq-weak,250,10552.805,12.374,18
1,sse,groq-weak,251,10602.687,12.374,20
1,sse,groq-weak,252,10641.875,12.374,14
1,sse,groq-weak,253,10673.083,12.374,14
1,sse,groq-weak,254,10723.180,12.374,16
1,sse,groq-weak,255,10761.052,12.374,17
1,sse,groq-weak,256,10808.154,12.374,20
1,sse,groq-weak,257,10850.830,12.374,18
1,sse,groq-weak,258,10884.578,12.374,19
1,sse,groq-weak,259,10922.640,12.374,17
1,sse,groq-weak,260,10968.030,12.374,19
1,sse,groq-weak,261,11014.234,12.374,16
1,sse,groq-weak,262,11056.733,12.374,13
1,sse,groq-weak,263,11092.183,12.374,15
1,sse,groq-weak,264,11141.152,12.374,16
1,sse,groq-weak,265,11181.744,12.374,20
1,sse,groq-weak,266,11224.735,12.374,17
1,sse,groq-weak,267,11261.317,12.374,18
1,sse,groq-weak,268,11301.554,12.374,17
1,sse,groq-weak,269,11340.374,12.374,19
1,sse,groq-weak,270,11387.902,12.374,17
1,sse,groq-weak,271,11420.082,12.374,20
1,sse,groq-weak,272,11466.138,12.374,17
1,sse,groq-weak,273,11501.089,12.374,19
1,sse,groq-weak,274,11535.463,12.374,18
1,sse,groq-weak,275,11585.817,12.374,19
1,sse,groq-weak,276,11627.771,12.374,16
1,sse,groq-weak,277,11671.847,12.374,17
1,sse,groq-weak,278,11714.967,12.374,14
1,sse,groq-weak,279,11756.884,12.374,17
1,sse,groq-weak,280,11792.681,12.374,19
1,sse,groq-weak,281,11832.926,12.374,16
1,sse,groq-weak,282,11882.053,12.374,19
1,sse,groq-weak,283,11922.931,12.374,16
1,sse,groq-weak,284,11970.720,12.374,18
1,sse,groq-weak,285,12019.826,12.374,20
1,sse,groq-weak,286,12058.183,12.374,16
1,sse,groq-weak,287,12093.388,12.374,13
1,sse,groq-weak,288,12138.510,12.374,15
1,sse,groq-weak,289,12187.345,12.374,14
1,sse,groq-weak,290,12237.295,12.374,16
1,sse,groq-weak,291,12281.980,12.374,16
1,sse,groq-weak,292,12317.320,12.374,21
1,sse,groq-weak,293,12355.349,12.374,17
1,sse,groq-weak,294,12396.980,12.374,14
1,sse,groq-weak,295,12434.550,12.374,15
1,sse,groq-weak,296,12470.308,12.374,16
1,sse,groq-weak,297,12507.505,12.374,17
1,sse,groq-weak,298,12541.926,12.374,16
1,sse,groq-weak,299,12592.169,12.374,16
1,sse,groq-weak,300,12631.341,12.374,17
1,sse,groq-weak,301,12664.099,12.374,18
1,sse,groq-weak,302,12706.206,12.374,16
1,sse,groq-weak,303,12738.900,12.374,16
1,sse,groq-weak,304,12788.315,12.374,17
1,sse,groq-weak,305,12830.841,12.374,16
1,sse,groq-weak,306,12869.881,12.374,19
1,sse,groq-weak,307,12908.870,12.374,18
1,sse,groq-weak,308,12959.286,12.374,18
1,sse,groq-weak,309,13001.700,12.374,18
1,sse,groq-weak,310,13051.337,12.374,17
1,sse,groq-weak,311,13087.904,12.374,15
1,sse,groq-weak,312,13135.281,12.374,14
1,sse,groq-weak,313,13177.507,12.374,13
2,sse,groq-weak,0,323.761,13.280,13
2,sse,groq-weak,1,371.686,13.280,14
2,sse,groq-weak,2,413.497,13.280,16
2,sse,groq-weak,3,452.005,13.280,14
2,sse,groq-weak,4,488.802,13.280,16
2,sse,groq-weak,5,532.002,13.280,17
2,sse,groq-weak,6,569.876,13.280,19
2,sse,groq-weak,7,614.462,13.280,19
2,sse,groq-weak,8,647.979,13.280,16
2,sse,groq-weak,9,690.933,13.280,17
2,sse,groq-weak,10,735.200,13.280,20
2,sse,groq-weak,11,776.385,13.280,18
2,sse,groq-weak,12,811.447,13.280,18
2,sse,groq-weak,13,854.025,13.280,17
2,sse,groq-weak,14,902.700,13.280,20
2,sse,groq-weak,15,939.739,13.280,16
2,sse,groq-weak,16,987.910,13.280,14
2,sse,groq-weak,17,1021.648,13.280,16
2,sse,groq-weak,18,1063.718,13.280,13
2,sse,groq-weak,19,1107.049,13.280,18
2,sse,groq-weak,20,1143.048,13.280,17
2,sse,groq-weak,21,1177.378,13.280,20
2,sse,groq-weak,22,1211.470,13.280,19
2,sse,groq-weak,23,1255.203,13.280,17
2,sse,groq-weak,24,1303.209,13.280,21
2,sse,groq-weak,25,1352.744,13.280,18
2,sse,groq-weak,26,1394.461,13.280,19
2,sse,groq-weak,27,1428.622,13.280,18
2,sse,groq-weak,28,1465.095,13.280,18
2,sse,groq-weak,29,1498.526,13.280,19
2,sse,groq-weak,30,1543.278,13.280,17
2,sse,groq-weak,31,1580.897,13.280,17
2,sse,groq-weak,32,1622.568,13.280,18
2,sse,groq-weak,33,1664.661,13.280,19
2,sse,groq-weak,34,1701.281,13.280,13
2,sse,groq-weak,35,1741.279,13.280,15
2,sse,groq-weak,36,1779.530,13.280,14
2,sse,groq-weak,37,1829.084,13.280,17
2,sse,groq-weak,38,1873.416,13.280,18
2,sse,groq-weak,39,1913.027,13.280,17
2,sse,groq-weak,40,1962.776,13.280,19
2,sse,groq-weak,41,2012.686,13.280,16
2,sse,groq-weak,42,2050.442,13.280,17
2,sse,groq-weak,43,2081.854,13.280,17
2,sse,groq-weak,44,2128.259,13.280,18
2,sse,groq-weak,45,2162.862,13.280,19
2,sse,groq-weak,46,2201.615,13.280,19
2,sse,groq-weak,47,2237.925,13.280,14
2,sse,groq-weak,48,2276.608,13.280,14
2,sse,groq-weak,49,2310.592,13.280,16
2,sse,groq-weak,50,2356.375,13.280,14
2,sse,groq-weak,51,2396.527,13.280,19
2,sse,groq-weak,52,2431.385,13.280,19
2,sse,groq-weak,53,2468.242,13.280,20
2,sse,groq-weak,54,2503.136,13.280,18
2,sse,groq-weak,55,2548.963,13.280,17
2,sse,groq-weak,56,2583.766,13.280,17
2,sse,groq-weak,57,2623.129,13.280,17
2,sse,groq-weak,58,2671.507,13.280,13
2,sse,groq-weak,59,2706.933,13.280,15
2,sse,groq-weak,60,2738.697,13.280,13
2,sse,groq-weak,61,2779.324,13.280,13
3,sse,groq-weak,0,340.405,17.303,14
3,sse,groq-weak,1,382.313,17.303,16
3,sse,groq-weak,2,416.867,17.303,18
3,sse,groq-weak,3,460.868,17.303,13
3,sse,groq-weak,4,493.781,17.303,17
3,sse,groq-weak,5,535.662,17.303,21
3,sse,groq-weak,6,574.034,17.303,16
3,sse,groq-weak,7,609.580,17.303,16
3,sse,groq-weak,8,660.067,17.303,15
3,sse,groq-weak,9,692.139,17.303,19
3,sse,groq-weak,10,724.571,17.303,18
3,sse,groq-weak,11,759.438,17.303,19
3,sse,groq-weak,12,799.638,17.303,19
3,sse,groq-weak,13,840.560,17.303,18
3,sse,groq-weak,14,888.065,17.303,18
3,sse,groq-weak,15,931.152,17.303,19
3,sse,groq-weak,16,966.902,17.303,16
3,sse,groq-weak,17,1002.137,17.303,13
3,sse,groq-weak,18,1034.921,17.303,18
3,sse,groq-weak,19,1071.039,17.303,19
3,sse,groq-weak,20,1114.392,17.303,17
3,sse,groq-weak,21,1152.085,17.303,17
3,sse,groq-weak,22,1196.143,17.303,13
3,sse,groq-weak,23,1236.738,17.303,15
3,sse,groq-weak,24,1271.975,17.303,13
3,sse,groq-weak,25,1310.757,17.303,16
3,sse,groq-weak,26,1342.896,17.303,20
3,sse,groq-weak,27,1389.770,17.303,16
3,sse,groq-weak,28,1440.859,17.303,17
3,sse,groq-weak,29,1479.664,17.303,17
3,sse,groq-weak,30,1528.971,17.303,18
3,sse,groq-weak,31,1571.351,17.303,16
3,sse,groq-weak,32,1610.005,17.303,18
3,sse,groq-weak,33,1661.138,17.303,18
3,sse,groq-weak,34,1696.985,17.303,16
3,sse,groq-weak,35,1737.199,17.303,19
3,sse,groq-weak,36,1781.941,17.303,17
3,sse,groq-weak,37,1813.897,17.303,13
3,sse,groq-weak,38,1858.700,17.303,16
3,sse,groq-weak,39,1895.950,17.303,15
3,sse,groq-weak,40,1941.793,17.303,13
3,sse,groq-weak,41,1989.772,17.303,19
3,sse,groq-weak,42,2028.641,17.303,17
3,sse,groq-weak,43,2066.337,17.303,18
3,sse,groq-weak,44,2113.218,17.303,18
3,sse,groq-weak,45,2154.675,17.303,17
3,sse,groq-weak,46,2197.626,17.303,17
3,sse,groq-weak,47,2233.712,17.303,13
3,sse,groq-weak,48,2274.436,17.303,15
3,sse,groq-weak,49,2318.783,17.303,13
3,sse,groq-weak,50,2365.420,17.303,16
3,sse,groq-weak,51,2415.059,17.303,17
3,sse,groq-weak,52,2457.492,17.303,19
3,sse,groq-weak,53,2501.579,17.303,13
3,sse,groq-weak,54,2547.495,17.303,14
3,sse,groq-weak,55,2590.392,17.303,19
3,sse,groq-weak,56,2624.387,17.303,13
3,sse,groq-weak,57,2671.276,17.303,13
3,sse,groq-weak,58,2707.158,17.303,13
3,sse,groq-weak,59,2745.784,17.303,16
3,sse,groq-weak,60,2786.810,17.303,19
3,sse,groq-weak,61,2835.397,17.303,16
3,sse,groq-weak,62,2884.573,17.303,19
3,sse,groq-weak,63,2920.764,17.303,18
3,sse,groq-weak,64,2953.458,17.303,19
3,sse,groq-weak,65,2986.030,17.303,18
3,sse,groq-weak,66,3024.800,17.303,13
4,sse,groq-weak,0,347.443,13.647,14
4,sse,groq-weak,1,384.101,13.647,15
4,sse,groq-weak,2,433.760,13.647,18
4,sse,groq-weak,3,482.312,13.647,21
4,sse,groq-weak,4,531.474,13.647,15
4,sse,groq-weak,5,572.347,13.647,15
4,sse,groq-weak,6,617.616,13.647,17
4,sse,groq-weak,7,659.508,13.647,19
4,sse,groq-weak,8,695.399,13.647,17
4,sse,groq-weak,9,746.286,13.647,18
4,sse,groq-weak,10,783.436,13.647,18
4,sse,groq-weak,11,829.495,13.647,17
4,sse,groq-weak,12,862.858,13.647,18
4,sse,groq-weak,13,899.848,13.647,13
4,sse,groq-weak,14,937.498,13.647,13
4,sse,groq-weak,15,969.204,13.647,13
4,sse,groq-weak,16,1007.882,13.647,13
4,sse,groq-weak,17,1039.836,13.647,13
4,sse,groq-weak,18,1084.002,13.647,15
4,sse,groq-weak,19,1132.178,13.647,13
4,sse,groq-weak,20,1176.906,13.647,18
4,sse,groq-weak,21,1213.106,13.647,19
4,sse,groq-weak,22,1257.599,13.647,15
4,sse,groq-weak,23,1291.750,13.647,17
4,sse,groq-weak,24,1325.268,13.647,15
4,sse,groq-weak,25,1358.369,13.647,13
4,sse,groq-weak,26,1391.253,13.647,13
4,sse,groq-weak,27,1441.228,13.647,18
4,sse,groq-weak,28,1475.929,13.647,16
4,sse,groq-weak,29,1512.931,13.647,18
4,sse,groq-weak,30,1544.420,13.647,20
4,sse,groq-weak,31,1595.001,13.647,20
4,sse,groq-weak,32,1636.289,13.647,17
4,sse,groq-weak,33,1668.436,13.647,20
4,sse,groq-weak,34,1713.609,13.647,18
4,sse,groq-weak,35,1745.924,13.647,18
4,sse,groq-weak,36,1784.050,13.647,17
4,sse,groq-weak,37,1829.972,13.647,17
4,sse,groq-weak,38,1878.422,13.647,17
4,sse,groq-weak,39,1919.577,13.647,18
4,sse,groq-weak,40,1960.744,13.647,19
4,sse,groq-weak,41,1998.201,13.647,20
4,sse,groq-weak,42,2043.970,13.647,20
4,sse,groq-weak,43,2092.167,13.647,18
4,sse,groq-weak,44,2130.044,13.647,18
4,sse,groq-weak,45,2171.765,13.647,17
4,sse,groq-weak,46,2213.106,13.647,15
4,sse,groq-weak,47,2260.061,13.647,19
4,sse,groq-weak,48,2304.590,13.647,13
4,sse,groq-weak,49,2344.038,13.647,18
4,sse,groq-weak,50,2384.253,13.647,17
4,sse,groq-weak,51,2429.428,13.647,15
4,sse,groq-weak,52,2480.373,13.647,19
4,sse,groq-weak,53,2515.088,13.647,18
4,sse,groq-weak,54,2551.281,13.647,18
4,sse,groq-weak,55,2597.605,13.647,21
4,sse,groq-weak,56,2647.342,13.647,15
4,sse,groq-weak,57,2688.490,13.647,15
4,sse,groq-weak,58,2729.302,13.647,17
4,sse,groq-weak,59,2762.467,13.647,19
4,sse,groq-weak,60,2799.993,13.647,19
4,sse,groq-weak,61,2844.812,13.647,16
4,sse,groq-weak,62,2892.194,13.647,19
4,sse,groq-weak,63,2931.968,13.647,21
4,sse,groq-weak,64,2976.497,13.647,20
4,sse,groq-weak,65,3008.702,13.647,20
4,sse,groq-weak,66,3040.379,13.647,20
4,sse,groq-weak,67,3089.796,13.647,17
4,sse,groq-weak,68,3128.499,13.647,20
4,sse,groq-weak,69,3165.281,13.647,21
4,sse,groq-weak,70,3199.087,13.647,16
4,sse,groq-weak,71,3238.657,13.647,19
4,sse,groq-weak,72,3289.252,13.647,15
4,sse,groq-weak,73,3339.842,13.647,17
4,sse,groq-weak,74,3382.982,13.647,15
4,sse,groq-weak,75,3428.711,13.647,13
4,sse,groq-weak,76,3461.418,13.647,19
4,sse,groq-weak,77,3494.987,13.647,15
4,sse,groq-weak,78,3538.132,13.647,13
4,sse,groq-weak,79,3571.631,13.647,18
4,sse,groq-weak,80,3619.668,13.647,18
4,sse,groq-weak,81,3667.031,13.647,21
4,sse,groq-weak,82,3704.189,13.647,15
4,sse,groq-weak,83,3742.479,13.647,15
4,sse,groq-weak,84,3781.878,13.647,17
4,sse,groq-weak,85,3822.857,13.647,18
4,sse,groq-weak,86,3867.827,13.647,19
4,sse,groq-weak,87,3911.348,13.647,21
4,sse,groq-weak,88,3959.711,13.647,18
4,sse,groq-weak,89,3998.757,13.647,19
4,sse,groq-weak,90,4036.477,13.647,18
4,sse,groq-weak,91,4076.970,13.647,18
4,sse,groq-weak,92,4126.319,13.647,19
4,sse,groq-weak,93,4169.653,13.647,17
4,sse,groq-weak,94,4210.737,13.647,17
4,sse,groq-weak,95,4260.137,13.647,17
4,sse,groq-weak,96,4295.944,13.647,16
4,sse,groq-weak,97,4344.200,13.647,17
4,sse,groq-weak,98,4392.986,13.647,19
4,sse,groq-weak,99,4428.408,13.647,21
4,sse,groq-weak,100,4463.913,13.647,20
4,sse,groq-weak,101,4500.645,13.647,20
4,sse,groq-weak,102,4543.489,13.647,20
4,sse,groq-weak,103,4580.264,13.647,17
4,sse,groq-weak,104,4622.563,13.647,20
4,sse,groq-weak,105,4658.388,13.647,20
4,sse,groq-weak,106,4692.334,13.647,18
4,sse,groq-weak,107,4731.725,13.647,18
4,sse,groq-weak,108,4772.778,13.647,18
4,sse,groq-weak,109,4821.482,13.647,18
4,sse,groq-weak,110,4852.437,13.647,19
4,sse,groq-weak,111,4885.250,13.647,17
4,sse,groq-weak,112,4928.628,13.647,19
4,sse,groq-weak,113,4970.511,13.647,13
4,sse,groq-weak,114,5017.245,13.647,16
4,sse,groq-weak,115,5063.862,13.647,18
4,sse,groq-weak,116,5109.132,13.647,17
4,sse,groq-weak,117,5158.985,13.647,19
4,sse,groq-weak,118,5209.343,13.647,14
4,sse,groq-weak,119,5245.364,13.647,15
4,sse,groq-weak,120,5294.984,13.647,20
4,sse,groq-weak,121,5336.657,13.647,18
4,sse,groq-weak,122,5382.278,13.647,17
4,sse,groq-weak,123,5430.727,13.647,17
4,sse,groq-weak,124,5467.492,13.647,13
4,sse,groq-weak,125,5499.849,13.647,13
4,sse,groq-weak,126,5540.407,13.647,16
4,sse,groq-weak,127,5585.784,13.647,19
4,sse,groq-weak,128,5622.821,13.647,15
4,sse,groq-weak,129,5657.571,13.647,17
4,sse,groq-weak,130,5693.183,13.647,15
4,sse,groq-weak,131,5736.437,13.647,13
4,sse,groq-weak,132,5776.999,13.647,17
4,sse,groq-weak,133,5812.331,13.647,17
4,sse,groq-weak,134,5845.706,13.647,13
4,sse,groq-weak,135,5877.377,13.647,15
4,sse,groq-weak,136,5919.682,13.647,13
4,sse,groq-weak,137,5968.044,13.647,13
5,sse,groq-weak,0,452.835,12.803,14
5,sse,groq-weak,1,486.240,12.803,14
5,sse,groq-weak,2,525.841,12.803,19
5,sse,groq-weak,3,569.212,12.803,21
5,sse,groq-weak,4,609.473,12.803,19
5,sse,groq-weak,5,652.269,12.803,18
5,sse,groq-weak,6,687.136,12.803,17
5,sse,groq-weak,7,731.361,12.803,13
5,sse,groq-weak,8,781.267,12.803,15
5,sse,groq-weak,9,814.300,12.803,13
5,sse,groq-weak,10,847.495,12.803,16
5,sse,groq-weak,11,896.319,12.803,16
5,sse,groq-weak,12,942.245,12.803,16
5,sse,groq-weak,13,974.135,12.803,16
5,sse,groq-weak,14,1019.432,12.803,15
5,sse,groq-weak,15,1066.373,12.803,14
5,sse,groq-weak,16,1099.250,12.803,16
5,sse,groq-weak,17,1149.409,12.803,17
5,sse,groq-weak,18,1197.965,12.803,14
5,sse,groq-weak,19,1232.736,12.803,16
5,sse,groq-weak,20,1283.348,12.803,18
5,sse,groq-weak,21,1326.103,12.803,18
5,sse,groq-weak,22,1377.247,12.803,17
5,sse,groq-weak,23,1420.159,12.803,20
5,sse,groq-weak,24,1461.694,12.803,17
5,sse,groq-weak,25,1507.696,12.803,19
5,sse,groq-weak,26,1554.811,12.803,17
5,sse,groq-weak,27,1605.674,12.803,16
5,sse,groq-weak,28,1638.788,12.803,13
5,sse,groq-weak,29,1688.682,12.803,16
5,sse,groq-weak,30,1730.526,12.803,16
5,sse,groq-weak,31,1769.502,12.803,15
5,sse,groq-weak,32,1815.707,12.803,14
5,sse,groq-weak,33,1848.414,12.803,16
5,sse,groq-weak,34,1899.281,12.803,17
5,sse,groq-weak,35,1940.464,12.803,15
5,sse,groq-weak,36,1988.318,12.803,19
5,sse,groq-weak,37,2032.621,12.803,18
5,sse,groq-weak,38,2070.806,12.803,16
5,sse,groq-weak,39,2102.645,12.803,19
5,sse,groq-weak,40,2133.997,12.803,18
5,sse,groq-weak,41,2182.322,12.803,14
5,sse,groq-weak,42,2226.312,12.803,16
5,sse,groq-weak,43,2277.174,12.803,13
5,sse,groq-weak,44,2310.315,12.803,21
5,sse,groq-weak,45,2350.509,12.803,18
5,sse,groq-weak,46,2384.220,12.803,18
5,sse,groq-weak,47,2434.502,12.803,18
5,sse,groq-weak,48,2472.579,12.803,17
5,sse,groq-weak,49,2512.928,12.803,19
5,sse,groq-weak,50,2557.842,12.803,13
5,sse,groq-weak,51,2608.364,12.803,16
5,sse,groq-weak,52,2647.613,12.803,17
5,sse,groq-weak,53,2692.059,12.803,13
5,sse,groq-weak,54,2724.743,12.803,17
5,sse,groq-weak,55,2773.919,12.803,19
5,sse,groq-weak,56,2814.832,12.803,17
5,sse,groq-weak,57,2863.086,12.803,19
5,sse,groq-weak,58,2910.343,12.803,20
5,sse,groq-weak,59,2958.291,12.803,18
5,sse,groq-weak,60,2997.486,12.803,14
5,sse,groq-weak,61,3039.935,12.803,15
5,sse,groq-weak,62,3071.541,12.803,20
5,sse,groq-weak,63,3103.797,12.803,20
5,sse,groq-weak,64,3140.004,12.803,16
5,sse,groq-weak,65,3179.424,12.803,19
5,sse,groq-weak,66,3228.498,12.803,20
5,sse,groq-weak,67,3264.863,12.803,20
5,sse,groq-weak,68,3309.883,12.803,17
5,sse,groq-weak,69,3341.277,12.803,20
5,sse,groq-weak,70,3392.383,12.803,18
5,sse,groq-weak,71,3442.700,12.803,20
5,sse,groq-weak,72,3483.532,12.803,19
5,sse,groq-weak,73,3530.754,12.803,16
5,sse,groq-weak,74,3571.594,12.803,14
5,sse,groq-weak,75,3610.119,12.803,15
5,sse,groq-weak,76,3653.863,12.803,17
5,sse,groq-weak,77,3690.288,12.803,14
5,sse,groq-weak,78,3725.941,12.803,16
5,sse,groq-weak,79,3776.798,12.803,18
5,sse,groq-weak,80,3824.706,12.803,14
5,sse,groq-weak,81,3871.505,12.803,16
5,sse,groq-weak,82,3919.706,12.803,17
5,sse,groq-weak,83,3970.457,12.803,19
5,sse,groq-weak,84,4008.706,12.803,18
5,sse,groq-weak,85,4057.961,12.803,18
5,sse,groq-weak,86,4098.830,12.803,19
5,sse,groq-weak,87,4150.146,12.803,15
5,sse,groq-weak,88,4189.303,12.803,15
5,sse,groq-weak,89,4230.266,12.803,19
5,sse,groq-weak,90,4262.683,12.803,18
5,sse,groq-weak,91,4294.117,12.803,14
5,sse,groq-weak,92,4334.279,12.803,18
5,sse,groq-weak,93,4368.330,12.803,16
5,sse,groq-weak,94,4414.421,12.803,15
5,sse,groq-weak,95,4454.496,12.803,13
5,sse,groq-weak,96,4495.896,12.803,16
5,sse,groq-weak,97,4543.289,12.803,16
5,sse,groq-weak,98,4583.575,12.803,17
5,sse,groq-weak,99,4627.594,12.803,19
5,sse,groq-weak,100,4674.786,12.803,16
5,sse,groq-weak,101,4712.475,12.803,17
5,sse,groq-weak,102,4744.460,12.803,18
5,sse,groq-weak,103,4792.011,12.803,14
5,sse,groq-weak,104,4828.749,12.803,14
5,sse,groq-weak,105,4869.574,12.803,19
5,sse,groq-weak,106,4914.661,12.803,18
5,sse,groq-weak,107,4964.209,12.803,17
5,sse,groq-weak,108,5011.235,12.803,19
5,sse,groq-weak,109,5056.238,12.803,13
5,sse,groq-weak,110,5097.158,12.803,19
5,sse,groq-weak,111,5138.058,12.803,17
5,sse,groq-weak,112,5172.587,12.803,21
5,sse,groq-weak,113,5221.073,12.803,18
5,sse,groq-weak,114,5260.609,12.803,17
5,sse,groq-weak,115,5306.561,12.803,19
5,sse,groq-weak,116,5350.767,12.803,21
5,sse,groq-weak,117,5401.669,12.803,17
5,sse,groq-weak,118,5440.263,12.803,17
5,sse,groq-weak,119,5475.929,12.803,15
5,sse,groq-weak,120,5524.577,12.803,19
5,sse,groq-weak,121,5556.995,12.803,14
5,sse,groq-weak,122,5603.714,12.803,16
5,sse,groq-weak,123,5652.761,12.803,13
5,sse,groq-weak,124,5691.749,12.803,16
5,sse,groq-weak,125,5729.661,12.803,16
5,sse,groq-weak,126,5764.461,12.803,19
5,sse,groq-weak,127,5799.577,12.803,18
5,sse,groq-weak,128,5850.449,12.803,14
5,sse,groq-weak,129,5899.215,12.803,16
5,sse,groq-weak,130,5944.654,12.803,16
5,sse,groq-weak,131,5980.330,12.803,19
5,sse,groq-weak,132,6018.758,12.803,13
5,sse,groq-weak,133,6050.345,12.803,16
5,sse,groq-weak,134,6083.888,12.803,17
5,sse,groq-weak,135,6118.328,12.803,17
5,sse,groq-weak,136,6161.399,12.803,16
5,sse,groq-weak,137,6203.208,12.803,19
5,sse,groq-weak,138,6245.529,12.803,18
5,sse,groq-weak,139,6279.502,12.803,14
5,sse,groq-weak,140,6324.959,12.803,16
5,sse,groq-weak,141,6369.439,12.803,17
5,sse,groq-weak,142,6419.964,12.803,18
5,sse,groq-weak,143,6469.559,12.803,16
5,sse,groq-weak,144,6514.067,12.803,19
5,sse,groq-weak,145,6557.437,12.803,18
5,sse,groq-weak,146,6601.406,12.803,17
5,sse,groq-weak,147,6636.816,12.803,17
5,sse,groq-weak,148,6685.808,12.803,17
5,sse,groq-weak,149,6734.561,12.803,13
5,sse,groq-weak,150,6785.626,12.803,20
5,sse,groq-weak,151,6818.183,12.803,18
5,sse,groq-weak,152,6861.885,12.803,17
5,sse,groq-weak,153,6903.398,12.803,18
5,sse,groq-weak,154,6947.704,12.803,14
5,sse,groq-weak,155,6991.692,12.803,14
5,sse,groq-weak,156,7027.454,12.803,19
5,sse,groq-weak,157,7060.020,12.803,18
5,sse,groq-weak,158,7109.726,12.803,17
5,sse,groq-weak,159,7141.299,12.803,19
5,sse,groq-weak,160,7175.170,12.803,19
5,sse,groq-weak,161,7209.756,12.803,20
5,sse,groq-weak,162,7244.912,12.803,19
5,sse,groq-weak,163,7291.888,12.803,16
5,sse,groq-weak,164,7334.200,12.803,19
5,sse,groq-weak,165,7367.288,12.803,18
5,sse,groq-weak,166,7398.483,12.803,14
5,sse,groq-weak,167,7439.032,12.803,16
5,sse,groq-weak,168,7482.642,12.803,13
5,sse,groq-weak,169,7530.854,12.803,21
5,sse,groq-weak,170,7564.957,12.803,17
5,sse,groq-weak,171,7599.285,12.803,19
5,sse,groq-weak,172,7630.926,12.803,18
5,sse,groq-weak,173,7672.881,12.803,18
5,sse,groq-weak,174,7723.658,12.803,19
5,sse,groq-weak,175,7755.840,12.803,17
5,sse,groq-weak,176,7798.624,12.803,20
5,sse,groq-weak,177,7849.355,12.803,16
5,sse,groq-weak,178,7888.774,12.803,14
5,sse,groq-weak,179,7933.008,12.803,16
5,sse,groq-weak,180,7971.297,12.803,18
5,sse,groq-weak,181,8017.823,12.803,14
5,sse,groq-weak,182,8067.303,12.803,14
5,sse,groq-weak,183,8108.715,12.803,18
5,sse,groq-weak,184,8149.056,12.803,16
5,sse,groq-weak,185,8181.171,12.803,15
5,sse,groq-weak,186,8217.538,12.803,13
5,sse,groq-weak,187,8249.719,12.803,13
6,sse,groq-weak,0,319.661,12.777,15
6,sse,groq-weak,1,353.106,12.777,16
6,sse,groq-weak,2,388.697,12.777,20
6,sse,groq-weak,3,438.312,12.777,14
6,sse,groq-weak,4,487.903,12.777,17
6,sse,groq-weak,5,520.325,12.777,15
6,sse,groq-weak,6,555.324,12.777,17
6,sse,groq-weak,7,601.900,12.777,17
6,sse,groq-weak,8,650.784,12.777,13
6,sse,groq-weak,9,692.341,12.777,15
6,sse,groq-weak,10,729.809,12.777,16
6,sse,groq-weak,11,776.882,12.777,18
6,sse,groq-weak,12,813.488,12.777,18
6,sse,groq-weak,13,859.569,12.777,20
6,sse,groq-weak,14,900.869,12.777,20
6,sse,groq-weak,15,938.159,12.777,18
6,sse,groq-weak,16,984.605,12.777,19
6,sse,groq-weak,17,1018.756,12.777,16
6,sse,groq-weak,18,1057.905,12.777,14
6,sse,groq-weak,19,1094.184,12.777,19
6,sse,groq-weak,20,1137.502,12.777,18
6,sse,groq-weak,21,1184.264,12.777,19
6,sse,groq-weak,22,1229.964,12.777,17
6,sse,groq-weak,23,1279.085,12.777,19
6,sse,groq-weak,24,1315.521,12.777,16
6,sse,groq-weak,25,1365.237,12.777,13
6,sse,groq-weak,26,1404.510,12.777,20
6,sse,groq-weak,27,1451.292,12.777,20
6,sse,groq-weak,28,1488.254,12.777,17
6,sse,groq-weak,29,1537.299,12.777,15
6,sse,groq-weak,30,1570.371,12.777,19
6,sse,groq-weak,31,1618.981,12.777,17
6,sse,groq-weak,32,1663.470,12.777,13
6,sse,groq-weak,33,1702.505,12.777,19
6,sse,groq-weak,34,1736.778,12.777,19
6,sse,groq-weak,35,1770.455,12.777,17
6,sse,groq-weak,36,1812.719,12.777,13
6,sse,groq-weak,37,1845.709,12.777,19
6,sse,groq-weak,38,1880.552,12.777,17
6,sse,groq-weak,39,1917.685,12.777,17
6,sse,groq-weak,40,1966.933,12.777,20
6,sse,groq-weak,41,2015.613,12.777,14
6,sse,groq-weak,42,2056.635,12.777,16
6,sse,groq-weak,43,2089.157,12.777,19
6,sse,groq-weak,44,2125.473,12.777,17
6,sse,groq-weak,45,2171.219,12.777,16
6,sse,groq-weak,46,2212.765,12.777,18
6,sse,groq-weak,47,2248.975,12.777,17
6,sse,groq-weak,48,2288.871,12.777,14
6,sse,groq-weak,49,2337.793,12.777,19
6,sse,groq-weak,50,2375.008,12.777,19
6,sse,groq-weak,51,2410.740,12.777,17
6,sse,groq-weak,52,2457.872,12.777,17
6,sse,groq-weak,53,2496.466,12.777,20
6,sse,groq-weak,54,2537.872,12.777,16
6,sse,groq-weak,55,2581.443,12.777,17
6,sse,groq-weak,56,2630.257,12.777,19
6,sse,groq-weak,57,2671.616,12.777,21
6,sse,groq-weak,58,2708.623,12.777,14
6,sse,groq-weak,59,2746.902,12.777,13
6,sse,groq-weak,60,2788.384,12.777,14
6,sse,groq-weak,61,2831.839,12.777,13
6,sse,groq-weak,62,2874.426,12.777,18
6,sse,groq-weak,63,2906.896,12.777,19
6,sse,groq-weak,64,2958.245,12.777,16
6,sse,groq-weak,65,3003.024,12.777,19
6,sse,groq-weak,66,3046.223,12.777,18
6,sse,groq-weak,67,3083.325,12.777,22
6,sse,groq-weak,68,3125.321,12.777,18
6,sse,groq-weak,69,3165.771,12.777,17
6,sse,groq-weak,70,3214.101,12.777,16
6,sse,groq-weak,71,3248.793,12.777,15
6,sse,groq-weak,72,3298.878,12.777,14
6,sse,groq-weak,73,3343.415,12.777,16
6,sse,groq-weak,74,3385.398,12.777,17
6,sse,groq-weak,75,3426.623,12.777,15
6,sse,groq-weak,76,3477.000,12.777,15
6,sse,groq-weak,77,3526.281,12.777,14
6,sse,groq-weak,78,3558.656,12.777,16
6,sse,groq-weak,79,3590.023,12.777,16
6,sse,groq-weak,80,3623.518,12.777,18
6,sse,groq-weak,81,3659.748,12.777,19
6,sse,groq-weak,82,3695.647,12.777,17
6,sse,groq-weak,83,3742.865,12.777,14
6,sse,groq-weak,84,3776.189,12.777,14
6,sse,groq-weak,85,3812.560,12.777,16
6,sse,groq-weak,86,3851.503,12.777,16
6,sse,groq-weak,87,3899.722,12.777,16
6,sse,groq-weak,88,3940.774,12.777,18
6,sse,groq-weak,89,3981.603,12.777,17
6,sse,groq-weak,90,4020.523,12.777,21
6,sse,groq-weak,91,4053.571,12.777,18
6,sse,groq-weak,92,4101.837,12.777,16
6,sse,groq-weak,93,4139.158,12.777,15
6,sse,groq-weak,94,4175.625,12.777,13
6,sse,groq-weak,95,4218.729,12.777,19
6,sse,groq-weak,96,4268.627,12.777,15
6,sse,groq-weak,97,4316.071,12.777,14
6,sse,groq-weak,98,4352.265,12.777,13
6,sse,groq-weak,99,4397.023,12.777,16
6,sse,groq-weak,100,4429.693,12.777,17
6,sse,groq-weak,101,4471.802,12.777,18
6,sse,groq-weak,102,4519.983,12.777,19
6,sse,groq-weak,103,4556.101,12.777,18
6,sse,groq-weak,104,4591.980,12.777,17
6,sse,groq-weak,105,4626.860,12.777,19
6,sse,groq-weak,106,4675.899,12.777,16
6,sse,groq-weak,107,4721.439,12.777,18
6,sse,groq-weak,108,4767.987,12.777,19
6,sse,groq-weak,109,4813.676,12.777,20
6,sse,groq-weak,110,4857.786,12.777,19
6,sse,groq-weak,111,4892.409,12.777,20
6,sse,groq-weak,112,4941.646,12.777,18
6,sse,groq-weak,113,4988.699,12.777,18
6,sse,groq-weak,114,5038.076,12.777,20
6,sse,groq-weak,115,5085.215,12.777,19
6,sse,groq-weak,116,5118.157,12.777,18
6,sse,groq-weak,117,5150.909,12.777,17
6,sse,groq-weak,118,5201.429,12.777,16
6,sse,groq-weak,119,5252.013,12.777,14
6,sse,groq-weak,120,5289.030,12.777,15
6,sse,groq-weak,121,5324.365,12.777,13
6,sse,groq-weak,122,5374.663,12.777,15
6,sse,groq-weak,123,5422.850,12.777,16
6,sse,groq-weak,124,5469.642,12.777,20
6,sse,groq-weak,125,5514.928,12.777,19
6,sse,groq-weak,126,5549.766,12.777,17
6,sse,groq-weak,127,5582.440,12.777,19
6,sse,groq-weak,128,5633.085,12.777,15
6,sse,groq-weak,129,5669.458,12.777,18
6,sse,groq-weak,130,5720.429,12.777,16
6,sse,groq-weak,131,5769.139,12.777,18
6,sse,groq-weak,132,5802.723,12.777,14
6,sse,groq-weak,133,5852.148,12.777,15
6,sse,groq-weak,134,5889.549,12.777,17
6,sse,groq-weak,135,5928.293,12.777,13
6,sse,groq-weak,136,5972.121,12.777,19
6,sse,groq-weak,137,6017.708,12.777,20
6,sse,groq-weak,138,6050.025,12.777,17
6,sse,groq-weak,139,6091.928,12.777,13
6,sse,groq-weak,140,6125.788,12.777,18
6,sse,groq-weak,141,6173.785,12.777,17
6,sse,groq-weak,142,6217.698,12.777,13
6,sse,groq-weak,143,6258.833,12.777,15
6,sse,groq-weak,144,6290.129,12.777,17
6,sse,groq-weak,145,6325.080,12.777,17
6,sse,groq-weak,146,6375.939,12.777,20
6,sse,groq-weak,147,6410.429,12.777,20
6,sse,groq-weak,148,6458.690,12.777,16
6,sse,groq-weak,149,6499.299,12.777,17
6,sse,groq-weak,150,6545.043,12.777,18
6,sse,groq-weak,151,6578.911,12.777,18
6,sse,groq-weak,152,6626.266,12.777,17
6,sse,groq-weak,153,6667.589,12.777,19
6,sse,groq-weak,154,6714.189,12.777,18
6,sse,groq-weak,155,6754.137,12.777,13
6,sse,groq-weak,156,6786.563,12.777,15
6,sse,groq-weak,157,6823.779,12.777,14
6,sse,groq-weak,158,6855.905,12.777,16
6,sse,groq-weak,159,6899.155,12.777,16
6,sse,groq-weak,160,6949.302,12.777,17
6,sse,groq-weak,161,6980.674,12.777,18
6,sse,groq-weak,162,7027.655,12.777,19
6,sse,groq-weak,163,7068.788,12.777,18
6,sse,groq-weak,164,7102.642,12.777,17
6,sse,groq-weak,165,7139.906,12.777,19
6,sse,groq-weak,166,7189.142,12.777,16
6,sse,groq-weak,167,7234.246,12.777,19
6,sse,groq-weak,168,7272.600,12.777,18
6,sse,groq-weak,169,7315.699,12.777,18
6,sse,groq-weak,170,7363.269,12.777,16
6,sse,groq-weak,171,7398.431,12.777,14
6,sse,groq-weak,172,7436.882,12.777,15
6,sse,groq-weak,173,7484.476,12.777,13
6,sse,groq-weak,174,7527.682,12.777,19
6,sse,groq-weak,175,7563.293,12.777,20
6,sse,groq-weak,176,7607.894,12.777,20
6,sse,groq-weak,177,7653.518,12.777,20
6,sse,groq-weak,178,7697.880,12.777,20
6,sse,groq-weak,179,7729.964,12.777,18
6,sse,groq-weak,180,7774.683,12.777,19
6,sse,groq-weak,181,7817.754,12.777,14
6,sse,groq-weak,182,7863.871,12.777,17
6,sse,groq-weak,183,7907.218,12.777,15
6,sse,groq-weak,184,7958.007,12.777,17
6,sse,groq-weak,185,8007.322,12.777,13
6,sse,groq-weak,186,8041.528,12.777,20
6,sse,groq-weak,187,8091.431,12.777,20
6,sse,groq-weak,188,8138.660,12.777,17
6,sse,groq-weak,189,8183.272,12.777,19
6,sse,groq-weak,190,8218.973,12.777,18
6,sse,groq-weak,191,8259.405,12.777,17
6,sse,groq-weak,192,8300.882,12.777,19
6,sse,groq-weak,193,8351.308,12.777,18
6,sse,groq-weak,194,8393.196,12.777,18
6,sse,groq-weak,195,8442.138,12.777,19
6,sse,groq-weak,196,8475.609,12.777,16
6,sse,groq-weak,197,8520.118,12.777,18
6,sse,groq-weak,198,8558.692,12.777,19
6,sse,groq-weak,199,8606.339,12.777,18
6,sse,groq-weak,200,8649.978,12.777,21
6,sse,groq-weak,201,8696.538,12.777,18
6,sse,groq-weak,202,8739.416,12.777,19
6,sse,groq-weak,203,8780.388,12.777,13
6,sse,groq-weak,204,8813.747,12.777,16
6,sse,groq-weak,205,8859.866,12.777,18
6,sse,groq-weak,206,8904.217,12.777,16
6,sse,groq-weak,207,8943.234,12.777,15
6,sse,groq-weak,208,8982.218,12.777,17
6,sse,groq-weak,209,9024.125,12.777,19
6,sse,groq-weak,210,9063.838,12.777,18
6,sse,groq-weak,211,9106.194,12.777,21
6,sse,groq-weak,212,9139.213,12.777,18
6,sse,groq-weak,213,9171.045,12.777,17
6,sse,groq-weak,214,9212.983,12.777,16
6,sse,groq-weak,215,9245.955,12.777,15
6,sse,groq-weak,216,9280.797,12.777,13
6,sse,groq-weak,217,9331.835,12.777,19
6,sse,groq-weak,218,9368.964,12.777,20
6,sse,groq-weak,219,9414.616,12.777,20
6,sse,groq-weak,220,9462.530,12.777,17
6,sse,groq-weak,221,9513.314,12.777,17
6,sse,groq-weak,222,9561.575,12.777,16
6,sse,groq-weak,223,9607.234,12.777,13
6,sse,groq-weak,224,9647.514,12.777,19
6,sse,groq-weak,225,9685.702,12.777,20
6,sse,groq-weak,226,9732.124,12.777,19
6,sse,groq-weak,227,9779.791,12.777,18
6,sse,groq-weak,228,9828.100,12.777,15
6,sse,groq-weak,229,9877.338,12.777,14
6,sse,groq-weak,230,9919.594,12.777,16
6,sse,groq-weak,231,9964.089,12.777,16
6,sse,groq-weak,232,10002.809,12.777,21
6,sse,groq-weak,233,10042.461,12.777,16
6,sse,groq-weak,234,10083.721,12.777,16
6,sse,groq-weak,235,10127.576,12.777,18
6,sse,groq-weak,236,10160.651,12.777,19
6,sse,groq-weak,237,10200.502,12.777,21
6,sse,groq-weak,238,10235.417,12.777,18
6,sse,groq-weak,239,10275.836,12.777,17
6,sse,groq-weak,240,10321.313,12.777,17
6,sse,groq-weak,241,10368.918,12.777,15
6,sse,groq-weak,242,10413.963,12.777,19
6,sse,groq-weak,243,10452.073,12.777,18
6,sse,groq-weak,244,10484.196,12.777,18
6,sse,groq-weak,245,10526.119,12.777,19
6,sse,groq-weak,246,10567.879,12.777,20
6,sse,groq-weak,247,10599.356,12.777,19
6,sse,groq-weak,248,10640.579,12.777,16
6,sse,groq-weak,249,10689.320,12.777,13
7,sse,groq-weak,0,332.052,13.499,13
7,sse,groq-weak,1,375.802,13.499,14
7,sse,groq-weak,2,416.027,13.499,16
7,sse,groq-weak,3,455.788,13.499,14
7,sse,groq-weak,4,500.809,13.499,16
7,sse,groq-weak,5,548.014,13.499,16
7,sse,groq-weak,6,589.701,13.499,21
7,sse,groq-weak,7,622.198,13.499,19
7,sse,groq-weak,8,667.992,13.499,14
7,sse,groq-weak,9,716.200,13.499,19
7,sse,groq-weak,10,763.427,13.499,19
7,sse,groq-weak,11,807.227,13.499,19
7,sse,groq-weak,12,840.158,13.499,19
7,sse,groq-weak,13,879.617,13.499,16
7,sse,groq-weak,14,924.700,13.499,17
7,sse,groq-weak,15,961.384,13.499,14
7,sse,groq-weak,16,1009.809,13.499,15
7,sse,groq-weak,17,1054.915,13.499,13
7,sse,groq-weak,18,1096.279,13.499,13
7,sse,groq-weak,19,1139.493,13.499,15
7,sse,groq-weak,20,1179.176,13.499,13
7,sse,groq-weak,21,1214.949,13.499,13
7,sse,groq-weak,22,1265.020,13.499,20
7,sse,groq-weak,23,1301.360,13.499,18
7,sse,groq-weak,24,1337.199,13.499,18
7,sse,groq-weak,25,1371.768,13.499,17
7,sse,groq-weak,26,1420.380,13.499,14
7,sse,groq-weak,27,1469.453,13.499,14
7,sse,groq-weak,28,1506.022,13.499,15
7,sse,groq-weak,29,1549.613,13.499,19
7,sse,groq-weak,30,1588.906,13.499,14
7,sse,groq-weak,31,1629.847,13.499,16
7,sse,groq-weak,32,1666.619,13.499,17
7,sse,groq-weak,33,1712.850,13.499,13
7,sse,groq-weak,34,1749.265,13.499,18
7,sse,groq-weak,35,1782.090,13.499,17
7,sse,groq-weak,36,1820.357,13.499,17
7,sse,groq-weak,37,1870.605,13.499,14
7,sse,groq-weak,38,1910.928,13.499,15
7,sse,groq-weak,39,1957.601,13.499,20
7,sse,groq-weak,40,1991.321,13.499,19
7,sse,groq-weak,41,2025.850,13.499,19
7,sse,groq-weak,42,2072.377,13.499,16
7,sse,groq-weak,43,2110.042,13.499,19
7,sse,groq-weak,44,2149.710,13.499,18
7,sse,groq-weak,45,2190.279,13.499,18
7,sse,groq-weak,46,2225.779,13.499,17
7,sse,groq-weak,47,2270.100,13.499,19
7,sse,groq-weak,48,2313.057,13.499,20
7,sse,groq-weak,49,2357.529,13.499,17
7,sse,groq-weak,50,2398.650,13.499,17
7,sse,groq-weak,51,2436.430,13.499,19
7,sse,groq-weak,52,2476.046,13.499,19
7,sse,groq-weak,53,2523.404,13.499,19
7,sse,groq-weak,54,2558.552,13.499,13
7,sse,groq-weak,55,2599.572,13.499,17
7,sse,groq-weak,56,2644.516,13.499,18
7,sse,groq-weak,57,2694.674,13.499,21
7,sse,groq-weak,58,2740.134,13.499,18
7,sse,groq-weak,59,2777.815,13.499,16
7,sse,groq-weak,60,2817.007,13.499,14
7,sse,groq-weak,61,2865.494,13.499,16
7,sse,groq-weak,62,2902.617,13.499,17
7,sse,groq-weak,63,2948.166,13.499,19
7,sse,groq-weak,64,2990.677,13.499,18
7,sse,groq-weak,65,3034.227,13.499,20
7,sse,groq-weak,66,3080.728,13.499,19
7,sse,groq-weak,67,3120.467,13.499,19
7,sse,groq-weak,68,3162.720,13.499,18
7,sse,groq-weak,69,3202.940,13.499,15
7,sse,groq-weak,70,3250.679,13.499,16
7,sse,groq-weak,71,3287.562,13.499,17
7,sse,groq-weak,72,3335.136,13.499,18
7,sse,groq-weak,73,3373.185,13.499,17
7,sse,groq-weak,74,3405.078,13.499,13
7,sse,groq-weak,75,3447.076,13.499,19
7,sse,groq-weak,76,3496.766,13.499,18
7,sse,groq-weak,77,3534.150,13.499,19
7,sse,groq-weak,78,3575.397,13.499,18
7,sse,groq-weak,79,3617.031,13.499,17
7,sse,groq-weak,80,3654.725,13.499,16
7,sse,groq-weak,81,3696.815,13.499,19
7,sse,groq-weak,82,3738.963,13.499,18
7,sse,groq-weak,83,3783.992,13.499,19
7,sse,groq-weak,84,3816.310,13.499,18
7,sse,groq-weak,85,3852.535,13.499,16
7,sse,groq-weak,86,3889.930,13.499,19
7,sse,groq-weak,87,3939.870,13.499,19
7,sse,groq-weak,88,3979.184,13.499,17
7,sse,groq-weak,89,4015.823,13.499,16
7,sse,groq-weak,90,4055.714,13.499,13
7,sse,groq-weak,91,4104.159,13.499,15
7,sse,groq-weak,92,4139.185,13.499,13
7,sse,groq-weak,93,4175.454,13.499,13
7,sse,groq-weak,94,4209.505,13.499,16
7,sse,groq-weak,95,4252.456,13.499,13
7,sse,groq-weak,96,4299.429,13.499,14
7,sse,groq-weak,97,4337.418,13.499,17
7,sse,groq-weak,98,4380.275,13.499,20
7,sse,groq-weak,99,4416.642,13.499,20
7,sse,groq-weak,100,4454.930,13.499,13
7,sse,groq-weak,101,4498.782,13.499,16
7,sse,groq-weak,102,4532.831,13.499,14
7,sse,groq-weak,103,4582.781,13.499,16
7,sse,groq-weak,104,4620.695,13.499,19
7,sse,groq-weak,105,4667.669,13.499,16
7,sse,groq-weak,106,4702.337,13.499,16
7,sse,groq-weak,107,4743.869,13.499,21
7,sse,groq-weak,108,4777.064,13.499,18
7,sse,groq-weak,109,4827.076,13.499,17
7,sse,groq-weak,110,4873.690,13.499,15
7,sse,groq-weak,111,4906.430,13.499,19
7,sse,groq-weak,112,4950.617,13.499,19
7,sse,groq-weak,113,4983.808,13.499,20
7,sse,groq-weak,114,5019.321,13.499,16
7,sse,groq-weak,115,5063.365,13.499,21
7,sse,groq-weak,116,5095.378,13.499,14
7,sse,groq-weak,117,5129.452,13.499,16
7,sse,groq-weak,118,5178.808,13.499,14
7,sse,groq-weak,119,5212.243,13.499,18
7,sse,groq-weak,120,5253.744,13.499,13
7,sse,groq-weak,121,5294.579,13.499,18
7,sse,groq-weak,122,5344.762,13.499,17
7,sse,groq-weak,123,5379.030,13.499,16
7,sse,groq-weak,124,5429.645,13.499,16
7,sse,groq-weak,125,5473.721,13.499,18
7,sse,groq-weak,126,5518.788,13.499,17
7,sse,groq-weak,127,5553.424,13.499,13
7,sse,groq-weak,128,5590.006,13.499,17
7,sse,groq-weak,129,5622.106,13.499,17
7,sse,groq-weak,130,5654.716,13.499,18
7,sse,groq-weak,131,5704.957,13.499,19
7,sse,groq-weak,132,5744.123,13.499,17
7,sse,groq-weak,133,5787.963,13.499,16
7,sse,groq-weak,134,5827.981,13.499,19
7,sse,groq-weak,135,5860.023,13.499,18
7,sse,groq-weak,136,5902.455,13.499,18
7,sse,groq-weak,137,5952.065,13.499,16
7,sse,groq-weak,138,5990.668,13.499,15
7,sse,groq-weak,139,6022.702,13.499,13
7,sse,groq-weak,140,6070.714,13.499,19
7,sse,groq-weak,141,6120.549,13.499,16
7,sse,groq-weak,142,6166.672,13.499,14
7,sse,groq-weak,143,6206.789,13.499,14
7,sse,groq-weak,144,6251.284,13.499,16
7,sse,groq-weak,145,6286.416,13.499,21
7,sse,groq-weak,146,6336.302,13.499,21
7,sse,groq-weak,147,6379.684,13.499,17
7,sse,groq-weak,148,6427.537,13.499,17
7,sse,groq-weak,149,6478.113,13.499,14
7,sse,groq-weak,150,6521.162,13.499,15
7,sse,groq-weak,151,6561.518,13.499,17
7,sse,groq-weak,152,6609.067,13.499,18
7,sse,groq-weak,153,6654.583,13.499,17
7,sse,groq-weak,154,6701.993,13.499,16
7,sse,groq-weak,155,6737.594,13.499,14
7,sse,groq-weak,156,6780.702,13.499,17
7,sse,groq-weak,157,6827.371,13.499,18
7,sse,groq-weak,158,6865.389,13.499,13
8,sse,groq-weak,0,310.200,12.897,14
8,sse,groq-weak,1,357.385,12.897,16
8,sse,groq-weak,2,405.432,12.897,18
8,sse,groq-weak,3,447.446,12.897,13
8,sse,groq-weak,4,496.278,12.897,17
8,sse,groq-weak,5,545.021,12.897,21
8,sse,groq-weak,6,580.596,12.897,16
8,sse,groq-weak,7,622.458,12.897,16
8,sse,groq-weak,8,656.996,12.897,15
8,sse,groq-weak,9,693.681,12.897,13
8,sse,groq-weak,10,740.682,12.897,19
8,sse,groq-weak,11,791.177,12.897,18
8,sse,groq-weak,12,828.926,12.897,19
8,sse,groq-weak,13,878.698,12.897,19
8,sse,groq-weak,14,922.008,12.897,18
8,sse,groq-weak,15,961.977,12.897,18
8,sse,groq-weak,16,993.347,12.897,19
8,sse,groq-weak,17,1031.282,12.897,16
8,sse,groq-weak,18,1069.575,12.897,13
8,sse,groq-weak,19,1109.789,12.897,18
8,sse,groq-weak,20,1144.258,12.897,18
8,sse,groq-weak,21,1190.322,12.897,17
8,sse,groq-weak,22,1229.576,12.897,17
8,sse,groq-weak,23,1272.735,12.897,13
8,sse,groq-weak,24,1307.731,12.897,15
8,sse,groq-weak,25,1347.149,12.897,13
8,sse,groq-weak,26,1398.037,12.897,19
8,sse,groq-weak,27,1440.617,12.897,17
8,sse,groq-weak,28,1486.800,12.897,13
8,sse,groq-weak,29,1525.614,12.897,15
8,sse,groq-weak,30,1560.320,12.897,13
8,sse,groq-weak,31,1599.745,12.897,13
8,sse,groq-weak,32,1641.824,12.897,16
8,sse,groq-weak,33,1675.899,12.897,15
8,sse,groq-weak,34,1708.871,12.897,13
8,sse,groq-weak,35,1744.562,12.897,19
8,sse,groq-weak,36,1792.713,12.897,17
8,sse,groq-weak,37,1832.946,12.897,21
8,sse,groq-weak,38,1871.122,12.897,19
8,sse,groq-weak,39,1910.040,12.897,18
8,sse,groq-weak,40,1959.287,12.897,18
8,sse,groq-weak,41,2003.215,12.897,16
8,sse,groq-weak,42,2044.343,12.897,16
8,sse,groq-weak,43,2079.899,12.897,17
8,sse,groq-weak,44,2112.521,12.897,13
8,sse,groq-weak,45,2149.496,12.897,21
8,sse,groq-weak,46,2198.951,12.897,19
8,sse,groq-weak,47,2244.807,12.897,18
8,sse,groq-weak,48,2288.515,12.897,17
8,sse,groq-weak,49,2333.571,12.897,17
8,sse,groq-weak,50,2373.331,12.897,21
8,sse,groq-weak,51,2406.600,12.897,13
8,sse,groq-weak,52,2439.221,12.897,16
8,sse,groq-weak,53,2487.717,12.897,16
8,sse,groq-weak,54,2528.102,12.897,18
8,sse,groq-weak,55,2560.634,12.897,19
8,sse,groq-weak,56,2604.307,12.897,17
8,sse,groq-weak,57,2648.205,12.897,17
8,sse,groq-weak,58,2698.221,12.897,20
8,sse,groq-weak,59,2746.019,12.897,18
8,sse,groq-weak,60,2783.568,12.897,16
8,sse,groq-weak,61,2821.008,12.897,19
8,sse,groq-weak,62,2858.976,12.897,18
8,sse,groq-weak,63,2908.429,12.897,19
8,sse,groq-weak,64,2950.052,12.897,16
8,sse,groq-weak,65,2997.042,12.897,16
8,sse,groq-weak,66,3036.545,12.897,14
8,sse,groq-weak,67,3073.163,12.897,15
8,sse,groq-weak,68,3116.615,12.897,19
8,sse,groq-weak,69,3152.011,12.897,19
8,sse,groq-weak,70,3199.298,12.897,20
8,sse,groq-weak,71,3239.025,12.897,18
8,sse,groq-weak,72,3283.337,12.897,19
8,sse,groq-weak,73,3314.551,12.897,18
8,sse,groq-weak,74,3346.977,12.897,18
8,sse,groq-weak,75,3395.598,12.897,17
8,sse,groq-weak,76,3442.764,12.897,20
8,sse,groq-weak,77,3493.692,12.897,19
8,sse,groq-weak,78,3538.150,12.897,17
8,sse,groq-weak,79,3569.593,12.897,15
8,sse,groq-weak,80,3606.400,12.897,15
8,sse,groq-weak,81,3651.643,12.897,13
8,sse,groq-weak,82,3688.290,12.897,19
8,sse,groq-weak,83,3723.403,12.897,17
8,sse,groq-weak,84,3761.401,12.897,21
8,sse,groq-weak,85,3797.503,12.897,21
8,sse,groq-weak,86,3835.355,12.897,16
8,sse,groq-weak,87,3886.160,12.897,16
8,sse,groq-weak,88,3931.672,12.897,15
8,sse,groq-weak,89,3967.737,12.897,13
8,sse,groq-weak,90,4000.799,12.897,19
8,sse,groq-weak,91,4038.052,12.897,18
8,sse,groq-weak,92,4075.787,12.897,19
8,sse,groq-weak,93,4107.139,12.897,19
8,sse,groq-weak,94,4155.113,12.897,18
8,sse,groq-weak,95,4203.702,12.897,18
8,sse,groq-weak,96,4246.857,12.897,19
8,sse,groq-weak,97,4288.882,12.897,16
8,sse,groq-weak,98,4321.992,12.897,16
8,sse,groq-weak,99,4358.689,12.897,16
8,sse,groq-weak,100,4392.457,12.897,17
8,sse,groq-weak,101,4433.270,12.897,18
8,sse,groq-weak,102,4472.323,12.897,18
8,sse,groq-weak,103,4506.810,12.897,18
8,sse,groq-weak,104,4544.994,12.897,17
8,sse,groq-weak,105,4580.243,12.897,14
8,sse,groq-weak,106,4611.895,12.897,16
8,sse,groq-weak,107,4658.198,12.897,18
8,sse,groq-weak,108,4701.872,12.897,18
8,sse,groq-weak,109,4746.976,12.897,18
8,sse,groq-weak,110,4790.886,12.897,18
8,sse,groq-weak,111,4825.194,12.897,18
8,sse,groq-weak,112,4872.331,12.897,19
8,sse,groq-weak,113,4910.676,12.897,16
8,sse,groq-weak,114,4957.014,12.897,19
8,sse,groq-weak,115,4999.790,12.897,19
8,sse,groq-weak,116,5041.979,12.897,16
8,sse,groq-weak,117,5091.207,12.897,18
8,sse,groq-weak,118,5125.615,12.897,19
8,sse,groq-weak,119,5162.619,12.897,20
8,sse,groq-weak,120,5208.421,12.897,19
8,sse,groq-weak,121,5244.440,12.897,17
8,sse,groq-weak,122,5276.468,12.897,19
8,sse,groq-weak,123,5312.226,12.897,18
8,sse,groq-weak,124,5349.764,12.897,16
8,sse,groq-weak,125,5390.893,12.897,18
8,sse,groq-weak,126,5425.615,12.897,19
8,sse,groq-weak,127,5460.621,12.897,19
8,sse,groq-weak,128,5494.290,12.897,14
8,sse,groq-weak,129,5536.723,12.897,15
8,sse,groq-weak,130,5579.835,12.897,17
8,sse,groq-weak,131,5614.087,12.897,13
8,sse,groq-weak,132,5664.557,12.897,15
8,sse,groq-weak,133,5709.607,12.897,13
8,sse,groq-weak,134,5742.772,12.897,17
8,sse,groq-weak,135,5788.662,12.897,15
8,sse,groq-weak,136,5835.857,12.897,15
8,sse,groq-weak,137,5885.720,12.897,13
8,sse,groq-weak,138,5927.837,12.897,19
8,sse,groq-weak,139,5971.758,12.897,17
8,sse,groq-weak,140,6004.352,12.897,21
8,sse,groq-weak,141,6041.980,12.897,17
8,sse,groq-weak,142,6079.953,12.897,19
8,sse,groq-weak,143,6114.080,12.897,17
8,sse,groq-weak,144,6152.352,12.897,20
8,sse,groq-weak,145,6189.891,12.897,17
8,sse,groq-weak,146,6237.300,12.897,17
8,sse,groq-weak,147,6272.312,12.897,18
8,sse,groq-weak,148,6317.074,12.897,20
8,sse,groq-weak,149,6350.549,12.897,18
8,sse,groq-weak,150,6387.277,12.897,19
8,sse,groq-weak,151,6431.855,12.897,20
8,sse,groq-weak,152,6466.727,12.897,13
8,sse,groq-weak,153,6516.935,12.897,16
8,sse,groq-weak,154,6560.291,12.897,18
8,sse,groq-weak,155,6606.843,12.897,19
8,sse,groq-weak,156,6645.321,12.897,17
8,sse,groq-weak,157,6684.293,12.897,17
8,sse,groq-weak,158,6734.882,12.897,20
8,sse,groq-weak,159,6784.735,12.897,18
8,sse,groq-weak,160,6827.842,12.897,19
8,sse,groq-weak,161,6861.210,12.897,13
8,sse,groq-weak,162,6908.731,12.897,18
8,sse,groq-weak,163,6951.278,12.897,13
8,sse,groq-weak,164,6993.779,12.897,19
8,sse,groq-weak,165,7038.933,12.897,20
8,sse,groq-weak,166,7089.037,12.897,13
8,sse,groq-weak,167,7130.106,12.897,16
8,sse,groq-weak,168,7177.693,12.897,17
8,sse,groq-weak,169,7221.723,12.897,17
8,sse,groq-weak,170,7264.708,12.897,13
8,sse,groq-weak,171,7308.199,12.897,16
8,sse,groq-weak,172,7342.553,12.897,19
8,sse,groq-weak,173,7393.204,12.897,13
8,sse,groq-weak,174,7434.088,12.897,18
8,sse,groq-weak,175,7465.637,12.897,17
8,sse,groq-weak,176,7507.768,12.897,17
8,sse,groq-weak,177,7558.722,12.897,16
8,sse,groq-weak,178,7596.649,12.897,15
8,sse,groq-weak,179,7639.479,12.897,13
8,sse,groq-weak,180,7676.389,12.897,19
8,sse,groq-weak,181,7711.875,12.897,18
8,sse,groq-weak,182,7758.109,12.897,19
8,sse,groq-weak,183,7807.650,12.897,18
8,sse,groq-weak,184,7840.952,12.897,13
8,sse,groq-weak,185,7880.728,12.897,16
8,sse,groq-weak,186,7918.924,12.897,15
8,sse,groq-weak,187,7957.069,12.897,13
8,sse,groq-weak,188,8003.082,12.897,19
8,sse,groq-weak,189,8040.475,12.897,17
8,sse,groq-weak,190,8076.849,12.897,21
8,sse,groq-weak,191,8123.154,12.897,17
8,sse,groq-weak,192,8172.426,12.897,19
8,sse,groq-weak,193,8218.602,12.897,19
8,sse,groq-weak,194,8258.880,12.897,18
8,sse,groq-weak,195,8308.897,12.897,18
8,sse,groq-weak,196,8344.719,12.897,20
8,sse,groq-weak,197,8392.529,12.897,15
8,sse,groq-weak,198,8433.432,12.897,16
8,sse,groq-weak,199,8477.645,12.897,19
8,sse,groq-weak,200,8528.387,12.897,16
8,sse,groq-weak,201,8570.761,12.897,18
8,sse,groq-weak,202,8621.398,12.897,15
8,sse,groq-weak,203,8660.327,12.897,16
8,sse,groq-weak,204,8691.515,12.897,13
8,sse,groq-weak,205,8737.773,12.897,16
8,sse,groq-weak,206,8769.867,12.897,18
8,sse,groq-weak,207,8802.401,12.897,19
8,sse,groq-weak,208,8846.641,12.897,20
8,sse,groq-weak,209,8892.458,12.897,17
8,sse,groq-weak,210,8930.959,12.897,18
8,sse,groq-weak,211,8971.234,12.897,14
8,sse,groq-weak,212,9010.511,12.897,15
8,sse,groq-weak,213,9058.859,12.897,20
8,sse,groq-weak,214,9109.296,12.897,13
8,sse,groq-weak,215,9158.283,12.897,17
8,sse,groq-weak,216,9197.146,12.897,19
8,sse,groq-weak,217,9239.449,12.897,16
8,sse,groq-weak,218,9278.220,12.897,16
8,sse,groq-weak,219,9320.541,12.897,17
8,sse,groq-weak,220,9352.738,12.897,18
8,sse,groq-weak,221,9398.651,12.897,16
8,sse,groq-weak,222,9432.869,12.897,18
8,sse,groq-weak,223,9466.291,12.897,18
8,sse,groq-weak,224,9500.653,12.897,19
8,sse,groq-weak,225,9549.298,12.897,13
8,sse,groq-weak,226,9591.338,12.897,16
8,sse,groq-weak,227,9639.722,12.897,19
8,sse,groq-weak,228,9682.077,12.897,15
8,sse,groq-weak,229,9728.193,12.897,14
8,sse,groq-weak,230,9771.962,12.897,18
8,sse,groq-weak,231,9803.741,12.897,17
8,sse,groq-weak,232,9843.977,12.897,18
8,sse,groq-weak,233,9880.365,12.897,17
8,sse,groq-weak,234,9915.583,12.897,18
8,sse,groq-weak,235,9949.108,12.897,17
8,sse,groq-weak,236,9990.704,12.897,19
8,sse,groq-weak,237,10024.702,12.897,16
8,sse,groq-weak,238,10070.909,12.897,13
8,sse,groq-weak,239,10121.158,12.897,19
8,sse,groq-weak,240,10171.429,12.897,19
8,sse,groq-weak,241,10218.360,12.897,13
8,sse,groq-weak,242,10268.459,12.897,16
8,sse,groq-weak,243,10318.815,12.897,17
8,sse,groq-weak,244,10363.272,12.897,16
8,sse,groq-weak,245,10397.268,12.897,16
8,sse,groq-weak,246,10437.572,12.897,15
8,sse,groq-weak,247,10488.607,12.897,18
8,sse,groq-weak,248,10533.171,12.897,18
8,sse,groq-weak,249,10579.604,12.897,18
8,sse,groq-weak,250,10623.390,12.897,18
8,sse,groq-weak,251,10661.517,12.897,19
8,sse,groq-weak,252,10700.537,12.897,13
9,sse,groq-weak,0,474.996,12.835,14
9,sse,groq-weak,1,518.010,12.835,15
9,sse,groq-weak,2,554.680,12.835,18
9,sse,groq-weak,3,605.416,12.835,21
9,sse,groq-weak,4,646.909,12.835,15
9,sse,groq-weak,5,697.738,12.835,15
9,sse,groq-weak,6,747.845,12.835,19
9,sse,groq-weak,7,781.579,12.835,17
9,sse,groq-weak,8,820.215,12.835,18
9,sse,groq-weak,9,856.670,12.835,18
9,sse,groq-weak,10,897.352,12.835,18
9,sse,groq-weak,11,938.635,12.835,19
9,sse,groq-weak,12,976.172,12.835,14
9,sse,groq-weak,13,1009.940,12.835,16
9,sse,groq-weak,14,1060.005,12.835,17
9,sse,groq-weak,15,1092.806,12.835,17
9,sse,groq-weak,16,1125.083,12.835,18
9,sse,groq-weak,17,1161.226,12.835,13
9,sse,groq-weak,18,1199.403,12.835,13
9,sse,groq-weak,19,1245.841,12.835,19
9,sse,groq-weak,20,1281.847,12.835,13
9,sse,groq-weak,21,1327.844,12.835,14
9,sse,groq-weak,22,1371.522,12.835,17
9,sse,groq-weak,23,1422.807,12.835,13
9,sse,groq-weak,24,1466.630,12.835,15
9,sse,groq-weak,25,1514.751,12.835,13
9,sse,groq-weak,26,1561.451,12.835,13
9,sse,groq-weak,27,1607.644,12.835,16
9,sse,groq-weak,28,1641.113,12.835,19
9,sse,groq-weak,29,1679.156,12.835,15
9,sse,groq-weak,30,1726.469,12.835,16
9,sse,groq-weak,31,1777.603,12.835,17
9,sse,groq-weak,32,1826.103,12.835,17
9,sse,groq-weak,33,1863.472,12.835,18
9,sse,groq-weak,34,1903.166,12.835,13
9,sse,groq-weak,35,1938.876,12.835,14
9,sse,groq-weak,36,1982.573,12.835,19
9,sse,groq-weak,37,2023.391,12.835,13
9,sse,groq-weak,38,2067.515,12.835,14
9,sse,groq-weak,39,2112.201,12.835,17
9,sse,groq-weak,40,2143.440,12.835,13
9,sse,groq-weak,41,2192.136,12.835,15
9,sse,groq-weak,42,2225.718,12.835,13
9,sse,groq-weak,43,2274.094,12.835,17
9,sse,groq-weak,44,2310.070,12.835,15
9,sse,groq-weak,45,2350.673,12.835,19
9,sse,groq-weak,46,2394.480,12.835,13
9,sse,groq-weak,47,2440.276,12.835,19
9,sse,groq-weak,48,2481.073,12.835,19
9,sse,groq-weak,49,2520.603,12.835,17
9,sse,groq-weak,50,2553.808,12.835,18
9,sse,groq-weak,51,2599.821,12.835,18
9,sse,groq-weak,52,2633.788,12.835,18
9,sse,groq-weak,53,2676.589,12.835,20
9,sse,groq-weak,54,2722.012,12.835,19
9,sse,groq-weak,55,2761.433,12.835,18
9,sse,groq-weak,56,2805.549,12.835,18
9,sse,groq-weak,57,2846.431,12.835,18
9,sse,groq-weak,58,2883.789,12.835,21
9,sse,groq-weak,59,2927.659,12.835,15
9,sse,groq-weak,60,2964.956,12.835,15
9,sse,groq-weak,61,3014.578,12.835,16
9,sse,groq-weak,62,3048.686,12.835,19
9,sse,groq-weak,63,3079.817,12.835,14
9,sse,groq-weak,64,3123.003,12.835,17
9,sse,groq-weak,65,3165.613,12.835,14
9,sse,groq-weak,66,3204.242,12.835,16
9,sse,groq-weak,67,3240.872,12.835,14
9,sse,groq-weak,68,3284.402,12.835,14
9,sse,groq-weak,69,3316.737,12.835,16
9,sse,groq-weak,70,3364.320,12.835,14
9,sse,groq-weak,71,3398.549,12.835,15
9,sse,groq-weak,72,3431.819,12.835,17
9,sse,groq-weak,73,3478.245,12.835,18
9,sse,groq-weak,74,3515.611,12.835,13
9,sse,groq-weak,75,3550.237,12.835,14
9,sse,groq-weak,76,3587.915,12.835,19
9,sse,groq-weak,77,3637.337,12.835,13
9,sse,groq-weak,78,3688.247,12.835,14
9,sse,groq-weak,79,3735.618,12.835,17
9,sse,groq-weak,80,3782.830,12.835,13
9,sse,groq-weak,81,3820.395,12.835,15
9,sse,groq-weak,82,3863.299,12.835,13
9,sse,groq-weak,83,3898.896,12.835,13
9,sse,groq-weak,84,3934.513,12.835,18
9,sse,groq-weak,85,3978.756,12.835,20
9,sse,groq-weak,86,4018.686,12.835,19
9,sse,groq-weak,87,4067.970,12.835,18
9,sse,groq-weak,88,4104.026,12.835,17
9,sse,groq-weak,89,4151.317,12.835,20
9,sse,groq-weak,90,4197.281,12.835,18
9,sse,groq-weak,91,4232.619,12.835,18
9,sse,groq-weak,92,4264.198,12.835,19
9,sse,groq-weak,93,4301.795,12.835,17
9,sse,groq-weak,94,4342.176,12.835,18
9,sse,groq-weak,95,4382.496,12.835,13
10,sse,groq-weak,0,643.827,12.908,14
10,sse,groq-weak,1,675.508,12.908,14
10,sse,groq-weak,2,716.386,12.908,19
10,sse,groq-weak,3,765.967,12.908,21
10,sse,groq-weak,4,814.034,12.908,19
10,sse,groq-weak,5,858.531,12.908,18
10,sse,groq-weak,6,903.350,12.908,17
10,sse,groq-weak,7,948.499,12.908,17
10,sse,groq-weak,8,994.877,12.908,13
10,sse,groq-weak,9,1042.460,12.908,15
10,sse,groq-weak,10,1080.160,12.908,13
10,sse,groq-weak,11,1128.493,12.908,16
10,sse,groq-weak,12,1174.450,12.908,16
10,sse,groq-weak,13,1221.239,12.908,17
10,sse,groq-weak,14,1252.644,12.908,16
10,sse,groq-weak,15,1289.465,12.908,14
10,sse,groq-weak,16,1337.419,12.908,16
10,sse,groq-weak,17,1377.807,12.908,18
10,sse,groq-weak,18,1415.152,12.908,13
10,sse,groq-weak,19,1448.861,12.908,19
10,sse,groq-weak,20,1487.620,12.908,18
10,sse,groq-weak,21,1534.530,12.908,14
10,sse,groq-weak,22,1574.679,12.908,16
10,sse,groq-weak,23,1625.576,12.908,17
10,sse,groq-weak,24,1668.764,12.908,18
10,sse,groq-weak,25,1707.462,12.908,19
10,sse,groq-weak,26,1742.851,12.908,18
10,sse,groq-weak,27,1790.356,12.908,16
10,sse,groq-weak,28,1839.287,12.908,16
10,sse,groq-weak,29,1875.408,12.908,21
10,sse,groq-weak,30,1907.440,12.908,18
10,sse,groq-weak,31,1943.383,12.908,16
10,sse,groq-weak,32,1982.965,12.908,15
10,sse,groq-weak,33,2018.556,12.908,13
10,sse,groq-weak,34,2066.561,12.908,19
10,sse,groq-weak,35,2099.517,12.908,17
10,sse,groq-weak,36,2139.997,12.908,19
10,sse,groq-weak,37,2173.405,12.908,13
11,sse,groq-weak,0,355.575,16.240,15
11,sse,groq-weak,1,393.394,16.240,16
11,sse,groq-weak,2,427.584,16.240,20
11,sse,groq-weak,3,473.438,16.240,14
11,sse,groq-weak,4,524.467,16.240,17
11,sse,groq-weak,5,574.941,16.240,15
11,sse,groq-weak,6,620.308,16.240,17
11,sse,groq-weak,7,657.084,16.240,17
11,sse,groq-weak,8,693.260,16.240,13
11,sse,groq-weak,9,738.864,16.240,15
11,sse,groq-weak,10,777.316,16.240,16
11,sse,groq-weak,11,822.475,16.240,18
11,sse,groq-weak,12,864.349,16.240,18
11,sse,groq-weak,13,914.883,16.240,20
11,sse,groq-weak,14,955.529,16.240,20
11,sse,groq-weak,15,1003.823,16.240,18
11,sse,groq-weak,16,1044.657,16.240,14
11,sse,groq-weak,17,1076.096,16.240,14
11,sse,groq-weak,18,1125.102,16.240,19
11,sse,groq-weak,19,1168.085,16.240,18
11,sse,groq-weak,20,1199.491,16.240,19
11,sse,groq-weak,21,1247.542,16.240,17
11,sse,groq-weak,22,1288.767,16.240,19
11,sse,groq-weak,23,1327.937,16.240,16
11,sse,groq-weak,24,1369.658,16.240,13
11,sse,groq-weak,25,1414.581,16.240,20
11,sse,groq-weak,26,1457.037,16.240,18
11,sse,groq-weak,27,1495.359,16.240,14
11,sse,groq-weak,28,1533.965,16.240,17
11,sse,groq-weak,29,1570.435,16.240,15
11,sse,groq-weak,30,1608.800,16.240,17
11,sse,groq-weak,31,1655.204,16.240,19
11,sse,groq-weak,32,1687.642,16.240,18
11,sse,groq-weak,33,1726.332,16.240,17
11,sse,groq-weak,34,1758.789,16.240,19
11,sse,groq-weak,35,1804.513,16.240,17
11,sse,groq-weak,36,1835.780,16.240,20
11,sse,groq-weak,37,1876.990,16.240,16
11,sse,groq-weak,38,1916.709,16.240,21
11,sse,groq-weak,39,1955.524,16.240,19
11,sse,groq-weak,40,2004.800,16.240,17
11,sse,groq-weak,41,2050.131,16.240,19
11,sse,groq-weak,42,2081.713,16.240,18
11,sse,groq-weak,43,2127.213,16.240,18
11,sse,groq-weak,44,2170.325,16.240,14
11,sse,groq-weak,45,2202.753,16.240,15
11,sse,groq-weak,46,2237.596,16.240,20
11,sse,groq-weak,47,2271.839,16.240,18
11,sse,groq-weak,48,2308.035,16.240,16
11,sse,groq-weak,49,2345.273,16.240,14
11,sse,groq-weak,50,2395.904,16.240,15
11,sse,groq-weak,51,2443.596,16.240,13
11,sse,groq-weak,52,2475.403,16.240,20
11,sse,groq-weak,53,2510.466,16.240,17
11,sse,groq-weak,54,2550.227,16.240,18
11,sse,groq-weak,55,2593.761,16.240,19
11,sse,groq-weak,56,2631.142,16.240,18
11,sse,groq-weak,57,2665.247,16.240,16
11,sse,groq-weak,58,2702.859,16.240,16
11,sse,groq-weak,59,2738.266,16.240,15
11,sse,groq-weak,60,2773.693,16.240,15
11,sse,groq-weak,61,2815.614,16.240,14
11,sse,groq-weak,62,2856.229,16.240,16
11,sse,groq-weak,63,2899.899,16.240,16
11,sse,groq-weak,64,2943.239,16.240,16
11,sse,groq-weak,65,2978.372,16.240,16
11,sse,groq-weak,66,3013.148,16.240,19
11,sse,groq-weak,67,3054.044,16.240,15
11,sse,groq-weak,68,3089.692,16.240,15
11,sse,groq-weak,69,3122.556,16.240,19
11,sse,groq-weak,70,3155.557,16.240,19
11,sse,groq-weak,71,3195.851,16.240,18
11,sse,groq-weak,72,3239.235,16.240,18
11,sse,groq-weak,73,3289.576,16.240,21
11,sse,groq-weak,74,3339.227,16.240,19
11,sse,groq-weak,75,3376.711,16.240,18
11,sse,groq-weak,76,3420.341,16.240,19
11,sse,groq-weak,77,3453.605,16.240,19
11,sse,groq-weak,78,3501.044,16.240,19
11,sse,groq-weak,79,3552.134,16.240,19
11,sse,groq-weak,80,3602.711,16.240,20
11,sse,groq-weak,81,3652.700,16.240,19
11,sse,groq-weak,82,3686.441,16.240,17
11,sse,groq-weak,83,3735.799,16.240,20
11,sse,groq-weak,84,3771.275,16.240,18
11,sse,groq-weak,85,3804.685,16.240,18
11,sse,groq-weak,86,3839.418,16.240,17
11,sse,groq-weak,87,3872.829,16.240,20
11,sse,groq-weak,88,3912.765,16.240,19
11,sse,groq-weak,89,3954.179,16.240,17
11,sse,groq-weak,90,3990.086,16.240,15
11,sse,groq-weak,91,4029.905,16.240,16
11,sse,groq-weak,92,4068.863,16.240,20
11,sse,groq-weak,93,4112.006,16.240,21
11,sse,groq-weak,94,4155.618,16.240,15
11,sse,groq-weak,95,4205.071,16.240,21
11,sse,groq-weak,96,4254.719,16.240,15
11,sse,groq-weak,97,4301.633,16.240,14
11,sse,groq-weak,98,4346.373,16.240,16
11,sse,groq-weak,99,4392.624,16.240,16
11,sse,groq-weak,100,4428.548,16.240,18
11,sse,groq-weak,101,4472.195,16.240,19
11,sse,groq-weak,102,4514.436,16.240,13
11,sse,groq-weak,103,4564.854,16.240,15
11,sse,groq-weak,104,4611.931,16.240,14
11,sse,groq-weak,105,4656.370,16.240,16
11,sse,groq-weak,106,4701.964,16.240,16
11,sse,groq-weak,107,4738.552,16.240,16
11,sse,groq-weak,108,4779.886,16.240,21
11,sse,groq-weak,109,4820.478,16.240,16
11,sse,groq-weak,110,4858.306,16.240,17
11,sse,groq-weak,111,4894.350,16.240,20
11,sse,groq-weak,112,4933.375,16.240,13
11,sse,groq-weak,113,4983.673,16.240,15
11,sse,groq-weak,114,5032.672,16.240,15
11,sse,groq-weak,115,5070.445,16.240,19
11,sse,groq-weak,116,5114.544,16.240,19
11,sse,groq-weak,117,5145.736,16.240,18
11,sse,groq-weak,118,5187.268,16.240,16
11,sse,groq-weak,119,5229.327,16.240,17
11,sse,groq-weak,120,5278.862,16.240,15
11,sse,groq-weak,121,5326.655,16.240,16
11,sse,groq-weak,122,5361.753,16.240,19
11,sse,groq-weak,123,5405.582,16.240,20
11,sse,groq-weak,124,5443.714,16.240,13
11,sse,groq-weak,125,5477.773,16.240,17
11,sse,groq-weak,126,5524.411,16.240,17
11,sse,groq-weak,127,5575.516,16.240,18
11,sse,groq-weak,128,5613.575,16.240,20
11,sse,groq-weak,129,5651.953,16.240,17
11,sse,groq-weak,130,5687.986,16.240,18
11,sse,groq-weak,131,5726.654,16.240,20
11,sse,groq-weak,132,5759.880,16.240,17
11,sse,groq-weak,133,5792.673,16.240,16
11,sse,groq-weak,134,5839.581,16.240,19
11,sse,groq-weak,135,5890.267,16.240,20
11,sse,groq-weak,136,5925.540,16.240,17
11,sse,groq-weak,137,5969.908,16.240,13
11,sse,groq-weak,138,6019.638,16.240,18
11,sse,groq-weak,139,6065.942,16.240,18
11,sse,groq-weak,140,6111.675,16.240,17
11,sse,groq-weak,141,6145.451,16.240,19
11,sse,groq-weak,142,6191.091,16.240,18
11,sse,groq-weak,143,6233.643,16.240,18
11,sse,groq-weak,144,6274.461,16.240,18
11,sse,groq-weak,145,6312.892,16.240,21
11,sse,groq-weak,146,6354.240,16.240,13
11,sse,groq-weak,147,6386.992,16.240,18
11,sse,groq-weak,148,6431.534,16.240,17
11,sse,groq-weak,149,6470.940,16.240,16
11,sse,groq-weak,150,6503.050,16.240,17
11,sse,groq-weak,151,6538.602,16.240,16
11,sse,groq-weak,152,6580.154,16.240,20
11,sse,groq-weak,153,6615.943,16.240,20
11,sse,groq-weak,154,6659.319,16.240,17
11,sse,groq-weak,155,6699.103,16.240,17
11,sse,groq-weak,156,6747.960,16.240,13
11,sse,groq-weak,157,6790.632,16.240,14
11,sse,groq-weak,158,6833.530,16.240,19
11,sse,groq-weak,159,6883.740,16.240,13
11,sse,groq-weak,160,6933.789,16.240,13
11,sse,groq-weak,161,6970.777,16.240,17
11,sse,groq-weak,162,7006.443,16.240,13
11,sse,groq-weak,163,7048.215,16.240,15
11,sse,groq-weak,164,7088.521,16.240,13
11,sse,groq-weak,165,7133.881,16.240,20
11,sse,groq-weak,166,7167.891,16.240,17
11,sse,groq-weak,167,7215.640,16.240,18
11,sse,groq-weak,168,7250.415,16.240,19
11,sse,groq-weak,169,7292.769,16.240,18
11,sse,groq-weak,170,7338.480,16.240,21
11,sse,groq-weak,171,7389.208,16.240,15
11,sse,groq-weak,172,7438.642,16.240,14
11,sse,groq-weak,173,7482.919,16.240,16
11,sse,groq-weak,174,7529.483,16.240,16
11,sse,groq-weak,175,7572.845,16.240,13
11,sse,groq-weak,176,7611.348,16.240,18
11,sse,groq-weak,177,7647.048,16.240,19
11,sse,groq-weak,178,7695.763,16.240,19
11,sse,groq-weak,179,7735.411,16.240,16
11,sse,groq-weak,180,7771.475,16.240,17
11,sse,groq-weak,181,7815.245,16.240,18
11,sse,groq-weak,182,7858.480,16.240,18
11,sse,groq-weak,183,7906.128,16.240,16
11,sse,groq-weak,184,7948.150,16.240,19
11,sse,groq-weak,185,7998.326,16.240,18
11,sse,groq-weak,186,8037.436,16.240,18
11,sse,groq-weak,187,8085.620,16.240,16
11,sse,groq-weak,188,8116.898,16.240,14
11,sse,groq-weak,189,8151.097,16.240,15
11,sse,groq-weak,190,8202.043,16.240,13
11,sse,groq-weak,191,8237.288,16.240,19
11,sse,groq-weak,192,8279.584,16.240,18
11,sse,groq-weak,193,8317.159,16.240,19
11,sse,groq-weak,194,8366.532,16.240,18
11,sse,groq-weak,195,8412.570,16.240,16
11,sse,groq-weak,196,8450.970,16.240,19
11,sse,groq-weak,197,8486.375,16.240,20
11,sse,groq-weak,198,8521.172,16.240,13
11,sse,groq-weak,199,8571.246,16.240,20
11,sse,groq-weak,200,8604.041,16.240,20
11,sse,groq-weak,201,8647.608,16.240,14
11,sse,groq-weak,202,8692.782,16.240,17
11,sse,groq-weak,203,8733.512,16.240,15
11,sse,groq-weak,204,8782.864,16.240,17
11,sse,groq-weak,205,8833.488,16.240,21
11,sse,groq-weak,206,8866.936,16.240,16
11,sse,groq-weak,207,8915.764,16.240,16
11,sse,groq-weak,208,8956.610,16.240,18
11,sse,groq-weak,209,8995.370,16.240,18
11,sse,groq-weak,210,9045.294,16.240,20
11,sse,groq-weak,211,9087.722,16.240,17
11,sse,groq-weak,212,9123.436,16.240,19
11,sse,groq-weak,213,9168.817,16.240,17
11,sse,groq-weak,214,9209.238,16.240,20
11,sse,groq-weak,215,9249.368,16.240,19
11,sse,groq-weak,216,9291.170,16.240,18
11,sse,groq-weak,217,9323.742,16.240,19
11,sse,groq-weak,218,9360.107,16.240,17
11,sse,groq-weak,219,9407.459,16.240,19
11,sse,groq-weak,220,9451.743,16.240,16
11,sse,groq-weak,221,9483.299,16.240,13
12,sse,groq-weak,0,444.242,23.124,13
12,sse,groq-weak,1,486.689,23.124,14
12,sse,groq-weak,2,521.297,23.124,16
12,sse,groq-weak,3,568.960,23.124,14
12,sse,groq-weak,4,606.162,23.124,16
12,sse,groq-weak,5,645.473,23.124,18
12,sse,groq-weak,6,679.290,23.124,17
12,sse,groq-weak,7,714.709,23.124,19
12,sse,groq-weak,8,755.651,23.124,19
12,sse,groq-weak,9,796.106,23.124,16
12,sse,groq-weak,10,835.863,23.124,17
12,sse,groq-weak,11,878.189,23.124,20
12,sse,groq-weak,12,927.939,23.124,18
12,sse,groq-weak,13,973.368,23.124,18
12,sse,groq-weak,14,1004.730,23.124,15
12,sse,groq-weak,15,1042.734,23.124,16
12,sse,groq-weak,16,1082.829,23.124,17
12,sse,groq-weak,17,1129.179,23.124,13
12,sse,groq-weak,18,1177.251,23.124,18
12,sse,groq-weak,19,1212.508,23.124,16
12,sse,groq-weak,20,1254.220,23.124,18
12,sse,groq-weak,21,1300.292,23.124,17
12,sse,groq-weak,22,1347.901,23.124,18
12,sse,groq-weak,23,1399.021,23.124,18
12,sse,groq-weak,24,1436.183,23.124,19
12,sse,groq-weak,25,1470.187,23.124,13
12,sse,groq-weak,26,1518.514,23.124,15
12,sse,groq-weak,27,1550.355,23.124,16
12,sse,groq-weak,28,1583.611,23.124,19
12,sse,groq-weak,29,1630.509,23.124,19
12,sse,groq-weak,30,1663.777,23.124,16
12,sse,groq-weak,31,1711.048,23.124,17
12,sse,groq-weak,32,1756.264,23.124,18
12,sse,groq-weak,33,1788.369,23.124,19
12,sse,groq-weak,34,1819.158,23.124,17
12,sse,groq-weak,35,1863.920,23.124,17
12,sse,groq-weak,36,1905.666,23.124,13
12,sse,groq-weak,37,1955.110,23.124,15
12,sse,groq-weak,38,1995.027,23.124,13
12,sse,groq-weak,39,2043.396,23.124,16
12,sse,groq-weak,40,2080.965,23.124,17
12,sse,groq-weak,41,2129.573,23.124,17
12,sse,groq-weak,42,2178.696,23.124,16
12,sse,groq-weak,43,2226.856,23.124,19
12,sse,groq-weak,44,2273.536,23.124,17
12,sse,groq-weak,45,2319.212,23.124,13
12,sse,groq-weak,46,2365.353,23.124,15
12,sse,groq-weak,47,2403.784,23.124,13
12,sse,groq-weak,48,2449.473,23.124,16
12,sse,groq-weak,49,2490.114,23.124,16
12,sse,groq-weak,50,2533.502,23.124,16
12,sse,groq-weak,51,2571.477,23.124,14
12,sse,groq-weak,52,2609.218,23.124,16
12,sse,groq-weak,53,2658.315,23.124,19
12,sse,groq-weak,54,2703.928,23.124,18
12,sse,groq-weak,55,2746.687,23.124,17
12,sse,groq-weak,56,2779.053,23.124,19
12,sse,groq-weak,57,2829.257,23.124,16
12,sse,groq-weak,58,2877.072,23.124,16
12,sse,groq-weak,59,2921.529,23.124,18
12,sse,groq-weak,60,2954.592,23.124,17
12,sse,groq-weak,61,2997.242,23.124,16
12,sse,groq-weak,62,3029.711,23.124,19
12,sse,groq-weak,63,3067.018,23.124,18
12,sse,groq-weak,64,3109.302,23.124,19
12,sse,groq-weak,65,3148.682,23.124,18
12,sse,groq-weak,66,3186.631,23.124,16
12,sse,groq-weak,67,3225.216,23.124,14
12,sse,groq-weak,68,3269.611,23.124,18
12,sse,groq-weak,69,3302.328,23.124,16
12,sse,groq-weak,70,3342.078,23.124,15
12,sse,groq-weak,71,3379.316,23.124,13
12,sse,groq-weak,72,3423.510,23.124,17
12,sse,groq-weak,73,3473.639,23.124,16
12,sse,groq-weak,74,3524.288,23.124,13
13,sse,groq-weak,0,725.398,13.043,14
13,sse,groq-weak,1,767.923,13.043,16
13,sse,groq-weak,2,813.539,13.043,18
13,sse,groq-weak,3,853.266,13.043,13
13,sse,groq-weak,4,891.038,13.043,17
13,sse,groq-weak,5,925.004,13.043,21
13,sse,groq-weak,6,964.634,13.043,16
13,sse,groq-weak,7,1006.451,13.043,16
13,sse,groq-weak,8,1052.029,13.043,15
13,sse,groq-weak,9,1088.671,13.043,13
13,sse,groq-weak,10,1134.354,13.043,19
13,sse,groq-weak,11,1176.969,13.043,18
13,sse,groq-weak,12,1208.809,13.043,19
13,sse,groq-weak,13,1258.295,13.043,19
13,sse,groq-weak,14,1308.472,13.043,18
13,sse,groq-weak,15,1354.777,13.043,18
13,sse,groq-weak,16,1395.906,13.043,19
13,sse,groq-weak,17,1428.965,13.043,16
13,sse,groq-weak,18,1463.233,13.043,13
13,sse,groq-weak,19,1498.702,13.043,16
13,sse,groq-weak,20,1539.654,13.043,15
13,sse,groq-weak,21,1570.939,13.043,13
13,sse,groq-weak,22,1609.989,13.043,19
13,sse,groq-weak,23,1659.017,13.043,17
13,sse,groq-weak,24,1698.599,13.043,21
13,sse,groq-weak,25,1742.476,13.043,19
13,sse,groq-weak,26,1793.557,13.043,18
13,sse,groq-weak,27,1834.304,13.043,17
13,sse,groq-weak,28,1879.331,13.043,17
13,sse,groq-weak,29,1912.139,13.043,13
13,sse,groq-weak,30,1963.086,13.043,15
13,sse,groq-weak,31,2007.265,13.043,13
13,sse,groq-weak,32,2048.138,13.043,16
13,sse,groq-weak,33,2082.146,13.043,18
13,sse,groq-weak,34,2119.553,13.043,18
13,sse,groq-weak,35,2152.064,13.043,16
13,sse,groq-weak,36,2187.742,13.043,19
13,sse,groq-weak,37,2219.376,13.043,16
13,sse,groq-weak,38,2251.544,13.043,16
13,sse,groq-weak,39,2289.436,13.043,15
13,sse,groq-weak,40,2325.210,13.043,13
13,sse,groq-weak,41,2372.720,13.043,19
13,sse,groq-weak,42,2406.897,13.043,21
13,sse,groq-weak,43,2441.250,13.043,14
13,sse,groq-weak,44,2490.501,13.043,16
13,sse,groq-weak,45,2534.070,13.043,18
13,sse,groq-weak,46,2576.028,13.043,17
13,sse,groq-weak,47,2608.450,13.043,17
13,sse,groq-weak,48,2657.233,13.043,13
13,sse,groq-weak,49,2699.865,13.043,15
13,sse,groq-weak,50,2736.596,13.043,13
13,sse,groq-weak,51,2787.082,13.043,17
13,sse,groq-weak,52,2832.666,13.043,15
13,sse,groq-weak,53,2881.433,13.043,15
13,sse,groq-weak,54,2924.180,13.043,13
13,sse,groq-weak,55,2972.633,13.043,19
13,sse,groq-weak,56,3006.413,13.043,17
13,sse,groq-weak,57,3049.345,13.043,21
13,sse,groq-weak,58,3089.525,13.043,18
13,sse,groq-weak,59,3127.446,13.043,19
13,sse,groq-weak,60,3166.925,13.043,16
13,sse,groq-weak,61,3213.555,13.043,21
13,sse,groq-weak,62,3252.357,13.043,14
13,sse,groq-weak,63,3301.929,13.043,13
13,sse,groq-weak,64,3335.260,13.043,18
13,sse,groq-weak,65,3385.852,13.043,17
13,sse,groq-weak,66,3420.670,13.043,16
13,sse,groq-weak,67,3461.682,13.043,19
13,sse,groq-weak,68,3509.537,13.043,17
13,sse,groq-weak,69,3541.636,13.043,16
13,sse,groq-weak,70,3589.181,13.043,16
13,sse,groq-weak,71,3633.076,13.043,17
13,sse,groq-weak,72,3673.363,13.043,18
13,sse,groq-weak,73,3723.107,13.043,19
13,sse,groq-weak,74,3772.265,13.043,13
13,sse,groq-weak,75,3815.101,13.043,17
13,sse,groq-weak,76,3861.147,13.043,19
13,sse,groq-weak,77,3906.611,13.043,21
13,sse,groq-weak,78,3939.883,13.043,20
13,sse,groq-weak,79,3989.675,13.043,18
13,sse,groq-weak,80,4026.598,13.043,16
13,sse,groq-weak,81,4068.938,13.043,19
13,sse,groq-weak,82,4104.358,13.043,18
13,sse,groq-weak,83,4146.765,13.043,16
13,sse,groq-weak,84,4185.996,13.043,15
13,sse,groq-weak,85,4231.298,13.043,13
13,sse,groq-weak,86,4282.328,13.043,19
13,sse,groq-weak,87,4323.922,13.043,17
13,sse,groq-weak,88,4358.287,13.043,13
13,sse,groq-weak,89,4406.986,13.043,17
13,sse,groq-weak,90,4447.510,13.043,17
13,sse,groq-weak,91,4484.696,13.043,16
13,sse,groq-weak,92,4517.954,13.043,16
13,sse,groq-weak,93,4554.855,13.043,17
13,sse,groq-weak,94,4602.046,13.043,20
13,sse,groq-weak,95,4649.578,13.043,17
13,sse,groq-weak,96,4683.285,13.043,16
13,sse,groq-weak,97,4720.126,13.043,18
13,sse,groq-weak,98,4768.466,13.043,17
13,sse,groq-weak,99,4817.425,13.043,16
13,sse,groq-weak,100,4850.387,13.043,15
13,sse,groq-weak,101,4892.222,13.043,13
13,sse,groq-weak,102,4930.957,13.043,19
13,sse,groq-weak,103,4975.218,13.043,17
13,sse,groq-weak,104,5020.464,13.043,17
13,sse,groq-weak,105,5056.085,13.043,13
13,sse,groq-weak,106,5101.925,13.043,17
13,sse,groq-weak,107,5149.277,13.043,21
13,sse,groq-weak,108,5182.266,13.043,16
13,sse,groq-weak,109,5227.733,13.043,20
13,sse,groq-weak,110,5270.220,13.043,19
13,sse,groq-weak,111,5310.427,13.043,17
13,sse,groq-weak,112,5348.319,13.043,18
13,sse,groq-weak,113,5397.345,13.043,14
13,sse,groq-weak,114,5442.489,13.043,18
13,sse,groq-weak,115,5491.273,13.043,20
13,sse,groq-weak,116,5530.008,13.043,17
13,sse,groq-weak,117,5579.131,13.043,18
13,sse,groq-weak,118,5616.276,13.043,16
13,sse,groq-weak,119,5653.296,13.043,18
13,sse,groq-weak,120,5701.853,13.043,17
13,sse,groq-weak,121,5747.578,13.043,16
13,sse,groq-weak,122,5791.531,13.043,17
13,sse,groq-weak,123,5836.441,13.043,16
13,sse,groq-weak,124,5883.709,13.043,17
13,sse,groq-weak,125,5917.585,13.043,13
13,sse,groq-weak,126,5960.225,13.043,17
13,sse,groq-weak,127,6007.257,13.043,14
13,sse,groq-weak,128,6053.811,13.043,17
13,sse,groq-weak,129,6085.837,13.043,16
13,sse,groq-weak,130,6126.465,13.043,14
13,sse,groq-weak,131,6161.477,13.043,15
13,sse,groq-weak,132,6198.808,13.043,19
13,sse,groq-weak,133,6231.622,13.043,17
13,sse,groq-weak,134,6266.582,13.043,15
13,sse,groq-weak,135,6301.328,13.043,19
13,sse,groq-weak,136,6341.658,13.043,13
13,sse,groq-weak,137,6385.980,13.043,17
13,sse,groq-weak,138,6429.722,13.043,19
13,sse,groq-weak,139,6473.089,13.043,18
13,sse,groq-weak,140,6517.048,13.043,17
13,sse,groq-weak,141,6560.122,13.043,13
13,sse,groq-weak,142,6599.882,13.043,14
13,sse,groq-weak,143,6645.509,13.043,16
13,sse,groq-weak,144,6694.620,13.043,19
13,sse,groq-weak,145,6738.832,13.043,18
13,sse,groq-weak,146,6787.220,13.043,17
13,sse,groq-weak,147,6819.349,13.043,13
13,sse,groq-weak,148,6870.166,13.043,14
13,sse,groq-weak,149,6901.304,13.043,13
13,sse,groq-weak,150,6944.374,13.043,19
13,sse,groq-weak,151,6992.576,13.043,16
13,sse,groq-weak,152,7039.900,13.043,17
13,sse,groq-weak,153,7071.720,13.043,18
13,sse,groq-weak,154,7118.366,13.043,19
13,sse,groq-weak,155,7162.844,13.043,20
13,sse,groq-weak,156,7198.710,13.043,19
13,sse,groq-weak,157,7231.304,13.043,18
13,sse,groq-weak,158,7278.126,13.043,18
13,sse,groq-weak,159,7311.468,13.043,13
13,sse,groq-weak,160,7346.876,13.043,17
13,sse,groq-weak,161,7390.979,13.043,21
13,sse,groq-weak,162,7426.565,13.043,17
13,sse,groq-weak,163,7462.366,13.043,19
13,sse,groq-weak,164,7499.140,13.043,16
13,sse,groq-weak,165,7534.856,13.043,18
13,sse,groq-weak,166,7574.529,13.043,20
13,sse,groq-weak,167,7619.847,13.043,15
13,sse,groq-weak,168,7656.596,13.043,15
13,sse,groq-weak,169,7703.397,13.043,13
13,sse,groq-weak,170,7748.659,13.043,20
13,sse,groq-weak,171,7798.464,13.043,18
13,sse,groq-weak,172,7840.987,13.043,18
13,sse,groq-weak,173,7889.317,13.043,18
13,sse,groq-weak,174,7921.851,13.043,18
13,sse,groq-weak,175,7964.754,13.043,13
13,sse,groq-weak,176,8004.697,13.043,17
13,sse,groq-weak,177,8049.583,13.043,16
13,sse,groq-weak,178,8085.720,13.043,18
13,sse,groq-weak,179,8132.766,13.043,20
13,sse,groq-weak,180,8179.240,13.043,18
13,sse,groq-weak,181,8216.825,13.043,18
13,sse,groq-weak,182,8258.359,13.043,16
13,sse,groq-weak,183,8291.717,13.043,15
13,sse,groq-weak,184,8336.061,13.043,13
13,sse,groq-weak,185,8382.300,13.043,19
13,sse,groq-weak,186,8420.872,13.043,17
13,sse,groq-weak,187,8471.214,13.043,14
13,sse,groq-weak,188,8517.903,13.043,16
13,sse,groq-weak,189,8556.002,13.043,18
13,sse,groq-weak,190,8587.394,13.043,13
13,sse,groq-weak,191,8624.048,13.043,17
13,sse,groq-weak,192,8656.461,13.043,17
13,sse,groq-weak,193,8692.709,13.043,13
13,sse,groq-weak,194,8741.257,13.043,15
13,sse,groq-weak,195,8774.452,13.043,13
13,sse,groq-weak,196,8812.801,13.043,13
13,sse,groq-weak,197,8859.503,13.043,16
13,sse,groq-weak,198,8901.863,13.043,16
13,sse,groq-weak,199,8952.003,13.043,19
13,sse,groq-weak,200,8993.530,13.043,17
13,sse,groq-weak,201,9043.608,13.043,19
13,sse,groq-weak,202,9087.564,13.043,21
13,sse,groq-weak,203,9127.058,13.043,19
13,sse,groq-weak,204,9165.956,13.043,18
13,sse,groq-weak,205,9210.859,13.043,19
13,sse,groq-weak,206,9241.556,13.043,18
13,sse,groq-weak,207,9288.260,13.043,13
13,sse,groq-weak,208,9338.767,13.043,16
13,sse,groq-weak,209,9383.115,13.043,18
13,sse,groq-weak,210,9425.100,13.043,19
13,sse,groq-weak,211,9471.163,13.043,17
13,sse,groq-weak,212,9503.912,13.043,14
13,sse,groq-weak,213,9536.933,13.043,16
13,sse,groq-weak,214,9587.555,13.043,18
13,sse,groq-weak,215,9626.763,13.043,16
13,sse,groq-weak,216,9675.788,13.043,16
13,sse,groq-weak,217,9709.498,13.043,17
13,sse,groq-weak,218,9747.003,13.043,16
13,sse,groq-weak,219,9779.669,13.043,17
13,sse,groq-weak,220,9820.539,13.043,18
13,sse,groq-weak,221,9869.057,13.043,18
13,sse,groq-weak,222,9908.803,13.043,17
13,sse,groq-weak,223,9952.558,13.043,17
13,sse,groq-weak,224,9995.009,13.043,16
13,sse,groq-weak,225,10035.245,13.043,13
13,sse,groq-weak,226,10075.329,13.043,19
13,sse,groq-weak,227,10110.580,13.043,18
13,sse,groq-weak,228,10142.827,13.043,18
13,sse,groq-weak,229,10182.017,13.043,18
13,sse,groq-weak,230,10222.504,13.043,16
13,sse,groq-weak,231,10270.232,13.043,19
13,sse,groq-weak,232,10318.121,13.043,13
13,sse,groq-weak,233,10354.202,13.043,17
13,sse,groq-weak,234,10388.758,13.043,21
13,sse,groq-weak,235,10434.800,13.043,17
13,sse,groq-weak,236,10481.368,13.043,17
13,sse,groq-weak,237,10531.181,13.043,14
13,sse,groq-weak,238,10574.449,13.043,16
13,sse,groq-weak,239,10607.524,13.043,18
13,sse,groq-weak,240,10656.843,13.043,18
13,sse,groq-weak,241,10692.800,13.043,18
13,sse,groq-weak,242,10733.512,13.043,16
13,sse,groq-weak,243,10777.833,13.043,19
13,sse,groq-weak,244,10813.903,13.043,16
13,sse,groq-weak,245,10854.676,13.043,17
13,sse,groq-weak,246,10901.734,13.043,18
13,sse,groq-weak,247,10938.991,13.043,19
13,sse,groq-weak,248,10973.235,13.043,20
13,sse,groq-weak,249,11011.104,13.043,19
13,sse,groq-weak,250,11047.282,13.043,17
13,sse,groq-weak,251,11088.742,13.043,17
13,sse,groq-weak,252,11122.953,13.043,18
13,sse,groq-weak,253,11154.542,13.043,18
13,sse,groq-weak,254,11200.617,13.043,17
13,sse,groq-weak,255,11237.768,13.043,19
13,sse,groq-weak,256,11287.967,13.043,16
13,sse,groq-weak,257,11337.128,13.043,17
13,sse,groq-weak,258,11383.849,13.043,14
13,sse,groq-weak,259,11425.259,13.043,17
13,sse,groq-weak,260,11458.266,13.043,13
13,sse,groq-weak,261,11506.871,13.043,17
13,sse,groq-weak,262,11544.052,13.043,21
13,sse,groq-weak,263,11579.089,13.043,16
13,sse,groq-weak,264,11618.865,13.043,16
13,sse,groq-weak,265,11660.201,13.043,16
13,sse,groq-weak,266,11705.085,13.043,15
13,sse,groq-weak,267,11736.771,13.043,13
13,sse,groq-weak,268,11786.284,13.043,19
13,sse,groq-weak,269,11829.175,13.043,18
13,sse,groq-weak,270,11865.021,13.043,19
13,sse,groq-weak,271,11900.810,13.043,19
13,sse,groq-weak,272,11938.314,13.043,18
13,sse,groq-weak,273,11989.071,13.043,18
13,sse,groq-weak,274,12021.002,13.043,19
13,sse,groq-weak,275,12067.810,13.043,16
13,sse,groq-weak,276,12107.447,13.043,13
14,sse,groq-weak,0,348.476,14.079,14
14,sse,groq-weak,1,396.882,14.079,15
14,sse,groq-weak,2,445.578,14.079,18
14,sse,groq-weak,3,478.874,14.079,21
14,sse,groq-weak,4,512.114,14.079,15
14,sse,groq-weak,5,561.983,14.079,15
14,sse,groq-weak,6,603.548,14.079,17
14,sse,groq-weak,7,637.670,14.079,19
14,sse,groq-weak,8,670.643,14.079,17
14,sse,groq-weak,9,715.169,14.079,18
14,sse,groq-weak,10,748.242,14.079,17
14,sse,groq-weak,11,797.490,14.079,18
14,sse,groq-weak,12,829.775,14.079,13
14,sse,groq-weak,13,871.401,14.079,14
14,sse,groq-weak,14,911.336,14.079,19
14,sse,groq-weak,15,950.071,14.079,13
14,sse,groq-weak,16,989.414,14.079,14
14,sse,groq-weak,17,1032.753,14.079,17
14,sse,groq-weak,18,1081.391,14.079,13
14,sse,groq-weak,19,1120.392,14.079,15
14,sse,groq-weak,20,1153.756,14.079,13
14,sse,groq-weak,21,1186.881,14.079,13
14,sse,groq-weak,22,1233.676,14.079,18
14,sse,groq-weak,23,1280.710,14.079,19
14,sse,groq-weak,24,1325.453,14.079,14
14,sse,groq-weak,25,1372.883,14.079,16
14,sse,groq-weak,26,1421.624,14.079,15
14,sse,groq-weak,27,1459.057,14.079,15
14,sse,groq-weak,28,1496.485,14.079,13
14,sse,groq-weak,29,1546.739,14.079,18
14,sse,groq-weak,30,1590.394,14.079,16
14,sse,groq-weak,31,1631.879,14.079,18
14,sse,groq-weak,32,1680.004,14.079,18
14,sse,groq-weak,33,1729.312,14.079,20
14,sse,groq-weak,34,1776.509,14.079,20
14,sse,groq-weak,35,1819.407,14.079,18
14,sse,groq-weak,36,1862.798,14.079,14
14,sse,groq-weak,37,1903.299,14.079,14
14,sse,groq-weak,38,1949.223,14.079,19
14,sse,groq-weak,39,1983.599,14.079,19
14,sse,groq-weak,40,2022.548,14.079,18
14,sse,groq-weak,41,2054.544,14.079,17
14,sse,groq-weak,42,2091.325,14.079,18
14,sse,groq-weak,43,2140.868,14.079,19
14,sse,groq-weak,44,2179.043,14.079,17
14,sse,groq-weak,45,2229.898,14.079,20
14,sse,groq-weak,46,2279.940,14.079,17
14,sse,groq-weak,47,2318.252,14.079,13
14,sse,groq-weak,48,2357.927,14.079,16
14,sse,groq-weak,49,2401.117,14.079,17
14,sse,groq-weak,50,2451.476,14.079,18
14,sse,groq-weak,51,2490.655,14.079,18
14,sse,groq-weak,52,2526.725,14.079,19
14,sse,groq-weak,53,2570.465,14.079,18
14,sse,groq-weak,54,2619.120,14.079,17
14,sse,groq-weak,55,2668.596,14.079,17
14,sse,groq-weak,56,2710.803,14.079,19
14,sse,groq-weak,57,2750.530,14.079,18
14,sse,groq-weak,58,2785.108,14.079,21
14,sse,groq-weak,59,2827.659,14.079,18
14,sse,groq-weak,60,2872.302,14.079,19
14,sse,groq-weak,61,2904.973,14.079,20
14,sse,groq-weak,62,2940.946,14.079,19
14,sse,groq-weak,63,2983.620,14.079,18
14,sse,groq-weak,64,3018.842,14.079,17
14,sse,groq-weak,65,3069.815,14.079,18
14,sse,groq-weak,66,3117.731,14.079,18
14,sse,groq-weak,67,3165.957,14.079,19
14,sse,groq-weak,68,3211.183,14.079,18
14,sse,groq-weak,69,3249.272,14.079,19
14,sse,groq-weak,70,3281.440,14.079,16
14,sse,groq-weak,71,3325.362,14.079,13
15,sse,groq-weak,0,479.871,13.247,14
15,sse,groq-weak,1,531.401,13.247,14
15,sse,groq-weak,2,574.655,13.247,21
15,sse,groq-weak,3,608.111,13.247,19
15,sse,groq-weak,4,658.465,13.247,18
15,sse,groq-weak,5,707.379,13.247,17
15,sse,groq-weak,6,754.685,13.247,17
15,sse,groq-weak,7,803.585,13.247,13
15,sse,groq-weak,8,854.198,13.247,15
15,sse,groq-weak,9,898.033,13.247,13
15,sse,groq-weak,10,948.657,13.247,16
15,sse,groq-weak,11,990.800,13.247,17
15,sse,groq-weak,12,1033.440,13.247,19
15,sse,groq-weak,13,1075.146,13.247,16
15,sse,groq-weak,14,1123.785,13.247,18
15,sse,groq-weak,15,1160.225,13.247,14
15,sse,groq-weak,16,1205.327,13.247,16
15,sse,groq-weak,17,1239.229,13.247,17
15,sse,groq-weak,18,1270.617,13.247,14
15,sse,groq-weak,19,1308.898,13.247,16
15,sse,groq-weak,20,1355.137,13.247,18
15,sse,groq-weak,21,1406.266,13.247,16
15,sse,groq-weak,22,1447.334,13.247,16
15,sse,groq-weak,23,1491.333,13.247,16
15,sse,groq-weak,24,1534.836,13.247,17
15,sse,groq-weak,25,1570.810,13.247,16
15,sse,groq-weak,26,1614.422,13.247,19
15,sse,groq-weak,27,1650.466,13.247,15
15,sse,groq-weak,28,1690.916,13.247,19
15,sse,groq-weak,29,1724.737,13.247,15
15,sse,groq-weak,30,1768.035,13.247,16
15,sse,groq-weak,31,1808.082,13.247,19
15,sse,groq-weak,32,1852.098,13.247,14
15,sse,groq-weak,33,1888.397,13.247,17
15,sse,groq-weak,34,1936.030,13.247,17
15,sse,groq-weak,35,1981.210,13.247,17
15,sse,groq-weak,36,2024.969,13.247,13
15,sse,groq-weak,37,2075.035,13.247,15
15,sse,groq-weak,38,2110.178,13.247,13
15,sse,groq-weak,39,2156.677,13.247,13
15,sse,groq-weak,40,2198.921,13.247,19
15,sse,groq-weak,41,2249.668,13.247,14
15,sse,groq-weak,42,2285.320,13.247,17
15,sse,groq-weak,43,2323.199,13.247,16
15,sse,groq-weak,44,2362.562,13.247,17
15,sse,groq-weak,45,2396.589,13.247,18
15,sse,groq-weak,46,2442.035,13.247,19
15,sse,groq-weak,47,2492.609,13.247,16
15,sse,groq-weak,48,2524.580,13.247,19
15,sse,groq-weak,49,2575.317,13.247,18
15,sse,groq-weak,50,2625.815,13.247,14
15,sse,groq-weak,51,2669.203,13.247,16
15,sse,groq-weak,52,2705.891,13.247,13
15,sse,groq-weak,53,2753.392,13.247,19
15,sse,groq-weak,54,2802.152,13.247,18
15,sse,groq-weak,55,2837.251,13.247,17
15,sse,groq-weak,56,2888.171,13.247,19
15,sse,groq-weak,57,2926.918,13.247,19
15,sse,groq-weak,58,2962.314,13.247,18
15,sse,groq-weak,59,2995.679,13.247,16
15,sse,groq-weak,60,3044.405,13.247,15
15,sse,groq-weak,61,3078.328,13.247,13
15,sse,groq-weak,62,3118.206,13.247,19
15,sse,groq-weak,63,3152.830,13.247,17
15,sse,groq-weak,64,3199.495,13.247,19
15,sse,groq-weak,65,3232.523,13.247,13
16,sse,groq-weak,0,329.248,13.053,15
16,sse,groq-weak,1,363.027,13.053,16
16,sse,groq-weak,2,395.436,13.053,20
16,sse,groq-weak,3,445.376,13.053,14
16,sse,groq-weak,4,495.769,13.053,17
16,sse,groq-weak,5,531.676,13.053,15
16,sse,groq-weak,6,576.356,13.053,17
16,sse,groq-weak,7,608.427,13.053,17
16,sse,groq-weak,8,652.914,13.053,13
16,sse,groq-weak,9,691.246,13.053,15
16,sse,groq-weak,10,736.772,13.053,16
16,sse,groq-weak,11,770.070,13.053,18
16,sse,groq-weak,12,818.845,13.053,17
16,sse,groq-weak,13,860.544,13.053,19
16,sse,groq-weak,14,895.509,13.053,19
16,sse,groq-weak,15,934.069,13.053,17
16,sse,groq-weak,16,980.074,13.053,17
16,sse,groq-weak,17,1016.077,13.053,20
16,sse,groq-weak,18,1066.139,13.053,18
16,sse,groq-weak,19,1101.470,13.053,19
16,sse,groq-weak,20,1152.342,13.053,16
16,sse,groq-weak,21,1198.419,13.053,13
16,sse,groq-weak,22,1239.286,13.053,19
16,sse,groq-weak,23,1280.865,13.053,18
16,sse,groq-weak,24,1312.957,13.053,17
16,sse,groq-weak,25,1349.902,13.053,19
16,sse,groq-weak,26,1395.928,13.053,19
16,sse,groq-weak,27,1439.363,13.053,18
16,sse,groq-weak,28,1470.070,13.053,18
16,sse,groq-weak,29,1506.125,13.053,19
16,sse,groq-weak,30,1537.885,13.053,16
16,sse,groq-weak,31,1572.648,13.053,19
16,sse,groq-weak,32,1623.631,13.053,21
16,sse,groq-weak,33,1665.230,13.053,19
16,sse,groq-weak,34,1696.853,13.053,18
16,sse,groq-weak,35,1737.929,13.053,16
16,sse,groq-weak,36,1772.142,13.053,17
16,sse,groq-weak,37,1809.870,13.053,13
16,sse,groq-weak,38,1843.905,13.053,13
16,sse,groq-weak,39,1888.964,13.053,19
16,sse,groq-weak,40,1929.111,13.053,18
16,sse,groq-weak,41,1972.086,13.053,17
16,sse,groq-weak,42,2005.513,13.053,19
16,sse,groq-weak,43,2047.756,13.053,17
16,sse,groq-weak,44,2085.737,13.053,17
16,sse,groq-weak,45,2128.740,13.053,17
16,sse,groq-weak,46,2170.548,13.053,18
16,sse,groq-weak,47,2206.622,13.053,17
16,sse,groq-weak,48,2244.583,13.053,20
16,sse,groq-weak,49,2277.434,13.053,19
16,sse,groq-weak,50,2314.423,13.053,17
16,sse,groq-weak,51,2357.928,13.053,15
16,sse,groq-weak,52,2402.481,13.053,16
16,sse,groq-weak,53,2448.108,13.053,20
16,sse,groq-weak,54,2493.671,13.053,14
16,sse,groq-weak,55,2540.284,13.053,17
16,sse,groq-weak,56,2582.203,13.053,15
16,sse,groq-weak,57,2632.537,13.053,17
16,sse,groq-weak,58,2683.129,13.053,17
16,sse,groq-weak,59,2717.047,13.053,13
16,sse,groq-weak,60,2749.541,13.053,15
16,sse,groq-weak,61,2796.392,13.053,15
16,sse,groq-weak,62,2843.398,13.053,15
16,sse,groq-weak,63,2886.870,13.053,14
16,sse,groq-weak,64,2933.445,13.053,16
16,sse,groq-weak,65,2974.934,13.053,16
16,sse,groq-weak,66,3022.753,13.053,18
16,sse,groq-weak,67,3072.904,13.053,19
16,sse,groq-weak,68,3114.552,13.053,13
16,sse,groq-weak,69,3152.993,13.053,15
16,sse,groq-weak,70,3199.032,13.053,14
16,sse,groq-weak,71,3230.685,13.053,16
16,sse,groq-weak,72,3280.747,13.053,16
16,sse,groq-weak,73,3331.455,13.053,16
16,sse,groq-weak,74,3373.540,13.053,18
16,sse,groq-weak,75,3419.303,13.053,17
16,sse,groq-weak,76,3456.959,13.053,18
16,sse,groq-weak,77,3496.282,13.053,17
16,sse,groq-weak,78,3546.345,13.053,13
16,sse,groq-weak,79,3583.839,13.053,19
16,sse,groq-weak,80,3620.070,13.053,18
16,sse,groq-weak,81,3656.967,13.053,16
16,sse,groq-weak,82,3705.216,13.053,16
16,sse,groq-weak,83,3742.138,13.053,17
16,sse,groq-weak,84,3773.723,13.053,18
16,sse,groq-weak,85,3810.539,13.053,19
16,sse,groq-weak,86,3851.366,13.053,18
16,sse,groq-weak,87,3883.737,13.053,20
16,sse,groq-weak,88,3931.232,13.053,18
16,sse,groq-weak,89,3970.595,13.053,19
16,sse,groq-weak,90,4011.832,13.053,16
16,sse,groq-weak,91,4055.905,13.053,13
16,sse,groq-weak,92,4088.264,13.053,17
16,sse,groq-weak,93,4121.061,13.053,17
16,sse,groq-weak,94,4172.156,13.053,18
16,sse,groq-weak,95,4212.973,13.053,19
16,sse,groq-weak,96,4255.775,13.053,18
16,sse,groq-weak,97,4290.704,13.053,18
16,sse,groq-weak,98,4339.078,13.053,19
16,sse,groq-weak,99,4373.804,13.053,16
16,sse,groq-weak,100,4418.881,13.053,19
16,sse,groq-weak,101,4469.400,13.053,20
16,sse,groq-weak,102,4512.772,13.053,20
16,sse,groq-weak,103,4552.706,13.053,19
16,sse,groq-weak,104,4587.518,13.053,18
16,sse,groq-weak,105,4633.635,13.053,17
16,sse,groq-weak,106,4674.196,13.053,18
16,sse,groq-weak,107,4709.867,13.053,19
16,sse,groq-weak,108,4752.979,13.053,20
16,sse,groq-weak,109,4796.354,13.053,19
16,sse,groq-weak,110,4829.730,13.053,19
16,sse,groq-weak,111,4866.337,13.053,18
16,sse,groq-weak,112,4903.523,13.053,19
16,sse,groq-weak,113,4949.226,13.053,18
16,sse,groq-weak,114,4989.259,13.053,16
16,sse,groq-weak,115,5037.777,13.053,21
16,sse,groq-weak,116,5074.377,13.053,19
16,sse,groq-weak,117,5105.329,13.053,17
16,sse,groq-weak,118,5144.189,13.053,15
16,sse,groq-weak,119,5177.425,13.053,16
16,sse,groq-weak,120,5223.697,13.053,19
16,sse,groq-weak,121,5274.160,13.053,14
16,sse,groq-weak,122,5324.127,13.053,17
16,sse,groq-weak,123,5371.274,13.053,15
16,sse,groq-weak,124,5408.286,13.053,17
16,sse,groq-weak,125,5440.928,13.053,17
16,sse,groq-weak,126,5474.795,13.053,13
16,sse,groq-weak,127,5508.484,13.053,15
16,sse,groq-weak,128,5542.398,13.053,21
16,sse,groq-weak,129,5581.262,13.053,19
16,sse,groq-weak,130,5620.113,13.053,18
16,sse,groq-weak,131,5655.001,13.053,20
16,sse,groq-weak,132,5696.746,13.053,17
16,sse,groq-weak,133,5744.660,13.053,18
16,sse,groq-weak,134,5777.108,13.053,19
16,sse,groq-weak,135,5818.727,13.053,18
16,sse,groq-weak,136,5853.099,13.053,15
16,sse,groq-weak,137,5896.440,13.053,14
16,sse,groq-weak,138,5940.552,13.053,16
16,sse,groq-weak,139,5975.874,13.053,16
16,sse,groq-weak,140,6012.394,13.053,13
16,sse,groq-weak,141,6056.047,13.053,21
16,sse,groq-weak,142,6092.266,13.053,17
16,sse,groq-weak,143,6125.368,13.053,17
16,sse,groq-weak,144,6172.416,13.053,17
16,sse,groq-weak,145,6204.484,13.053,20
16,sse,groq-weak,146,6241.831,13.053,16
16,sse,groq-weak,147,6289.515,13.053,18
16,sse,groq-weak,148,6338.103,13.053,16
16,sse,groq-weak,149,6373.119,13.053,18
16,sse,groq-weak,150,6419.378,13.053,17
16,sse,groq-weak,151,6464.971,13.053,17
16,sse,groq-weak,152,6497.388,13.053,20
16,sse,groq-weak,153,6544.020,13.053,19
16,sse,groq-weak,154,6576.065,13.053,20
16,sse,groq-weak,155,6608.690,13.053,18
16,sse,groq-weak,156,6641.098,13.053,14
16,sse,groq-weak,157,6682.069,13.053,15
16,sse,groq-weak,158,6724.296,13.053,20
16,sse,groq-weak,159,6756.252,13.053,17
16,sse,groq-weak,160,6797.112,13.053,15
16,sse,groq-weak,161,6845.228,13.053,15
16,sse,groq-weak,162,6882.695,13.053,18
16,sse,groq-weak,163,6915.185,13.053,20
16,sse,groq-weak,164,6956.520,13.053,16
16,sse,groq-weak,165,6989.558,13.053,14
16,sse,groq-weak,166,7040.204,13.053,15
16,sse,groq-weak,167,7076.875,13.053,13
16,sse,groq-weak,168,7108.510,13.053,21
16,sse,groq-weak,169,7158.806,13.053,17
16,sse,groq-weak,170,7193.463,13.053,18
16,sse,groq-weak,171,7241.713,13.053,15
16,sse,groq-weak,172,7291.633,13.053,19
16,sse,groq-weak,173,7328.516,13.053,16
16,sse,groq-weak,174,7374.663,13.053,17
16,sse,groq-weak,175,7420.105,13.053,17
16,sse,groq-weak,176,7459.213,13.053,19
16,sse,groq-weak,177,7507.111,13.053,16
16,sse,groq-weak,178,7553.181,13.053,19
16,sse,groq-weak,179,7597.938,13.053,13
16,sse,groq-weak,180,7635.168,13.053,14
16,sse,groq-weak,181,7668.508,13.053,17
16,sse,groq-weak,182,7714.605,13.053,17
16,sse,groq-weak,183,7750.171,13.053,17
16,sse,groq-weak,184,7800.043,13.053,13
16,sse,groq-weak,185,7839.994,13.053,14
16,sse,groq-weak,186,7880.872,13.053,19
16,sse,groq-weak,187,7930.281,13.053,13
16,sse,groq-weak,188,7973.558,13.053,13
16,sse,groq-weak,189,8012.750,13.053,17
16,sse,groq-weak,190,8049.014,13.053,13
16,sse,groq-weak,191,8083.057,13.053,15
16,sse,groq-weak,192,8122.616,13.053,13
16,sse,groq-weak,193,8168.441,13.053,15
16,sse,groq-weak,194,8215.825,13.053,14
16,sse,groq-weak,195,8259.297,13.053,16
16,sse,groq-weak,196,8292.786,13.053,16
16,sse,groq-weak,197,8332.145,13.053,17
16,sse,groq-weak,198,8376.977,13.053,18
16,sse,groq-weak,199,8417.127,13.053,19
16,sse,groq-weak,200,8456.386,13.053,18
16,sse,groq-weak,201,8502.787,13.053,19
16,sse,groq-weak,202,8542.230,13.053,19
16,sse,groq-weak,203,8574.884,13.053,16
16,sse,groq-weak,204,8614.131,13.053,16
16,sse,groq-weak,205,8656.291,13.053,19
16,sse,groq-weak,206,8690.293,13.053,16
16,sse,groq-weak,207,8728.068,13.053,18
16,sse,groq-weak,208,8769.583,13.053,14
16,sse,groq-weak,209,8815.814,13.053,15
16,sse,groq-weak,210,8848.029,13.053,20
16,sse,groq-weak,211,8887.152,13.053,17
16,sse,groq-weak,212,8925.149,13.053,15
16,sse,groq-weak,213,8969.743,13.053,15
16,sse,groq-weak,214,9006.803,13.053,20
16,sse,groq-weak,215,9053.759,13.053,17
16,sse,groq-weak,216,9092.618,13.053,18
16,sse,groq-weak,217,9140.815,13.053,16
16,sse,groq-weak,218,9189.743,13.053,18
16,sse,groq-weak,219,9225.631,13.053,15
16,sse,groq-weak,220,9267.871,13.053,14
16,sse,groq-weak,221,9305.332,13.053,16
16,sse,groq-weak,222,9338.992,13.053,16
16,sse,groq-weak,223,9374.313,13.053,16
16,sse,groq-weak,224,9412.243,13.053,19
16,sse,groq-weak,225,9450.045,13.053,20
16,sse,groq-weak,226,9491.072,13.053,18
16,sse,groq-weak,227,9537.329,13.053,18
16,sse,groq-weak,228,9581.154,13.053,19
16,sse,groq-weak,229,9622.876,13.053,18
16,sse,groq-weak,230,9655.582,13.053,19
16,sse,groq-weak,231,9703.234,13.053,13
16,sse,groq-weak,232,9746.596,13.053,18
16,sse,groq-weak,233,9791.901,13.053,16
16,sse,groq-weak,234,9829.538,13.053,20
16,sse,groq-weak,235,9862.224,13.053,20
16,sse,groq-weak,236,9908.612,13.053,19
16,sse,groq-weak,237,9950.358,13.053,17
16,sse,groq-weak,238,9988.283,13.053,19
16,sse,groq-weak,239,10034.004,13.053,18
16,sse,groq-weak,240,10081.592,13.053,18
16,sse,groq-weak,241,10118.767,13.053,21
16,sse,groq-weak,242,10158.173,13.053,19
16,sse,groq-weak,243,10202.398,13.053,16
16,sse,groq-weak,244,10250.669,13.053,17
16,sse,groq-weak,245,10299.295,13.053,13
16,sse,groq-weak,246,10330.744,13.053,13
16,sse,groq-weak,247,10366.396,13.053,19
16,sse,groq-weak,248,10411.768,13.053,18
16,sse,groq-weak,249,10462.379,13.053,17
16,sse,groq-weak,250,10503.885,13.053,19
16,sse,groq-weak,251,10542.422,13.053,17
16,sse,groq-weak,252,10575.356,13.053,17
16,sse,groq-weak,253,10607.351,13.053,17
16,sse,groq-weak,254,10655.205,13.053,18
16,sse,groq-weak,255,10694.288,13.053,17
16,sse,groq-weak,256,10732.110,13.053,20
16,sse,groq-weak,257,10774.768,13.053,19
16,sse,groq-weak,258,10821.016,13.053,17
16,sse,groq-weak,259,10868.900,13.053,15
16,sse,groq-weak,260,10900.982,13.053,16
16,sse,groq-weak,261,10945.842,13.053,20
16,sse,groq-weak,262,10987.282,13.053,14
16,sse,groq-weak,263,11028.040,13.053,17
16,sse,groq-weak,264,11064.815,13.053,15
16,sse,groq-weak,265,11110.152,13.053,17
16,sse,groq-weak,266,11160.627,13.053,17
16,sse,groq-weak,267,11205.667,13.053,13
16,sse,groq-weak,268,11240.796,13.053,15
16,sse,groq-weak,269,11275.025,13.053,17
16,sse,groq-weak,270,11317.793,13.053,18
16,sse,groq-weak,271,11364.851,13.053,21
16,sse,groq-weak,272,11406.820,13.053,19
16,sse,groq-weak,273,11446.505,13.053,19
16,sse,groq-weak,274,11484.180,13.053,18
16,sse,groq-weak,275,11519.104,13.053,13
16,sse,groq-weak,276,11566.211,13.053,17
16,sse,groq-weak,277,11613.509,13.053,18
16,sse,groq-weak,278,11664.687,13.053,16
16,sse,groq-weak,279,11705.202,13.053,17
16,sse,groq-weak,280,11754.895,13.053,19
16,sse,groq-weak,281,11803.084,13.053,18
16,sse,groq-weak,282,11847.714,13.053,19
16,sse,groq-weak,283,11891.767,13.053,16
16,sse,groq-weak,284,11928.206,13.053,19
16,sse,groq-weak,285,11962.787,13.053,17
16,sse,groq-weak,286,12000.427,13.053,16
16,sse,groq-weak,287,12039.981,13.053,19
16,sse,groq-weak,288,12079.759,13.053,18
16,sse,groq-weak,289,12116.653,13.053,16
16,sse,groq-weak,290,12158.719,13.053,17
16,sse,groq-weak,291,12194.905,13.053,13
16,sse,groq-weak,292,12229.840,13.053,16
16,sse,groq-weak,293,12277.214,13.053,18
16,sse,groq-weak,294,12322.452,13.053,16
16,sse,groq-weak,295,12355.269,13.053,21
16,sse,groq-weak,296,12391.533,13.053,19
16,sse,groq-weak,297,12427.405,13.053,17
16,sse,groq-weak,298,12473.482,13.053,16
16,sse,groq-weak,299,12522.507,13.053,18
16,sse,groq-weak,300,12559.721,13.053,18
16,sse,groq-weak,301,12598.489,13.053,20
16,sse,groq-weak,302,12632.349,13.053,20
16,sse,groq-weak,303,12667.133,13.053,20
16,sse,groq-weak,304,12704.131,13.053,18
16,sse,groq-weak,305,12738.846,13.053,19
16,sse,groq-weak,306,12789.481,13.053,18
16,sse,groq-weak,307,12839.591,13.053,19
16,sse,groq-weak,308,12888.183,13.053,17
16,sse,groq-weak,309,12921.175,13.053,19
16,sse,groq-weak,310,12953.574,13.053,16
16,sse,groq-weak,311,13001.227,13.053,13
17,sse,groq-weak,0,325.863,15.058,13
17,sse,groq-weak,1,373.661,15.058,14
17,sse,groq-weak,2,408.907,15.058,16
17,sse,groq-weak,3,455.949,15.058,14
17,sse,groq-weak,4,494.334,15.058,16
17,sse,groq-weak,5,528.328,15.058,17
17,sse,groq-weak,6,571.214,15.058,19
17,sse,groq-weak,7,609.869,15.058,19
17,sse,groq-weak,8,642.040,15.058,16
17,sse,groq-weak,9,673.351,15.058,17
17,sse,groq-weak,10,705.979,15.058,20
17,sse,groq-weak,11,738.477,15.058,18
17,sse,groq-weak,12,782.238,15.058,18
17,sse,groq-weak,13,819.120,15.058,17
17,sse,groq-weak,14,858.427,15.058,18
17,sse,groq-weak,15,904.684,15.058,18
17,sse,groq-weak,16,954.518,15.058,19
17,sse,groq-weak,17,1002.062,15.058,13
17,sse,groq-weak,18,1033.335,15.058,14
17,sse,groq-weak,19,1066.777,15.058,14
17,sse,groq-weak,20,1113.484,15.058,16
17,sse,groq-weak,21,1164.257,15.058,14
17,sse,groq-weak,22,1203.623,15.058,16
17,sse,groq-weak,23,1240.218,15.058,16
17,sse,groq-weak,24,1290.259,15.058,21
17,sse,groq-weak,25,1324.688,15.058,18
17,sse,groq-weak,26,1362.060,15.058,19
17,sse,groq-weak,27,1394.583,15.058,19
17,sse,groq-weak,28,1426.705,15.058,19
17,sse,groq-weak,29,1458.530,15.058,19
17,sse,groq-weak,30,1498.277,15.058,16
17,sse,groq-weak,31,1536.710,15.058,17
17,sse,groq-weak,32,1580.770,15.058,20
17,sse,groq-weak,33,1623.383,15.058,18
17,sse,groq-weak,34,1669.174,15.058,18
17,sse,groq-weak,35,1714.604,15.058,17
17,sse,groq-weak,36,1751.572,15.058,20
17,sse,groq-weak,37,1802.432,15.058,19
17,sse,groq-weak,38,1852.728,15.058,19
17,sse,groq-weak,39,1902.838,15.058,20
17,sse,groq-weak,40,1938.934,15.058,19
17,sse,groq-weak,41,1979.288,15.058,16
17,sse,groq-weak,42,2021.809,15.058,17
17,sse,groq-weak,43,2066.369,15.058,19
17,sse,groq-weak,44,2107.006,15.058,17
17,sse,groq-weak,45,2138.951,15.058,18
17,sse,groq-weak,46,2173.191,15.058,19
17,sse,groq-weak,47,2204.398,15.058,14
17,sse,groq-weak,48,2246.841,15.058,15
17,sse,groq-weak,49,2292.975,15.058,13
17,sse,groq-weak,50,2342.258,15.058,14
17,sse,groq-weak,51,2382.699,15.058,13
17,sse,groq-weak,52,2425.896,15.058,15
17,sse,groq-weak,53,2458.014,15.058,13
17,sse,groq-weak,54,2493.791,15.058,14
17,sse,groq-weak,55,2541.849,15.058,15
17,sse,groq-weak,56,2588.234,15.058,16
17,sse,groq-weak,57,2620.821,15.058,19
17,sse,groq-weak,58,2655.295,15.058,19
17,sse,groq-weak,59,2693.142,15.058,17
17,sse,groq-weak,60,2740.703,15.058,17
17,sse,groq-weak,61,2791.642,15.058,18
17,sse,groq-weak,62,2834.601,15.058,17
17,sse,groq-weak,63,2865.914,15.058,18
17,sse,groq-weak,64,2900.625,15.058,19
17,sse,groq-weak,65,2934.426,15.058,16
17,sse,groq-weak,66,2966.084,15.058,19
17,sse,groq-weak,67,3012.821,15.058,18
17,sse,groq-weak,68,3046.054,15.058,19
17,sse,groq-weak,69,3082.808,15.058,18
17,sse,groq-weak,70,3122.719,15.058,13
18,sse,groq-weak,0,359.711,13.550,14
18,sse,groq-weak,1,396.046,13.550,16
18,sse,groq-weak,2,435.150,13.550,18
18,sse,groq-weak,3,480.859,13.550,17
18,sse,groq-weak,4,527.378,13.550,21
18,sse,groq-weak,5,560.729,13.550,14
18,sse,groq-weak,6,594.827,13.550,15
18,sse,groq-weak,7,629.477,13.550,13
18,sse,groq-weak,8,664.267,13.550,13
18,sse,groq-weak,9,699.303,13.550,15
18,sse,groq-weak,10,745.114,13.550,13
18,sse,groq-weak,11,777.698,13.550,13
18,sse,groq-weak,12,812.874,13.550,16
18,sse,groq-weak,13,856.762,13.550,16
18,sse,groq-weak,14,895.493,13.550,15
18,sse,groq-weak,15,938.332,13.550,13
18,sse,groq-weak,16,978.763,13.550,19
18,sse,groq-weak,17,1014.038,13.550,18
18,sse,groq-weak,18,1045.616,13.550,19
18,sse,groq-weak,19,1094.872,13.550,19
18,sse,groq-weak,20,1136.282,13.550,18
18,sse,groq-weak,21,1186.003,13.550,18
18,sse,groq-weak,22,1226.768,13.550,19
18,sse,groq-weak,23,1277.233,13.550,16
18,sse,groq-weak,24,1322.756,13.550,13
18,sse,groq-weak,25,1363.933,13.550,16
18,sse,groq-weak,26,1414.458,13.550,15
18,sse,groq-weak,27,1448.682,13.550,13
18,sse,groq-weak,28,1481.911,13.550,19
18,sse,groq-weak,29,1527.078,13.550,17
18,sse,groq-weak,30,1569.517,13.550,21
18,sse,groq-weak,31,1602.356,13.550,17
18,sse,groq-weak,32,1645.726,13.550,17
18,sse,groq-weak,33,1693.215,13.550,18
18,sse,groq-weak,34,1726.970,13.550,21
18,sse,groq-weak,35,1765.882,13.550,15
18,sse,groq-weak,36,1800.230,13.550,14
18,sse,groq-weak,37,1838.713,13.550,14
18,sse,groq-weak,38,1872.615,13.550,14
18,sse,groq-weak,39,1907.694,13.550,18
18,sse,groq-weak,40,1944.479,13.550,18
18,sse,groq-weak,41,1986.731,13.550,18
18,sse,groq-weak,42,2028.185,13.550,18
18,sse,groq-weak,43,2063.167,13.550,16
18,sse,groq-weak,44,2094.596,13.550,15
18,sse,groq-weak,45,2126.821,13.550,13
18,sse,groq-weak,46,2177.568,13.550,19
18,sse,groq-weak,47,2214.414,13.550,14
18,sse,groq-weak,48,2247.913,13.550,16
18,sse,groq-weak,49,2281.819,13.550,16
18,sse,groq-weak,50,2327.149,13.550,15
18,sse,groq-weak,51,2369.064,13.550,15
18,sse,groq-weak,52,2418.596,13.550,19
18,sse,groq-weak,53,2455.579,13.550,18
18,sse,groq-weak,54,2499.891,13.550,17
18,sse,groq-weak,55,2536.241,13.550,18
18,sse,groq-weak,56,2580.959,13.550,18
18,sse,groq-weak,57,2612.033,13.550,20
18,sse,groq-weak,58,2655.518,13.550,15
18,sse,groq-weak,59,2700.670,13.550,16
18,sse,groq-weak,60,2749.386,13.550,19
18,sse,groq-weak,61,2783.442,13.550,16
18,sse,groq-weak,62,2823.811,13.550,16
18,sse,groq-weak,63,2857.350,13.550,18
18,sse,groq-weak,64,2891.013,13.550,18
18,sse,groq-weak,65,2932.759,13.550,15
18,sse,groq-weak,66,2979.114,13.550,19
18,sse,groq-weak,67,3028.438,13.550,17
18,sse,groq-weak,68,3075.407,13.550,14
18,sse,groq-weak,69,3114.009,13.550,15
18,sse,groq-weak,70,3153.890,13.550,14
18,sse,groq-weak,71,3192.426,13.550,15
18,sse,groq-weak,72,3228.003,13.550,17
18,sse,groq-weak,73,3261.074,13.550,17
18,sse,groq-weak,74,3294.474,13.550,13
18,sse,groq-weak,75,3339.506,13.550,15
18,sse,groq-weak,76,3375.665,13.550,13
18,sse,groq-weak,77,3421.310,13.550,13
18,sse,groq-weak,78,3466.012,13.550,16
18,sse,groq-weak,79,3509.060,13.550,15
18,sse,groq-weak,80,3554.876,13.550,13
18,sse,groq-weak,81,3588.452,13.550,19
18,sse,groq-weak,82,3636.009,13.550,21
18,sse,groq-weak,83,3685.732,13.550,17
18,sse,groq-weak,84,3730.371,13.550,18
18,sse,groq-weak,85,3763.310,13.550,18
18,sse,groq-weak,86,3801.945,13.550,18
18,sse,groq-weak,87,3836.225,13.550,17
18,sse,groq-weak,88,3870.376,13.550,13
18,sse,groq-weak,89,3903.671,13.550,15
18,sse,groq-weak,90,3941.202,13.550,17
18,sse,groq-weak,91,3974.599,13.550,13
18,sse,groq-weak,92,4012.453,13.550,16
18,sse,groq-weak,93,4045.707,13.550,19
18,sse,groq-weak,94,4090.648,13.550,16
18,sse,groq-weak,95,4130.383,13.550,16
18,sse,groq-weak,96,4179.752,13.550,18
18,sse,groq-weak,97,4214.996,13.550,19
18,sse,groq-weak,98,4256.412,13.550,15
18,sse,groq-weak,99,4306.885,13.550,19
18,sse,groq-weak,100,4355.910,13.550,18
18,sse,groq-weak,101,4390.276,13.550,16
18,sse,groq-weak,102,4434.398,13.550,20
18,sse,groq-weak,103,4471.629,13.550,18
18,sse,groq-weak,104,4513.614,13.550,17
18,sse,groq-weak,105,4562.476,13.550,18
18,sse,groq-weak,106,4599.687,13.550,13
18,sse,groq-weak,107,4645.500,13.550,14
18,sse,groq-weak,108,4679.664,13.550,19
18,sse,groq-weak,109,4718.404,13.550,13
18,sse,groq-weak,110,4764.355,13.550,13
18,sse,groq-weak,111,4807.920,13.550,17
18,sse,groq-weak,112,4842.169,13.550,13
18,sse,groq-weak,113,4878.067,13.550,15
18,sse,groq-weak,114,4922.941,13.550,13
18,sse,groq-weak,115,4956.080,13.550,13
18,sse,groq-weak,116,4992.477,13.550,19
18,sse,groq-weak,117,5031.629,13.550,18
18,sse,groq-weak,118,5072.240,13.550,17
18,sse,groq-weak,119,5109.835,13.550,18
18,sse,groq-weak,120,5146.150,13.550,18
18,sse,groq-weak,121,5179.530,13.550,18
18,sse,groq-weak,122,5228.850,13.550,18
18,sse,groq-weak,123,5260.150,13.550,18
18,sse,groq-weak,124,5291.432,13.550,18
18,sse,groq-weak,125,5339.720,13.550,18
18,sse,groq-weak,126,5374.733,13.550,17
18,sse,groq-weak,127,5422.104,13.550,16
18,sse,groq-weak,128,5460.400,13.550,18
18,sse,groq-weak,129,5508.735,13.550,19
18,sse,groq-weak,130,5544.018,13.550,18
18,sse,groq-weak,131,5588.912,13.550,15
18,sse,groq-weak,132,5633.616,13.550,15
18,sse,groq-weak,133,5669.914,13.550,19
18,sse,groq-weak,134,5709.728,13.550,19
18,sse,groq-weak,135,5751.587,13.550,17
18,sse,groq-weak,136,5793.819,13.550,19
18,sse,groq-weak,137,5836.441,13.550,16
18,sse,groq-weak,138,5882.731,13.550,13
19,sse,groq-weak,0,340.784,12.914,20
19,sse,groq-weak,1,391.711,12.914,15
19,sse,groq-weak,2,424.874,12.914,16
19,sse,groq-weak,3,456.959,12.914,15
19,sse,groq-weak,4,492.678,12.914,16
19,sse,groq-weak,5,536.573,12.914,13
19,sse,groq-weak,6,582.079,12.914,16
19,sse,groq-weak,7,622.232,12.914,14
19,sse,groq-weak,8,670.652,12.914,16
19,sse,groq-weak,9,708.158,12.914,14
19,sse,groq-weak,10,740.518,12.914,14
19,sse,groq-weak,11,773.828,12.914,19
19,sse,groq-weak,12,813.397,12.914,18
19,sse,groq-weak,13,845.505,12.914,20
19,sse,groq-weak,14,883.111,12.914,19
19,sse,groq-weak,15,915.841,12.914,13
19,sse,groq-weak,16,952.757,12.914,16
19,sse,groq-weak,17,987.620,12.914,16
19,sse,groq-weak,18,1029.518,12.914,18
19,sse,groq-weak,19,1065.092,12.914,18
19,sse,groq-weak,20,1114.459,12.914,21
19,sse,groq-weak,21,1147.167,12.914,15
19,sse,groq-weak,22,1185.188,12.914,15
19,sse,groq-weak,23,1216.425,12.914,13
19,sse,groq-weak,24,1261.092,12.914,17
19,sse,groq-weak,25,1307.815,12.914,19
19,sse,groq-weak,26,1344.221,12.914,16
19,sse,groq-weak,27,1385.812,12.914,18
19,sse,groq-weak,28,1418.071,12.914,18
19,sse,groq-weak,29,1460.170,12.914,17
19,sse,groq-weak,30,1498.039,12.914,18
19,sse,groq-weak,31,1543.524,12.914,13
19,sse,groq-weak,32,1584.708,12.914,14
19,sse,groq-weak,33,1625.634,12.914,19
19,sse,groq-weak,34,1672.222,12.914,13
19,sse,groq-weak,35,1712.121,12.914,13
19,sse,groq-weak,36,1754.918,12.914,17
19,sse,groq-weak,37,1794.498,12.914,13
19,sse,groq-weak,38,1834.427,12.914,15
19,sse,groq-weak,39,1870.767,12.914,13
19,sse,groq-weak,40,1916.873,12.914,13
19,sse,groq-weak,41,1966.783,12.914,18
19,sse,groq-weak,42,2012.786,12.914,16
19,sse,groq-weak,43,2054.441,12.914,20
19,sse,groq-weak,44,2096.203,12.914,20
19,sse,groq-weak,45,2133.381,12.914,19
19,sse,groq-weak,46,2170.411,12.914,17
19,sse,groq-weak,47,2216.684,12.914,17
19,sse,groq-weak,48,2257.977,12.914,20
19,sse,groq-weak,49,2294.883,12.914,13
19,sse,groq-weak,50,2339.479,12.914,19
19,sse,groq-weak,51,2380.634,12.914,18
19,sse,groq-weak,52,2416.594,12.914,18
19,sse,groq-weak,53,2458.417,12.914,20
19,sse,groq-weak,54,2497.242,12.914,14
19,sse,groq-weak,55,2534.787,12.914,14
19,sse,groq-weak,56,2580.915,12.914,16
19,sse,groq-weak,57,2615.149,12.914,18
19,sse,groq-weak,58,2657.153,12.914,19
19,sse,groq-weak,59,2691.997,12.914,19
19,sse,groq-weak,60,2729.996,12.914,18
19,sse,groq-weak,61,2774.227,12.914,19
19,sse,groq-weak,62,2807.710,12.914,19
19,sse,groq-weak,63,2848.261,12.914,18
19,sse,groq-weak,64,2896.252,12.914,18
19,sse,groq-weak,65,2938.703,12.914,18
19,sse,groq-weak,66,2987.339,12.914,17
19,sse,groq-weak,67,3019.321,12.914,19
19,sse,groq-weak,68,3066.607,12.914,16
19,sse,groq-weak,69,3112.827,12.914,21
19,sse,groq-weak,70,3156.680,12.914,17
19,sse,groq-weak,71,3202.983,12.914,14
19,sse,groq-weak,72,3238.171,12.914,15
19,sse,groq-weak,73,3280.673,12.914,20
19,sse,groq-weak,74,3325.339,12.914,18
19,sse,groq-weak,75,3359.930,12.914,18
19,sse,groq-weak,76,3400.379,12.914,19
19,sse,groq-weak,77,3431.947,12.914,17
19,sse,groq-weak,78,3474.086,12.914,17
19,sse,groq-weak,79,3520.567,12.914,21
19,sse,groq-weak,80,3556.677,12.914,19
19,sse,groq-weak,81,3592.514,12.914,17
19,sse,groq-weak,82,3638.004,12.914,17
19,sse,groq-weak,83,3677.529,12.914,13
19,sse,groq-weak,84,3723.354,12.914,20
19,sse,groq-weak,85,3760.416,12.914,17
19,sse,groq-weak,86,3791.892,12.914,18
19,sse,groq-weak,87,3831.377,12.914,19
19,sse,groq-weak,88,3882.430,12.914,18
19,sse,groq-weak,89,3917.205,12.914,16
19,sse,groq-weak,90,3965.759,12.914,18
19,sse,groq-weak,91,4015.757,12.914,18
19,sse,groq-weak,92,4051.824,12.914,21
19,sse,groq-weak,93,4086.535,12.914,15
19,sse,groq-weak,94,4119.469,12.914,15
19,sse,groq-weak,95,4153.487,12.914,13
19,sse,groq-weak,96,4197.026,12.914,18
19,sse,groq-weak,97,4238.975,12.914,19
19,sse,groq-weak,98,4272.188,12.914,16
19,sse,groq-weak,99,4311.228,12.914,17
19,sse,groq-weak,100,4343.845,12.914,19
19,sse,groq-weak,101,4390.699,12.914,21
19,sse,groq-weak,102,4441.132,12.914,20
19,sse,groq-weak,103,4490.487,12.914,20
19,sse,groq-weak,104,4534.602,12.914,20
19,sse,groq-weak,105,4581.622,12.914,20
19,sse,groq-weak,106,4624.273,12.914,20
19,sse,groq-weak,107,4672.711,12.914,13
19,sse,groq-weak,108,4717.560,12.914,16
19,sse,groq-weak,109,4764.140,12.914,18
19,sse,groq-weak,110,4797.934,12.914,17
19,sse,groq-weak,111,4849.001,12.914,19
19,sse,groq-weak,112,4881.456,12.914,19
19,sse,groq-weak,113,4917.084,12.914,16
19,sse,groq-weak,114,4957.068,12.914,18
19,sse,groq-weak,115,5002.479,12.914,18
19,sse,groq-weak,116,5046.952,12.914,18
19,sse,groq-weak,117,5093.046,12.914,17
19,sse,groq-weak,118,5138.499,12.914,15
19,sse,groq-weak,119,5178.251,12.914,14
19,sse,groq-weak,120,5228.822,12.914,14
19,sse,groq-weak,121,5274.036,12.914,16
19,sse,groq-weak,122,5319.236,12.914,13
0,ws,groq-weak,0,314.065,4.710,14
0,ws,groq-weak,1,359.603,4.710,14
0,ws,groq-weak,2,402.234,4.710,19
0,ws,groq-weak,3,448.252,4.710,16
0,ws,groq-weak,4,498.687,4.710,18
0,ws,groq-weak,5,544.089,4.710,17
0,ws,groq-weak,6,584.375,4.710,16
0,ws,groq-weak,7,632.741,4.710,19
0,ws,groq-weak,8,670.838,4.710,19
0,ws,groq-weak,9,712.809,4.710,18
0,ws,groq-weak,10,749.325,4.710,16
0,ws,groq-weak,11,782.518,4.710,16
0,ws,groq-weak,12,823.893,4.710,17
0,ws,groq-weak,13,860.888,4.710,16
0,ws,groq-weak,14,904.292,4.710,17
0,ws,groq-weak,15,938.746,4.710,15
0,ws,groq-weak,16,982.080,4.710,15
0,ws,groq-weak,17,1032.391,4.710,15
0,ws,groq-weak,18,1064.571,4.710,13
0,ws,groq-weak,19,1113.854,4.710,16
0,ws,groq-weak,20,1147.227,4.710,13
0,ws,groq-weak,21,1192.887,4.710,21
0,ws,groq-weak,22,1229.419,4.710,18
0,ws,groq-weak,23,1268.211,4.710,18
0,ws,groq-weak,24,1304.863,4.710,16
0,ws,groq-weak,25,1351.584,4.710,16
0,ws,groq-weak,26,1387.971,4.710,16
0,ws,groq-weak,27,1420.588,4.710,19
0,ws,groq-weak,28,1460.153,4.710,18
0,ws,groq-weak,29,1508.035,4.710,18
0,ws,groq-weak,30,1539.209,4.710,16
0,ws,groq-weak,31,1575.016,4.710,15
0,ws,groq-weak,32,1610.692,4.710,13
0,ws,groq-weak,33,1655.984,4.710,19
0,ws,groq-weak,34,1696.994,4.710,17
0,ws,groq-weak,35,1740.164,4.710,16
0,ws,groq-weak,36,1787.248,4.710,19
0,ws,groq-weak,37,1834.869,4.710,18
0,ws,groq-weak,38,1870.278,4.710,14
0,ws,groq-weak,39,1904.439,4.710,16
0,ws,groq-weak,40,1954.148,4.710,13
0,ws,groq-weak,41,1989.422,4.710,21
0,ws,groq-weak,42,2032.932,4.710,16
0,ws,groq-weak,43,2065.854,4.710,16
0,ws,groq-weak,44,2099.013,4.710,16
0,ws,groq-weak,45,2148.699,4.710,14
0,ws,groq-weak,46,2191.177,4.710,16
0,ws,groq-weak,47,2229.497,4.710,18
0,ws,groq-weak,48,2261.070,4.710,16
0,ws,groq-weak,49,2299.905,4.710,15
0,ws,groq-weak,50,2345.280,4.710,14
0,ws,groq-weak,51,2392.419,4.710,18
0,ws,groq-weak,52,2442.194,4.710,17
0,ws,groq-weak,53,2484.271,4.710,13
0,ws,groq-weak,54,2535.200,4.710,15
0,ws,groq-weak,55,2585.026,4.710,13
0,ws,groq-weak,56,2627.355,4.710,13
1,ws,groq-weak,0,319.835,5.813,15
1,ws,groq-weak,1,358.997,5.813,16
1,ws,groq-weak,2,402.475,5.813,20
1,ws,groq-weak,3,444.174,5.813,14
1,ws,groq-weak,4,482.348,5.813,17
1,ws,groq-weak,5,517.538,5.813,15
1,ws,groq-weak,6,563.513,5.813,17
1,ws,groq-weak,7,595.560,5.813,17
1,ws,groq-weak,8,637.360,5.813,13
1,ws,groq-weak,9,673.083,5.813,15
1,ws,groq-weak,10,713.160,5.813,16
1,ws,groq-weak,11,750.778,5.813,18
1,ws,groq-weak,12,785.724,5.813,18
1,ws,groq-weak,13,825.159,5.813,20
1,ws,groq-weak,14,869.191,5.813,20
1,ws,groq-weak,15,911.331,5.813,20
1,ws,groq-weak,16,945.606,5.813,14
1,ws,groq-weak,17,992.284,5.813,14
1,ws,groq-weak,18,1042.568,5.813,19
1,ws,groq-weak,19,1091.945,5.813,18
1,ws,groq-weak,20,1123.474,5.813,19
1,ws,groq-weak,21,1173.606,5.813,16
1,ws,groq-weak,22,1212.296,5.813,20
1,ws,groq-weak,23,1247.279,5.813,17
1,ws,groq-weak,24,1297.116,5.813,18
1,ws,groq-weak,25,1331.226,5.813,19
1,ws,groq-weak,26,1371.474,5.813,18
1,ws,groq-weak,27,1403.284,5.813,15
1,ws,groq-weak,28,1454.236,5.813,14
1,ws,groq-weak,29,1503.878,5.813,16
1,ws,groq-weak,30,1542.210,5.813,16
1,ws,groq-weak,31,1583.744,5.813,13
1,ws,groq-weak,32,1626.295,5.813,15
1,ws,groq-weak,33,1671.508,5.813,14
1,ws,groq-weak,34,1715.171,5.813,16
1,ws,groq-weak,35,1762.437,5.813,16
1,ws,groq-weak,36,1811.499,5.813,16
1,ws,groq-weak,37,1860.763,5.813,18
1,ws,groq-weak,38,1900.253,5.813,17
1,ws,groq-weak,39,1949.257,5.813,18
1,ws,groq-weak,40,1993.191,5.813,16
1,ws,groq-weak,41,2034.399,5.813,15
1,ws,groq-weak,42,2083.462,5.813,13
1,ws,groq-weak,43,2122.860,5.813,13
1,ws,groq-weak,44,2169.846,5.813,18
1,ws,groq-weak,45,2209.309,5.813,17
1,ws,groq-weak,46,2255.103,5.813,21
1,ws,groq-weak,47,2305.394,5.813,17
1,ws,groq-weak,48,2345.499,5.813,15
1,ws,groq-weak,49,2378.931,5.813,15
1,ws,groq-weak,50,2429.455,5.813,13
1,ws,groq-weak,51,2470.772,5.813,16
1,ws,groq-weak,52,2519.690,5.813,18
1,ws,groq-weak,53,2561.210,5.813,21
1,ws,groq-weak,54,2596.864,5.813,18
1,ws,groq-weak,55,2632.493,5.813,19
1,ws,groq-weak,56,2666.126,5.813,16
1,ws,groq-weak,57,2714.267,5.813,18
1,ws,groq-weak,58,2749.332,5.813,18
1,ws,groq-weak,59,2784.543,5.813,20
1,ws,groq-weak,60,2818.345,5.813,20
1,ws,groq-weak,61,2861.830,5.813,13
1,ws,groq-weak,62,2894.732,5.813,17
1,ws,groq-weak,63,2926.533,5.813,17
1,ws,groq-weak,64,2963.093,5.813,18
1,ws,groq-weak,65,3009.988,5.813,19
1,ws,groq-weak,66,3051.202,5.813,18
1,ws,groq-weak,67,3096.591,5.813,19
1,ws,groq-weak,68,3140.706,5.813,19
1,ws,groq-weak,69,3185.135,5.813,16
1,ws,groq-weak,70,3217.456,5.813,20
1,ws,groq-weak,71,3254.460,5.813,20
1,ws,groq-weak,72,3299.810,5.813,18
1,ws,groq-weak,73,3336.313,5.813,18
1,ws,groq-weak,74,3371.418,5.813,14
1,ws,groq-weak,75,3405.119,5.813,17
1,ws,groq-weak,76,3449.626,5.813,15
1,ws,groq-weak,77,3493.027,5.813,17
1,ws,groq-weak,78,3540.673,5.813,13
1,ws,groq-weak,79,3574.671,5.813,19
1,ws,groq-weak,80,3622.330,5.813,18
1,ws,groq-weak,81,3669.552,5.813,18
1,ws,groq-weak,82,3709.921,5.813,14
1,ws,groq-weak,83,3757.030,5.813,15
1,ws,groq-weak,84,3801.851,5.813,20
1,ws,groq-weak,85,3848.880,5.813,17
1,ws,groq-weak,86,3892.185,5.813,17
1,ws,groq-weak,87,3925.772,5.813,15
1,ws,groq-weak,88,3968.774,5.813,17
1,ws,groq-weak,89,4018.674,5.813,14
1,ws,groq-weak,90,4053.451,5.813,16
1,ws,groq-weak,91,4101.709,5.813,13
1,ws,groq-weak,92,4146.760,5.813,16
1,ws,groq-weak,93,4187.604,5.813,18
1,ws,groq-weak,94,4231.528,5.813,17
1,ws,groq-weak,95,4273.672,5.813,20
1,ws,groq-weak,96,4316.815,5.813,19
1,ws,groq-weak,97,4354.367,5.813,14
1,ws,groq-weak,98,4395.722,5.813,15
1,ws,groq-weak,99,4431.778,5.813,19
1,ws,groq-weak,100,4475.441,5.813,13
1,ws,groq-weak,101,4508.922,5.813,18
1,ws,groq-weak,102,4548.197,5.813,18
1,ws,groq-weak,103,4580.248,5.813,20
1,ws,groq-weak,104,4617.579,5.813,19
1,ws,groq-weak,105,4657.079,5.813,16
1,ws,groq-weak,106,4704.307,5.813,19
1,ws,groq-weak,107,4746.068,5.813,18
1,ws,groq-weak,108,4779.549,5.813,18
1,ws,groq-weak,109,4824.602,5.813,19
1,ws,groq-weak,110,4872.348,5.813,17
1,ws,groq-weak,111,4922.052,5.813,19
1,ws,groq-weak,112,4970.260,5.813,16
1,ws,groq-weak,113,5012.215,5.813,17
1,ws,groq-weak,114,5043.536,5.813,15
1,ws,groq-weak,115,5094.554,5.813,16
1,ws,groq-weak,116,5131.621,5.813,20
1,ws,groq-weak,117,5175.392,5.813,14
1,ws,groq-weak,118,5216.440,5.813,17
1,ws,groq-weak,119,5251.969,5.813,15
1,ws,groq-weak,120,5288.714,5.813,17
1,ws,groq-weak,121,5335.361,5.813,17
1,ws,groq-weak,122,5378.633,5.813,13
1,ws,groq-weak,123,5426.820,5.813,15
1,ws,groq-weak,124,5477.736,5.813,19
1,ws,groq-weak,125,5524.152,5.813,18
1,ws,groq-weak,126,5571.975,5.813,16
1,ws,groq-weak,127,5610.184,5.813,18
1,ws,groq-weak,128,5648.618,5.813,20
1,ws,groq-weak,129,5694.614,5.813,20
1,ws,groq-weak,130,5744.927,5.813,18
1,ws,groq-weak,131,5789.131,5.813,17
1,ws,groq-weak,132,5833.631,5.813,13
1,ws,groq-weak,133,5880.882,5.813,16
1,ws,groq-weak,134,5925.867,5.813,17
1,ws,groq-weak,135,5972.069,5.813,16
1,ws,groq-weak,136,6010.817,5.813,18
1,ws,groq-weak,137,6045.420,5.813,20
1,ws,groq-weak,138,6086.089,5.813,14
1,ws,groq-weak,139,6120.610,5.813,14
1,ws,groq-weak,140,6159.298,5.813,16
1,ws,groq-weak,141,6202.521,5.813,17
1,ws,groq-weak,142,6235.315,5.813,20
1,ws,groq-weak,143,6277.100,5.813,18
1,ws,groq-weak,144,6309.791,5.813,19
1,ws,groq-weak,145,6357.956,5.813,17
1,ws,groq-weak,146,6394.128,5.813,19
1,ws,groq-weak,147,6429.802,5.813,16
1,ws,groq-weak,148,6461.892,5.813,13
1,ws,groq-weak,149,6495.852,5.813,15
1,ws,groq-weak,150,6530.239,5.813,14
1,ws,groq-weak,151,6572.025,5.813,16
1,ws,groq-weak,152,6614.970,5.813,16
1,ws,groq-weak,153,6648.826,5.813,17
1,ws,groq-weak,154,6681.949,5.813,19
1,ws,groq-weak,155,6724.589,5.813,18
1,ws,groq-weak,156,6758.044,5.813,18
1,ws,groq-weak,157,6807.044,5.813,19
1,ws,groq-weak,158,6853.177,5.813,19
1,ws,groq-weak,159,6889.290,5.813,19
1,ws,groq-weak,160,6931.621,5.813,19
1,ws,groq-weak,161,6974.651,5.813,16
1,ws,groq-weak,162,7019.945,5.813,19
1,ws,groq-weak,163,7062.886,5.813,17
1,ws,groq-weak,164,7110.024,5.813,20
1,ws,groq-weak,165,7158.327,5.813,18
1,ws,groq-weak,166,7192.218,5.813,18
1,ws,groq-weak,167,7235.720,5.813,17
1,ws,groq-weak,168,7285.373,5.813,20
1,ws,groq-weak,169,7332.088,5.813,16
1,ws,groq-weak,170,7372.603,5.813,14
1,ws,groq-weak,171,7407.056,5.813,15
1,ws,groq-weak,172,7452.711,5.813,15
1,ws,groq-weak,173,7498.320,5.813,14
1,ws,groq-weak,174,7537.436,5.813,13
1,ws,groq-weak,175,7582.110,5.813,16
1,ws,groq-weak,176,7622.300,5.813,17
1,ws,groq-weak,177,7667.103,5.813,17
1,ws,groq-weak,178,7713.005,5.813,22
1,ws,groq-weak,179,7759.194,5.813,16
1,ws,groq-weak,180,7805.650,5.813,17
1,ws,groq-weak,181,7840.264,5.813,18
1,ws,groq-weak,182,7888.215,5.813,20
1,ws,groq-weak,183,7919.807,5.813,18
1,ws,groq-weak,184,7965.438,5.813,19
1,ws,groq-weak,185,8001.183,5.813,16
1,ws,groq-weak,186,8045.586,5.813,18
1,ws,groq-weak,187,8091.972,5.813,20
1,ws,groq-weak,188,8124.037,5.813,19
1,ws,groq-weak,189,8162.153,5.813,17
1,ws,groq-weak,190,8205.180,5.813,19
1,ws,groq-weak,191,8250.788,5.813,17
1,ws,groq-weak,192,8299.243,5.813,17
1,ws,groq-weak,193,8349.059,5.813,13
1,ws,groq-weak,194,8394.472,5.813,16
1,ws,groq-weak,195,8438.529,5.813,19
1,ws,groq-weak,196,8487.800,5.813,19
1,ws,groq-weak,197,8537.705,5.813,18
1,ws,groq-weak,198,8576.947,5.813,16
1,ws,groq-weak,199,8620.000,5.813,18
1,ws,groq-weak,200,8663.326,5.813,19
1,ws,groq-weak,201,8694.594,5.813,20
1,ws,groq-weak,202,8739.538,5.813,17
1,ws,groq-weak,203,8780.947,5.813,13
1,ws,groq-weak,204,8827.708,5.813,18
1,ws,groq-weak,205,8877.186,5.813,19
1,ws,groq-weak,206,8909.034,5.813,19
1,ws,groq-weak,207,8957.130,5.813,16
1,ws,groq-weak,208,8997.526,5.813,17
1,ws,groq-weak,209,9036.863,5.813,18
1,ws,groq-weak,210,9068.332,5.813,14
1,ws,groq-weak,211,9110.564,5.813,16
1,ws,groq-weak,212,9150.133,5.813,16
1,ws,groq-weak,213,9183.143,5.813,16
1,ws,groq-weak,214,9218.958,5.813,20
1,ws,groq-weak,215,9253.546,5.813,18
1,ws,groq-weak,216,9292.764,5.813,13
1,ws,groq-weak,217,9339.355,5.813,20
1,ws,groq-weak,218,9371.850,5.813,20
1,ws,groq-weak,219,9417.120,5.813,15
1,ws,groq-weak,220,9467.395,5.813,18
1,ws,groq-weak,221,9515.045,5.813,18
1,ws,groq-weak,222,9549.534,5.813,18
1,ws,groq-weak,223,9592.359,5.813,14
1,ws,groq-weak,224,9628.700,5.813,16
1,ws,groq-weak,225,9670.122,5.813,15
1,ws,groq-weak,226,9705.459,5.813,17
1,ws,groq-weak,227,9737.914,5.813,16
1,ws,groq-weak,228,9775.576,5.813,15
1,ws,groq-weak,229,9819.103,5.813,15
1,ws,groq-weak,230,9855.764,5.813,13
1,ws,groq-weak,231,9886.960,5.813,18
1,ws,groq-weak,232,9932.303,5.813,19
1,ws,groq-weak,233,9965.549,5.813,19
1,ws,groq-weak,234,10013.689,5.813,18
1,ws,groq-weak,235,10050.237,5.813,13
2,ws,groq-weak,0,337.469,4.557,13
2,ws,groq-weak,1,374.401,4.557,14
2,ws,groq-weak,2,412.225,4.557,16
2,ws,groq-weak,3,444.496,4.557,14
2,ws,groq-weak,4,494.081,4.557,16
2,ws,groq-weak,5,530.997,4.557,17
2,ws,groq-weak,6,572.655,4.557,19
2,ws,groq-weak,7,620.527,4.557,19
2,ws,groq-weak,8,666.927,4.557,16
2,ws,groq-weak,9,705.936,4.557,17
2,ws,groq-weak,10,745.859,4.557,20
2,ws,groq-weak,11,786.175,4.557,18
2,ws,groq-weak,12,818.350,4.557,18
2,ws,groq-weak,13,850.647,4.557,17
2,ws,groq-weak,14,891.198,4.557,14
2,ws,groq-weak,15,932.894,4.557,15
2,ws,groq-weak,16,972.578,4.557,20
2,ws,groq-weak,17,1011.545,4.557,19
2,ws,groq-weak,18,1055.199,4.557,16
2,ws,groq-weak,19,1089.386,4.557,17
2,ws,groq-weak,20,1121.120,4.557,19
2,ws,groq-weak,21,1159.118,4.557,18
2,ws,groq-weak,22,1197.793,4.557,13
2,ws,groq-weak,23,1247.104,4.557,14
2,ws,groq-weak,24,1281.923,4.557,13
2,ws,groq-weak,25,1320.923,4.557,15
2,ws,groq-weak,26,1367.652,4.557,18
2,ws,groq-weak,27,1407.550,4.557,17
2,ws,groq-weak,28,1457.364,4.557,18
2,ws,groq-weak,29,1505.122,4.557,16
2,ws,groq-weak,30,1539.586,4.557,17
2,ws,groq-weak,31,1588.853,4.557,18
2,ws,groq-weak,32,1637.574,4.557,18
2,ws,groq-weak,33,1688.685,4.557,16
2,ws,groq-weak,34,1734.936,4.557,16
2,ws,groq-weak,35,1767.191,4.557,15
2,ws,groq-weak,36,1803.381,4.557,17
2,ws,groq-weak,37,1838.032,4.557,13
2,ws,groq-weak,38,1884.276,4.557,17
2,ws,groq-weak,39,1931.622,4.557,17
2,ws,groq-weak,40,1966.084,4.557,18
2,ws,groq-weak,41,2015.076,4.557,19
2,ws,groq-weak,42,2062.332,4.557,18
2,ws,groq-weak,43,2105.037,4.557,16
2,ws,groq-weak,44,2154.820,4.557,17
2,ws,groq-weak,45,2203.021,4.557,13
2,ws,groq-weak,46,2237.979,4.557,19
2,ws,groq-weak,47,2280.205,4.557,21
2,ws,groq-weak,48,2321.715,4.557,20
2,ws,groq-weak,49,2358.744,4.557,20
2,ws,groq-weak,50,2392.020,4.557,16
2,ws,groq-weak,51,2423.861,4.557,15
2,ws,groq-weak,52,2461.979,4.557,15
2,ws,groq-weak,53,2509.071,4.557,18
2,ws,groq-weak,54,2547.695,4.557,17
2,ws,groq-weak,55,2598.341,4.557,15
2,ws,groq-weak,56,2638.676,4.557,19
2,ws,groq-weak,57,2682.144,4.557,19
2,ws,groq-weak,58,2719.136,4.557,16
2,ws,groq-weak,59,2762.503,4.557,13
3,ws,groq-weak,0,343.397,4.879,14
3,ws,groq-weak,1,385.375,4.879,16
3,ws,groq-weak,2,418.728,4.879,18
3,ws,groq-weak,3,457.669,4.879,13
3,ws,groq-weak,4,502.268,4.879,17
3,ws,groq-weak,5,543.319,4.879,21
3,ws,groq-weak,6,574.141,4.879,16
3,ws,groq-weak,7,617.086,4.879,16
3,ws,groq-weak,8,655.531,4.879,15
3,ws,groq-weak,9,706.405,4.879,13
3,ws,groq-weak,10,738.542,4.879,19
3,ws,groq-weak,11,773.734,4.879,18
3,ws,groq-weak,12,820.474,4.879,19
3,ws,groq-weak,13,855.591,4.879,19
3,ws,groq-weak,14,897.952,4.879,18
3,ws,groq-weak,15,940.095,4.879,18
3,ws,groq-weak,16,980.502,4.879,19
3,ws,groq-weak,17,1024.728,4.879,16
3,ws,groq-weak,18,1059.106,4.879,13
3,ws,groq-weak,19,1099.158,4.879,18
3,ws,groq-weak,20,1148.511,4.879,17
3,ws,groq-weak,21,1186.662,4.879,17
3,ws,groq-weak,22,1218.508,4.879,13
3,ws,groq-weak,23,1262.693,4.879,15
3,ws,groq-weak,24,1300.780,4.879,13
3,ws,groq-weak,25,1340.106,4.879,19
3,ws,groq-weak,26,1388.563,4.879,17
3,ws,groq-weak,27,1422.336,4.879,13
3,ws,groq-weak,28,1456.873,4.879,15
3,ws,groq-weak,29,1490.048,4.879,13
3,ws,groq-weak,30,1536.311,4.879,13
3,ws,groq-weak,31,1575.904,4.879,16
3,ws,groq-weak,32,1611.305,4.879,15
3,ws,groq-weak,33,1649.565,4.879,13
3,ws,groq-weak,34,1694.600,4.879,19
3,ws,groq-weak,35,1740.464,4.879,17
3,ws,groq-weak,36,1784.938,4.879,21
3,ws,groq-weak,37,1822.961,4.879,20
3,ws,groq-weak,38,1864.420,4.879,18
3,ws,groq-weak,39,1897.698,4.879,18
3,ws,groq-weak,40,1945.730,4.879,17
3,ws,groq-weak,41,1989.488,4.879,16
3,ws,groq-weak,42,2028.852,4.879,21
3,ws,groq-weak,43,2076.402,4.879,15
3,ws,groq-weak,44,2114.664,4.879,14
3,ws,groq-weak,45,2160.913,4.879,14
3,ws,groq-weak,46,2211.520,4.879,13
3,ws,groq-weak,47,2253.596,4.879,14
3,ws,groq-weak,48,2296.066,4.879,17
3,ws,groq-weak,49,2346.239,4.879,18
3,ws,groq-weak,50,2394.653,4.879,19
3,ws,groq-weak,51,2434.094,4.879,16
3,ws,groq-weak,52,2477.982,4.879,17
3,ws,groq-weak,53,2519.324,4.879,14
3,ws,groq-weak,54,2562.237,4.879,16
3,ws,groq-weak,55,2597.757,4.879,17
3,ws,groq-weak,56,2637.019,4.879,21
3,ws,groq-weak,57,2673.818,4.879,21
3,ws,groq-weak,58,2722.891,4.879,16
3,ws,groq-weak,59,2767.824,4.879,17
3,ws,groq-weak,60,2801.487,4.879,16
3,ws,groq-weak,61,2842.619,4.879,18
3,ws,groq-weak,62,2873.862,4.879,17
3,ws,groq-weak,63,2920.385,4.879,17
3,ws,groq-weak,64,2954.647,4.879,14
3,ws,groq-weak,65,2993.242,4.879,17
3,ws,groq-weak,66,3037.066,4.879,16
3,ws,groq-weak,67,3078.377,4.879,16
3,ws,groq-weak,68,3114.752,4.879,15
3,ws,groq-weak,69,3160.558,4.879,15
3,ws,groq-weak,70,3207.770,4.879,13
3,ws,groq-weak,71,3247.445,4.879,14
3,ws,groq-weak,72,3286.296,4.879,15
3,ws,groq-weak,73,3330.865,4.879,19
3,ws,groq-weak,74,3375.047,4.879,13
3,ws,groq-weak,75,3425.452,4.879,14
3,ws,groq-weak,76,3474.023,4.879,16
3,ws,groq-weak,77,3514.322,4.879,19
3,ws,groq-weak,78,3562.693,4.879,13
3,ws,groq-weak,79,3600.560,4.879,15
3,ws,groq-weak,80,3647.972,4.879,16
3,ws,groq-weak,81,3694.063,4.879,19
3,ws,groq-weak,82,3729.875,4.879,13
3,ws,groq-weak,83,3777.524,4.879,15
3,ws,groq-weak,84,3810.918,4.879,15
3,ws,groq-weak,85,3852.039,4.879,13
3,ws,groq-weak,86,3890.559,4.879,19
3,ws,groq-weak,87,3924.543,4.879,13
3,ws,groq-weak,88,3973.648,4.879,20
3,ws,groq-weak,89,4023.034,4.879,15
3,ws,groq-weak,90,4070.118,4.879,16
3,ws,groq-weak,91,4107.298,4.879,13
3,ws,groq-weak,92,4158.007,4.879,16
3,ws,groq-weak,93,4200.252,4.879,17
3,ws,groq-weak,94,4243.463,4.879,16
3,ws,groq-weak,95,4287.567,4.879,19
3,ws,groq-weak,96,4333.289,4.879,18
3,ws,groq-weak,97,4379.504,4.879,16
3,ws,groq-weak,98,4430.443,4.879,18
3,ws,groq-weak,99,4472.483,4.879,19
3,ws,groq-weak,100,4506.497,4.879,13
3,ws,groq-weak,101,4543.486,4.879,17
3,ws,groq-weak,102,4582.314,4.879,21
3,ws,groq-weak,103,4622.656,4.879,17
3,ws,groq-weak,104,4663.533,4.879,19
3,ws,groq-weak,105,4695.654,4.879,17
3,ws,groq-weak,106,4733.411,4.879,17
3,ws,groq-weak,107,4780.992,4.879,20
3,ws,groq-weak,108,4825.240,4.879,18
3,ws,groq-weak,109,4870.440,4.879,19
3,ws,groq-weak,110,4919.846,4.879,17
3,ws,groq-weak,111,4963.968,4.879,19
3,ws,groq-weak,112,5014.820,4.879,16
3,ws,groq-weak,113,5061.707,4.879,13
3,ws,groq-weak,114,5112.565,4.879,18
3,ws,groq-weak,115,5160.975,4.879,20
3,ws,groq-weak,116,5198.748,4.879,19
3,ws,groq-weak,117,5246.869,4.879,17
3,ws,groq-weak,118,5286.256,4.879,18
3,ws,groq-weak,119,5324.211,4.879,18
3,ws,groq-weak,120,5372.771,4.879,19
3,ws,groq-weak,121,5412.645,4.879,20
3,ws,groq-weak,122,5444.629,4.879,13
3,ws,groq-weak,123,5486.695,4.879,17
3,ws,groq-weak,124,5518.054,4.879,17
3,ws,groq-weak,125,5561.701,4.879,13
3,ws,groq-weak,126,5603.567,4.879,17
3,ws,groq-weak,127,5650.466,4.879,17
3,ws,groq-weak,128,5699.534,4.879,16
3,ws,groq-weak,129,5745.781,4.879,18
3,ws,groq-weak,130,5789.068,4.879,18
3,ws,groq-weak,131,5825.669,4.879,13
3,ws,groq-weak,132,5866.431,4.879,16
3,ws,groq-weak,133,5901.317,4.879,19
3,ws,groq-weak,134,5935.139,4.879,13
3,ws,groq-weak,135,5985.882,4.879,16
3,ws,groq-weak,136,6017.408,4.879,15
3,ws,groq-weak,137,6066.197,4.879,13
3,ws,groq-weak,138,6111.238,4.879,19
3,ws,groq-weak,139,6161.577,4.879,17
3,ws,groq-weak,140,6199.191,4.879,18
3,ws,groq-weak,141,6246.413,4.879,17
3,ws,groq-weak,142,6278.389,4.879,14
3,ws,groq-weak,143,6313.986,4.879,16
3,ws,groq-weak,144,6353.647,4.879,18
3,ws,groq-weak,145,6385.115,4.879,18
3,ws,groq-weak,146,6430.508,4.879,18
3,ws,groq-weak,147,6477.213,4.879,19
3,ws,groq-weak,148,6526.352,4.879,19
3,ws,groq-weak,149,6569.736,4.879,14
3,ws,groq-weak,150,6613.001,4.879,15
3,ws,groq-weak,151,6652.140,4.879,17
3,ws,groq-weak,152,6688.490,4.879,13
3,ws,groq-weak,153,6728.872,4.879,15
3,ws,groq-weak,154,6769.540,4.879,13
3,ws,groq-weak,155,6803.781,4.879,13
3,ws,groq-weak,156,6837.408,4.879,16
3,ws,groq-weak,157,6874.678,4.879,19
3,ws,groq-weak,158,6909.267,4.879,17
3,ws,groq-weak,159,6958.306,4.879,19
3,ws,groq-weak,160,7002.033,4.879,17
3,ws,groq-weak,161,7033.215,4.879,19
3,ws,groq-weak,162,7068.369,4.879,18
3,ws,groq-weak,163,7115.406,4.879,16
3,ws,groq-weak,164,7149.898,4.879,19
3,ws,groq-weak,165,7180.557,4.879,18
3,ws,groq-weak,166,7213.206,4.879,20
3,ws,groq-weak,167,7245.732,4.879,19
3,ws,groq-weak,168,7285.914,4.879,16
3,ws,groq-weak,169,7329.337,4.879,17
3,ws,groq-weak,170,7365.071,4.879,18
3,ws,groq-weak,171,7410.412,4.879,19
3,ws,groq-weak,172,7453.739,4.879,17
3,ws,groq-weak,173,7499.537,4.879,13
4,ws,groq-weak,0,317.384,4.890,14
4,ws,groq-weak,1,360.241,4.890,15
4,ws,groq-weak,2,399.149,4.890,18
4,ws,groq-weak,3,435.403,4.890,21
4,ws,groq-weak,4,479.243,4.890,15
4,ws,groq-weak,5,511.796,4.890,15
4,ws,groq-weak,6,549.982,4.890,19
4,ws,groq-weak,7,594.191,4.890,17
4,ws,groq-weak,8,634.607,4.890,18
4,ws,groq-weak,9,682.561,4.890,18
4,ws,groq-weak,10,714.171,4.890,17
4,ws,groq-weak,11,763.317,4.890,14
4,ws,groq-weak,12,795.283,4.890,16
4,ws,groq-weak,13,846.168,4.890,14
4,ws,groq-weak,14,888.640,4.890,16
4,ws,groq-weak,15,925.390,4.890,20
4,ws,groq-weak,16,971.157,4.890,15
4,ws,groq-weak,17,1021.626,4.890,15
4,ws,groq-weak,18,1071.741,4.890,17
4,ws,groq-weak,19,1115.923,4.890,13
4,ws,groq-weak,20,1164.912,4.890,15
4,ws,groq-weak,21,1208.397,4.890,13
4,ws,groq-weak,22,1248.437,4.890,13
5,ws,groq-weak,0,343.181,5.057,14
5,ws,groq-weak,1,390.409,5.057,14
5,ws,groq-weak,2,440.092,5.057,19
5,ws,groq-weak,3,479.767,5.057,21
5,ws,groq-weak,4,514.582,5.057,19
5,ws,groq-weak,5,552.423,5.057,18
5,ws,groq-weak,6,590.292,5.057,17
5,ws,groq-weak,7,628.280,5.057,17
5,ws,groq-weak,8,670.635,5.057,13
5,ws,groq-weak,9,708.015,5.057,15
5,ws,groq-weak,10,752.027,5.057,13
5,ws,groq-weak,11,785.736,5.057,13
5,ws,groq-weak,12,827.923,5.057,16
5,ws,groq-weak,13,867.624,5.057,16
5,ws,groq-weak,14,902.665,5.057,17
5,ws,groq-weak,15,951.516,5.057,16
5,ws,groq-weak,16,986.502,5.057,17
5,ws,groq-weak,17,1019.528,5.057,15
5,ws,groq-weak,18,1066.060,5.057,15
5,ws,groq-weak,19,1108.623,5.057,15
5,ws,groq-weak,20,1144.667,5.057,13
5,ws,groq-weak,21,1193.962,5.057,16
5,ws,groq-weak,22,1232.842,5.057,13
5,ws,groq-weak,23,1275.357,5.057,19
5,ws,groq-weak,24,1319.502,5.057,18
5,ws,groq-weak,25,1357.145,5.057,18
5,ws,groq-weak,26,1405.914,5.057,17
5,ws,groq-weak,27,1450.172,5.057,14
5,ws,groq-weak,28,1495.372,5.057,16
5,ws,groq-weak,29,1543.953,5.057,18
5,ws,groq-weak,30,1585.977,5.057,16
5,ws,groq-weak,31,1630.639,5.057,16
5,ws,groq-weak,32,1679.944,5.057,16
5,ws,groq-weak,33,1725.143,5.057,14
5,ws,groq-weak,34,1761.888,5.057,16
5,ws,groq-weak,35,1803.429,5.057,13
5,ws,groq-weak,36,1841.476,5.057,21
5,ws,groq-weak,37,1872.715,5.057,17
5,ws,groq-weak,38,1911.025,5.057,17
5,ws,groq-weak,39,1951.957,5.057,18
5,ws,groq-weak,40,1999.419,5.057,16
5,ws,groq-weak,41,2040.451,5.057,18
5,ws,groq-weak,42,2072.486,5.057,13
5,ws,groq-weak,43,2114.637,5.057,13
5,ws,groq-weak,44,2162.444,5.057,19
5,ws,groq-weak,45,2202.646,5.057,13
5,ws,groq-weak,46,2238.630,5.057,16
5,ws,groq-weak,47,2285.484,5.057,18
5,ws,groq-weak,48,2334.524,5.057,15
5,ws,groq-weak,49,2382.336,5.057,17
5,ws,groq-weak,50,2416.028,5.057,18
5,ws,groq-weak,51,2448.823,5.057,17
5,ws,groq-weak,52,2499.101,5.057,18
5,ws,groq-weak,53,2538.498,5.057,16
5,ws,groq-weak,54,2572.352,5.057,19
5,ws,groq-weak,55,2621.326,5.057,14
5,ws,groq-weak,56,2671.124,5.057,17
5,ws,groq-weak,57,2721.457,5.057,14
5,ws,groq-weak,58,2770.339,5.057,13
5,ws,groq-weak,59,2821.251,5.057,16
5,ws,groq-weak,60,2864.778,5.057,21
5,ws,groq-weak,61,2910.785,5.057,16
5,ws,groq-weak,62,2960.757,5.057,18
5,ws,groq-weak,63,3010.860,5.057,19
5,ws,groq-weak,64,3046.416,5.057,18
5,ws,groq-weak,65,3091.903,5.057,18
5,ws,groq-weak,66,3141.746,5.057,13
5,ws,groq-weak,67,3176.790,5.057,18
5,ws,groq-weak,68,3220.417,5.057,17
5,ws,groq-weak,69,3258.204,5.057,17
5,ws,groq-weak,70,3306.012,5.057,18
5,ws,groq-weak,71,3340.426,5.057,16
5,ws,groq-weak,72,3378.775,5.057,19
5,ws,groq-weak,73,3426.160,5.057,18
5,ws,groq-weak,74,3458.659,5.057,14
5,ws,groq-weak,75,3497.867,5.057,16
5,ws,groq-weak,76,3544.012,5.057,13
6,ws,groq-weak,0,319.193,4.563,15
6,ws,groq-weak,1,367.896,4.563,16
6,ws,groq-weak,2,408.632,4.563,20
6,ws,groq-weak,3,454.690,4.563,14
6,ws,groq-weak,4,496.479,4.563,17
6,ws,groq-weak,5,537.390,4.563,15
6,ws,groq-weak,6,573.268,4.563,17
6,ws,groq-weak,7,609.032,4.563,17
6,ws,groq-weak,8,649.770,4.563,13
6,ws,groq-weak,9,699.789,4.563,15
6,ws,groq-weak,10,744.465,4.563,21
6,ws,groq-weak,11,781.676,4.563,18
6,ws,groq-weak,12,818.234,4.563,19
6,ws,groq-weak,13,865.813,4.563,18
6,ws,groq-weak,14,909.354,4.563,15
6,ws,groq-weak,15,944.479,4.563,14
6,ws,groq-weak,16,982.823,4.563,16
6,ws,groq-weak,17,1017.556,4.563,16
6,ws,groq-weak,18,1050.411,4.563,13
6,ws,groq-weak,19,1096.001,4.563,16
6,ws,groq-weak,20,1132.661,4.563,18
6,ws,groq-weak,21,1170.088,4.563,17
6,ws,groq-weak,22,1207.262,4.563,21
6,ws,groq-weak,23,1250.867,4.563,16
6,ws,groq-weak,24,1290.206,4.563,17
6,ws,groq-weak,25,1336.284,4.563,18
6,ws,groq-weak,26,1370.417,4.563,19
6,ws,groq-weak,27,1405.935,4.563,18
6,ws,groq-weak,28,1455.376,4.563,17
6,ws,groq-weak,29,1489.094,4.563,18
6,ws,groq-weak,30,1533.055,4.563,20
6,ws,groq-weak,31,1569.896,4.563,18
6,ws,groq-weak,32,1614.188,4.563,18
6,ws,groq-weak,33,1648.608,4.563,17
6,ws,groq-weak,34,1689.712,4.563,17
6,ws,groq-weak,35,1738.162,4.563,16
6,ws,groq-weak,36,1779.751,4.563,19
6,ws,groq-weak,37,1825.750,4.563,17
6,ws,groq-weak,38,1863.030,4.563,19
6,ws,groq-weak,39,1899.755,4.563,16
6,ws,groq-weak,40,1950.220,4.563,17
6,ws,groq-weak,41,1997.119,4.563,15
6,ws,groq-weak,42,2042.336,4.563,16
6,ws,groq-weak,43,2086.888,4.563,15
6,ws,groq-weak,44,2137.138,4.563,14
6,ws,groq-weak,45,2185.523,4.563,16
6,ws,groq-weak,46,2226.458,4.563,16
6,ws,groq-weak,47,2260.648,4.563,19
6,ws,groq-weak,48,2303.044,4.563,21
6,ws,groq-weak,49,2349.338,4.563,19
6,ws,groq-weak,50,2399.943,4.563,18
6,ws,groq-weak,51,2437.437,4.563,19
6,ws,groq-weak,52,2485.650,4.563,16
6,ws,groq-weak,53,2517.305,4.563,15
6,ws,groq-weak,54,2560.175,4.563,13
6,ws,groq-weak,55,2591.582,4.563,19
6,ws,groq-weak,56,2632.352,4.563,18
6,ws,groq-weak,57,2682.639,4.563,13
6,ws,groq-weak,58,2718.851,4.563,17
6,ws,groq-weak,59,2764.980,4.563,17
6,ws,groq-weak,60,2808.291,4.563,18
6,ws,groq-weak,61,2847.018,4.563,17
6,ws,groq-weak,62,2898.098,4.563,14
6,ws,groq-weak,63,2939.983,4.563,18
6,ws,groq-weak,64,2979.551,4.563,16
6,ws,groq-weak,65,3023.363,4.563,15
6,ws,groq-weak,66,3068.875,4.563,13
6,ws,groq-weak,67,3102.065,4.563,15
6,ws,groq-weak,68,3138.376,4.563,14
6,ws,groq-weak,69,3176.127,4.563,16
6,ws,groq-weak,70,3219.062,4.563,18
6,ws,groq-weak,71,3257.693,4.563,19
6,ws,groq-weak,72,3295.238,4.563,16
6,ws,groq-weak,73,3331.961,4.563,19
6,ws,groq-weak,74,3376.952,4.563,18
6,ws,groq-weak,75,3425.088,4.563,17
6,ws,groq-weak,76,3473.599,4.563,15
6,ws,groq-weak,77,3515.709,4.563,14
6,ws,groq-weak,78,3547.325,4.563,17
6,ws,groq-weak,79,3589.676,4.563,15
6,ws,groq-weak,80,3637.153,4.563,16
6,ws,groq-weak,81,3686.901,4.563,20
6,ws,groq-weak,82,3731.249,4.563,14
6,ws,groq-weak,83,3773.753,4.563,17
6,ws,groq-weak,84,3810.226,4.563,15
6,ws,groq-weak,85,3849.452,4.563,17
6,ws,groq-weak,86,3895.003,4.563,16
6,ws,groq-weak,87,3945.834,4.563,18
6,ws,groq-weak,88,3987.603,4.563,18
6,ws,groq-weak,89,4024.555,4.563,20
6,ws,groq-weak,90,4068.203,4.563,20
6,ws,groq-weak,91,4102.997,4.563,20
6,ws,groq-weak,92,4145.054,4.563,17
6,ws,groq-weak,93,4176.566,4.563,20
6,ws,groq-weak,94,4208.101,4.563,16
6,ws,groq-weak,95,4248.452,4.563,18
6,ws,groq-weak,96,4289.416,4.563,20
6,ws,groq-weak,97,4335.942,4.563,19
6,ws,groq-weak,98,4380.796,4.563,18
6,ws,groq-weak,99,4425.743,4.563,19
6,ws,groq-weak,100,4476.507,4.563,17
6,ws,groq-weak,101,4518.048,4.563,19
6,ws,groq-weak,102,4550.337,4.563,16
6,ws,groq-weak,103,4587.911,4.563,13
6,ws,groq-weak,104,4631.624,4.563,18
6,ws,groq-weak,105,4680.352,4.563,20
6,ws,groq-weak,106,4721.791,4.563,20
6,ws,groq-weak,107,4760.905,4.563,16
6,ws,groq-weak,108,4802.790,4.563,17
6,ws,groq-weak,109,4841.583,4.563,20
6,ws,groq-weak,110,4879.760,4.563,17
6,ws,groq-weak,111,4921.003,4.563,13
6,ws,groq-weak,112,4959.430,4.563,15
6,ws,groq-weak,113,4994.550,4.563,14
6,ws,groq-weak,114,5029.965,4.563,16
6,ws,groq-weak,115,5070.855,4.563,16
6,ws,groq-weak,116,5105.188,4.563,17
6,ws,groq-weak,117,5138.139,4.563,18
6,ws,groq-weak,118,5182.142,4.563,14
6,ws,groq-weak,119,5229.211,4.563,16
6,ws,groq-weak,120,5279.076,4.563,18
6,ws,groq-weak,121,5318.536,4.563,19
6,ws,groq-weak,122,5368.401,4.563,18
6,ws,groq-weak,123,5417.959,4.563,18
6,ws,groq-weak,124,5467.878,4.563,19
6,ws,groq-weak,125,5502.473,4.563,16
6,ws,groq-weak,126,5553.086,4.563,16
6,ws,groq-weak,127,5598.699,4.563,18
6,ws,groq-weak,128,5647.767,4.563,14
6,ws,groq-weak,129,5682.663,4.563,15
6,ws,groq-weak,130,5718.332,4.563,20
6,ws,groq-weak,131,5767.843,4.563,18
6,ws,groq-weak,132,5806.864,4.563,17
6,ws,groq-weak,133,5854.326,4.563,22
6,ws,groq-weak,134,5890.339,4.563,13
6,ws,groq-weak,135,5929.086,4.563,18
6,ws,groq-weak,136,5962.603,4.563,17
6,ws,groq-weak,137,5996.265,4.563,18
6,ws,groq-weak,138,6043.969,4.563,19
6,ws,groq-weak,139,6080.111,4.563,18
6,ws,groq-weak,140,6126.224,4.563,19
6,ws,groq-weak,141,6174.384,4.563,16
6,ws,groq-weak,142,6224.237,4.563,16
6,ws,groq-weak,143,6269.205,4.563,18
6,ws,groq-weak,144,6307.325,4.563,17
6,ws,groq-weak,145,6355.884,4.563,18
6,ws,groq-weak,146,6399.769,4.563,19
6,ws,groq-weak,147,6449.496,4.563,18
6,ws,groq-weak,148,6492.647,4.563,18
6,ws,groq-weak,149,6532.046,4.563,19
6,ws,groq-weak,150,6569.382,4.563,20
6,ws,groq-weak,151,6606.359,4.563,13
7,ws,groq-weak,0,344.326,4.803,13
7,ws,groq-weak,1,394.532,4.803,14
7,ws,groq-weak,2,433.905,4.803,16
7,ws,groq-weak,3,468.419,4.803,14
7,ws,groq-weak,4,519.508,4.803,16
7,ws,groq-weak,5,566.844,4.803,17
7,ws,groq-weak,6,609.675,4.803,19
7,ws,groq-weak,7,641.596,4.803,16
7,ws,groq-weak,8,675.863,4.803,17
7,ws,groq-weak,9,725.603,4.803,20
7,ws,groq-weak,10,765.049,4.803,18
7,ws,groq-weak,11,803.122,4.803,18
7,ws,groq-weak,12,853.440,4.803,17
7,ws,groq-weak,13,892.266,4.803,14
7,ws,groq-weak,14,928.447,4.803,13
7,ws,groq-weak,15,976.235,4.803,18
7,ws,groq-weak,16,1012.717,4.803,17
7,ws,groq-weak,17,1044.935,4.803,16
7,ws,groq-weak,18,1082.329,4.803,18
7,ws,groq-weak,19,1120.641,4.803,19
7,ws,groq-weak,20,1168.735,4.803,16
7,ws,groq-weak,21,1219.054,4.803,18
7,ws,groq-weak,22,1262.117,4.803,19
7,ws,groq-weak,23,1311.132,4.803,18
7,ws,groq-weak,24,1346.581,4.803,19
7,ws,groq-weak,25,1393.910,4.803,18
7,ws,groq-weak,26,1444.338,4.803,19
7,ws,groq-weak,27,1484.164,4.803,17
7,ws,groq-weak,28,1530.822,4.803,17
7,ws,groq-weak,29,1578.581,4.803,17
7,ws,groq-weak,30,1625.285,4.803,13
7,ws,groq-weak,31,1673.351,4.803,15
7,ws,groq-weak,32,1707.447,4.803,13
7,ws,groq-weak,33,1750.107,4.803,19
7,ws,groq-weak,34,1796.940,4.803,13
7,ws,groq-weak,35,1834.557,4.803,15
7,ws,groq-weak,36,1884.998,4.803,13
7,ws,groq-weak,37,1930.232,4.803,14
7,ws,groq-weak,38,1962.635,4.803,16
7,ws,groq-weak,39,2012.123,4.803,17
7,ws,groq-weak,40,2047.880,4.803,17
7,ws,groq-weak,41,2094.347,4.803,16
7,ws,groq-weak,42,2139.317,4.803,20
7,ws,groq-weak,43,2176.359,4.803,18
7,ws,groq-weak,44,2226.061,4.803,20
7,ws,groq-weak,45,2263.369,4.803,18
7,ws,groq-weak,46,2304.380,4.803,18
7,ws,groq-weak,47,2338.656,4.803,17
7,ws,groq-weak,48,2378.052,4.803,20
7,ws,groq-weak,49,2416.593,4.803,17
7,ws,groq-weak,50,2461.187,4.803,14
7,ws,groq-weak,51,2498.151,4.803,14
7,ws,groq-weak,52,2532.062,4.803,18
7,ws,groq-weak,53,2573.467,4.803,18
7,ws,groq-weak,54,2611.936,4.803,14
7,ws,groq-weak,55,2646.833,4.803,14
7,ws,groq-weak,56,2690.181,4.803,16
7,ws,groq-weak,57,2722.215,4.803,14
7,ws,groq-weak,58,2765.274,4.803,16
7,ws,groq-weak,59,2801.185,4.803,17
7,ws,groq-weak,60,2850.111,4.803,18
7,ws,groq-weak,61,2886.120,4.803,19
7,ws,groq-weak,62,2925.853,4.803,19
7,ws,groq-weak,63,2957.400,4.803,19
7,ws,groq-weak,64,3000.951,4.803,20
7,ws,groq-weak,65,3032.239,4.803,20
7,ws,groq-weak,66,3078.378,4.803,18
7,ws,groq-weak,67,3113.341,4.803,17
7,ws,groq-weak,68,3157.201,4.803,16
7,ws,groq-weak,69,3191.549,4.803,19
7,ws,groq-weak,70,3227.545,4.803,18
7,ws,groq-weak,71,3265.405,4.803,19
7,ws,groq-weak,72,3299.799,4.803,18
7,ws,groq-weak,73,3347.560,4.803,16
7,ws,groq-weak,74,3396.019,4.803,19
7,ws,groq-weak,75,3445.544,4.803,16
7,ws,groq-weak,76,3489.651,4.803,13
8,ws,groq-weak,0,457.202,5.034,15
8,ws,groq-weak,1,502.760,5.034,19
8,ws,groq-weak,2,537.929,5.034,13
8,ws,groq-weak,3,584.894,5.034,17
8,ws,groq-weak,4,617.887,5.034,21
8,ws,groq-weak,5,649.759,5.034,16
8,ws,groq-weak,6,687.867,5.034,16
8,ws,groq-weak,7,726.054,5.034,15
8,ws,groq-weak,8,769.237,5.034,13
8,ws,groq-weak,9,812.959,5.034,19
8,ws,groq-weak,10,858.085,5.034,18
8,ws,groq-weak,11,905.302,5.034,19
8,ws,groq-weak,12,940.432,5.034,19
8,ws,groq-weak,13,976.263,5.034,18
8,ws,groq-weak,14,1019.932,5.034,18
8,ws,groq-weak,15,1062.018,5.034,19
8,ws,groq-weak,16,1101.096,5.034,16
8,ws,groq-weak,17,1134.839,5.034,13
8,ws,groq-weak,18,1168.284,5.034,18
8,ws,groq-weak,19,1206.544,5.034,18
8,ws,groq-weak,20,1251.895,5.034,17
8,ws,groq-weak,21,1293.900,5.034,17
8,ws,groq-weak,22,1334.295,5.034,13
8,ws,groq-weak,23,1372.418,5.034,15
8,ws,groq-weak,24,1420.468,5.034,13
8,ws,groq-weak,25,1468.151,5.034,19
8,ws,groq-weak,26,1499.108,5.034,17
8,ws,groq-weak,27,1548.006,5.034,13
8,ws,groq-weak,28,1595.227,5.034,15
8,ws,groq-weak,29,1626.776,5.034,13
8,ws,groq-weak,30,1675.105,5.034,13
8,ws,groq-weak,31,1722.955,5.034,16
8,ws,groq-weak,32,1770.384,5.034,15
8,ws,groq-weak,33,1809.121,5.034,13
8,ws,groq-weak,34,1857.686,5.034,19
8,ws,groq-weak,35,1894.769,5.034,17
8,ws,groq-weak,36,1928.841,5.034,21
8,ws,groq-weak,37,1970.669,5.034,18
8,ws,groq-weak,38,2011.658,5.034,18
8,ws,groq-weak,39,2047.530,5.034,16
8,ws,groq-weak,40,2084.815,5.034,16
8,ws,groq-weak,41,2124.622,5.034,17
8,ws,groq-weak,42,2166.736,5.034,13
8,ws,groq-weak,43,2213.617,5.034,21
8,ws,groq-weak,44,2249.518,5.034,17
8,ws,groq-weak,45,2285.886,5.034,20
8,ws,groq-weak,46,2327.742,5.034,21
8,ws,groq-weak,47,2369.106,5.034,18
8,ws,groq-weak,48,2415.644,5.034,17
8,ws,groq-weak,49,2464.051,5.034,18
8,ws,groq-weak,50,2511.470,5.034,18
8,ws,groq-weak,51,2550.849,5.034,19
8,ws,groq-weak,52,2588.407,5.034,16
8,ws,groq-weak,53,2631.924,5.034,16
8,ws,groq-weak,54,2672.616,5.034,20
8,ws,groq-weak,55,2720.560,5.034,19
8,ws,groq-weak,56,2768.181,5.034,17
8,ws,groq-weak,57,2810.032,5.034,16
8,ws,groq-weak,58,2848.611,5.034,15
8,ws,groq-weak,59,2887.551,5.034,15
8,ws,groq-weak,60,2932.354,5.034,19
8,ws,groq-weak,61,2977.667,5.034,16
8,ws,groq-weak,62,3020.922,5.034,14
8,ws,groq-weak,63,3058.600,5.034,15
8,ws,groq-weak,64,3092.834,5.034,17
8,ws,groq-weak,65,3125.041,5.034,16
8,ws,groq-weak,66,3166.495,5.034,17
8,ws,groq-weak,67,3201.275,5.034,17
8,ws,groq-weak,68,3242.017,5.034,17
8,ws,groq-weak,69,3276.317,5.034,15
8,ws,groq-weak,70,3325.457,5.034,19
8,ws,groq-weak,71,3359.898,5.034,13
8,ws,groq-weak,72,3398.998,5.034,18
8,ws,groq-weak,73,3445.373,5.034,17
8,ws,groq-weak,74,3478.157,5.034,15
8,ws,groq-weak,75,3526.094,5.034,19
8,ws,groq-weak,76,3561.158,5.034,18
8,ws,groq-weak,77,3596.090,5.034,17
8,ws,groq-weak,78,3645.577,5.034,21
8,ws,groq-weak,79,3689.024,5.034,16
8,ws,groq-weak,80,3724.775,5.034,18
8,ws,groq-weak,81,3759.423,5.034,16
8,ws,groq-weak,82,3803.244,5.034,17
8,ws,groq-weak,83,3849.814,5.034,21
8,ws,groq-weak,84,3898.598,5.034,16
8,ws,groq-weak,85,3938.730,5.034,18
8,ws,groq-weak,86,3972.201,5.034,18
8,ws,groq-weak,87,4023.037,5.034,20
8,ws,groq-weak,88,4071.522,5.034,16
8,ws,groq-weak,89,4113.376,5.034,15
8,ws,groq-weak,90,4148.894,5.034,13
8,ws,groq-weak,91,4194.684,5.034,19
8,ws,groq-weak,92,4235.306,5.034,18
8,ws,groq-weak,93,4280.280,5.034,19
8,ws,groq-weak,94,4317.579,5.034,16
8,ws,groq-weak,95,4365.935,5.034,18
8,ws,groq-weak,96,4414.589,5.034,19
8,ws,groq-weak,97,4462.791,5.034,16
8,ws,groq-weak,98,4501.002,5.034,13
8,ws,groq-weak,99,4543.266,5.034,16
8,ws,groq-weak,100,4589.711,5.034,16
8,ws,groq-weak,101,4635.558,5.034,15
8,ws,groq-weak,102,4671.663,5.034,13
8,ws,groq-weak,103,4715.591,5.034,19
8,ws,groq-weak,104,4758.494,5.034,17
8,ws,groq-weak,105,4801.148,5.034,21
8,ws,groq-weak,106,4838.137,5.034,19
8,ws,groq-weak,107,4873.065,5.034,18
8,ws,groq-weak,108,4918.831,5.034,16
8,ws,groq-weak,109,4967.971,5.034,16
8,ws,groq-weak,110,5009.915,5.034,15
8,ws,groq-weak,111,5052.247,5.034,13
8,ws,groq-weak,112,5095.073,5.034,19
8,ws,groq-weak,113,5126.536,5.034,17
8,ws,groq-weak,114,5173.271,5.034,17
8,ws,groq-weak,115,5206.788,5.034,16
8,ws,groq-weak,116,5240.261,5.034,15
8,ws,groq-weak,117,5289.178,5.034,13
8,ws,groq-weak,118,5322.070,5.034,19
8,ws,groq-weak,119,5368.528,5.034,17
8,ws,groq-weak,120,5409.285,5.034,18
8,ws,groq-weak,121,5447.828,5.034,16
8,ws,groq-weak,122,5498.062,5.034,14
8,ws,groq-weak,123,5530.222,5.034,14
8,ws,groq-weak,124,5566.183,5.034,14
8,ws,groq-weak,125,5597.447,5.034,16
8,ws,groq-weak,126,5639.301,5.034,19
8,ws,groq-weak,127,5673.375,5.034,18
8,ws,groq-weak,128,5721.151,5.034,13
8,ws,groq-weak,129,5755.206,5.034,18
8,ws,groq-weak,130,5791.714,5.034,17
8,ws,groq-weak,131,5826.636,5.034,14
8,ws,groq-weak,132,5871.427,5.034,14
8,ws,groq-weak,133,5909.786,5.034,18
8,ws,groq-weak,134,5952.982,5.034,18
8,ws,groq-weak,135,6003.184,5.034,17
8,ws,groq-weak,136,6048.189,5.034,21
8,ws,groq-weak,137,6098.511,5.034,13
8,ws,groq-weak,138,6135.057,5.034,16
8,ws,groq-weak,139,6175.736,5.034,15
8,ws,groq-weak,140,6224.859,5.034,13
8,ws,groq-weak,141,6270.551,5.034,19
8,ws,groq-weak,142,6320.566,5.034,17
8,ws,groq-weak,143,6356.851,5.034,19
8,ws,groq-weak,144,6388.507,5.034,16
8,ws,groq-weak,145,6420.575,5.034,20
8,ws,groq-weak,146,6470.425,5.034,19
8,ws,groq-weak,147,6513.999,5.034,17
8,ws,groq-weak,148,6564.707,5.034,17
8,ws,groq-weak,149,6611.536,5.034,20
8,ws,groq-weak,150,6649.933,5.034,13
8,ws,groq-weak,151,6695.308,5.034,16
8,ws,groq-weak,152,6738.371,5.034,18
8,ws,groq-weak,153,6777.926,5.034,19
8,ws,groq-weak,154,6819.618,5.034,17
8,ws,groq-weak,155,6863.716,5.034,17
8,ws,groq-weak,156,6896.308,5.034,17
8,ws,groq-weak,157,6931.431,5.034,14
8,ws,groq-weak,158,6964.836,5.034,15
8,ws,groq-weak,159,7003.409,5.034,15
8,ws,groq-weak,160,7050.354,5.034,13
8,ws,groq-weak,161,7100.432,5.034,21
8,ws,groq-weak,162,7141.210,5.034,16
8,ws,groq-weak,163,7179.175,5.034,17
8,ws,groq-weak,164,7223.287,5.034,14
8,ws,groq-weak,165,7256.959,5.034,19
8,ws,groq-weak,166,7300.107,5.034,17
8,ws,groq-weak,167,7349.436,5.034,17
8,ws,groq-weak,168,7388.118,5.034,19
8,ws,groq-weak,169,7429.994,5.034,16
8,ws,groq-weak,170,7474.275,5.034,17
8,ws,groq-weak,171,7508.776,5.034,14
8,ws,groq-weak,172,7541.509,5.034,17
8,ws,groq-weak,173,7591.473,5.034,14
8,ws,groq-weak,174,7632.069,5.034,15
8,ws,groq-weak,175,7670.625,5.034,15
8,ws,groq-weak,176,7708.652,5.034,13
8,ws,groq-weak,177,7747.447,5.034,21
8,ws,groq-weak,178,7788.163,5.034,18
8,ws,groq-weak,179,7835.429,5.034,17
8,ws,groq-weak,180,7872.851,5.034,14
8,ws,groq-weak,181,7923.253,5.034,16
8,ws,groq-weak,182,7967.702,5.034,19
8,ws,groq-weak,183,8010.630,5.034,18
8,ws,groq-weak,184,8047.835,5.034,16
8,ws,groq-weak,185,8089.621,5.034,19
8,ws,groq-weak,186,8123.845,5.034,17
8,ws,groq-weak,187,8174.009,5.034,18
8,ws,groq-weak,188,8223.628,5.034,18
8,ws,groq-weak,189,8271.605,5.034,14
8,ws,groq-weak,190,8309.875,5.034,15
8,ws,groq-weak,191,8341.053,5.034,15
8,ws,groq-weak,192,8379.507,5.034,13
8,ws,groq-weak,193,8424.605,5.034,21
8,ws,groq-weak,194,8459.405,5.034,16
8,ws,groq-weak,195,8506.917,5.034,17
8,ws,groq-weak,196,8545.545,5.034,18
8,ws,groq-weak,197,8588.058,5.034,14
8,ws,groq-weak,198,8622.983,5.034,14
8,ws,groq-weak,199,8657.319,5.034,21
8,ws,groq-weak,200,8691.113,5.034,18
8,ws,groq-weak,201,8735.445,5.034,18
8,ws,groq-weak,202,8772.529,5.034,16
8,ws,groq-weak,203,8814.173,5.034,19
8,ws,groq-weak,204,8864.801,5.034,16
8,ws,groq-weak,205,8897.354,5.034,19
8,ws,groq-weak,206,8935.333,5.034,21
8,ws,groq-weak,207,8985.369,5.034,19
8,ws,groq-weak,208,9023.165,5.034,18
8,ws,groq-weak,209,9064.563,5.034,17
8,ws,groq-weak,210,9096.204,5.034,18
8,ws,groq-weak,211,9137.618,5.034,13
8,ws,groq-weak,212,9183.188,5.034,13
8,ws,groq-weak,213,9225.338,5.034,19
8,ws,groq-weak,214,9263.843,5.034,13
8,ws,groq-weak,215,9302.347,5.034,13
8,ws,groq-weak,216,9339.262,5.034,17
8,ws,groq-weak,217,9377.613,5.034,13
8,ws,groq-weak,218,9427.380,5.034,15
8,ws,groq-weak,219,9475.835,5.034,13
8,ws,groq-weak,220,9513.143,5.034,13
8,ws,groq-weak,221,9561.319,5.034,16
8,ws,groq-weak,222,9596.759,5.034,17
8,ws,groq-weak,223,9646.671,5.034,17
8,ws,groq-weak,224,9685.721,5.034,17
8,ws,groq-weak,225,9724.684,5.034,19
8,ws,groq-weak,226,9761.231,5.034,17
8,ws,groq-weak,227,9798.151,5.034,19
8,ws,groq-weak,228,9833.428,5.034,18
8,ws,groq-weak,229,9864.569,5.034,19
8,ws,groq-weak,230,9907.643,5.034,16
8,ws,groq-weak,231,9944.933,5.034,17
8,ws,groq-weak,232,9992.943,5.034,18
8,ws,groq-weak,233,10029.948,5.034,19
8,ws,groq-weak,234,10072.895,5.034,17
8,ws,groq-weak,235,10119.270,5.034,13
8,ws,groq-weak,236,10169.121,5.034,19
8,ws,groq-weak,237,10207.233,5.034,18
8,ws,groq-weak,238,10243.405,5.034,17
8,ws,groq-weak,239,10285.778,5.034,18
8,ws,groq-weak,240,10329.001,5.034,18
8,ws,groq-weak,241,10374.214,5.034,18
8,ws,groq-weak,242,10411.018,5.034,19
8,ws,groq-weak,243,10449.994,5.034,17
8,ws,groq-weak,244,10500.980,5.034,18
8,ws,groq-weak,245,10549.996,5.034,19
8,ws,groq-weak,246,10599.019,5.034,16
8,ws,groq-weak,247,10630.159,5.034,18
8,ws,groq-weak,248,10676.622,5.034,19
8,ws,groq-weak,249,10715.579,5.034,18
8,ws,groq-weak,250,10765.657,5.034,18
8,ws,groq-weak,251,10811.484,5.034,19
8,ws,groq-weak,252,10854.348,5.034,17
8,ws,groq-weak,253,10893.007,5.034,18
8,ws,groq-weak,254,10934.020,5.034,16
8,ws,groq-weak,255,10978.401,5.034,19
8,ws,groq-weak,256,11022.223,5.034,16
8,ws,groq-weak,257,11062.868,5.034,13
9,ws,groq-weak,0,343.918,4.268,14
9,ws,groq-weak,1,377.332,4.268,15
9,ws,groq-weak,2,416.050,4.268,18
9,ws,groq-weak,3,453.108,4.268,21
9,ws,groq-weak,4,499.650,4.268,15
9,ws,groq-weak,5,533.771,4.268,15
9,ws,groq-weak,6,574.057,4.268,17
9,ws,groq-weak,7,624.724,4.268,19
9,ws,groq-weak,8,656.033,4.268,17
9,ws,groq-weak,9,687.280,4.268,18
9,ws,groq-weak,10,719.519,4.268,18
9,ws,groq-weak,11,767.471,4.268,18
9,ws,groq-weak,12,805.664,4.268,19
9,ws,groq-weak,13,852.082,4.268,19
9,ws,groq-weak,14,901.278,4.268,14
9,ws,groq-weak,15,937.663,4.268,14
9,ws,groq-weak,16,986.960,4.268,15
9,ws,groq-weak,17,1021.142,4.268,15
9,ws,groq-weak,18,1063.635,4.268,14
9,ws,groq-weak,19,1095.014,4.268,14
9,ws,groq-weak,20,1131.409,4.268,13
9,ws,groq-weak,21,1171.542,4.268,14
9,ws,groq-weak,22,1204.619,4.268,13
9,ws,groq-weak,23,1236.169,4.268,15
9,ws,groq-weak,24,1269.739,4.268,18
9,ws,groq-weak,25,1313.863,4.268,16
9,ws,groq-weak,26,1357.383,4.268,19
9,ws,groq-weak,27,1391.073,4.268,19
9,ws,groq-weak,28,1432.181,4.268,14
9,ws,groq-weak,29,1465.162,4.268,16
9,ws,groq-weak,30,1516.202,4.268,13
9,ws,groq-weak,31,1554.619,4.268,17
9,ws,groq-weak,32,1599.330,4.268,18
9,ws,groq-weak,33,1644.400,4.268,13
9,ws,groq-weak,34,1686.572,4.268,14
9,ws,groq-weak,35,1735.932,4.268,19
9,ws,groq-weak,36,1771.742,4.268,13
9,ws,groq-weak,37,1810.733,4.268,13
9,ws,groq-weak,38,1856.080,4.268,17
9,ws,groq-weak,39,1888.948,4.268,13
9,ws,groq-weak,40,1923.201,4.268,15
9,ws,groq-weak,41,1955.343,4.268,13
9,ws,groq-weak,42,1999.136,4.268,17
9,ws,groq-weak,43,2048.368,4.268,14
9,ws,groq-weak,44,2095.038,4.268,16
9,ws,groq-weak,45,2126.888,4.268,19
9,ws,groq-weak,46,2170.108,4.268,14
9,ws,groq-weak,47,2202.205,4.268,16
9,ws,groq-weak,48,2245.286,4.268,16
9,ws,groq-weak,49,2293.698,4.268,18
9,ws,groq-weak,50,2339.830,4.268,18
9,ws,groq-weak,51,2375.557,4.268,20
9,ws,groq-weak,52,2408.259,4.268,19
9,ws,groq-weak,53,2458.260,4.268,19
9,ws,groq-weak,54,2505.814,4.268,20
9,ws,groq-weak,55,2546.729,4.268,19
9,ws,groq-weak,56,2583.151,4.268,16
9,ws,groq-weak,57,2621.527,4.268,17
9,ws,groq-weak,58,2655.628,4.268,20
9,ws,groq-weak,59,2699.433,4.268,18
9,ws,groq-weak,60,2743.034,4.268,19
9,ws,groq-weak,61,2792.941,4.268,17
9,ws,groq-weak,62,2828.800,4.268,19
9,ws,groq-weak,63,2871.496,4.268,16
9,ws,groq-weak,64,2907.454,4.268,13
9,ws,groq-weak,65,2948.362,4.268,18
9,ws,groq-weak,66,2982.123,4.268,18
9,ws,groq-weak,67,3025.329,4.268,17
9,ws,groq-weak,68,3072.287,4.268,19
9,ws,groq-weak,69,3119.378,4.268,20
9,ws,groq-weak,70,3152.183,4.268,19
9,ws,groq-weak,71,3187.715,4.268,18
9,ws,groq-weak,72,3222.662,4.268,15
9,ws,groq-weak,73,3261.504,4.268,19
9,ws,groq-weak,74,3301.008,4.268,13
9,ws,groq-weak,75,3344.128,4.268,19
9,ws,groq-weak,76,3393.740,4.268,16
9,ws,groq-weak,77,3430.630,4.268,17
9,ws,groq-weak,78,3471.483,4.268,19
9,ws,groq-weak,79,3519.209,4.268,18
9,ws,groq-weak,80,3556.516,4.268,18
9,ws,groq-weak,81,3596.533,4.268,19
9,ws,groq-weak,82,3647.305,4.268,18
9,ws,groq-weak,83,3681.498,4.268,18
9,ws,groq-weak,84,3726.469,4.268,19
9,ws,groq-weak,85,3763.544,4.268,16
9,ws,groq-weak,86,3802.273,4.268,17
9,ws,groq-weak,87,3838.872,4.268,16
9,ws,groq-weak,88,3877.717,4.268,19
9,ws,groq-weak,89,3919.556,4.268,18
9,ws,groq-weak,90,3965.227,4.268,16
9,ws,groq-weak,91,4009.181,4.268,19
9,ws,groq-weak,92,4056.031,4.268,19
9,ws,groq-weak,93,4100.534,4.268,14
9,ws,groq-weak,94,4141.715,4.268,16
9,ws,groq-weak,95,4172.830,4.268,13
9,ws,groq-weak,96,4205.904,4.268,18
9,ws,groq-weak,97,4249.411,4.268,18
9,ws,groq-weak,98,4299.663,4.268,20
9,ws,groq-weak,99,4343.266,4.268,15
9,ws,groq-weak,100,4391.602,4.268,15
9,ws,groq-weak,101,4426.083,4.268,16
9,ws,groq-weak,102,4469.260,4.268,17
9,ws,groq-weak,103,4518.857,4.268,16
9,ws,groq-weak,104,4566.360,4.268,14
9,ws,groq-weak,105,4614.360,4.268,16
9,ws,groq-weak,106,4647.753,4.268,19
9,ws,groq-weak,107,4693.214,4.268,16
9,ws,groq-weak,108,4736.773,4.268,18
9,ws,groq-weak,109,4776.977,4.268,20
9,ws,groq-weak,110,4815.321,4.268,18
9,ws,groq-weak,111,4852.461,4.268,19
9,ws,groq-weak,112,4902.722,4.268,16
9,ws,groq-weak,113,4936.929,4.268,13
9,ws,groq-weak,114,4987.789,4.268,20
9,ws,groq-weak,115,5031.267,4.268,17
9,ws,groq-weak,116,5080.911,4.268,18
9,ws,groq-weak,117,5130.599,4.268,19
9,ws,groq-weak,118,5171.073,4.268,18
9,ws,groq-weak,119,5217.937,4.268,17
9,ws,groq-weak,120,5269.038,4.268,13
9,ws,groq-weak,121,5303.872,4.268,18
9,ws,groq-weak,122,5347.223,4.268,18
9,ws,groq-weak,123,5390.724,4.268,17
9,ws,groq-weak,124,5439.737,4.268,19
9,ws,groq-weak,125,5489.226,4.268,16
9,ws,groq-weak,126,5529.298,4.268,17
9,ws,groq-weak,127,5576.752,4.268,19
9,ws,groq-weak,128,5625.028,4.268,18
9,ws,groq-weak,129,5669.543,4.268,18
9,ws,groq-weak,130,5705.989,4.268,14
9,ws,groq-weak,131,5750.159,4.268,15
9,ws,groq-weak,132,5798.502,4.268,20
9,ws,groq-weak,133,5835.636,4.268,18
9,ws,groq-weak,134,5880.933,4.268,16
9,ws,groq-weak,135,5928.514,4.268,19
9,ws,groq-weak,136,5971.812,4.268,18
9,ws,groq-weak,137,6010.212,4.268,19
9,ws,groq-weak,138,6055.882,4.268,18
9,ws,groq-weak,139,6094.770,4.268,16
9,ws,groq-weak,140,6138.960,4.268,19
9,ws,groq-weak,141,6181.097,4.268,20
9,ws,groq-weak,142,6221.102,4.268,17
9,ws,groq-weak,143,6263.627,4.268,14
9,ws,groq-weak,144,6305.385,4.268,15
9,ws,groq-weak,145,6353.885,4.268,18
9,ws,groq-weak,146,6398.657,4.268,20
9,ws,groq-weak,147,6437.428,4.268,15
9,ws,groq-weak,148,6473.406,4.268,15
9,ws,groq-weak,149,6517.891,4.268,17
9,ws,groq-weak,150,6562.587,4.268,21
9,ws,groq-weak,151,6597.191,4.268,16
9,ws,groq-weak,152,6638.637,4.268,19
9,ws,groq-weak,153,6687.338,4.268,17
9,ws,groq-weak,154,6728.958,4.268,19
9,ws,groq-weak,155,6778.268,4.268,15
9,ws,groq-weak,156,6826.898,4.268,17
9,ws,groq-weak,157,6859.637,4.268,21
9,ws,groq-weak,158,6896.975,4.268,19
9,ws,groq-weak,159,6928.087,4.268,16
9,ws,groq-weak,160,6975.686,4.268,17
9,ws,groq-weak,161,7018.738,4.268,19
9,ws,groq-weak,162,7065.547,4.268,18
9,ws,groq-weak,163,7106.419,4.268,19
9,ws,groq-weak,164,7147.015,4.268,17
9,ws,groq-weak,165,7179.916,4.268,16
9,ws,groq-weak,166,7224.907,4.268,16
9,ws,groq-weak,167,7258.769,4.268,17
9,ws,groq-weak,168,7291.972,4.268,15
9,ws,groq-weak,169,7335.262,4.268,15
9,ws,groq-weak,170,7370.393,4.268,16
9,ws,groq-weak,171,7418.025,4.268,17
9,ws,groq-weak,172,7462.574,4.268,18
9,ws,groq-weak,173,7506.418,4.268,16
9,ws,groq-weak,174,7542.303,4.268,18
9,ws,groq-weak,175,7581.979,4.268,18
9,ws,groq-weak,176,7631.521,4.268,18
9,ws,groq-weak,177,7676.631,4.268,18
9,ws,groq-weak,178,7714.295,4.268,19
9,ws,groq-weak,179,7765.351,4.268,13
10,ws,groq-weak,0,343.327,5.360,14
10,ws,groq-weak,1,391.390,5.360,14
10,ws,groq-weak,2,433.418,5.360,19
10,ws,groq-weak,3,472.791,5.360,21
10,ws,groq-weak,4,516.047,5.360,19
10,ws,groq-weak,5,564.696,5.360,18
10,ws,groq-weak,6,610.837,5.360,17
10,ws,groq-weak,7,649.757,5.360,17
10,ws,groq-weak,8,696.763,5.360,13
10,ws,groq-weak,9,740.006,5.360,15
10,ws,groq-weak,10,780.147,5.360,13
10,ws,groq-weak,11,826.037,5.360,13
10,ws,groq-weak,12,865.897,5.360,17
10,ws,groq-weak,13,909.948,5.360,16
10,ws,groq-weak,14,960.021,5.360,19
10,ws,groq-weak,15,1000.003,5.360,17
10,ws,groq-weak,16,1040.236,5.360,19
10,ws,groq-weak,17,1086.567,5.360,18
10,ws,groq-weak,18,1123.318,5.360,17
10,ws,groq-weak,19,1169.530,5.360,18
10,ws,groq-weak,20,1206.245,5.360,19
10,ws,groq-weak,21,1243.523,5.360,17
10,ws,groq-weak,22,1281.867,5.360,20
10,ws,groq-weak,23,1319.558,5.360,18
10,ws,groq-weak,24,1363.345,5.360,19
10,ws,groq-weak,25,1397.904,5.360,18
10,ws,groq-weak,26,1438.655,5.360,19
10,ws,groq-weak,27,1484.452,5.360,20
10,ws,groq-weak,28,1519.875,5.360,19
10,ws,groq-weak,29,1551.869,5.360,17
10,ws,groq-weak,30,1599.408,5.360,19
10,ws,groq-weak,31,1641.883,5.360,18
10,ws,groq-weak,32,1683.973,5.360,19
10,ws,groq-weak,33,1733.994,5.360,19
10,ws,groq-weak,34,1785.091,5.360,13
11,ws,groq-weak,0,333.232,4.055,15
11,ws,groq-weak,1,367.233,4.055,16
11,ws,groq-weak,2,417.828,4.055,20
11,ws,groq-weak,3,452.376,4.055,14
11,ws,groq-weak,4,501.940,4.055,17
11,ws,groq-weak,5,533.162,4.055,15
11,ws,groq-weak,6,569.730,4.055,17
11,ws,groq-weak,7,611.592,4.055,17
11,ws,groq-weak,8,644.140,4.055,13
11,ws,groq-weak,9,694.219,4.055,15
11,ws,groq-weak,10,740.155,4.055,16
11,ws,groq-weak,11,785.883,4.055,18
11,ws,groq-weak,12,823.607,4.055,17
11,ws,groq-weak,13,868.087,4.055,19
11,ws,groq-weak,14,912.081,4.055,19
11,ws,groq-weak,15,948.556,4.055,17
11,ws,groq-weak,16,983.515,4.055,17
11,ws,groq-weak,17,1020.878,4.055,20
11,ws,groq-weak,18,1054.747,4.055,18
11,ws,groq-weak,19,1099.125,4.055,19
11,ws,groq-weak,20,1139.138,4.055,16
11,ws,groq-weak,21,1184.287,4.055,13
11,ws,groq-weak,22,1222.766,4.055,19
11,ws,groq-weak,23,1265.852,4.055,18
11,ws,groq-weak,24,1307.750,4.055,19
11,ws,groq-weak,25,1341.634,4.055,19
11,ws,groq-weak,26,1388.641,4.055,18
11,ws,groq-weak,27,1430.622,4.055,18
11,ws,groq-weak,28,1475.929,4.055,14
11,ws,groq-weak,29,1527.010,4.055,15
11,ws,groq-weak,30,1558.809,4.055,20
11,ws,groq-weak,31,1605.125,4.055,17
11,ws,groq-weak,32,1655.793,4.055,15
11,ws,groq-weak,33,1692.189,4.055,14
11,ws,groq-weak,34,1742.100,4.055,15
11,ws,groq-weak,35,1774.575,4.055,16
11,ws,groq-weak,36,1816.165,4.055,18
11,ws,groq-weak,37,1860.905,4.055,18
11,ws,groq-weak,38,1903.424,4.055,19
11,ws,groq-weak,39,1939.003,4.055,16
11,ws,groq-weak,40,1987.726,4.055,19
11,ws,groq-weak,41,2021.711,4.055,18
11,ws,groq-weak,42,2064.152,4.055,19
11,ws,groq-weak,43,2095.356,4.055,18
11,ws,groq-weak,44,2138.942,4.055,16
11,ws,groq-weak,45,2182.088,4.055,19
11,ws,groq-weak,46,2219.266,4.055,20
11,ws,groq-weak,47,2255.706,4.055,17
11,ws,groq-weak,48,2290.690,4.055,15
11,ws,groq-weak,49,2329.471,4.055,16
11,ws,groq-weak,50,2369.760,4.055,20
11,ws,groq-weak,51,2410.603,4.055,14
11,ws,groq-weak,52,2448.976,4.055,17
11,ws,groq-weak,53,2487.668,4.055,15
11,ws,groq-weak,54,2537.382,4.055,17
11,ws,groq-weak,55,2585.362,4.055,17
11,ws,groq-weak,56,2629.527,4.055,13
11,ws,groq-weak,57,2680.499,4.055,15
11,ws,groq-weak,58,2718.405,4.055,15
11,ws,groq-weak,59,2762.154,4.055,15
11,ws,groq-weak,60,2812.048,4.055,14
11,ws,groq-weak,61,2859.189,4.055,16
11,ws,groq-weak,62,2905.284,4.055,16
11,ws,groq-weak,63,2942.477,4.055,18
11,ws,groq-weak,64,2982.039,4.055,19
11,ws,groq-weak,65,3027.415,4.055,13
11,ws,groq-weak,66,3060.157,4.055,15
11,ws,groq-weak,67,3091.821,4.055,14
11,ws,groq-weak,68,3124.210,4.055,16
11,ws,groq-weak,69,3161.049,4.055,16
11,ws,groq-weak,70,3206.585,4.055,16
11,ws,groq-weak,71,3244.626,4.055,18
11,ws,groq-weak,72,3280.659,4.055,18
11,ws,groq-weak,73,3331.174,4.055,15
11,ws,groq-weak,74,3377.030,4.055,15
11,ws,groq-weak,75,3420.281,4.055,19
11,ws,groq-weak,76,3458.984,4.055,16
11,ws,groq-weak,77,3507.141,4.055,18
11,ws,groq-weak,78,3549.717,4.055,19
11,ws,groq-weak,79,3598.726,4.055,19
11,ws,groq-weak,80,3643.527,4.055,15
11,ws,groq-weak,81,3686.362,4.055,14
11,ws,groq-weak,82,3729.458,4.055,15
11,ws,groq-weak,83,3777.594,4.055,16
11,ws,groq-weak,84,3818.774,4.055,18
11,ws,groq-weak,85,3865.622,4.055,16
11,ws,groq-weak,86,3903.128,4.055,16
11,ws,groq-weak,87,3940.832,4.055,21
11,ws,groq-weak,88,3977.800,4.055,18
11,ws,groq-weak,89,4019.389,4.055,19
11,ws,groq-weak,90,4055.956,4.055,19
11,ws,groq-weak,91,4096.123,4.055,18
11,ws,groq-weak,92,4133.875,4.055,18
11,ws,groq-weak,93,4183.592,4.055,16
11,ws,groq-weak,94,4234.626,4.055,15
11,ws,groq-weak,95,4268.401,4.055,13
11,ws,groq-weak,96,4316.103,4.055,19
11,ws,groq-weak,97,4355.655,4.055,15
11,ws,groq-weak,98,4402.614,4.055,14
11,ws,groq-weak,99,4451.833,4.055,17
11,ws,groq-weak,100,4486.247,4.055,17
11,ws,groq-weak,101,4529.466,4.055,20
11,ws,groq-weak,102,4575.523,4.055,20
11,ws,groq-weak,103,4620.441,4.055,18
11,ws,groq-weak,104,4660.240,4.055,14
11,ws,groq-weak,105,4707.162,4.055,15
11,ws,groq-weak,106,4742.101,4.055,20
11,ws,groq-weak,107,4787.846,4.055,13
11,ws,groq-weak,108,4825.132,4.055,15
11,ws,groq-weak,109,4862.171,4.055,14
11,ws,groq-weak,110,4913.016,4.055,16
11,ws,groq-weak,111,4961.661,4.055,16
11,ws,groq-weak,112,4993.511,4.055,17
11,ws,groq-weak,113,5033.749,4.055,17
11,ws,groq-weak,114,5067.762,4.055,19
11,ws,groq-weak,115,5099.120,4.055,20
11,ws,groq-weak,116,5136.327,4.055,20
11,ws,groq-weak,117,5181.617,4.055,16
11,ws,groq-weak,118,5219.666,4.055,18
11,ws,groq-weak,119,5252.764,4.055,16
11,ws,groq-weak,120,5300.003,4.055,15
11,ws,groq-weak,121,5340.071,4.055,15
11,ws,groq-weak,122,5389.949,4.055,15
11,ws,groq-weak,123,5432.686,4.055,15
11,ws,groq-weak,124,5478.653,4.055,13
11,ws,groq-weak,125,5515.156,4.055,17
11,ws,groq-weak,126,5548.094,4.055,17
11,ws,groq-weak,127,5584.777,4.055,16
11,ws,groq-weak,128,5626.574,4.055,21
11,ws,groq-weak,129,5670.693,4.055,18
11,ws,groq-weak,130,5713.600,4.055,14
11,ws,groq-weak,131,5757.079,4.055,15
11,ws,groq-weak,132,5802.477,4.055,20
11,ws,groq-weak,133,5850.098,4.055,13
11,ws,groq-weak,134,5900.762,4.055,16
11,ws,groq-weak,135,5936.098,4.055,17
11,ws,groq-weak,136,5969.169,4.055,17
11,ws,groq-weak,137,6012.055,4.055,19
11,ws,groq-weak,138,6061.525,4.055,14
11,ws,groq-weak,139,6106.170,4.055,15
11,ws,groq-weak,140,6148.660,4.055,14
11,ws,groq-weak,141,6192.029,4.055,17
11,ws,groq-weak,142,6242.247,4.055,16
11,ws,groq-weak,143,6275.555,4.055,14
11,ws,groq-weak,144,6326.404,4.055,15
11,ws,groq-weak,145,6370.941,4.055,14
11,ws,groq-weak,146,6405.193,4.055,17
11,ws,groq-weak,147,6451.026,4.055,15
11,ws,groq-weak,148,6484.504,4.055,16
11,ws,groq-weak,149,6525.359,4.055,14
11,ws,groq-weak,150,6560.613,4.055,15
11,ws,groq-weak,151,6601.799,4.055,17
11,ws,groq-weak,152,6634.602,4.055,18
11,ws,groq-weak,153,6670.341,4.055,16
11,ws,groq-weak,154,6715.233,4.055,14
11,ws,groq-weak,155,6751.418,4.055,15
11,ws,groq-weak,156,6783.261,4.055,15
11,ws,groq-weak,157,6829.696,4.055,14
11,ws,groq-weak,158,6861.172,4.055,20
11,ws,groq-weak,159,6898.357,4.055,13
11,ws,groq-weak,160,6947.728,4.055,18
11,ws,groq-weak,161,6989.614,4.055,19
11,ws,groq-weak,162,7040.465,4.055,18
11,ws,groq-weak,163,7083.830,4.055,18
11,ws,groq-weak,164,7134.876,4.055,14
11,ws,groq-weak,165,7184.681,4.055,15
11,ws,groq-weak,166,7216.310,4.055,20
11,ws,groq-weak,167,7264.692,4.055,13
11,ws,groq-weak,168,7315.525,4.055,16
11,ws,groq-weak,169,7365.225,4.055,18
11,ws,groq-weak,170,7402.521,4.055,14
11,ws,groq-weak,171,7442.076,4.055,15
11,ws,groq-weak,172,7484.512,4.055,20
11,ws,groq-weak,173,7528.665,4.055,19
11,ws,groq-weak,174,7563.418,4.055,18
11,ws,groq-weak,175,7604.440,4.055,13
11,ws,groq-weak,176,7652.838,4.055,15
11,ws,groq-weak,177,7686.251,4.055,14
11,ws,groq-weak,178,7733.209,4.055,16
11,ws,groq-weak,179,7766.714,4.055,16
11,ws,groq-weak,180,7801.610,4.055,17
11,ws,groq-weak,181,7835.346,4.055,17
11,ws,groq-weak,182,7874.261,4.055,14
11,ws,groq-weak,183,7907.466,4.055,15
11,ws,groq-weak,184,7947.608,4.055,20
11,ws,groq-weak,185,7991.960,4.055,17
11,ws,groq-weak,186,8031.616,4.055,13
11,ws,groq-weak,187,8067.067,4.055,17
11,ws,groq-weak,188,8104.950,4.055,14
11,ws,groq-weak,189,8145.627,4.055,15
11,ws,groq-weak,190,8179.602,4.055,13
11,ws,groq-weak,191,8216.031,4.055,16
11,ws,groq-weak,192,8260.294,4.055,19
11,ws,groq-weak,193,8305.815,4.055,18
11,ws,groq-weak,194,8345.390,4.055,18
11,ws,groq-weak,195,8393.358,4.055,14
11,ws,groq-weak,196,8426.055,4.055,15
11,ws,groq-weak,197,8457.821,4.055,20
11,ws,groq-weak,198,8505.402,4.055,17
11,ws,groq-weak,199,8539.959,4.055,15
11,ws,groq-weak,200,8579.571,4.055,16
11,ws,groq-weak,201,8620.047,4.055,20
11,ws,groq-weak,202,8651.558,4.055,14
11,ws,groq-weak,203,8690.161,4.055,17
11,ws,groq-weak,204,8725.783,4.055,15
11,ws,groq-weak,205,8762.493,4.055,17
11,ws,groq-weak,206,8803.206,4.055,17
11,ws,groq-weak,207,8838.354,4.055,13
11,ws,groq-weak,208,8878.873,4.055,15
11,ws,groq-weak,209,8918.432,4.055,16
11,ws,groq-weak,210,8950.963,4.055,18
11,ws,groq-weak,211,8984.671,4.055,17
11,ws,groq-weak,212,9025.705,4.055,19
11,ws,groq-weak,213,9074.163,4.055,19
11,ws,groq-weak,214,9109.776,4.055,17
11,ws,groq-weak,215,9148.462,4.055,17
11,ws,groq-weak,216,9179.918,4.055,20
11,ws,groq-weak,217,9223.443,4.055,18
11,ws,groq-weak,218,9271.547,4.055,19
11,ws,groq-weak,219,9321.401,4.055,16
11,ws,groq-weak,220,9356.590,4.055,13
11,ws,groq-weak,221,9403.032,4.055,19
11,ws,groq-weak,222,9444.693,4.055,18
11,ws,groq-weak,223,9485.944,4.055,17
11,ws,groq-weak,224,9525.617,4.055,19
11,ws,groq-weak,225,9575.147,4.055,18
11,ws,groq-weak,226,9614.469,4.055,16
11,ws,groq-weak,227,9654.972,4.055,17
11,ws,groq-weak,228,9697.668,4.055,15
11,ws,groq-weak,229,9743.171,4.055,18
11,ws,groq-weak,230,9785.603,4.055,19
11,ws,groq-weak,231,9834.108,4.055,20
11,ws,groq-weak,232,9882.121,4.055,13
12,ws,groq-weak,0,354.634,4.519,13
12,ws,groq-weak,1,400.147,4.519,14
12,ws,groq-weak,2,432.783,4.519,16
12,ws,groq-weak,3,475.797,4.519,14
12,ws,groq-weak,4,516.925,4.519,16
12,ws,groq-weak,5,549.244,4.519,16
12,ws,groq-weak,6,586.671,4.519,21
12,ws,groq-weak,7,628.858,4.519,18
12,ws,groq-weak,8,670.098,4.519,19
12,ws,groq-weak,9,717.076,4.519,19
12,ws,groq-weak,10,762.939,4.519,19
12,ws,groq-weak,11,799.735,4.519,16
12,ws,groq-weak,12,836.384,4.519,17
12,ws,groq-weak,13,881.553,4.519,13
12,ws,groq-weak,14,927.753,4.519,18
12,ws,groq-weak,15,976.635,4.519,19
12,ws,groq-weak,16,1021.858,4.519,18
12,ws,groq-weak,17,1072.094,4.519,14
12,ws,groq-weak,18,1121.939,4.519,16
12,ws,groq-weak,19,1158.979,4.519,20
12,ws,groq-weak,20,1206.886,4.519,18
12,ws,groq-weak,21,1240.959,4.519,18
12,ws,groq-weak,22,1277.888,4.519,14
12,ws,groq-weak,23,1320.355,4.519,16
12,ws,groq-weak,24,1370.824,4.519,16
12,ws,groq-weak,25,1405.174,4.519,18
12,ws,groq-weak,26,1444.093,4.519,17
12,ws,groq-weak,27,1478.295,4.519,13
12,ws,groq-weak,28,1516.191,4.519,14
12,ws,groq-weak,29,1557.739,4.519,15
12,ws,groq-weak,30,1599.394,4.519,18
12,ws,groq-weak,31,1634.002,4.519,13
12,ws,groq-weak,32,1669.193,4.519,19
12,ws,groq-weak,33,1712.385,4.519,19
12,ws,groq-weak,34,1762.640,4.519,16
12,ws,groq-weak,35,1809.528,4.519,17
12,ws,groq-weak,36,1848.332,4.519,18
12,ws,groq-weak,37,1883.557,4.519,16
12,ws,groq-weak,38,1921.781,4.519,14
12,ws,groq-weak,39,1963.040,4.519,16
12,ws,groq-weak,40,2004.467,4.519,16
12,ws,groq-weak,41,2055.168,4.519,18
12,ws,groq-weak,42,2091.190,4.519,19
12,ws,groq-weak,43,2122.750,4.519,18
12,ws,groq-weak,44,2159.798,4.519,14
12,ws,groq-weak,45,2195.262,4.519,16
12,ws,groq-weak,46,2228.518,4.519,20
12,ws,groq-weak,47,2271.049,4.519,18
12,ws,groq-weak,48,2316.167,4.519,17
12,ws,groq-weak,49,2353.441,4.519,20
12,ws,groq-weak,50,2387.336,4.519,19
12,ws,groq-weak,51,2422.170,4.519,18
12,ws,groq-weak,52,2458.752,4.519,18
12,ws,groq-weak,53,2498.876,4.519,17
12,ws,groq-weak,54,2549.953,4.519,16
12,ws,groq-weak,55,2581.206,4.519,19
12,ws,groq-weak,56,2613.638,4.519,16
12,ws,groq-weak,57,2656.976,4.519,17
12,ws,groq-weak,58,2694.147,4.519,19
12,ws,groq-weak,59,2739.735,4.519,17
12,ws,groq-weak,60,2775.318,4.519,17
12,ws,groq-weak,61,2817.936,4.519,17
12,ws,groq-weak,62,2849.267,4.519,14
12,ws,groq-weak,63,2884.760,4.519,15
12,ws,groq-weak,64,2928.150,4.519,20
12,ws,groq-weak,65,2958.922,4.519,20
12,ws,groq-weak,66,3003.577,4.519,18
12,ws,groq-weak,67,3052.845,4.519,18
12,ws,groq-weak,68,3099.829,4.519,17
12,ws,groq-weak,69,3145.511,4.519,18
12,ws,groq-weak,70,3192.994,4.519,17
12,ws,groq-weak,71,3226.221,4.519,16
12,ws,groq-weak,72,3264.382,4.519,18
12,ws,groq-weak,73,3304.099,4.519,16
12,ws,groq-weak,74,3348.332,4.519,15
12,ws,groq-weak,75,3396.650,4.519,13
12,ws,groq-weak,76,3429.469,4.519,19
12,ws,groq-weak,77,3471.824,4.519,18
12,ws,groq-weak,78,3515.334,4.519,16
12,ws,groq-weak,79,3547.348,4.519,15
12,ws,groq-weak,80,3582.662,4.519,13
12,ws,groq-weak,81,3622.634,4.519,18
12,ws,groq-weak,82,3673.353,4.519,19
12,ws,groq-weak,83,3715.394,4.519,13
12,ws,groq-weak,84,3765.187,4.519,17
12,ws,groq-weak,85,3806.821,4.519,14
12,ws,groq-weak,86,3843.615,4.519,15
12,ws,groq-weak,87,3888.105,4.519,20
12,ws,groq-weak,88,3920.581,4.519,16
12,ws,groq-weak,89,3955.524,4.519,20
12,ws,groq-weak,90,3988.062,4.519,19
12,ws,groq-weak,91,4031.880,4.519,19
12,ws,groq-weak,92,4070.684,4.519,18
12,ws,groq-weak,93,4117.181,4.519,18
12,ws,groq-weak,94,4155.022,4.519,18
12,ws,groq-weak,95,4192.773,4.519,19
12,ws,groq-weak,96,4235.282,4.519,16
12,ws,groq-weak,97,4282.888,4.519,17
12,ws,groq-weak,98,4326.719,4.519,19
12,ws,groq-weak,99,4369.629,4.519,18
12,ws,groq-weak,100,4407.849,4.519,17
12,ws,groq-weak,101,4452.722,4.519,13
12,ws,groq-weak,102,4486.049,4.519,14
12,ws,groq-weak,103,4528.397,4.519,13
12,ws,groq-weak,104,4577.215,4.519,16
12,ws,groq-weak,105,4617.837,4.519,14
12,ws,groq-weak,106,4654.986,4.519,16
12,ws,groq-weak,107,4687.673,4.519,16
12,ws,groq-weak,108,4736.626,4.519,17
12,ws,groq-weak,109,4770.173,4.519,18
12,ws,groq-weak,110,4820.652,4.519,21
12,ws,groq-weak,111,4858.064,4.519,17
12,ws,groq-weak,112,4905.177,4.519,18
12,ws,groq-weak,113,4938.123,4.519,18
12,ws,groq-weak,114,4978.025,4.519,17
12,ws,groq-weak,115,5016.497,4.519,18
12,ws,groq-weak,116,5063.084,4.519,14
12,ws,groq-weak,117,5113.488,4.519,16
12,ws,groq-weak,118,5161.861,4.519,20
12,ws,groq-weak,119,5202.187,4.519,18
12,ws,groq-weak,120,5238.050,4.519,17
12,ws,groq-weak,121,5273.279,4.519,20
12,ws,groq-weak,122,5320.291,4.519,19
12,ws,groq-weak,123,5365.486,4.519,17
12,ws,groq-weak,124,5405.855,4.519,16
12,ws,groq-weak,125,5448.158,4.519,19
12,ws,groq-weak,126,5494.150,4.519,18
12,ws,groq-weak,127,5536.789,4.519,17
12,ws,groq-weak,128,5582.431,4.519,19
12,ws,groq-weak,129,5623.817,4.519,18
12,ws,groq-weak,130,5668.626,4.519,18
12,ws,groq-weak,131,5716.066,4.519,17
12,ws,groq-weak,132,5754.615,4.519,13
12,ws,groq-weak,133,5795.629,4.519,19
12,ws,groq-weak,134,5843.247,4.519,18
12,ws,groq-weak,135,5879.238,4.519,19
12,ws,groq-weak,136,5911.954,4.519,18
12,ws,groq-weak,137,5952.461,4.519,16
12,ws,groq-weak,138,5992.624,4.519,19
12,ws,groq-weak,139,6041.915,4.519,16
12,ws,groq-weak,140,6083.973,4.519,17
12,ws,groq-weak,141,6115.444,4.519,14
12,ws,groq-weak,142,6157.255,4.519,16
12,ws,groq-weak,143,6197.552,4.519,18
12,ws,groq-weak,144,6235.240,4.519,13
12,ws,groq-weak,145,6280.135,4.519,16
12,ws,groq-weak,146,6312.851,4.519,14
12,ws,groq-weak,147,6353.329,4.519,16
12,ws,groq-weak,148,6401.792,4.519,17
12,ws,groq-weak,149,6437.877,4.519,18
12,ws,groq-weak,150,6472.536,4.519,18
12,ws,groq-weak,151,6508.141,4.519,16
12,ws,groq-weak,152,6550.935,4.519,19
12,ws,groq-weak,153,6601.976,4.519,18
12,ws,groq-weak,154,6645.507,4.519,18
12,ws,groq-weak,155,6688.893,4.519,17
12,ws,groq-weak,156,6728.271,4.519,14
12,ws,groq-weak,157,6777.934,4.519,16
12,ws,groq-weak,158,6809.789,4.519,16
12,ws,groq-weak,159,6858.092,4.519,13
12,ws,groq-weak,160,6899.412,4.519,18
12,ws,groq-weak,161,6943.532,4.519,18
12,ws,groq-weak,162,6984.847,4.519,20
12,ws,groq-weak,163,7030.860,4.519,16
12,ws,groq-weak,164,7073.606,4.519,15
12,ws,groq-weak,165,7106.375,4.519,13
12,ws,groq-weak,166,7155.825,4.519,19
12,ws,groq-weak,167,7196.488,4.519,17
12,ws,groq-weak,168,7234.319,4.519,20
12,ws,groq-weak,169,7281.847,4.519,19
12,ws,groq-weak,170,7320.862,4.519,18
12,ws,groq-weak,171,7355.955,4.519,19
12,ws,groq-weak,172,7401.110,4.519,17
12,ws,groq-weak,173,7436.247,4.519,19
12,ws,groq-weak,174,7481.514,4.519,16
12,ws,groq-weak,175,7521.347,4.519,13
13,ws,groq-weak,0,337.020,5.476,14
13,ws,groq-weak,1,380.039,5.476,16
13,ws,groq-weak,2,418.267,5.476,18
13,ws,groq-weak,3,463.851,5.476,13
13,ws,groq-weak,4,498.224,5.476,17
13,ws,groq-weak,5,540.027,5.476,21
13,ws,groq-weak,6,582.848,5.476,16
13,ws,groq-weak,7,618.394,5.476,16
13,ws,groq-weak,8,658.146,5.476,15
13,ws,groq-weak,9,700.507,5.476,13
13,ws,groq-weak,10,749.854,5.476,19
13,ws,groq-weak,11,795.478,5.476,18
13,ws,groq-weak,12,846.714,5.476,19
13,ws,groq-weak,13,885.334,5.476,19
13,ws,groq-weak,14,923.762,5.476,18
13,ws,groq-weak,15,962.246,5.476,18
13,ws,groq-weak,16,1005.237,5.476,19
13,ws,groq-weak,17,1046.110,5.476,16
13,ws,groq-weak,18,1079.782,5.476,13
13,ws,groq-weak,19,1117.370,5.476,16
13,ws,groq-weak,20,1157.953,5.476,15
13,ws,groq-weak,21,1205.202,5.476,13
13,ws,groq-weak,22,1240.578,5.476,19
13,ws,groq-weak,23,1286.764,5.476,17
13,ws,groq-weak,24,1320.904,5.476,21
13,ws,groq-weak,25,1354.109,5.476,19
13,ws,groq-weak,26,1397.226,5.476,18
13,ws,groq-weak,27,1447.116,5.476,17
13,ws,groq-weak,28,1498.923,5.476,17
13,ws,groq-weak,29,1545.110,5.476,13
13,ws,groq-weak,30,1577.648,5.476,15
13,ws,groq-weak,31,1615.708,5.476,13
13,ws,groq-weak,32,1652.958,5.476,13
13,ws,groq-weak,33,1690.493,5.476,16
13,ws,groq-weak,34,1734.267,5.476,16
13,ws,groq-weak,35,1774.251,5.476,16
13,ws,groq-weak,36,1811.450,5.476,17
13,ws,groq-weak,37,1853.830,5.476,17
13,ws,groq-weak,38,1904.384,5.476,19
13,ws,groq-weak,39,1941.591,5.476,18
13,ws,groq-weak,40,1975.104,5.476,19
13,ws,groq-weak,41,2019.148,5.476,19
13,ws,groq-weak,42,2065.933,5.476,20
13,ws,groq-weak,43,2116.839,5.476,18
13,ws,groq-weak,44,2153.746,5.476,17
13,ws,groq-weak,45,2192.687,5.476,17
13,ws,groq-weak,46,2231.931,5.476,16
13,ws,groq-weak,47,2269.964,5.476,18
13,ws,groq-weak,48,2318.154,5.476,19
13,ws,groq-weak,49,2349.526,5.476,19
13,ws,groq-weak,50,2400.719,5.476,18
13,ws,groq-weak,51,2435.625,5.476,18
13,ws,groq-weak,52,2477.182,5.476,19
13,ws,groq-weak,53,2517.708,5.476,16
13,ws,groq-weak,54,2558.060,5.476,13
13,ws,groq-weak,55,2598.463,5.476,16
13,ws,groq-weak,56,2645.965,5.476,15
13,ws,groq-weak,57,2686.212,5.476,13
13,ws,groq-weak,58,2722.743,5.476,19
13,ws,groq-weak,59,2762.092,5.476,17
13,ws,groq-weak,60,2809.263,5.476,17
13,ws,groq-weak,61,2851.053,5.476,14
13,ws,groq-weak,62,2884.789,5.476,14
13,ws,groq-weak,63,2923.448,5.476,18
13,ws,groq-weak,64,2965.021,5.476,19
13,ws,groq-weak,65,2997.839,5.476,16
13,ws,groq-weak,66,3033.331,5.476,18
13,ws,groq-weak,67,3068.701,5.476,17
13,ws,groq-weak,68,3116.510,5.476,18
13,ws,groq-weak,69,3162.395,5.476,18
13,ws,groq-weak,70,3205.536,5.476,17
13,ws,groq-weak,71,3248.725,5.476,13
13,ws,groq-weak,72,3293.140,5.476,16
13,ws,groq-weak,73,3329.841,5.476,19
13,ws,groq-weak,74,3368.314,5.476,16
13,ws,groq-weak,75,3415.426,5.476,19
13,ws,groq-weak,76,3454.767,5.476,16
13,ws,groq-weak,77,3498.919,5.476,17
13,ws,groq-weak,78,3532.211,5.476,18
13,ws,groq-weak,79,3577.251,5.476,15
13,ws,groq-weak,80,3610.856,5.476,15
13,ws,groq-weak,81,3662.340,5.476,17
13,ws,groq-weak,82,3697.762,5.476,17
13,ws,groq-weak,83,3742.533,5.476,13
13,ws,groq-weak,84,3785.753,5.476,15
13,ws,groq-weak,85,3825.066,5.476,13
13,ws,groq-weak,86,3861.293,5.476,17
13,ws,groq-weak,87,3901.935,5.476,13
13,ws,groq-weak,88,3939.792,5.476,18
13,ws,groq-weak,89,3980.880,5.476,17
13,ws,groq-weak,90,4020.536,5.476,18
13,ws,groq-weak,91,4053.977,5.476,19
13,ws,groq-weak,92,4096.531,5.476,18
13,ws,groq-weak,93,4132.076,5.476,17
13,ws,groq-weak,94,4176.214,5.476,16
13,ws,groq-weak,95,4212.997,5.476,17
13,ws,groq-weak,96,4249.179,5.476,16
13,ws,groq-weak,97,4284.611,5.476,17
13,ws,groq-weak,98,4328.343,5.476,13
13,ws,groq-weak,99,4369.735,5.476,17
13,ws,groq-weak,100,4411.218,5.476,14
13,ws,groq-weak,101,4452.283,5.476,17
13,ws,groq-weak,102,4494.582,5.476,13
13,ws,groq-weak,103,4531.353,5.476,16
13,ws,groq-weak,104,4579.740,5.476,16
13,ws,groq-weak,105,4611.983,5.476,15
13,ws,groq-weak,106,4663.886,5.476,15
13,ws,groq-weak,107,4713.251,5.476,13
13,ws,groq-weak,108,4758.872,5.476,14
13,ws,groq-weak,109,4802.403,5.476,15
13,ws,groq-weak,110,4837.197,5.476,19
13,ws,groq-weak,111,4886.651,5.476,13
13,ws,groq-weak,112,4921.975,5.476,14
13,ws,groq-weak,113,4959.952,5.476,16
13,ws,groq-weak,114,4995.229,5.476,19
13,ws,groq-weak,115,5031.791,5.476,13
13,ws,groq-weak,116,5072.198,5.476,16
13,ws,groq-weak,117,5115.438,5.476,13
13,ws,groq-weak,118,5166.462,5.476,14
13,ws,groq-weak,119,5215.250,5.476,15
13,ws,groq-weak,120,5250.459,5.476,13
13,ws,groq-weak,121,5288.804,5.476,16
13,ws,groq-weak,122,5330.570,5.476,17
13,ws,groq-weak,123,5380.355,5.476,15
13,ws,groq-weak,124,5420.830,5.476,16
13,ws,groq-weak,125,5465.668,5.476,15
13,ws,groq-weak,126,5499.932,5.476,13
13,ws,groq-weak,127,5539.817,5.476,19
13,ws,groq-weak,128,5571.956,5.476,17
13,ws,groq-weak,129,5604.940,5.476,21
13,ws,groq-weak,130,5643.711,5.476,17
13,ws,groq-weak,131,5680.178,5.476,19
13,ws,groq-weak,132,5729.413,5.476,19
13,ws,groq-weak,133,5764.796,5.476,20
13,ws,groq-weak,134,5808.733,5.476,19
13,ws,groq-weak,135,5860.918,5.476,18
13,ws,groq-weak,136,5911.354,5.476,18
13,ws,groq-weak,137,5947.808,5.476,17
13,ws,groq-weak,138,5980.199,5.476,14
13,ws,groq-weak,139,6025.501,5.476,17
13,ws,groq-weak,140,6057.191,5.476,16
13,ws,groq-weak,141,6104.016,5.476,17
13,ws,groq-weak,142,6154.854,5.476,19
13,ws,groq-weak,143,6189.306,5.476,18
13,ws,groq-weak,144,6221.920,5.476,18
13,ws,groq-weak,145,6271.799,5.476,19
13,ws,groq-weak,146,6305.761,5.476,16
13,ws,groq-weak,147,6349.563,5.476,13
13,ws,groq-weak,148,6383.837,5.476,16
13,ws,groq-weak,149,6434.484,5.476,19
13,ws,groq-weak,150,6477.007,5.476,13
13,ws,groq-weak,151,6525.211,5.476,17
13,ws,groq-weak,152,6571.951,5.476,18
13,ws,groq-weak,153,6622.167,5.476,17
13,ws,groq-weak,154,6662.692,5.476,13
13,ws,groq-weak,155,6707.527,5.476,14
13,ws,groq-weak,156,6750.934,5.476,13
13,ws,groq-weak,157,6786.707,5.476,19
13,ws,groq-weak,158,6828.098,5.476,16
13,ws,groq-weak,159,6869.849,5.476,18
13,ws,groq-weak,160,6911.693,5.476,19
13,ws,groq-weak,161,6960.188,5.476,18
13,ws,groq-weak,162,7009.213,5.476,20
13,ws,groq-weak,163,7049.607,5.476,17
13,ws,groq-weak,164,7084.293,5.476,18
13,ws,groq-weak,165,7126.479,5.476,16
13,ws,groq-weak,166,7174.569,5.476,18
13,ws,groq-weak,167,7225.911,5.476,18
13,ws,groq-weak,168,7258.783,5.476,19
13,ws,groq-weak,169,7297.991,5.476,18
13,ws,groq-weak,170,7341.849,5.476,15
13,ws,groq-weak,171,7376.215,5.476,18
13,ws,groq-weak,172,7425.316,5.476,21
13,ws,groq-weak,173,7466.057,5.476,18
13,ws,groq-weak,174,7498.225,5.476,19
13,ws,groq-weak,175,7534.851,5.476,14
13,ws,groq-weak,176,7584.077,5.476,15
13,ws,groq-weak,177,7626.470,5.476,20
13,ws,groq-weak,178,7665.214,5.476,18
13,ws,groq-weak,179,7704.745,5.476,17
13,ws,groq-weak,180,7756.498,5.476,20
13,ws,groq-weak,181,7806.382,5.476,21
13,ws,groq-weak,182,7849.936,5.476,17
13,ws,groq-weak,183,7893.657,5.476,17
13,ws,groq-weak,184,7934.680,5.476,14
13,ws,groq-weak,185,7980.362,5.476,16
13,ws,groq-weak,186,8030.196,5.476,18
13,ws,groq-weak,187,8079.632,5.476,13
13,ws,groq-weak,188,8123.332,5.476,17
13,ws,groq-weak,189,8158.673,5.476,17
13,ws,groq-weak,190,8194.005,5.476,13
13,ws,groq-weak,191,8232.249,5.476,15
13,ws,groq-weak,192,8274.155,5.476,13
13,ws,groq-weak,193,8319.156,5.476,13
13,ws,groq-weak,194,8363.247,5.476,19
13,ws,groq-weak,195,8402.578,5.476,16
13,ws,groq-weak,196,8437.399,5.476,17
13,ws,groq-weak,197,8483.246,5.476,18
13,ws,groq-weak,198,8527.031,5.476,15
13,ws,groq-weak,199,8561.969,5.476,15
13,ws,groq-weak,200,8604.513,5.476,13
13,ws,groq-weak,201,8653.213,5.476,16
13,ws,groq-weak,202,8697.113,5.476,16
13,ws,groq-weak,203,8748.992,5.476,15
13,ws,groq-weak,204,8797.586,5.476,13
13,ws,groq-weak,205,8842.908,5.476,19
13,ws,groq-weak,206,8887.332,5.476,17
13,ws,groq-weak,207,8938.724,5.476,21
13,ws,groq-weak,208,8984.455,5.476,17
13,ws,groq-weak,209,9020.000,5.476,14
13,ws,groq-weak,210,9064.954,5.476,16
13,ws,groq-weak,211,9115.001,5.476,18
13,ws,groq-weak,212,9161.666,5.476,13
13,ws,groq-weak,213,9207.396,5.476,16
13,ws,groq-weak,214,9249.979,5.476,19
13,ws,groq-weak,215,9286.633,5.476,13
13,ws,groq-weak,216,9318.316,5.476,16
13,ws,groq-weak,217,9362.252,5.476,15
13,ws,groq-weak,218,9413.456,5.476,13
13,ws,groq-weak,219,9454.773,5.476,19
13,ws,groq-weak,220,9495.199,5.476,17
13,ws,groq-weak,221,9543.177,5.476,18
13,ws,groq-weak,222,9576.903,5.476,18
13,ws,groq-weak,223,9626.120,5.476,18
13,ws,groq-weak,224,9669.178,5.476,17
13,ws,groq-weak,225,9703.979,5.476,17
13,ws,groq-weak,226,9744.284,5.476,17
13,ws,groq-weak,227,9782.067,5.476,20
13,ws,groq-weak,228,9819.841,5.476,18
13,ws,groq-weak,229,9863.148,5.476,19
13,ws,groq-weak,230,9900.169,5.476,17
13,ws,groq-weak,231,9943.243,5.476,19
13,ws,groq-weak,232,9981.318,5.476,16
13,ws,groq-weak,233,10021.924,5.476,13
13,ws,groq-weak,234,10066.966,5.476,19
13,ws,groq-weak,235,10112.229,5.476,19
13,ws,groq-weak,236,10145.875,5.476,16
13,ws,groq-weak,237,10182.511,5.476,18
13,ws,groq-weak,238,10227.900,5.476,19
13,ws,groq-weak,239,10278.862,5.476,18
13,ws,groq-weak,240,10325.254,5.476,19
13,ws,groq-weak,241,10372.575,5.476,16
13,ws,groq-weak,242,10416.310,5.476,18
13,ws,groq-weak,243,10452.919,5.476,20
13,ws,groq-weak,244,10495.977,5.476,17
13,ws,groq-weak,245,10536.254,5.476,17
13,ws,groq-weak,246,10586.587,5.476,13
13,ws,groq-weak,247,10628.597,5.476,18
13,ws,groq-weak,248,10676.433,5.476,18
13,ws,groq-weak,249,10709.168,5.476,13
13,ws,groq-weak,250,10756.168,5.476,16
13,ws,groq-weak,251,10791.690,5.476,19
13,ws,groq-weak,252,10841.806,5.476,20
13,ws,groq-weak,253,10883.715,5.476,19
13,ws,groq-weak,254,10934.738,5.476,16
13,ws,groq-weak,255,10984.282,5.476,13
14,ws,groq-weak,0,406.822,4.811,14
14,ws,groq-weak,1,442.729,4.811,15
14,ws,groq-weak,2,480.248,4.811,18
14,ws,groq-weak,3,530.175,4.811,21
14,ws,groq-weak,4,580.399,4.811,15
14,ws,groq-weak,5,612.715,4.811,15
14,ws,groq-weak,6,663.249,4.811,17
14,ws,groq-weak,7,696.135,4.811,19
14,ws,groq-weak,8,734.313,4.811,17
14,ws,groq-weak,9,770.640,4.811,18
14,ws,groq-weak,10,817.295,4.811,18
14,ws,groq-weak,11,859.771,4.811,17
14,ws,groq-weak,12,911.665,4.811,14
14,ws,groq-weak,13,956.545,4.811,16
14,ws,groq-weak,14,997.547,4.811,14
14,ws,groq-weak,15,1045.746,4.811,16
14,ws,groq-weak,16,1086.987,4.811,20
14,ws,groq-weak,17,1138.980,4.811,15
14,ws,groq-weak,18,1189.314,4.811,15
14,ws,groq-weak,19,1237.554,4.811,14
14,ws,groq-weak,20,1281.818,4.811,15
14,ws,groq-weak,21,1315.879,4.811,14
14,ws,groq-weak,22,1361.256,4.811,16
14,ws,groq-weak,23,1408.850,4.811,13
14,ws,groq-weak,24,1449.807,4.811,18
14,ws,groq-weak,25,1495.129,4.811,16
14,ws,groq-weak,26,1536.296,4.811,18
14,ws,groq-weak,27,1581.376,4.811,13
14,ws,groq-weak,28,1633.012,4.811,13
14,ws,groq-weak,29,1670.777,4.811,19
14,ws,groq-weak,30,1703.203,4.811,15
14,ws,groq-weak,31,1746.689,4.811,14
14,ws,groq-weak,32,1794.321,4.811,14
14,ws,groq-weak,33,1845.879,4.811,17
14,ws,groq-weak,34,1883.197,4.811,13
14,ws,groq-weak,35,1927.919,4.811,15
14,ws,groq-weak,36,1965.421,4.811,13
14,ws,groq-weak,37,2005.625,4.811,13
15,ws,groq-weak,0,486.393,4.983,14
15,ws,groq-weak,1,518.621,4.983,14
15,ws,groq-weak,2,563.793,4.983,19
15,ws,groq-weak,3,604.255,4.983,16
15,ws,groq-weak,4,651.264,4.983,18
15,ws,groq-weak,5,696.962,4.983,18
15,ws,groq-weak,6,739.445,4.983,20
15,ws,groq-weak,7,786.056,4.983,16
15,ws,groq-weak,8,819.156,4.983,15
15,ws,groq-weak,9,852.404,4.983,13
15,ws,groq-weak,10,887.692,4.983,19
15,ws,groq-weak,11,931.110,4.983,19
15,ws,groq-weak,12,963.583,4.983,17
15,ws,groq-weak,13,1012.132,4.983,18
15,ws,groq-weak,14,1059.446,4.983,19
15,ws,groq-weak,15,1100.003,4.983,16
15,ws,groq-weak,16,1150.583,4.983,13
15,ws,groq-weak,17,1190.476,4.983,21
15,ws,groq-weak,18,1237.148,4.983,19
15,ws,groq-weak,19,1276.414,4.983,18
15,ws,groq-weak,20,1311.369,4.983,17
15,ws,groq-weak,21,1362.416,4.983,17
15,ws,groq-weak,22,1402.621,4.983,13
15,ws,groq-weak,23,1435.073,4.983,15
15,ws,groq-weak,24,1467.607,4.983,13
15,ws,groq-weak,25,1502.557,4.983,16
15,ws,groq-weak,26,1547.611,4.983,18
15,ws,groq-weak,27,1598.626,4.983,20
15,ws,groq-weak,28,1645.483,4.983,20
15,ws,groq-weak,29,1679.488,4.983,17
15,ws,groq-weak,30,1725.679,4.983,18
15,ws,groq-weak,31,1764.535,4.983,19
15,ws,groq-weak,32,1803.929,4.983,18
15,ws,groq-weak,33,1846.049,4.983,16
15,ws,groq-weak,34,1878.275,4.983,19
15,ws,groq-weak,35,1924.013,4.983,18
15,ws,groq-weak,36,1968.056,4.983,14
15,ws,groq-weak,37,2020.111,4.983,16
15,ws,groq-weak,38,2065.675,4.983,13
15,ws,groq-weak,39,2099.943,4.983,18
15,ws,groq-weak,40,2134.694,4.983,16
15,ws,groq-weak,41,2176.874,4.983,16
15,ws,groq-weak,42,2209.241,4.983,15
15,ws,groq-weak,43,2242.714,4.983,13
15,ws,groq-weak,44,2287.779,4.983,19
15,ws,groq-weak,45,2321.000,4.983,17
15,ws,groq-weak,46,2355.551,4.983,20
15,ws,groq-weak,47,2390.447,4.983,19
15,ws,groq-weak,48,2439.797,4.983,20
15,ws,groq-weak,49,2475.282,4.983,18
15,ws,groq-weak,50,2507.910,4.983,18
15,ws,groq-weak,51,2546.098,4.983,14
15,ws,groq-weak,52,2581.179,4.983,15
15,ws,groq-weak,53,2620.655,4.983,20
15,ws,groq-weak,54,2671.422,4.983,20
15,ws,groq-weak,55,2704.761,4.983,14
15,ws,groq-weak,56,2740.037,4.983,16
15,ws,groq-weak,57,2786.980,4.983,16
15,ws,groq-weak,58,2837.011,4.983,18
15,ws,groq-weak,59,2874.706,4.983,17
15,ws,groq-weak,60,2909.288,4.983,18
15,ws,groq-weak,61,2944.590,4.983,19
15,ws,groq-weak,62,2993.676,4.983,18
15,ws,groq-weak,63,3040.308,4.983,18
15,ws,groq-weak,64,3076.204,4.983,19
15,ws,groq-weak,65,3111.505,4.983,16
15,ws,groq-weak,66,3147.849,4.983,17
15,ws,groq-weak,67,3188.028,4.983,13
15,ws,groq-weak,68,3220.893,4.983,14
15,ws,groq-weak,69,3258.868,4.983,19
15,ws,groq-weak,70,3303.631,4.983,18
15,ws,groq-weak,71,3349.718,4.983,14
15,ws,groq-weak,72,3390.120,4.983,16
15,ws,groq-weak,73,3441.985,4.983,16
15,ws,groq-weak,74,3487.333,4.983,21
15,ws,groq-weak,75,3524.909,4.983,18
15,ws,groq-weak,76,3574.299,4.983,18
15,ws,groq-weak,77,3606.479,4.983,15
15,ws,groq-weak,78,3648.047,4.983,16
15,ws,groq-weak,79,3690.857,4.983,15
15,ws,groq-weak,80,3731.384,4.983,13
15,ws,groq-weak,81,3772.933,4.983,19
15,ws,groq-weak,82,3824.302,4.983,17
15,ws,groq-weak,83,3868.843,4.983,13
15,ws,groq-weak,84,3911.880,4.983,21
15,ws,groq-weak,85,3961.034,4.983,19
15,ws,groq-weak,86,3999.521,4.983,18
15,ws,groq-weak,87,4051.166,4.983,17
15,ws,groq-weak,88,4091.995,4.983,19
15,ws,groq-weak,89,4137.497,4.983,17
15,ws,groq-weak,90,4180.985,4.983,13
15,ws,groq-weak,91,4213.515,4.983,14
15,ws,groq-weak,92,4255.552,4.983,16
15,ws,groq-weak,93,4307.308,4.983,18
15,ws,groq-weak,94,4349.237,4.983,16
15,ws,groq-weak,95,4385.227,4.983,18
15,ws,groq-weak,96,4433.678,4.983,19
15,ws,groq-weak,97,4467.444,4.983,18
15,ws,groq-weak,98,4514.738,4.983,19
15,ws,groq-weak,99,4556.386,4.983,18
15,ws,groq-weak,100,4594.483,4.983,19
15,ws,groq-weak,101,4632.299,4.983,13
15,ws,groq-weak,102,4663.664,4.983,17
15,ws,groq-weak,103,4697.603,4.983,17
15,ws,groq-weak,104,4744.823,4.983,18
15,ws,groq-weak,105,4791.463,4.983,19
15,ws,groq-weak,106,4839.464,4.983,19
15,ws,groq-weak,107,4888.652,4.983,20
15,ws,groq-weak,108,4922.156,4.983,18
15,ws,groq-weak,109,4970.318,4.983,18
15,ws,groq-weak,110,5014.396,4.983,19
15,ws,groq-weak,111,5056.057,4.983,17
15,ws,groq-weak,112,5102.476,4.983,17
15,ws,groq-weak,113,5142.182,4.983,13
15,ws,groq-weak,114,5188.183,4.983,17
15,ws,groq-weak,115,5223.778,4.983,19
15,ws,groq-weak,116,5269.652,4.983,16
15,ws,groq-weak,117,5311.054,4.983,17
15,ws,groq-weak,118,5345.283,4.983,14
15,ws,groq-weak,119,5392.321,4.983,17
15,ws,groq-weak,120,5443.894,4.983,20
15,ws,groq-weak,121,5491.260,4.983,13
15,ws,groq-weak,122,5531.191,4.983,18
15,ws,groq-weak,123,5572.696,4.983,19
15,ws,groq-weak,124,5621.560,4.983,18
15,ws,groq-weak,125,5667.672,4.983,19
15,ws,groq-weak,126,5709.141,4.983,19
15,ws,groq-weak,127,5744.740,4.983,19
15,ws,groq-weak,128,5785.516,4.983,16
15,ws,groq-weak,129,5823.060,4.983,19
15,ws,groq-weak,130,5857.801,4.983,18
15,ws,groq-weak,131,5906.722,4.983,17
15,ws,groq-weak,132,5948.614,4.983,19
15,ws,groq-weak,133,5979.916,4.983,18
15,ws,groq-weak,134,6022.274,4.983,18
15,ws,groq-weak,135,6071.411,4.983,19
15,ws,groq-weak,136,6110.159,4.983,16
15,ws,groq-weak,137,6155.745,4.983,17
15,ws,groq-weak,138,6207.699,4.983,15
15,ws,groq-weak,139,6245.843,4.983,19
15,ws,groq-weak,140,6295.817,4.983,13
15,ws,groq-weak,141,6342.701,4.983,18
15,ws,groq-weak,142,6386.677,4.983,19
15,ws,groq-weak,143,6428.991,4.983,19
15,ws,groq-weak,144,6465.181,4.983,16
15,ws,groq-weak,145,6516.880,4.983,19
15,ws,groq-weak,146,6563.283,4.983,17
15,ws,groq-weak,147,6614.262,4.983,16
15,ws,groq-weak,148,6652.354,4.983,16
15,ws,groq-weak,149,6703.166,4.983,19
15,ws,groq-weak,150,6745.877,4.983,17
15,ws,groq-weak,151,6795.211,4.983,17
15,ws,groq-weak,152,6843.217,4.983,18
15,ws,groq-weak,153,6881.564,4.983,17
15,ws,groq-weak,154,6933.589,4.983,18
15,ws,groq-weak,155,6974.021,4.983,16
15,ws,groq-weak,156,7025.705,4.983,18
15,ws,groq-weak,157,7066.079,4.983,17
15,ws,groq-weak,158,7100.265,4.983,19
15,ws,groq-weak,159,7147.849,4.983,13
15,ws,groq-weak,160,7189.037,4.983,16
15,ws,groq-weak,161,7221.159,4.983,19
15,ws,groq-weak,162,7259.032,4.983,17
15,ws,groq-weak,163,7297.470,4.983,19
15,ws,groq-weak,164,7343.508,4.983,13
15,ws,groq-weak,165,7388.668,4.983,21
15,ws,groq-weak,166,7430.508,4.983,17
15,ws,groq-weak,167,7471.524,4.983,17
15,ws,groq-weak,168,7515.954,4.983,19
15,ws,groq-weak,169,7564.537,4.983,18
15,ws,groq-weak,170,7605.555,4.983,17
15,ws,groq-weak,171,7648.429,4.983,18
15,ws,groq-weak,172,7690.711,4.983,19
15,ws,groq-weak,173,7732.294,4.983,18
15,ws,groq-weak,174,7779.046,4.983,14
15,ws,groq-weak,175,7831.152,4.983,16
15,ws,groq-weak,176,7870.622,4.983,16
15,ws,groq-weak,177,7920.555,4.983,19
15,ws,groq-weak,178,7953.201,4.983,18
15,ws,groq-weak,179,7987.591,4.983,18
15,ws,groq-weak,180,8039.264,4.983,19
15,ws,groq-weak,181,8085.393,4.983,20
15,ws,groq-weak,182,8128.686,4.983,18
15,ws,groq-weak,183,8169.855,4.983,18
15,ws,groq-weak,184,8219.770,4.983,19
15,ws,groq-weak,185,8265.176,4.983,17
15,ws,groq-weak,186,8302.597,4.983,17
15,ws,groq-weak,187,8345.622,4.983,13
15,ws,groq-weak,188,8377.639,4.983,18
15,ws,groq-weak,189,8423.349,4.983,16
15,ws,groq-weak,190,8463.684,4.983,18
15,ws,groq-weak,191,8512.245,4.983,17
15,ws,groq-weak,192,8545.189,4.983,19
15,ws,groq-weak,193,8594.492,4.983,18
15,ws,groq-weak,194,8632.734,4.983,19
15,ws,groq-weak,195,8678.563,4.983,16
15,ws,groq-weak,196,8720.556,4.983,17
15,ws,groq-weak,197,8756.200,4.983,17
15,ws,groq-weak,198,8799.854,4.983,20
15,ws,groq-weak,199,8844.760,4.983,19
15,ws,groq-weak,200,8888.150,4.983,17
15,ws,groq-weak,201,8929.549,4.983,19
15,ws,groq-weak,202,8980.070,4.983,17
15,ws,groq-weak,203,9017.477,4.983,19
15,ws,groq-weak,204,9064.741,4.983,15
15,ws,groq-weak,205,9104.357,4.983,17
15,ws,groq-weak,206,9141.046,4.983,13
16,ws,groq-weak,0,970.259,5.316,15
16,ws,groq-weak,1,1005.474,5.316,16
16,ws,groq-weak,2,1045.711,5.316,20
16,ws,groq-weak,3,1083.157,5.316,14
16,ws,groq-weak,4,1122.373,5.316,17
16,ws,groq-weak,5,1161.101,5.316,15
16,ws,groq-weak,6,1211.153,5.316,17
16,ws,groq-weak,7,1257.256,5.316,17
16,ws,groq-weak,8,1297.803,5.316,13
16,ws,groq-weak,9,1339.906,5.316,15
16,ws,groq-weak,10,1389.764,5.316,16
16,ws,groq-weak,11,1424.314,5.316,18
16,ws,groq-weak,12,1464.199,5.316,18
16,ws,groq-weak,13,1501.530,5.316,20
16,ws,groq-weak,14,1550.201,5.316,20
16,ws,groq-weak,15,1583.248,5.316,20
16,ws,groq-weak,16,1618.366,5.316,17
16,ws,groq-weak,17,1648.836,5.316,20
16,ws,groq-weak,18,1695.755,5.316,18
16,ws,groq-weak,19,1741.757,5.316,17
16,ws,groq-weak,20,1774.935,5.316,19
16,ws,groq-weak,21,1818.410,5.316,16
16,ws,groq-weak,22,1852.953,5.316,19
16,ws,groq-weak,23,1902.475,5.316,18
16,ws,groq-weak,24,1954.472,5.316,19
16,ws,groq-weak,25,2000.603,5.316,13
16,ws,groq-weak,26,2035.863,5.316,18
16,ws,groq-weak,27,2084.268,5.316,16
16,ws,groq-weak,28,2120.385,5.316,19
16,ws,groq-weak,29,2155.507,5.316,20
16,ws,groq-weak,30,2202.988,5.316,19
16,ws,groq-weak,31,2240.981,5.316,18
16,ws,groq-weak,32,2282.967,5.316,18
16,ws,groq-weak,33,2329.346,5.316,17
16,ws,groq-weak,34,2370.598,5.316,19
16,ws,groq-weak,35,2409.744,5.316,16
16,ws,groq-weak,36,2447.822,5.316,20
16,ws,groq-weak,37,2497.082,5.316,18
16,ws,groq-weak,38,2529.642,5.316,18
16,ws,groq-weak,39,2560.744,5.316,14
16,ws,groq-weak,40,2599.293,5.316,15
16,ws,groq-weak,41,2640.293,5.316,20
16,ws,groq-weak,42,2674.248,5.316,20
16,ws,groq-weak,43,2716.667,5.316,19
16,ws,groq-weak,44,2749.003,5.316,14
16,ws,groq-weak,45,2798.648,5.316,15
16,ws,groq-weak,46,2845.760,5.316,19
16,ws,groq-weak,47,2885.672,5.316,16
16,ws,groq-weak,48,2921.040,5.316,18
16,ws,groq-weak,49,2958.224,5.316,16
16,ws,groq-weak,50,2995.176,5.316,14
16,ws,groq-weak,51,3041.275,5.316,15
16,ws,groq-weak,52,3090.387,5.316,13
16,ws,groq-weak,53,3138.113,5.316,15
16,ws,groq-weak,54,3184.284,5.316,16
16,ws,groq-weak,55,3231.466,5.316,15
16,ws,groq-weak,56,3267.038,5.316,14
16,ws,groq-weak,57,3312.384,5.316,16
16,ws,groq-weak,58,3363.693,5.316,16
16,ws,groq-weak,59,3409.169,5.316,18
16,ws,groq-weak,60,3451.355,5.316,19
16,ws,groq-weak,61,3486.597,5.316,19
16,ws,groq-weak,62,3530.099,5.316,18
16,ws,groq-weak,63,3573.440,5.316,17
16,ws,groq-weak,64,3624.771,5.316,19
16,ws,groq-weak,65,3665.005,5.316,18
16,ws,groq-weak,66,3714.280,5.316,21
16,ws,groq-weak,67,3751.024,5.316,14
16,ws,groq-weak,68,3783.585,5.316,15
16,ws,groq-weak,69,3818.481,5.316,16
16,ws,groq-weak,70,3851.714,5.316,19
16,ws,groq-weak,71,3900.937,5.316,21
16,ws,groq-weak,72,3935.662,5.316,20
16,ws,groq-weak,73,3977.017,5.316,20
16,ws,groq-weak,74,4018.309,5.316,17
16,ws,groq-weak,75,4065.093,5.316,13
16,ws,groq-weak,76,4112.509,5.316,14
16,ws,groq-weak,77,4149.432,5.316,15
16,ws,groq-weak,78,4199.143,5.316,14
16,ws,groq-weak,79,4249.781,5.316,16
16,ws,groq-weak,80,4282.864,5.316,16
16,ws,groq-weak,81,4331.559,5.316,16
16,ws,groq-weak,82,4364.630,5.316,21
16,ws,groq-weak,83,4402.489,5.316,17
16,ws,groq-weak,84,4446.174,5.316,18
16,ws,groq-weak,85,4484.341,5.316,19
16,ws,groq-weak,86,4527.489,5.316,19
16,ws,groq-weak,87,4579.631,5.316,20
16,ws,groq-weak,88,4619.946,5.316,17
16,ws,groq-weak,89,4661.701,5.316,16
16,ws,groq-weak,90,4709.178,5.316,17
16,ws,groq-weak,91,4755.165,5.316,18
16,ws,groq-weak,92,4807.272,5.316,19
16,ws,groq-weak,93,4849.115,5.316,18
16,ws,groq-weak,94,4899.622,5.316,18
16,ws,groq-weak,95,4945.671,5.316,18
16,ws,groq-weak,96,4990.315,5.316,17
16,ws,groq-weak,97,5034.775,5.316,16
16,ws,groq-weak,98,5082.371,5.316,18
16,ws,groq-weak,99,5128.693,5.316,19
16,ws,groq-weak,100,5162.600,5.316,18
16,ws,groq-weak,101,5213.785,5.316,21
16,ws,groq-weak,102,5250.907,5.316,19
16,ws,groq-weak,103,5298.836,5.316,19
16,ws,groq-weak,104,5343.119,5.316,17
16,ws,groq-weak,105,5393.561,5.316,13
16,ws,groq-weak,106,5429.608,5.316,20
16,ws,groq-weak,107,5472.794,5.316,20
16,ws,groq-weak,108,5519.170,5.316,14
16,ws,groq-weak,109,5552.308,5.316,17
16,ws,groq-weak,110,5590.927,5.316,15
16,ws,groq-weak,111,5640.946,5.316,17
16,ws,groq-weak,112,5682.128,5.316,17
16,ws,groq-weak,113,5726.397,5.316,13
16,ws,groq-weak,114,5775.246,5.316,15
16,ws,groq-weak,115,5812.407,5.316,16
16,ws,groq-weak,116,5861.156,5.316,18
16,ws,groq-weak,117,5907.538,5.316,20
16,ws,groq-weak,118,5959.605,5.316,14
16,ws,groq-weak,119,6000.799,5.316,14
16,ws,groq-weak,120,6049.059,5.316,16
16,ws,groq-weak,121,6097.284,5.316,17
16,ws,groq-weak,122,6139.066,5.316,20
16,ws,groq-weak,123,6178.885,5.316,18
16,ws,groq-weak,124,6218.553,5.316,19
16,ws,groq-weak,125,6264.284,5.316,17
16,ws,groq-weak,126,6306.746,5.316,19
16,ws,groq-weak,127,6345.678,5.316,16
16,ws,groq-weak,128,6386.160,5.316,13
16,ws,groq-weak,129,6427.488,5.316,19
16,ws,groq-weak,130,6473.587,5.316,18
16,ws,groq-weak,131,6522.672,5.316,17
16,ws,groq-weak,132,6565.136,5.316,19
16,ws,groq-weak,133,6605.870,5.316,18
16,ws,groq-weak,134,6647.000,5.316,16
16,ws,groq-weak,135,6681.232,5.316,17
16,ws,groq-weak,136,6727.963,5.316,18
16,ws,groq-weak,137,6771.075,5.316,18
16,ws,groq-weak,138,6805.193,5.316,19
16,ws,groq-weak,139,6839.867,5.316,16
16,ws,groq-weak,140,6875.349,5.316,17
16,ws,groq-weak,141,6910.518,5.316,15
16,ws,groq-weak,142,6953.423,5.316,16
16,ws,groq-weak,143,6992.454,5.316,20
16,ws,groq-weak,144,7034.099,5.316,14
16,ws,groq-weak,145,7080.575,5.316,17
16,ws,groq-weak,146,7126.358,5.316,15
16,ws,groq-weak,147,7178.299,5.316,17
16,ws,groq-weak,148,7213.452,5.316,21
16,ws,groq-weak,149,7254.338,5.316,19
16,ws,groq-weak,150,7295.696,5.316,19
16,ws,groq-weak,151,7328.982,5.316,18
16,ws,groq-weak,152,7376.273,5.316,20
16,ws,groq-weak,153,7421.806,5.316,20
16,ws,groq-weak,154,7462.597,5.316,16
16,ws,groq-weak,155,7514.403,5.316,17
16,ws,groq-weak,156,7563.629,5.316,19
16,ws,groq-weak,157,7610.249,5.316,17
16,ws,groq-weak,158,7643.621,5.316,19
16,ws,groq-weak,159,7688.413,5.316,17
16,ws,groq-weak,160,7731.153,5.316,14
16,ws,groq-weak,161,7782.552,5.316,16
16,ws,groq-weak,162,7823.054,5.316,17
16,ws,groq-weak,163,7863.280,5.316,15
16,ws,groq-weak,164,7899.128,5.316,15
16,ws,groq-weak,165,7945.833,5.316,20
16,ws,groq-weak,166,7986.412,5.316,18
16,ws,groq-weak,167,8034.550,5.316,16
16,ws,groq-weak,168,8074.331,5.316,17
16,ws,groq-weak,169,8108.220,5.316,15
16,ws,groq-weak,170,8157.275,5.316,19
16,ws,groq-weak,171,8193.911,5.316,19
16,ws,groq-weak,172,8237.724,5.316,18
16,ws,groq-weak,173,8286.737,5.316,18
16,ws,groq-weak,174,8323.896,5.316,18
16,ws,groq-weak,175,8362.987,5.316,20
16,ws,groq-weak,176,8398.314,5.316,18
16,ws,groq-weak,177,8436.757,5.316,18
16,ws,groq-weak,178,8477.997,5.316,16
16,ws,groq-weak,179,8516.008,5.316,14
16,ws,groq-weak,180,8562.581,5.316,15
16,ws,groq-weak,181,8605.341,5.316,16
16,ws,groq-weak,182,8652.936,5.316,17
16,ws,groq-weak,183,8688.069,5.316,19
16,ws,groq-weak,184,8734.549,5.316,17
16,ws,groq-weak,185,8768.155,5.316,18
16,ws,groq-weak,186,8818.462,5.316,18
16,ws,groq-weak,187,8856.079,5.316,13
17,ws,groq-weak,0,1448.843,4.683,13
17,ws,groq-weak,1,1496.038,4.683,14
17,ws,groq-weak,2,1533.453,4.683,16
17,ws,groq-weak,3,1571.635,4.683,14
17,ws,groq-weak,4,1610.880,4.683,16
17,ws,groq-weak,5,1657.997,4.683,19
17,ws,groq-weak,6,1700.912,4.683,19
17,ws,groq-weak,7,1736.971,4.683,16
17,ws,groq-weak,8,1780.349,4.683,17
17,ws,groq-weak,9,1829.470,4.683,20
17,ws,groq-weak,10,1869.796,4.683,18
17,ws,groq-weak,11,1905.663,4.683,18
17,ws,groq-weak,12,1940.333,4.683,17
17,ws,groq-weak,13,1988.908,4.683,17
17,ws,groq-weak,14,2025.797,4.683,13
17,ws,groq-weak,15,2075.645,4.683,16
17,ws,groq-weak,16,2111.769,4.683,16
17,ws,groq-weak,17,2154.743,4.683,18
17,ws,groq-weak,18,2188.816,4.683,17
17,ws,groq-weak,19,2225.169,4.683,17
17,ws,groq-weak,20,2275.183,4.683,15
17,ws,groq-weak,21,2306.828,4.683,15
17,ws,groq-weak,22,2349.726,4.683,19
17,ws,groq-weak,23,2397.059,4.683,19
17,ws,groq-weak,24,2432.245,4.683,16
17,ws,groq-weak,25,2483.498,4.683,17
17,ws,groq-weak,26,2525.904,4.683,17
17,ws,groq-weak,27,2562.381,4.683,13
17,ws,groq-weak,28,2598.001,4.683,15
17,ws,groq-weak,29,2635.110,4.683,13
17,ws,groq-weak,30,2667.962,4.683,13
17,ws,groq-weak,31,2707.378,4.683,16
17,ws,groq-weak,32,2743.091,4.683,16
17,ws,groq-weak,33,2789.850,4.683,18
17,ws,groq-weak,34,2830.369,4.683,17
17,ws,groq-weak,35,2881.960,4.683,14
17,ws,groq-weak,36,2921.297,4.683,13
17,ws,groq-weak,37,2955.738,4.683,14
17,ws,groq-weak,38,3001.131,4.683,14
17,ws,groq-weak,39,3040.744,4.683,16
17,ws,groq-weak,40,3092.746,4.683,16
17,ws,groq-weak,41,3134.756,4.683,15
17,ws,groq-weak,42,3171.097,4.683,15
17,ws,groq-weak,43,3216.601,4.683,16
17,ws,groq-weak,44,3266.158,4.683,13
17,ws,groq-weak,45,3316.000,4.683,17
17,ws,groq-weak,46,3358.064,4.683,18
17,ws,groq-weak,47,3402.937,4.683,19
17,ws,groq-weak,48,3454.682,4.683,19
17,ws,groq-weak,49,3487.291,4.683,19
17,ws,groq-weak,50,3532.022,4.683,19
17,ws,groq-weak,51,3577.530,4.683,16
17,ws,groq-weak,52,3616.963,4.683,17
17,ws,groq-weak,53,3661.931,4.683,19
17,ws,groq-weak,54,3708.472,4.683,19
17,ws,groq-weak,55,3742.954,4.683,18
17,ws,groq-weak,56,3792.388,4.683,19
17,ws,groq-weak,57,3838.017,4.683,18
17,ws,groq-weak,58,3879.377,4.683,16
17,ws,groq-weak,59,3914.039,4.683,19
17,ws,groq-weak,60,3959.564,4.683,16
17,ws,groq-weak,61,4002.156,4.683,17
17,ws,groq-weak,62,4050.201,4.683,14
17,ws,groq-weak,63,4098.264,4.683,16
17,ws,groq-weak,64,4133.287,4.683,19
17,ws,groq-weak,65,4173.279,4.683,19
17,ws,groq-weak,66,4219.798,4.683,18
17,ws,groq-weak,67,4255.400,4.683,19
17,ws,groq-weak,68,4292.794,4.683,17
17,ws,groq-weak,69,4344.892,4.683,17
17,ws,groq-weak,70,4381.708,4.683,13
17,ws,groq-weak,71,4416.269,4.683,15
17,ws,groq-weak,72,4451.588,4.683,13
17,ws,groq-weak,73,4488.748,4.683,16
17,ws,groq-weak,74,4523.208,4.683,17
17,ws,groq-weak,75,4573.022,4.683,19
17,ws,groq-weak,76,4614.958,4.683,16
17,ws,groq-weak,77,4650.814,4.683,20
17,ws,groq-weak,78,4689.392,4.683,17
17,ws,groq-weak,79,4732.892,4.683,19
17,ws,groq-weak,80,4766.510,4.683,18
17,ws,groq-weak,81,4803.676,4.683,15
17,ws,groq-weak,82,4850.400,4.683,15
17,ws,groq-weak,83,4897.224,4.683,21
17,ws,groq-weak,84,4934.295,4.683,13
17,ws,groq-weak,85,4975.841,4.683,19
17,ws,groq-weak,86,5009.746,4.683,18
17,ws,groq-weak,87,5044.436,4.683,13
17,ws,groq-weak,88,5080.340,4.683,17
17,ws,groq-weak,89,5116.132,4.683,17
17,ws,groq-weak,90,5155.668,4.683,13
17,ws,groq-weak,91,5205.964,4.683,15
17,ws,groq-weak,92,5249.980,4.683,13
17,ws,groq-weak,93,5294.227,4.683,13
17,ws,groq-weak,94,5342.314,4.683,18
17,ws,groq-weak,95,5374.731,4.683,16
17,ws,groq-weak,96,5416.849,4.683,17
17,ws,groq-weak,97,5450.326,4.683,17
17,ws,groq-weak,98,5496.134,4.683,18
17,ws,groq-weak,99,5534.469,4.683,19
17,ws,groq-weak,100,5584.427,4.683,18
17,ws,groq-weak,101,5621.925,4.683,18
17,ws,groq-weak,102,5657.265,4.683,18
17,ws,groq-weak,103,5706.594,4.683,17
17,ws,groq-weak,104,5743.425,4.683,17
17,ws,groq-weak,105,5779.820,4.683,16
17,ws,groq-weak,106,5828.644,4.683,19
17,ws,groq-weak,107,5872.681,4.683,18
17,ws,groq-weak,108,5914.585,4.683,19
17,ws,groq-weak,109,5952.049,4.683,18
17,ws,groq-weak,110,6001.428,4.683,16
17,ws,groq-weak,111,6042.142,4.683,19
17,ws,groq-weak,112,6090.928,4.683,16
17,ws,groq-weak,113,6130.560,4.683,13
17,ws,groq-weak,114,6182.074,4.683,16
17,ws,groq-weak,115,6217.271,4.683,14
17,ws,groq-weak,116,6256.619,4.683,16
17,ws,groq-weak,117,6306.539,4.683,21
17,ws,groq-weak,118,6342.676,4.683,19
17,ws,groq-weak,119,6387.966,4.683,17
17,ws,groq-weak,120,6436.280,4.683,17
17,ws,groq-weak,121,6472.695,4.683,18
17,ws,groq-weak,122,6513.558,4.683,16
17,ws,groq-weak,123,6550.866,4.683,14
17,ws,groq-weak,124,6587.919,4.683,14
17,ws,groq-weak,125,6639.317,4.683,16
17,ws,groq-weak,126,6680.117,4.683,18
17,ws,groq-weak,127,6717.272,4.683,17
17,ws,groq-weak,128,6756.461,4.683,18
17,ws,groq-weak,129,6789.448,4.683,17
17,ws,groq-weak,130,6832.443,4.683,18
17,ws,groq-weak,131,6884.478,4.683,16
17,ws,groq-weak,132,6918.392,4.683,16
17,ws,groq-weak,133,6956.846,4.683,16
17,ws,groq-weak,134,6990.386,4.683,17
17,ws,groq-weak,135,7038.336,4.683,17
17,ws,groq-weak,136,7076.153,4.683,13
17,ws,groq-weak,137,7122.967,4.683,14
17,ws,groq-weak,138,7156.677,4.683,14
17,ws,groq-weak,139,7208.679,4.683,16
17,ws,groq-weak,140,7259.530,4.683,17
17,ws,groq-weak,141,7292.628,4.683,14
17,ws,groq-weak,142,7334.729,4.683,16
17,ws,groq-weak,143,7376.879,4.683,16
17,ws,groq-weak,144,7419.550,4.683,16
17,ws,groq-weak,145,7453.884,4.683,18
17,ws,groq-weak,146,7501.968,4.683,17
17,ws,groq-weak,147,7540.704,4.683,16
17,ws,groq-weak,148,7591.922,4.683,17
17,ws,groq-weak,149,7627.416,4.683,17
17,ws,groq-weak,150,7674.301,4.683,17
17,ws,groq-weak,151,7709.351,4.683,19
17,ws,groq-weak,152,7759.033,4.683,18
17,ws,groq-weak,153,7811.060,4.683,16
17,ws,groq-weak,154,7861.696,4.683,16
17,ws,groq-weak,155,7903.275,4.683,18
17,ws,groq-weak,156,7937.074,4.683,13
17,ws,groq-weak,157,7981.093,4.683,19
17,ws,groq-weak,158,8021.679,4.683,16
17,ws,groq-weak,159,8055.956,4.683,16
17,ws,groq-weak,160,8103.456,4.683,18
17,ws,groq-weak,161,8151.792,4.683,17
17,ws,groq-weak,162,8197.336,4.683,14
17,ws,groq-weak,163,8246.140,4.683,15
17,ws,groq-weak,164,8289.877,4.683,20
17,ws,groq-weak,165,8323.773,4.683,13
17,ws,groq-weak,166,8361.802,4.683,16
17,ws,groq-weak,167,8397.968,4.683,18
17,ws,groq-weak,168,8440.269,4.683,17
17,ws,groq-weak,169,8472.979,4.683,19
17,ws,groq-weak,170,8512.531,4.683,16
17,ws,groq-weak,171,8546.692,4.683,20
17,ws,groq-weak,172,8596.082,4.683,19
17,ws,groq-weak,173,8639.818,4.683,13
17,ws,groq-weak,174,8683.194,4.683,17
17,ws,groq-weak,175,8720.766,4.683,18
17,ws,groq-weak,176,8756.338,4.683,13
18,ws,groq-weak,0,465.287,4.882,14
18,ws,groq-weak,1,501.482,4.882,16
18,ws,groq-weak,2,548.233,4.882,18
18,ws,groq-weak,3,592.895,4.882,13
18,ws,groq-weak,4,642.295,4.882,17
18,ws,groq-weak,5,681.164,4.882,21
18,ws,groq-weak,6,732.934,4.882,16
18,ws,groq-weak,7,768.848,4.882,16
18,ws,groq-weak,8,808.800,4.882,15
18,ws,groq-weak,9,843.811,4.882,13
18,ws,groq-weak,10,887.460,4.882,19
18,ws,groq-weak,11,936.801,4.882,18
18,ws,groq-weak,12,977.018,4.882,19
18,ws,groq-weak,13,1027.801,4.882,19
18,ws,groq-weak,14,1063.806,4.882,18
18,ws,groq-weak,15,1108.765,4.882,18
18,ws,groq-weak,16,1147.171,4.882,19
18,ws,groq-weak,17,1181.376,4.882,16
18,ws,groq-weak,18,1223.435,4.882,13
18,ws,groq-weak,19,1275.419,4.882,16
18,ws,groq-weak,20,1325.226,4.882,15
18,ws,groq-weak,21,1360.585,4.882,13
18,ws,groq-weak,22,1409.890,4.882,19
18,ws,groq-weak,23,1453.546,4.882,17
18,ws,groq-weak,24,1487.886,4.882,21
18,ws,groq-weak,25,1529.670,4.882,19
18,ws,groq-weak,26,1566.635,4.882,18
18,ws,groq-weak,27,1604.767,4.882,18
18,ws,groq-weak,28,1637.867,4.882,21
18,ws,groq-weak,29,1669.764,4.882,15
18,ws,groq-weak,30,1703.063,4.882,15
18,ws,groq-weak,31,1747.011,4.882,16
18,ws,groq-weak,32,1791.326,4.882,16
18,ws,groq-weak,33,1837.721,4.882,17
18,ws,groq-weak,34,1877.892,4.882,19
18,ws,groq-weak,35,1926.438,4.882,18
18,ws,groq-weak,36,1964.662,4.882,18
18,ws,groq-weak,37,2009.664,4.882,18
18,ws,groq-weak,38,2049.715,4.882,18
18,ws,groq-weak,39,2092.032,4.882,20
18,ws,groq-weak,40,2132.998,4.882,18
18,ws,groq-weak,41,2176.648,4.882,17
18,ws,groq-weak,42,2228.613,4.882,17
18,ws,groq-weak,43,2267.062,4.882,14
18,ws,groq-weak,44,2317.217,4.882,15
18,ws,groq-weak,45,2351.292,4.882,13
18,ws,groq-weak,46,2402.597,4.882,13
18,ws,groq-weak,47,2449.903,4.882,15
18,ws,groq-weak,48,2484.604,4.882,13
18,ws,groq-weak,49,2536.260,4.882,13
18,ws,groq-weak,50,2587.961,4.882,16
18,ws,groq-weak,51,2622.990,4.882,17
18,ws,groq-weak,52,2667.121,4.882,18
18,ws,groq-weak,53,2709.790,4.882,16
18,ws,groq-weak,54,2752.207,4.882,17
18,ws,groq-weak,55,2793.281,4.882,13
18,ws,groq-weak,56,2834.775,4.882,15
18,ws,groq-weak,57,2870.797,4.882,13
18,ws,groq-weak,58,2910.715,4.882,13
18,ws,groq-weak,59,2950.439,4.882,18
18,ws,groq-weak,60,2990.102,4.882,17
18,ws,groq-weak,61,3024.618,4.882,16
18,ws,groq-weak,62,3058.722,4.882,16
18,ws,groq-weak,63,3103.281,4.882,17
18,ws,groq-weak,64,3149.902,4.882,13
18,ws,groq-weak,65,3187.113,4.882,16
18,ws,groq-weak,66,3239.117,4.882,15
18,ws,groq-weak,67,3273.067,4.882,13
18,ws,groq-weak,68,3315.285,4.882,19
18,ws,groq-weak,69,3366.455,4.882,21
18,ws,groq-weak,70,3413.316,4.882,18
18,ws,groq-weak,71,3447.258,4.882,18
18,ws,groq-weak,72,3480.963,4.882,19
18,ws,groq-weak,73,3524.279,4.882,16
18,ws,groq-weak,74,3572.019,4.882,19
18,ws,groq-weak,75,3619.953,4.882,16
18,ws,groq-weak,76,3656.706,4.882,17
18,ws,groq-weak,77,3699.166,4.882,18
18,ws,groq-weak,78,3735.881,4.882,14
18,ws,groq-weak,79,3770.175,4.882,15
18,ws,groq-weak,80,3804.037,4.882,19
18,ws,groq-weak,81,3850.420,4.882,17
18,ws,groq-weak,82,3890.807,4.882,20
18,ws,groq-weak,83,3936.847,4.882,19
18,ws,groq-weak,84,3979.106,4.882,18
18,ws,groq-weak,85,4020.440,4.882,17
18,ws,groq-weak,86,4065.278,4.882,17
18,ws,groq-weak,87,4101.448,4.882,13
18,ws,groq-weak,88,4137.249,4.882,15
18,ws,groq-weak,89,4183.870,4.882,13
18,ws,groq-weak,90,4235.844,4.882,13
18,ws,groq-weak,91,4270.915,4.882,16
18,ws,groq-weak,92,4313.064,4.882,17
18,ws,groq-weak,93,4361.259,4.882,16
18,ws,groq-weak,94,4397.139,4.882,17
18,ws,groq-weak,95,4445.578,4.882,19
18,ws,groq-weak,96,4484.305,4.882,18
18,ws,groq-weak,97,4519.305,4.882,19
18,ws,groq-weak,98,4551.788,4.882,19
18,ws,groq-weak,99,4589.503,4.882,14
18,ws,groq-weak,100,4637.724,4.882,15
18,ws,groq-weak,101,4687.652,4.882,17
18,ws,groq-weak,102,4735.583,4.882,13
18,ws,groq-weak,103,4775.674,4.882,15
18,ws,groq-weak,104,4824.695,4.882,13
18,ws,groq-weak,105,4860.566,4.882,19
18,ws,groq-weak,106,4905.058,4.882,18
18,ws,groq-weak,107,4941.473,4.882,17
18,ws,groq-weak,108,4974.095,4.882,18
18,ws,groq-weak,109,5016.263,4.882,18
18,ws,groq-weak,110,5054.672,4.882,18
18,ws,groq-weak,111,5091.897,4.882,18
18,ws,groq-weak,112,5131.592,4.882,18
18,ws,groq-weak,113,5167.740,4.882,18
18,ws,groq-weak,114,5207.796,4.882,19
18,ws,groq-weak,115,5249.059,4.882,18
18,ws,groq-weak,116,5300.560,4.882,19
18,ws,groq-weak,117,5351.390,4.882,16
18,ws,groq-weak,118,5393.623,4.882,13
19,ws,groq-weak,0,493.649,4.650,14
19,ws,groq-weak,1,539.351,4.650,15
19,ws,groq-weak,2,575.091,4.650,18
19,ws,groq-weak,3,612.049,4.650,14
19,ws,groq-weak,4,659.430,4.650,13
19,ws,groq-weak,5,692.654,4.650,16
19,ws,groq-weak,6,734.066,4.650,21
19,ws,groq-weak,7,774.311,4.650,15
19,ws,groq-weak,8,825.897,4.650,15
19,ws,groq-weak,9,872.263,4.650,13
19,ws,groq-weak,10,902.937,4.650,17
19,ws,groq-weak,11,944.866,4.650,19
19,ws,groq-weak,12,984.734,4.650,18
19,ws,groq-weak,13,1036.521,4.650,18
19,ws,groq-weak,14,1079.394,4.650,18
19,ws,groq-weak,15,1114.186,4.650,17
19,ws,groq-weak,16,1146.940,4.650,14
19,ws,groq-weak,17,1179.893,4.650,16
19,ws,groq-weak,18,1221.398,4.650,14
19,ws,groq-weak,19,1265.346,4.650,16
19,ws,groq-weak,20,1311.485,4.650,15
19,ws,groq-weak,21,1353.590,4.650,15
19,ws,groq-weak,22,1392.476,4.650,15
19,ws,groq-weak,23,1438.414,4.650,16
19,ws,groq-weak,24,1472.895,4.650,17
19,ws,groq-weak,25,1510.599,4.650,13
19,ws,groq-weak,26,1557.446,4.650,15
19,ws,groq-weak,27,1605.445,4.650,13
19,ws,groq-weak,28,1652.322,4.650,13
19,ws,groq-weak,29,1695.423,4.650,17
19,ws,groq-weak,30,1734.849,4.650,19
19,ws,groq-weak,31,1767.503,4.650,17
19,ws,groq-weak,32,1815.735,4.650,21
19,ws,groq-weak,33,1858.907,4.650,19
19,ws,groq-weak,34,1906.560,4.650,19
19,ws,groq-weak,35,1942.359,4.650,18
19,ws,groq-weak,36,1978.741,4.650,17
19,ws,groq-weak,37,2019.925,4.650,18
19,ws,groq-weak,38,2071.872,4.650,15
19,ws,groq-weak,39,2104.625,4.650,15
19,ws,groq-weak,40,2139.939,4.650,16
19,ws,groq-weak,41,2184.999,4.650,20
19,ws,groq-weak,42,2218.336,4.650,14
19,ws,groq-weak,43,2264.247,4.650,16
19,ws,groq-weak,44,2303.237,4.650,14
19,ws,groq-weak,45,2343.272,4.650,16
19,ws,groq-weak,46,2392.398,4.650,15
19,ws,groq-weak,47,2425.133,4.650,15
19,ws,groq-weak,48,2462.482,4.650,14
19,ws,groq-weak,49,2497.731,4.650,16
19,ws,groq-weak,50,2549.505,4.650,19
19,ws,groq-weak,51,2590.237,4.650,15
19,ws,groq-weak,52,2635.585,4.650,17
19,ws,groq-weak,53,2681.778,4.650,18
19,ws,groq-weak,54,2719.578,4.650,13
19,ws,groq-weak,55,2763.373,4.650,14
19,ws,groq-weak,56,2813.898,4.650,19
19,ws,groq-weak,57,2847.528,4.650,13
19,ws,groq-weak,58,2897.894,4.650,13
19,ws,groq-weak,59,2949.099,4.650,17
19,ws,groq-weak,60,2987.412,4.650,13
19,ws,groq-weak,61,3038.904,4.650,15
19,ws,groq-weak,62,3075.932,4.650,13
19,ws,groq-weak,63,3127.450,4.650,13
19,ws,groq-weak,64,3176.597,4.650,19
19,ws,groq-weak,65,3219.021,4.650,17
19,ws,groq-weak,66,3270.019,4.650,18
19,ws,groq-weak,67,3302.887,4.650,13
19,ws,groq-weak,68,3337.620,4.650,14
19,ws,groq-weak,69,3382.173,4.650,16
19,ws,groq-weak,70,3427.812,4.650,19
19,ws,groq-weak,71,3465.310,4.650,18
19,ws,groq-weak,72,3510.826,4.650,19
19,ws,groq-weak,73,3548.117,4.650,14
19,ws,groq-weak,74,3588.155,4.650,16
19,ws,groq-weak,75,3628.747,4.650,14
19,ws,groq-weak,76,3670.815,4.650,14
19,ws,groq-weak,77,3709.035,4.650,16
19,ws,groq-weak,78,3757.440,4.650,14
19,ws,groq-weak,79,3809.073,4.650,16
19,ws,groq-weak,80,3846.818,4.650,15
19,ws,groq-weak,81,3896.236,4.650,15
19,ws,groq-weak,82,3930.152,4.650,15
19,ws,groq-weak,83,3981.177,4.650,16
19,ws,groq-weak,84,4027.788,4.650,17
19,ws,groq-weak,85,4067.029,4.650,14
19,ws,groq-weak,86,4103.059,4.650,16
19,ws,groq-weak,87,4148.711,4.650,19
19,ws,groq-weak,88,4197.724,4.650,17
19,ws,groq-weak,89,4241.495,4.650,19
19,ws,groq-weak,90,4280.040,4.650,15
19,ws,groq-weak,91,4317.471,4.650,18
19,ws,groq-weak,92,4367.869,4.650,16
19,ws,groq-weak,93,4417.084,4.650,18
19,ws,groq-weak,94,4461.476,4.650,20
19,ws,groq-weak,95,4497.584,4.650,18
19,ws,groq-weak,96,4538.169,4.650,19
19,ws,groq-weak,97,4572.259,4.650,13
19,ws,groq-weak,98,4607.554,4.650,19
19,ws,groq-weak,99,4640.989,4.650,18
19,ws,groq-weak,100,4678.889,4.650,20
19,ws,groq-weak,101,4721.184,4.650,13
19,ws,groq-weak,102,4767.855,4.650,16
19,ws,groq-weak,103,4802.310,4.650,21
19,ws,groq-weak,104,4842.429,4.650,16
19,ws,groq-weak,105,4887.406,4.650,16
19,ws,groq-weak,106,4935.261,4.650,20
19,ws,groq-weak,107,4977.628,4.650,20
19,ws,groq-weak,108,5013.539,4.650,17
19,ws,groq-weak,109,5048.385,4.650,20
19,ws,groq-weak,110,5088.803,4.650,18
19,ws,groq-weak,111,5123.152,4.650,19
19,ws,groq-weak,112,5171.595,4.650,17
19,ws,groq-weak,113,5206.955,4.650,20
19,ws,groq-weak,114,5248.682,4.650,18
19,ws,groq-weak,115,5285.167,4.650,18
19,ws,groq-weak,116,5329.027,4.650,14
19,ws,groq-weak,117,5379.090,4.650,15
19,ws,groq-weak,118,5421.382,4.650,20
19,ws,groq-weak,119,5461.050,4.650,14
19,ws,groq-weak,120,5509.180,4.650,15
19,ws,groq-weak,121,5545.579,4.650,18
19,ws,groq-weak,122,5593.337,4.650,16
19,ws,groq-weak,123,5636.421,4.650,17
19,ws,groq-weak,124,5686.177,4.650,19
19,ws,groq-weak,125,5722.115,4.650,19
19,ws,groq-weak,126,5770.808,4.650,17
19,ws,groq-weak,127,5814.089,4.650,19
19,ws,groq-weak,128,5862.473,4.650,19
19,ws,groq-weak,129,5896.225,4.650,19
19,ws,groq-weak,130,5945.457,4.650,17
19,ws,groq-weak,131,5986.272,4.650,19
19,ws,groq-weak,132,6034.315,4.650,18
19,ws,groq-weak,133,6078.554,4.650,18
19,ws,groq-weak,134,6114.236,4.650,17
19,ws,groq-weak,135,6154.188,4.650,19
19,ws,groq-weak,136,6194.742,4.650,16
19,ws,groq-weak,137,6239.513,4.650,13
