run_id,transport,mode,token_index,recv_ms,conn_setup_ms,bytes
0,sse,weak,0,243.505,6.165,16
0,sse,weak,1,278.720,6.165,19
0,sse,weak,2,322.252,6.165,16
0,sse,weak,3,364.943,6.165,19
0,sse,weak,4,408.026,6.165,16
0,sse,weak,5,440.146,6.165,17
0,sse,weak,6,490.980,6.165,19
0,sse,weak,7,523.692,6.165,17
0,sse,weak,8,563.019,6.165,19
0,sse,weak,9,610.317,6.165,21
0,sse,weak,10,650.584,6.165,19
0,sse,weak,11,695.118,6.165,18
0,sse,weak,12,726.878,6.165,17
0,sse,weak,13,769.611,6.165,18
0,sse,weak,14,803.677,6.165,19
0,sse,weak,15,838.550,6.165,20
0,sse,weak,16,878.325,6.165,17
0,sse,weak,17,915.391,6.165,18
0,sse,weak,18,952.223,6.165,13
0,sse,weak,19,984.750,6.165,16
0,sse,weak,20,1030.435,6.165,19
0,sse,weak,21,1063.442,6.165,13
0,sse,weak,22,1113.968,6.165,17
0,sse,weak,23,1160.167,6.165,16
0,sse,weak,24,1202.594,6.165,18
0,sse,weak,25,1238.355,6.165,17
0,sse,weak,26,1282.634,6.165,18
0,sse,weak,27,1314.376,6.165,19
0,sse,weak,28,1350.076,6.165,16
0,sse,weak,29,1399.266,6.165,17
0,sse,weak,30,1435.805,6.165,19
0,sse,weak,31,1482.070,6.165,17
0,sse,weak,32,1520.395,6.165,18
0,sse,weak,33,1568.837,6.165,17
0,sse,weak,34,1606.762,6.165,19
0,sse,weak,35,1640.969,6.165,17
0,sse,weak,36,1678.585,6.165,14
0,sse,weak,37,1713.030,6.165,14
0,sse,weak,38,1761.783,6.165,19
0,sse,weak,39,1804.230,6.165,16
0,sse,weak,40,1853.473,6.165,18
0,sse,weak,41,1891.628,6.165,18
0,sse,weak,42,1937.901,6.165,20
0,sse,weak,43,1985.707,6.165,19
0,sse,weak,44,2025.311,6.165,18
0,sse,weak,45,2062.715,6.165,18
0,sse,weak,46,2094.322,6.165,19
0,sse,weak,47,2127.110,6.165,16
0,sse,weak,48,2171.353,6.165,19
0,sse,weak,49,2217.732,6.165,16
0,sse,weak,50,2254.167,6.165,13
0,sse,weak,51,2291.929,6.165,16
0,sse,weak,52,2338.917,6.165,17
0,sse,weak,53,2371.083,6.165,17
0,sse,weak,54,2409.952,6.165,20
0,sse,weak,55,2455.320,6.165,18
0,sse,weak,56,2493.813,6.165,19
0,sse,weak,57,2526.357,6.165,20
0,sse,weak,58,2573.390,6.165,17
0,sse,weak,59,2620.261,6.165,21
0,sse,weak,60,2664.214,6.165,18
0,sse,weak,61,2711.523,6.165,17
0,sse,weak,62,2752.275,6.165,13
0,sse,weak,63,2784.574,6.165,14
0,sse,weak,64,2834.363,6.165,19
0,sse,weak,65,2876.424,6.165,18
0,sse,weak,66,2917.323,6.165,17
0,sse,weak,67,2949.725,6.165,13
0,sse,weak,68,2983.618,6.165,14
0,sse,weak,69,3032.520,6.165,13
0,sse,weak,70,3070.334,6.165,17
0,sse,weak,71,3111.775,6.165,17
0,sse,weak,72,3158.913,6.165,18
0,sse,weak,73,3209.635,6.165,18
0,sse,weak,74,3256.502,6.165,17
0,sse,weak,75,3301.315,6.165,16
0,sse,weak,76,3334.329,6.165,19
0,sse,weak,77,3378.746,6.165,18
0,sse,weak,78,3413.674,6.165,14
0,sse,weak,79,3449.671,6.165,16
0,sse,weak,80,3499.012,6.165,14
0,sse,weak,81,3545.599,6.165,13
0,sse,weak,82,3589.612,6.165,14
0,sse,weak,83,3640.048,6.165,18
0,sse,weak,84,3691.252,6.165,13
0,sse,weak,85,3738.125,6.165,14
0,sse,weak,86,3781.055,6.165,18
0,sse,weak,87,3812.291,6.165,16
0,sse,weak,88,3863.178,6.165,15
0,sse,weak,89,3909.407,6.165,13
0,sse,weak,90,3954.517,6.165,19
0,sse,weak,91,3988.993,6.165,19
0,sse,weak,92,4025.786,6.165,13
0,sse,weak,93,4064.798,6.165,16
0,sse,weak,94,4103.614,6.165,19
0,sse,weak,95,4145.236,6.165,14
0,sse,weak,96,4184.864,6.165,17
0,sse,weak,97,4216.654,6.165,14
0,sse,weak,98,4261.316,6.165,13
0,sse,weak,99,4301.667,6.165,16
0,sse,weak,100,4349.066,6.165,19
0,sse,weak,101,4385.515,6.165,14
0,sse,weak,102,4432.788,6.165,15
0,sse,weak,103,4466.456,6.165,18
0,sse,weak,104,4508.523,6.165,18
0,sse,weak,105,4544.934,6.165,16
0,sse,weak,106,4581.268,6.165,16
0,sse,weak,107,4618.310,6.165,16
0,sse,weak,108,4669.080,6.165,15
0,sse,weak,109,4706.576,6.165,15
0,sse,weak,110,4743.233,6.165,16
0,sse,weak,111,4780.086,6.165,14
0,sse,weak,112,4820.118,6.165,13
0,sse,weak,113,4870.531,6.165,14
0,sse,weak,114,4904.005,6.165,18
0,sse,weak,115,4941.203,6.165,13
0,sse,weak,116,4975.178,6.165,13
0,sse,weak,117,5025.744,6.165,18
0,sse,weak,118,5070.857,6.165,16
0,sse,weak,119,5120.075,6.165,15
0,sse,weak,120,5166.370,6.165,13
0,sse,weak,121,5201.244,6.165,19
0,sse,weak,122,5248.492,6.165,16
0,sse,weak,123,5297.517,6.165,14
0,sse,weak,124,5333.002,6.165,14
0,sse,weak,125,5374.278,6.165,14
0,sse,weak,126,5419.385,6.165,19
0,sse,weak,127,5460.827,6.165,14
0,sse,weak,128,5497.387,6.165,17
0,sse,weak,129,5541.851,6.165,17
0,sse,weak,130,5580.564,6.165,17
0,sse,weak,131,5624.028,6.165,18
0,sse,weak,132,5661.711,6.165,16
0,sse,weak,133,5698.780,6.165,16
0,sse,weak,134,5744.569,6.165,16
0,sse,weak,135,5794.548,6.165,18
0,sse,weak,136,5834.236,6.165,13
0,sse,weak,137,5883.995,6.165,16
0,sse,weak,138,5915.714,6.165,15
0,sse,weak,139,5956.892,6.165,15
0,sse,weak,140,5999.620,6.165,16
0,sse,weak,141,6034.258,6.165,13
0,sse,weak,142,6074.131,6.165,16
0,sse,weak,143,6120.197,6.165,19
0,sse,weak,144,6161.313,6.165,17
0,sse,weak,145,6210.445,6.165,17
0,sse,weak,146,6243.213,6.165,15
0,sse,weak,147,6292.820,6.165,13
0,sse,weak,148,6334.795,6.165,17
0,sse,weak,149,6369.884,6.165,13
0,sse,weak,150,6415.850,6.165,14
0,sse,weak,151,6447.490,6.165,18
0,sse,weak,152,6481.429,6.165,13
0,sse,weak,153,6521.984,6.165,19
0,sse,weak,154,6560.624,6.165,17
0,sse,weak,155,6606.107,6.165,18
0,sse,weak,156,6654.604,6.165,17
0,sse,weak,157,6696.986,6.165,19
0,sse,weak,158,6748.178,6.165,18
0,sse,weak,159,6785.472,6.165,19
0,sse,weak,160,6835.065,6.165,17
0,sse,weak,161,6873.650,6.165,19
0,sse,weak,162,6909.564,6.165,20
0,sse,weak,163,6943.415,6.165,17
0,sse,weak,164,6983.596,6.165,13
0,sse,weak,165,7023.698,6.165,18
0,sse,weak,166,7068.852,6.165,16
0,sse,weak,167,7118.327,6.165,21
0,sse,weak,168,7169.315,6.165,18
0,sse,weak,169,7202.336,6.165,17
0,sse,weak,170,7239.915,6.165,13
0,sse,weak,171,7277.928,6.165,14
0,sse,weak,172,7328.215,6.165,13
1,sse,weak,0,238.502,13.912,15
1,sse,weak,1,271.358,13.912,16
1,sse,weak,2,303.650,13.912,20
1,sse,weak,3,350.552,13.912,14
1,sse,weak,4,383.394,13.912,17
1,sse,weak,5,424.581,13.912,15
1,sse,weak,6,470.088,13.912,17
1,sse,weak,7,519.448,13.912,17
1,sse,weak,8,567.853,13.912,13
1,sse,weak,9,600.521,13.912,15
1,sse,weak,10,636.985,13.912,21
1,sse,weak,11,683.122,13.912,16
1,sse,weak,12,723.826,13.912,16
1,sse,weak,13,771.515,13.912,15
1,sse,weak,14,821.840,13.912,21
1,sse,weak,15,859.750,13.912,16
1,sse,weak,16,895.387,13.912,17
1,sse,weak,17,944.387,13.912,13
1,sse,weak,18,981.435,13.912,13
1,sse,weak,19,1021.022,13.912,18
1,sse,weak,20,1057.642,13.912,18
1,sse,weak,21,1092.523,13.912,20
1,sse,weak,22,1138.971,13.912,17
1,sse,weak,23,1184.921,13.912,18
1,sse,weak,24,1216.256,13.912,19
1,sse,weak,25,1252.943,13.912,18
1,sse,weak,26,1286.757,13.912,16
1,sse,weak,27,1327.557,13.912,15
1,sse,weak,28,1368.034,13.912,13
1,sse,weak,29,1414.530,13.912,19
1,sse,weak,30,1447.964,13.912,15
1,sse,weak,31,1482.595,13.912,14
1,sse,weak,32,1528.310,13.912,17
1,sse,weak,33,1570.657,13.912,15
1,sse,weak,34,1612.695,13.912,16
1,sse,weak,35,1653.303,13.912,16
1,sse,weak,36,1698.348,13.912,15
1,sse,weak,37,1739.777,13.912,13
1,sse,weak,38,1774.503,13.912,19
1,sse,weak,39,1820.226,13.912,19
1,sse,weak,40,1869.099,13.912,14
1,sse,weak,41,1902.060,13.912,15
1,sse,weak,42,1952.461,13.912,19
1,sse,weak,43,1985.695,13.912,14
1,sse,weak,44,2031.252,13.912,16
1,sse,weak,45,2067.265,13.912,18
1,sse,weak,46,2099.136,13.912,17
1,sse,weak,47,2133.812,13.912,21
1,sse,weak,48,2174.068,13.912,17
1,sse,weak,49,2215.316,13.912,13
1,sse,weak,50,2257.334,13.912,15
1,sse,weak,51,2294.957,13.912,13
1,sse,weak,52,2333.684,13.912,19
1,sse,weak,53,2368.373,13.912,20
1,sse,weak,54,2405.398,13.912,17
1,sse,weak,55,2449.855,13.912,17
1,sse,weak,56,2483.925,13.912,18
1,sse,weak,57,2523.504,13.912,16
1,sse,weak,58,2556.363,13.912,18
1,sse,weak,59,2601.113,13.912,17
1,sse,weak,60,2646.023,13.912,20
1,sse,weak,61,2696.528,13.912,13
1,sse,weak,62,2729.939,13.912,18
1,sse,weak,63,2769.062,13.912,21
1,sse,weak,64,2803.998,13.912,19
1,sse,weak,65,2853.439,13.912,17
1,sse,weak,66,2894.238,13.912,17
1,sse,weak,67,2928.167,13.912,13
1,sse,weak,68,2971.370,13.912,20
1,sse,weak,69,3017.055,13.912,17
1,sse,weak,70,3065.646,13.912,16
1,sse,weak,71,3107.982,13.912,17
1,sse,weak,72,3157.496,13.912,17
1,sse,weak,73,3189.512,13.912,18
1,sse,weak,74,3230.614,13.912,15
1,sse,weak,75,3273.064,13.912,17
1,sse,weak,76,3322.750,13.912,19
1,sse,weak,77,3360.521,13.912,16
1,sse,weak,78,3410.219,13.912,19
1,sse,weak,79,3454.931,13.912,19
1,sse,weak,80,3492.761,13.912,13
1,sse,weak,81,3543.296,13.912,17
1,sse,weak,82,3594.370,13.912,13
1,sse,weak,83,3637.668,13.912,15
1,sse,weak,84,3680.761,13.912,13
1,sse,weak,85,3715.868,13.912,18
1,sse,weak,86,3751.083,13.912,18
1,sse,weak,87,3794.503,13.912,21
1,sse,weak,88,3837.484,13.912,18
1,sse,weak,89,3878.933,13.912,17
1,sse,weak,90,3911.718,13.912,20
1,sse,weak,91,3951.469,13.912,17
1,sse,weak,92,3988.911,13.912,18
1,sse,weak,93,4039.848,13.912,19
1,sse,weak,94,4074.430,13.912,18
1,sse,weak,95,4122.665,13.912,21
1,sse,weak,96,4166.758,13.912,16
1,sse,weak,97,4212.739,13.912,17
1,sse,weak,98,4249.156,13.912,13
1,sse,weak,99,4299.683,13.912,13
1,sse,weak,100,4347.659,13.912,18
1,sse,weak,101,4397.860,13.912,15
1,sse,weak,102,4440.696,13.912,15
1,sse,weak,103,4481.354,13.912,18
1,sse,weak,104,4522.005,13.912,18
1,sse,weak,105,4563.489,13.912,15
1,sse,weak,106,4598.989,13.912,14
1,sse,weak,107,4631.687,13.912,14
1,sse,weak,108,4678.583,13.912,16
1,sse,weak,109,4728.926,13.912,14
1,sse,weak,110,4763.332,13.912,13
1,sse,weak,111,4798.566,13.912,16
1,sse,weak,112,4843.201,13.912,14
1,sse,weak,113,4892.817,13.912,17
1,sse,weak,114,4932.293,13.912,15
1,sse,weak,115,4966.737,13.912,17
1,sse,weak,116,5012.303,13.912,14
1,sse,weak,117,5048.013,13.912,17
1,sse,weak,118,5094.981,13.912,19
1,sse,weak,119,5127.879,13.912,18
1,sse,weak,120,5170.966,13.912,18
1,sse,weak,121,5217.866,13.912,19
1,sse,weak,122,5257.620,13.912,18
1,sse,weak,123,5289.843,13.912,22
1,sse,weak,124,5329.924,13.912,18
1,sse,weak,125,5362.136,13.912,14
1,sse,weak,126,5396.341,13.912,16
1,sse,weak,127,5436.476,13.912,13
1,sse,weak,128,5484.660,13.912,16
1,sse,weak,129,5522.533,13.912,18
1,sse,weak,130,5555.081,13.912,17
1,sse,weak,131,5594.928,13.912,22
1,sse,weak,132,5631.206,13.912,18
1,sse,weak,133,5667.323,13.912,19
1,sse,weak,134,5700.990,13.912,13
1,sse,weak,135,5740.073,13.912,18
1,sse,weak,136,5779.285,13.912,19
1,sse,weak,137,5815.735,13.912,20
1,sse,weak,138,5864.444,13.912,18
1,sse,weak,139,5908.712,13.912,16
1,sse,weak,140,5951.525,13.912,18
1,sse,weak,141,5998.569,13.912,18
1,sse,weak,142,6047.051,13.912,18
1,sse,weak,143,6094.985,13.912,18
1,sse,weak,144,6139.145,13.912,19
1,sse,weak,145,6173.382,13.912,17
1,sse,weak,146,6216.056,13.912,14
1,sse,weak,147,6266.104,13.912,14
1,sse,weak,148,6307.984,13.912,18
1,sse,weak,149,6341.525,13.912,13
1,sse,weak,150,6380.076,13.912,20
1,sse,weak,151,6430.007,13.912,20
1,sse,weak,152,6479.577,13.912,14
1,sse,weak,153,6526.269,13.912,17
1,sse,weak,154,6568.616,13.912,15
1,sse,weak,155,6619.333,13.912,17
1,sse,weak,156,6669.195,13.912,17
1,sse,weak,157,6711.972,13.912,13
1,sse,weak,158,6757.221,13.912,15
1,sse,weak,159,6792.636,13.912,15
1,sse,weak,160,6831.127,13.912,21
1,sse,weak,161,6864.231,13.912,16
1,sse,weak,162,6895.621,13.912,17
1,sse,weak,163,6935.780,13.912,13
1,sse,weak,164,6971.488,13.912,18
1,sse,weak,165,7012.498,13.912,19
1,sse,weak,166,7050.155,13.912,13
1,sse,weak,167,7087.430,13.912,19
1,sse,weak,168,7137.973,13.912,18
1,sse,weak,169,7175.745,13.912,18
1,sse,weak,170,7219.769,13.912,17
1,sse,weak,171,7266.704,13.912,15
1,sse,weak,172,7309.225,13.912,19
1,sse,weak,173,7348.061,13.912,16
1,sse,weak,174,7397.865,13.912,18
1,sse,weak,175,7436.255,13.912,19
1,sse,weak,176,7485.996,13.912,19
1,sse,weak,177,7524.014,13.912,21
1,sse,weak,178,7562.262,13.912,16
1,sse,weak,179,7604.377,13.912,19
1,sse,weak,180,7653.073,13.912,20
1,sse,weak,181,7703.853,13.912,15
1,sse,weak,182,7752.032,13.912,16
1,sse,weak,183,7791.471,13.912,16
1,sse,weak,184,7834.687,13.912,20
1,sse,weak,185,7871.284,13.912,21
1,sse,weak,186,7917.912,13.912,18
1,sse,weak,187,7965.630,13.912,18
1,sse,weak,188,8012.629,13.912,17
1,sse,weak,189,8043.828,13.912,16
1,sse,weak,190,8081.834,13.912,19
1,sse,weak,191,8131.254,13.912,20
1,sse,weak,192,8179.606,13.912,17
1,sse,weak,193,8225.854,13.912,13
2,sse,weak,0,218.554,13.123,13
2,sse,weak,1,265.281,13.123,14
2,sse,weak,2,308.840,13.123,16
2,sse,weak,3,343.522,13.123,14
2,sse,weak,4,379.368,13.123,16
2,sse,weak,5,420.191,13.123,16
2,sse,weak,6,455.648,13.123,18
2,sse,weak,7,487.445,13.123,18
2,sse,weak,8,527.585,13.123,20
2,sse,weak,9,572.978,13.123,17
2,sse,weak,10,614.342,13.123,16
2,sse,weak,11,660.728,13.123,18
2,sse,weak,12,692.415,13.123,20
2,sse,weak,13,739.517,13.123,19
2,sse,weak,14,782.543,13.123,18
2,sse,weak,15,815.480,13.123,19
2,sse,weak,16,848.932,13.123,16
2,sse,weak,17,898.675,13.123,13
2,sse,weak,18,948.192,13.123,16
2,sse,weak,19,997.688,13.123,17
2,sse,weak,20,1038.173,13.123,17
2,sse,weak,21,1084.093,13.123,18
2,sse,weak,22,1123.328,13.123,19
2,sse,weak,23,1157.649,13.123,19
2,sse,weak,24,1208.763,13.123,19
2,sse,weak,25,1254.110,13.123,19
2,sse,weak,26,1287.470,13.123,16
2,sse,weak,27,1324.223,13.123,17
2,sse,weak,28,1368.344,13.123,20
2,sse,weak,29,1402.133,13.123,18
2,sse,weak,30,1450.990,13.123,18
2,sse,weak,31,1484.666,13.123,19
2,sse,weak,32,1531.226,13.123,17
2,sse,weak,33,1567.320,13.123,17
2,sse,weak,34,1605.715,13.123,14
2,sse,weak,35,1638.039,13.123,15
2,sse,weak,36,1676.949,13.123,14
2,sse,weak,37,1723.832,13.123,14
2,sse,weak,38,1762.158,13.123,16
2,sse,weak,39,1804.084,13.123,20
2,sse,weak,40,1844.600,13.123,18
2,sse,weak,41,1888.795,13.123,19
2,sse,weak,42,1920.592,13.123,13
2,sse,weak,43,1964.186,13.123,17
2,sse,weak,44,2003.495,13.123,19
2,sse,weak,45,2045.275,13.123,18
2,sse,weak,46,2079.644,13.123,17
2,sse,weak,47,2127.460,13.123,13
2,sse,weak,48,2162.110,13.123,14
2,sse,weak,49,2206.420,13.123,13
3,sse,weak,0,252.820,12.859,14
3,sse,weak,1,286.893,12.859,16
3,sse,weak,2,334.974,12.859,18
3,sse,weak,3,384.107,12.859,13
3,sse,weak,4,433.982,12.859,17
3,sse,weak,5,477.765,12.859,21
3,sse,weak,6,519.798,12.859,14
3,sse,weak,7,564.977,12.859,15
3,sse,weak,8,601.659,12.859,13
3,sse,weak,9,652.761,12.859,13
3,sse,weak,10,695.920,12.859,15
3,sse,weak,11,745.026,12.859,13
3,sse,weak,12,779.868,12.859,13
3,sse,weak,13,820.104,12.859,16
3,sse,weak,14,854.581,12.859,16
3,sse,weak,15,895.167,12.859,15
3,sse,weak,16,942.794,12.859,13
3,sse,weak,17,978.625,12.859,19
3,sse,weak,18,1028.597,12.859,19
3,sse,weak,19,1070.113,12.859,18
3,sse,weak,20,1101.140,12.859,18
3,sse,weak,21,1140.146,12.859,18
3,sse,weak,22,1178.582,12.859,19
3,sse,weak,23,1226.387,12.859,18
3,sse,weak,24,1269.999,12.859,19
3,sse,weak,25,1316.266,12.859,16
3,sse,weak,26,1351.256,12.859,13
3,sse,weak,27,1397.435,12.859,18
3,sse,weak,28,1447.459,12.859,16
3,sse,weak,29,1494.300,12.859,19
3,sse,weak,30,1539.302,12.859,17
3,sse,weak,31,1579.883,12.859,16
3,sse,weak,32,1613.545,12.859,19
3,sse,weak,33,1650.981,12.859,16
3,sse,weak,34,1686.432,12.859,17
3,sse,weak,35,1720.146,12.859,19
3,sse,weak,36,1771.254,12.859,16
3,sse,weak,37,1806.655,12.859,17
3,sse,weak,38,1853.790,12.859,20
3,sse,weak,39,1893.209,12.859,19
3,sse,weak,40,1933.548,12.859,16
3,sse,weak,41,1967.359,12.859,18
3,sse,weak,42,2001.349,12.859,20
3,sse,weak,43,2035.293,12.859,20
3,sse,weak,44,2071.743,12.859,17
3,sse,weak,45,2105.388,12.859,18
3,sse,weak,46,2136.986,12.859,19
3,sse,weak,47,2170.013,12.859,18
3,sse,weak,48,2204.876,12.859,16
3,sse,weak,49,2254.500,12.859,17
3,sse,weak,50,2293.864,12.859,14
3,sse,weak,51,2332.413,12.859,17
3,sse,weak,52,2368.989,12.859,16
3,sse,weak,53,2410.525,12.859,17
3,sse,weak,54,2459.006,12.859,16
3,sse,weak,55,2502.736,12.859,16
3,sse,weak,56,2534.161,12.859,14
3,sse,weak,57,2572.022,12.859,15
3,sse,weak,58,2609.181,12.859,19
3,sse,weak,59,2655.189,12.859,17
3,sse,weak,60,2703.213,12.859,14
3,sse,weak,61,2736.930,12.859,14
3,sse,weak,62,2769.856,12.859,21
3,sse,weak,63,2816.692,12.859,21
3,sse,weak,64,2857.105,12.859,19
3,sse,weak,65,2899.200,12.859,18
3,sse,weak,66,2931.126,12.859,17
3,sse,weak,67,2971.512,12.859,17
3,sse,weak,68,3017.181,12.859,13
3,sse,weak,69,3052.624,12.859,15
3,sse,weak,70,3093.642,12.859,13
3,sse,weak,71,3141.725,12.859,16
3,sse,weak,72,3179.493,12.859,16
3,sse,weak,73,3222.772,12.859,16
3,sse,weak,74,3262.920,12.859,17
3,sse,weak,75,3300.783,12.859,17
3,sse,weak,76,3342.367,12.859,18
3,sse,weak,77,3385.390,12.859,16
3,sse,weak,78,3435.234,12.859,20
3,sse,weak,79,3483.050,12.859,18
3,sse,weak,80,3533.851,12.859,16
3,sse,weak,81,3572.368,12.859,15
3,sse,weak,82,3620.942,12.859,13
3,sse,weak,83,3664.496,12.859,19
3,sse,weak,84,3700.315,12.859,18
3,sse,weak,85,3747.872,12.859,13
3,sse,weak,86,3783.743,12.859,16
3,sse,weak,87,3816.567,12.859,16
3,sse,weak,88,3859.249,12.859,17
3,sse,weak,89,3905.054,12.859,17
3,sse,weak,90,3942.403,12.859,17
3,sse,weak,91,3982.826,12.859,17
3,sse,weak,92,4024.289,12.859,19
3,sse,weak,93,4059.550,12.859,18
3,sse,weak,94,4101.705,12.859,13
3,sse,weak,95,4144.606,12.859,17
3,sse,weak,96,4189.390,12.859,21
3,sse,weak,97,4235.931,12.859,19
3,sse,weak,98,4275.436,12.859,18
3,sse,weak,99,4323.827,12.859,18
3,sse,weak,100,4372.673,12.859,16
3,sse,weak,101,4408.084,12.859,16
3,sse,weak,102,4447.002,12.859,19
3,sse,weak,103,4487.427,12.859,16
3,sse,weak,104,4536.703,12.859,19
3,sse,weak,105,4579.773,12.859,16
3,sse,weak,106,4629.864,12.859,18
3,sse,weak,107,4669.847,12.859,19
3,sse,weak,108,4703.615,12.859,20
3,sse,weak,109,4736.389,12.859,19
3,sse,weak,110,4769.176,12.859,18
3,sse,weak,111,4805.152,12.859,18
3,sse,weak,112,4847.511,12.859,17
3,sse,weak,113,4895.142,12.859,19
3,sse,weak,114,4926.338,12.859,18
3,sse,weak,115,4976.969,12.859,17
3,sse,weak,116,5008.617,12.859,13
3,sse,weak,117,5042.249,12.859,14
3,sse,weak,118,5091.884,12.859,13
4,sse,weak,0,284.413,18.736,16
4,sse,weak,1,334.852,18.736,19
4,sse,weak,2,379.136,18.736,18
4,sse,weak,3,414.964,18.736,17
4,sse,weak,4,449.555,18.736,19
4,sse,weak,5,485.109,18.736,19
4,sse,weak,6,523.415,18.736,16
4,sse,weak,7,555.350,18.736,17
4,sse,weak,8,602.697,18.736,18
4,sse,weak,9,641.835,18.736,21
4,sse,weak,10,680.894,18.736,17
4,sse,weak,11,715.913,18.736,18
4,sse,weak,12,751.093,18.736,18
4,sse,weak,13,795.923,18.736,21
4,sse,weak,14,827.685,18.736,15
4,sse,weak,15,859.986,18.736,15
4,sse,weak,16,899.630,18.736,13
4,sse,weak,17,936.302,18.736,16
4,sse,weak,18,968.111,18.736,19
4,sse,weak,19,1014.788,18.736,13
4,sse,weak,20,1056.063,18.736,16
4,sse,weak,21,1100.803,18.736,18
4,sse,weak,22,1146.745,18.736,18
4,sse,weak,23,1178.264,18.736,18
4,sse,weak,24,1216.941,18.736,17
4,sse,weak,25,1264.604,18.736,19
4,sse,weak,26,1296.395,18.736,18
4,sse,weak,27,1331.525,18.736,18
4,sse,weak,28,1374.786,18.736,21
4,sse,weak,29,1421.368,18.736,15
4,sse,weak,30,1459.123,18.736,15
4,sse,weak,31,1495.174,18.736,14
4,sse,weak,32,1531.443,18.736,13
4,sse,weak,33,1566.378,18.736,15
4,sse,weak,34,1603.889,18.736,18
4,sse,weak,35,1650.734,18.736,16
4,sse,weak,36,1691.222,18.736,21
4,sse,weak,37,1729.555,18.736,15
4,sse,weak,38,1767.186,18.736,15
4,sse,weak,39,1805.646,18.736,13
4,sse,weak,40,1843.222,18.736,14
4,sse,weak,41,1884.750,18.736,17
4,sse,weak,42,1931.693,18.736,16
4,sse,weak,43,1969.262,18.736,18
4,sse,weak,44,2017.719,18.736,13
4,sse,weak,45,2061.478,18.736,13
4,sse,weak,46,2093.665,18.736,18
4,sse,weak,47,2128.050,18.736,16
4,sse,weak,48,2172.666,18.736,15
4,sse,weak,49,2214.057,18.736,13
4,sse,weak,50,2262.643,18.736,21
4,sse,weak,51,2308.950,18.736,18
4,sse,weak,52,2353.762,18.736,19
4,sse,weak,53,2396.120,18.736,17
4,sse,weak,54,2443.154,18.736,19
4,sse,weak,55,2492.547,18.736,16
4,sse,weak,56,2542.784,18.736,17
4,sse,weak,57,2592.673,18.736,14
4,sse,weak,58,2628.349,18.736,15
4,sse,weak,59,2660.171,18.736,18
4,sse,weak,60,2704.349,18.736,21
4,sse,weak,61,2737.275,18.736,15
4,sse,weak,62,2772.224,18.736,15
4,sse,weak,63,2822.609,18.736,17
4,sse,weak,64,2860.821,18.736,18
4,sse,weak,65,2897.679,18.736,19
4,sse,weak,66,2936.234,18.736,18
4,sse,weak,67,2980.363,18.736,19
4,sse,weak,68,3016.908,18.736,19
4,sse,weak,69,3054.514,18.736,16
4,sse,weak,70,3087.542,18.736,17
4,sse,weak,71,3136.309,18.736,17
4,sse,weak,72,3170.823,18.736,13
4,sse,weak,73,3207.491,18.736,15
4,sse,weak,74,3240.967,18.736,13
4,sse,weak,75,3273.772,18.736,20
4,sse,weak,76,3305.540,18.736,18
4,sse,weak,77,3356.274,18.736,18
4,sse,weak,78,3407.118,18.736,14
4,sse,weak,79,3455.762,18.736,15
4,sse,weak,80,3491.158,18.736,20
4,sse,weak,81,3532.883,18.736,14
4,sse,weak,82,3568.921,18.736,15
4,sse,weak,83,3606.241,18.736,18
4,sse,weak,84,3656.327,18.736,13
4,sse,weak,85,3689.462,18.736,14
4,sse,weak,86,3735.463,18.736,15
4,sse,weak,87,3770.529,18.736,19
4,sse,weak,88,3809.292,18.736,13
4,sse,weak,89,3856.309,18.736,13
4,sse,weak,90,3891.578,18.736,13
4,sse,weak,91,3927.767,18.736,15
4,sse,weak,92,3964.593,18.736,13
4,sse,weak,93,4010.073,18.736,13
4,sse,weak,94,4054.941,18.736,17
4,sse,weak,95,4102.992,18.736,17
4,sse,weak,96,4138.734,18.736,19
4,sse,weak,97,4170.248,18.736,19
4,sse,weak,98,4208.593,18.736,18
4,sse,weak,99,4250.027,18.736,19
4,sse,weak,100,4293.168,18.736,18
4,sse,weak,101,4337.225,18.736,18
4,sse,weak,102,4369.299,18.736,14
4,sse,weak,103,4419.958,18.736,15
4,sse,weak,104,4467.763,18.736,16
4,sse,weak,105,4517.430,18.736,13
4,sse,weak,106,4555.572,18.736,19
4,sse,weak,107,4604.742,18.736,19
4,sse,weak,108,4646.396,18.736,18
4,sse,weak,109,4688.672,18.736,14
4,sse,weak,110,4729.954,18.736,13
4,sse,weak,111,4774.668,18.736,17
4,sse,weak,112,4825.623,18.736,20
4,sse,weak,113,4863.550,18.736,15
4,sse,weak,114,4905.957,18.736,15
4,sse,weak,115,4948.864,18.736,14
4,sse,weak,116,4981.224,18.736,17
4,sse,weak,117,5019.713,18.736,16
4,sse,weak,118,5060.857,18.736,18
4,sse,weak,119,5109.951,18.736,21
4,sse,weak,120,5151.111,18.736,14
4,sse,weak,121,5198.999,18.736,15
4,sse,weak,122,5247.299,18.736,18
4,sse,weak,123,5283.557,18.736,20
4,sse,weak,124,5323.145,18.736,17
4,sse,weak,125,5370.655,18.736,18
4,sse,weak,126,5414.207,18.736,16
4,sse,weak,127,5463.823,18.736,18
4,sse,weak,128,5506.169,18.736,21
4,sse,weak,129,5539.510,18.736,15
4,sse,weak,130,5587.914,18.736,18
4,sse,weak,131,5619.655,18.736,15
4,sse,weak,132,5656.582,18.736,16
4,sse,weak,133,5693.508,18.736,14
4,sse,weak,134,5730.758,18.736,16
4,sse,weak,135,5776.682,18.736,16
4,sse,weak,136,5810.500,18.736,19
4,sse,weak,137,5842.303,18.736,18
4,sse,weak,138,5889.443,18.736,17
4,sse,weak,139,5939.483,18.736,14
4,sse,weak,140,5987.776,18.736,16
4,sse,weak,141,6024.700,18.736,18
4,sse,weak,142,6065.092,18.736,18
4,sse,weak,143,6098.372,18.736,17
4,sse,weak,144,6134.028,18.736,13
4,sse,weak,145,6171.555,18.736,18
4,sse,weak,146,6213.169,18.736,21
4,sse,weak,147,6253.377,18.736,18
4,sse,weak,148,6294.596,18.736,16
4,sse,weak,149,6327.002,18.736,15
4,sse,weak,150,6377.827,18.736,14
4,sse,weak,151,6411.980,18.736,16
4,sse,weak,152,6458.517,18.736,17
4,sse,weak,153,6500.197,18.736,18
4,sse,weak,154,6548.306,18.736,18
4,sse,weak,155,6593.185,18.736,15
4,sse,weak,156,6630.421,18.736,17
4,sse,weak,157,6678.170,18.736,19
4,sse,weak,158,6721.106,18.736,18
4,sse,weak,159,6758.861,18.736,19
4,sse,weak,160,6790.438,18.736,18
4,sse,weak,161,6840.850,18.736,18
4,sse,weak,162,6884.686,18.736,19
4,sse,weak,163,6916.687,18.736,14
4,sse,weak,164,6964.937,18.736,15
4,sse,weak,165,6999.141,18.736,18
4,sse,weak,166,7044.126,18.736,16
4,sse,weak,167,7079.556,18.736,18
4,sse,weak,168,7117.247,18.736,19
4,sse,weak,169,7154.146,18.736,18
4,sse,weak,170,7186.019,18.736,18
4,sse,weak,171,7236.451,18.736,20
4,sse,weak,172,7268.746,18.736,20
4,sse,weak,173,7304.504,18.736,20
4,sse,weak,174,7344.661,18.736,17
4,sse,weak,175,7393.746,18.736,20
4,sse,weak,176,7438.898,18.736,19
4,sse,weak,177,7470.955,18.736,18
4,sse,weak,178,7510.924,18.736,21
4,sse,weak,179,7552.714,18.736,19
4,sse,weak,180,7588.461,18.736,16
4,sse,weak,181,7626.173,18.736,20
4,sse,weak,182,7669.607,18.736,18
4,sse,weak,183,7702.548,18.736,18
4,sse,weak,184,7743.285,18.736,14
4,sse,weak,185,7782.907,18.736,15
4,sse,weak,186,7816.518,18.736,20
4,sse,weak,187,7866.909,18.736,13
5,sse,weak,0,295.604,12.724,16
5,sse,weak,1,340.882,12.724,19
5,sse,weak,2,384.073,12.724,18
5,sse,weak,3,429.532,12.724,17
5,sse,weak,4,461.293,12.724,20
5,sse,weak,5,511.141,12.724,19
5,sse,weak,6,555.141,12.724,17
5,sse,weak,7,592.854,12.724,17
5,sse,weak,8,627.666,12.724,19
5,sse,weak,9,669.998,12.724,21
5,sse,weak,10,715.946,12.724,19
5,sse,weak,11,751.224,12.724,18
5,sse,weak,12,784.942,12.724,17
5,sse,weak,13,831.470,12.724,17
5,sse,weak,14,872.696,12.724,17
5,sse,weak,15,922.251,12.724,13
5,sse,weak,16,965.864,12.724,18
5,sse,weak,17,1012.870,12.724,18
5,sse,weak,18,1054.550,12.724,18
5,sse,weak,19,1104.396,12.724,19
5,sse,weak,20,1137.983,12.724,16
5,sse,weak,21,1187.707,12.724,16
5,sse,weak,22,1222.646,12.724,19
5,sse,weak,23,1267.493,12.724,17
5,sse,weak,24,1310.140,12.724,17
5,sse,weak,25,1344.270,12.724,19
5,sse,weak,26,1381.573,12.724,17
5,sse,weak,27,1428.394,12.724,18
5,sse,weak,28,1466.438,12.724,17
5,sse,weak,29,1506.722,12.724,19
5,sse,weak,30,1549.287,12.724,13
5,sse,weak,31,1582.408,12.724,17
5,sse,weak,32,1614.715,12.724,16
5,sse,weak,33,1657.234,12.724,18
5,sse,weak,34,1699.577,12.724,17
5,sse,weak,35,1734.186,12.724,18
5,sse,weak,36,1768.883,12.724,18
5,sse,weak,37,1817.475,12.724,17
5,sse,weak,38,1849.369,12.724,19
5,sse,weak,39,1882.781,12.724,16
5,sse,weak,40,1922.011,12.724,18
5,sse,weak,41,1972.573,12.724,16
5,sse,weak,42,2009.743,12.724,17
5,sse,weak,43,2056.776,12.724,19
5,sse,weak,44,2104.009,12.724,17
5,sse,weak,45,2153.044,12.724,20
5,sse,weak,46,2189.298,12.724,18
5,sse,weak,47,2230.454,12.724,17
5,sse,weak,48,2265.478,12.724,19
5,sse,weak,49,2316.202,12.724,17
5,sse,weak,50,2348.238,12.724,13
6,sse,weak,0,285.095,13.796,15
6,sse,weak,1,322.315,13.796,16
6,sse,weak,2,363.222,13.796,20
6,sse,weak,3,413.034,13.796,14
6,sse,weak,4,457.679,13.796,17
6,sse,weak,5,494.504,13.796,15
6,sse,weak,6,540.110,13.796,17
6,sse,weak,7,586.017,13.796,17
6,sse,weak,8,636.032,13.796,13
6,sse,weak,9,675.890,13.796,15
6,sse,weak,10,708.985,13.796,15
6,sse,weak,11,745.932,13.796,16
6,sse,weak,12,790.672,13.796,15
6,sse,weak,13,829.184,13.796,15
6,sse,weak,14,877.721,13.796,13
6,sse,weak,15,916.877,13.796,16
6,sse,weak,16,962.957,13.796,18
6,sse,weak,17,997.750,13.796,17
6,sse,weak,18,1037.196,13.796,18
6,sse,weak,19,1078.790,13.796,17
6,sse,weak,20,1122.788,13.796,16
6,sse,weak,21,1168.477,13.796,19
6,sse,weak,22,1218.381,13.796,18
6,sse,weak,23,1258.141,13.796,21
6,sse,weak,24,1303.480,13.796,19
6,sse,weak,25,1348.277,13.796,16
6,sse,weak,26,1391.192,13.796,13
6,sse,weak,27,1427.246,13.796,18
6,sse,weak,28,1468.789,13.796,19
6,sse,weak,29,1502.317,13.796,19
6,sse,weak,30,1549.275,13.796,20
6,sse,weak,31,1592.801,13.796,17
6,sse,weak,32,1643.036,13.796,13
7,sse,weak,0,228.362,13.143,13
7,sse,weak,1,275.357,13.143,14
7,sse,weak,2,325.136,13.143,16
7,sse,weak,3,359.155,13.143,14
7,sse,weak,4,402.797,13.143,16
7,sse,weak,5,441.989,13.143,16
7,sse,weak,6,484.802,13.143,18
7,sse,weak,7,535.073,13.143,17
7,sse,weak,8,576.422,13.143,16
7,sse,weak,9,615.556,13.143,17
7,sse,weak,10,649.645,13.143,20
7,sse,weak,11,687.331,13.143,18
7,sse,weak,12,729.908,13.143,19
7,sse,weak,13,763.901,13.143,17
7,sse,weak,14,813.490,13.143,19
7,sse,weak,15,857.054,13.143,16
7,sse,weak,16,897.598,13.143,13
7,sse,weak,17,941.560,13.143,17
7,sse,weak,18,983.439,13.143,17
7,sse,weak,19,1028.029,13.143,18
7,sse,weak,20,1078.779,13.143,19
7,sse,weak,21,1120.799,13.143,19
7,sse,weak,22,1170.422,13.143,19
7,sse,weak,23,1207.488,13.143,19
7,sse,weak,24,1246.630,13.143,16
7,sse,weak,25,1286.268,13.143,17
7,sse,weak,26,1330.172,13.143,20
7,sse,weak,27,1362.206,13.143,18
7,sse,weak,28,1397.685,13.143,18
7,sse,weak,29,1447.705,13.143,18
7,sse,weak,30,1496.328,13.143,17
7,sse,weak,31,1532.128,13.143,17
7,sse,weak,32,1582.330,13.143,14
7,sse,weak,33,1615.229,13.143,14
7,sse,weak,34,1654.913,13.143,15
7,sse,weak,35,1703.167,13.143,16
7,sse,weak,36,1751.864,13.143,13
7,sse,weak,37,1796.256,13.143,16
7,sse,weak,38,1829.476,13.143,16
7,sse,weak,39,1861.577,13.143,17
7,sse,weak,40,1912.511,13.143,16
7,sse,weak,41,1961.331,13.143,18
7,sse,weak,42,2005.756,13.143,18
7,sse,weak,43,2051.990,13.143,17
7,sse,weak,44,2084.255,13.143,15
7,sse,weak,45,2117.180,13.143,17
7,sse,weak,46,2149.691,13.143,14
7,sse,weak,47,2200.677,13.143,13
7,sse,weak,48,2233.714,13.143,14
7,sse,weak,49,2281.371,13.143,15
7,sse,weak,50,2328.998,13.143,18
7,sse,weak,51,2367.088,13.143,13
7,sse,weak,52,2415.689,13.143,16
7,sse,weak,53,2450.459,13.143,19
7,sse,weak,54,2485.479,13.143,16
7,sse,weak,55,2524.916,13.143,17
7,sse,weak,56,2575.392,13.143,14
7,sse,weak,57,2614.198,13.143,16
7,sse,weak,58,2660.880,13.143,19
7,sse,weak,59,2707.591,13.143,19
7,sse,weak,60,2754.130,13.143,16
7,sse,weak,61,2796.182,13.143,17
7,sse,weak,62,2833.028,13.143,18
7,sse,weak,63,2876.404,13.143,19
7,sse,weak,64,2912.586,13.143,17
7,sse,weak,65,2954.927,13.143,17
7,sse,weak,66,2994.486,13.143,13
7,sse,weak,67,3043.932,13.143,15
7,sse,weak,68,3087.244,13.143,13
7,sse,weak,69,3127.629,13.143,13
7,sse,weak,70,3166.869,13.143,16
7,sse,weak,71,3198.252,13.143,14
7,sse,weak,72,3231.352,13.143,14
7,sse,weak,73,3272.569,13.143,16
7,sse,weak,74,3320.674,13.143,14
7,sse,weak,75,3364.132,13.143,16
7,sse,weak,76,3407.215,13.143,17
7,sse,weak,77,3449.564,13.143,18
7,sse,weak,78,3498.218,13.143,16
7,sse,weak,79,3538.834,13.143,13
7,sse,weak,80,3587.338,13.143,17
7,sse,weak,81,3631.386,13.143,17
7,sse,weak,82,3677.377,13.143,19
7,sse,weak,83,3712.574,13.143,21
7,sse,weak,84,3760.770,13.143,17
7,sse,weak,85,3798.352,13.143,17
7,sse,weak,86,3839.752,13.143,18
7,sse,weak,87,3879.240,13.143,17
7,sse,weak,88,3916.557,13.143,17
7,sse,weak,89,3966.436,13.143,14
7,sse,weak,90,4003.984,13.143,18
7,sse,weak,91,4054.758,13.143,19
7,sse,weak,92,4090.439,13.143,16
7,sse,weak,93,4126.870,13.143,14
7,sse,weak,94,4164.549,13.143,15
7,sse,weak,95,4202.382,13.143,15
7,sse,weak,96,4238.251,13.143,14
7,sse,weak,97,4276.664,13.143,17
7,sse,weak,98,4315.212,13.143,16
7,sse,weak,99,4348.643,13.143,16
7,sse,weak,100,4396.025,13.143,15
7,sse,weak,101,4427.318,13.143,16
7,sse,weak,102,4474.364,13.143,18
7,sse,weak,103,4514.791,13.143,18
7,sse,weak,104,4559.873,13.143,20
7,sse,weak,105,4602.910,13.143,18
7,sse,weak,106,4640.553,13.143,18
7,sse,weak,107,4691.551,13.143,18
7,sse,weak,108,4740.339,13.143,17
7,sse,weak,109,4779.620,13.143,17
7,sse,weak,110,4827.727,13.143,13
7,sse,weak,111,4871.431,13.143,21
7,sse,weak,112,4905.406,13.143,16
7,sse,weak,113,4948.333,13.143,17
7,sse,weak,114,4988.857,13.143,16
7,sse,weak,115,5039.773,13.143,16
7,sse,weak,116,5073.835,13.143,17
7,sse,weak,117,5123.198,13.143,17
7,sse,weak,118,5157.200,13.143,19
7,sse,weak,119,5191.985,13.143,18
7,sse,weak,120,5235.424,13.143,18
7,sse,weak,121,5267.171,13.143,18
7,sse,weak,122,5315.691,13.143,17
7,sse,weak,123,5361.044,13.143,15
7,sse,weak,124,5409.213,13.143,16
7,sse,weak,125,5459.021,13.143,19
7,sse,weak,126,5506.797,13.143,18
7,sse,weak,127,5551.629,13.143,18
7,sse,weak,128,5596.144,13.143,18
7,sse,weak,129,5643.528,13.143,17
7,sse,weak,130,5682.316,13.143,17
7,sse,weak,131,5714.114,13.143,13
7,sse,weak,132,5757.190,13.143,14
7,sse,weak,133,5790.157,13.143,14
7,sse,weak,134,5840.058,13.143,16
7,sse,weak,135,5872.885,13.143,14
7,sse,weak,136,5920.776,13.143,16
7,sse,weak,137,5958.220,13.143,19
7,sse,weak,138,5993.237,13.143,18
7,sse,weak,139,6034.813,13.143,18
7,sse,weak,140,6076.482,13.143,19
7,sse,weak,141,6126.736,13.143,19
7,sse,weak,142,6171.629,13.143,19
7,sse,weak,143,6210.733,13.143,19
7,sse,weak,144,6248.314,13.143,16
7,sse,weak,145,6294.850,13.143,17
7,sse,weak,146,6336.240,13.143,18
7,sse,weak,147,6380.135,13.143,20
7,sse,weak,148,6430.044,13.143,18
7,sse,weak,149,6471.857,13.143,18
7,sse,weak,150,6522.175,13.143,18
7,sse,weak,151,6556.560,13.143,17
7,sse,weak,152,6597.332,13.143,15
7,sse,weak,153,6642.754,13.143,17
7,sse,weak,154,6692.504,13.143,13
7,sse,weak,155,6735.756,13.143,18
7,sse,weak,156,6784.972,13.143,18
7,sse,weak,157,6816.683,13.143,20
7,sse,weak,158,6862.508,13.143,17
7,sse,weak,159,6900.913,13.143,18
7,sse,weak,160,6938.703,13.143,18
7,sse,weak,161,6971.494,13.143,17
7,sse,weak,162,7017.025,13.143,20
7,sse,weak,163,7050.006,13.143,19
7,sse,weak,164,7086.457,13.143,18
7,sse,weak,165,7121.814,13.143,19
7,sse,weak,166,7166.625,13.143,17
7,sse,weak,167,7214.562,13.143,19
7,sse,weak,168,7256.756,13.143,16
7,sse,weak,169,7299.804,13.143,13
7,sse,weak,170,7347.697,13.143,15
7,sse,weak,171,7389.221,13.143,16
7,sse,weak,172,7426.419,13.143,20
7,sse,weak,173,7460.892,13.143,17
7,sse,weak,174,7496.510,13.143,17
7,sse,weak,175,7544.584,13.143,18
7,sse,weak,176,7581.525,13.143,19
7,sse,weak,177,7615.822,13.143,19
7,sse,weak,178,7662.423,13.143,19
7,sse,weak,179,7694.598,13.143,18
7,sse,weak,180,7741.372,13.143,16
7,sse,weak,181,7785.666,13.143,15
7,sse,weak,182,7827.673,13.143,13
7,sse,weak,183,7874.701,13.143,19
7,sse,weak,184,7920.770,13.143,16
7,sse,weak,185,7955.614,13.143,16
7,sse,weak,186,8003.809,13.143,18
7,sse,weak,187,8039.110,13.143,19
7,sse,weak,188,8083.563,13.143,18
7,sse,weak,189,8129.169,13.143,17
7,sse,weak,190,8164.330,13.143,20
7,sse,weak,191,8215.307,13.143,17
7,sse,weak,192,8249.609,13.143,20
7,sse,weak,193,8281.081,13.143,18
7,sse,weak,194,8314.695,13.143,19
7,sse,weak,195,8358.662,13.143,17
7,sse,weak,196,8402.914,13.143,19
7,sse,weak,197,8448.478,13.143,16
7,sse,weak,198,8496.559,13.143,13
8,sse,weak,0,222.707,13.343,14
8,sse,weak,1,269.667,13.343,16
8,sse,weak,2,318.051,13.343,18
8,sse,weak,3,355.135,13.343,13
8,sse,weak,4,385.970,13.343,17
8,sse,weak,5,423.508,13.343,21
8,sse,weak,6,470.942,13.343,16
8,sse,weak,7,521.842,13.343,16
8,sse,weak,8,555.030,13.343,15
8,sse,weak,9,592.396,13.343,13
8,sse,weak,10,624.790,13.343,19
8,sse,weak,11,669.946,13.343,19
8,sse,weak,12,703.335,13.343,18
8,sse,weak,13,750.013,13.343,18
8,sse,weak,14,786.510,13.343,18
8,sse,weak,15,829.537,13.343,19
8,sse,weak,16,874.402,13.343,18
8,sse,weak,17,925.358,13.343,19
8,sse,weak,18,963.461,13.343,16
8,sse,weak,19,1001.135,13.343,16
8,sse,weak,20,1037.318,13.343,15
8,sse,weak,21,1075.945,13.343,13
8,sse,weak,22,1119.152,13.343,19
8,sse,weak,23,1161.576,13.343,17
8,sse,weak,24,1203.683,13.343,21
8,sse,weak,25,1253.528,13.343,19
8,sse,weak,26,1288.170,13.343,18
8,sse,weak,27,1338.949,13.343,17
8,sse,weak,28,1378.071,13.343,17
8,sse,weak,29,1426.037,13.343,13
8,sse,weak,30,1473.063,13.343,15
8,sse,weak,31,1517.166,13.343,13
8,sse,weak,32,1554.143,13.343,16
8,sse,weak,33,1602.300,13.343,17
8,sse,weak,34,1640.410,13.343,17
8,sse,weak,35,1680.503,13.343,16
8,sse,weak,36,1715.248,13.343,19
8,sse,weak,37,1750.510,13.343,16
8,sse,weak,38,1797.157,13.343,18
8,sse,weak,39,1834.210,13.343,19
8,sse,weak,40,1872.922,13.343,19
8,sse,weak,41,1910.212,13.343,14
8,sse,weak,42,1960.205,13.343,15
8,sse,weak,43,1999.678,13.343,14
8,sse,weak,44,2035.049,13.343,15
8,sse,weak,45,2080.089,13.343,13
8,sse,weak,46,2130.240,13.343,13
8,sse,weak,47,2167.027,13.343,14
8,sse,weak,48,2201.021,13.343,16
8,sse,weak,49,2233.767,13.343,18
8,sse,weak,50,2268.186,13.343,19
8,sse,weak,51,2313.025,13.343,20
8,sse,weak,52,2349.493,13.343,17
8,sse,weak,53,2384.697,13.343,21
8,sse,weak,54,2434.960,13.343,17
8,sse,weak,55,2478.759,13.343,17
8,sse,weak,56,2529.847,13.343,19
8,sse,weak,57,2565.074,13.343,17
8,sse,weak,58,2610.258,13.343,17
8,sse,weak,59,2645.683,13.343,21
8,sse,weak,60,2684.265,13.343,13
8,sse,weak,61,2727.327,13.343,19
8,sse,weak,62,2769.548,13.343,16
8,sse,weak,63,2801.595,13.343,19
8,sse,weak,64,2843.159,13.343,16
8,sse,weak,65,2882.838,13.343,17
8,sse,weak,66,2932.233,13.343,20
8,sse,weak,67,2977.131,13.343,19
8,sse,weak,68,3022.087,13.343,20
8,sse,weak,69,3055.631,13.343,18
8,sse,weak,70,3087.849,13.343,19
8,sse,weak,71,3133.987,13.343,16
8,sse,weak,72,3167.363,13.343,16
8,sse,weak,73,3214.687,13.343,19
8,sse,weak,74,3257.971,13.343,13
8,sse,weak,75,3305.258,13.343,18
8,sse,weak,76,3337.748,13.343,18
8,sse,weak,77,3380.669,13.343,17
8,sse,weak,78,3423.237,13.343,16
8,sse,weak,79,3456.834,13.343,15
8,sse,weak,80,3503.584,13.343,15
8,sse,weak,81,3540.530,13.343,13
8,sse,weak,82,3589.274,13.343,16
8,sse,weak,83,3623.649,13.343,19
8,sse,weak,84,3666.233,13.343,13
8,sse,weak,85,3708.973,13.343,16
8,sse,weak,86,3749.670,13.343,17
8,sse,weak,87,3791.046,13.343,16
8,sse,weak,88,3825.380,13.343,15
8,sse,weak,89,3875.042,13.343,13
8,sse,weak,90,3910.304,13.343,19
8,sse,weak,91,3945.753,13.343,17
8,sse,weak,92,3981.235,13.343,17
8,sse,weak,93,4028.844,13.343,17
8,sse,weak,94,4060.341,13.343,18
8,sse,weak,95,4104.279,13.343,19
8,sse,weak,96,4150.742,13.343,20
8,sse,weak,97,4192.381,13.343,18
8,sse,weak,98,4238.574,13.343,16
8,sse,weak,99,4279.565,13.343,19
8,sse,weak,100,4325.754,13.343,17
8,sse,weak,101,4373.388,13.343,14
8,sse,weak,102,4405.536,13.343,15
8,sse,weak,103,4441.531,13.343,17
8,sse,weak,104,4478.252,13.343,13
9,sse,weak,0,287.633,13.573,13
9,sse,weak,1,325.842,13.573,15
9,sse,weak,2,370.451,13.573,19
9,sse,weak,3,405.168,13.573,17
9,sse,weak,4,442.291,13.573,16
9,sse,weak,5,481.923,13.573,18
9,sse,weak,6,518.611,13.573,19
9,sse,weak,7,559.093,13.573,19
9,sse,weak,8,591.193,13.573,17
9,sse,weak,9,627.450,13.573,13
10,sse,weak,0,294.484,13.434,16
10,sse,weak,1,343.258,13.434,19
10,sse,weak,2,386.656,13.434,18
10,sse,weak,3,427.134,13.434,17
10,sse,weak,4,467.065,13.434,20
10,sse,weak,5,498.815,13.434,19
10,sse,weak,6,530.563,13.434,16
10,sse,weak,7,581.285,13.434,17
10,sse,weak,8,615.153,13.434,17
10,sse,weak,9,653.401,13.434,19
10,sse,weak,10,688.084,13.434,13
10,sse,weak,11,729.068,13.434,18
10,sse,weak,12,762.746,13.434,16
10,sse,weak,13,796.066,13.434,19
10,sse,weak,14,841.579,13.434,17
10,sse,weak,15,875.969,13.434,19
10,sse,weak,16,909.717,13.434,18
10,sse,weak,17,947.068,13.434,19
10,sse,weak,18,982.593,13.434,16
10,sse,weak,19,1032.832,13.434,16
10,sse,weak,20,1078.171,13.434,19
10,sse,weak,21,1115.248,13.434,18
10,sse,weak,22,1160.007,13.434,18
10,sse,weak,23,1205.749,13.434,17
10,sse,weak,24,1255.700,13.434,18
10,sse,weak,25,1289.377,13.434,18
10,sse,weak,26,1325.713,13.434,18
10,sse,weak,27,1370.582,13.434,19
10,sse,weak,28,1403.214,13.434,13
11,sse,weak,0,235.544,12.829,15
11,sse,weak,1,267.323,12.829,16
11,sse,weak,2,308.965,12.829,20
11,sse,weak,3,341.452,12.829,14
11,sse,weak,4,381.035,12.829,17
11,sse,weak,5,423.459,12.829,15
11,sse,weak,6,460.318,12.829,17
11,sse,weak,7,511.205,12.829,17
11,sse,weak,8,551.904,12.829,13
11,sse,weak,9,597.907,12.829,15
11,sse,weak,10,639.131,12.829,21
11,sse,weak,11,672.820,12.829,18
11,sse,weak,12,710.497,12.829,19
11,sse,weak,13,748.822,12.829,18
11,sse,weak,14,794.086,12.829,15
11,sse,weak,15,836.726,12.829,14
11,sse,weak,16,868.860,12.829,16
11,sse,weak,17,912.286,12.829,16
11,sse,weak,18,960.850,12.829,13
11,sse,weak,19,1005.424,12.829,18
11,sse,weak,20,1047.852,12.829,17
11,sse,weak,21,1082.395,12.829,21
11,sse,weak,22,1116.842,12.829,16
11,sse,weak,23,1161.763,12.829,17
11,sse,weak,24,1196.577,12.829,18
11,sse,weak,25,1228.532,12.829,19
11,sse,weak,26,1270.834,12.829,18
11,sse,weak,27,1320.094,12.829,17
11,sse,weak,28,1370.623,12.829,18
11,sse,weak,29,1410.377,12.829,16
11,sse,weak,30,1456.733,12.829,15
11,sse,weak,31,1502.485,12.829,13
11,sse,weak,32,1552.219,12.829,19
11,sse,weak,33,1592.026,12.829,15
11,sse,weak,34,1642.090,12.829,14
11,sse,weak,35,1685.015,12.829,20
11,sse,weak,36,1734.577,12.829,18
11,sse,weak,37,1784.717,12.829,19
11,sse,weak,38,1831.229,12.829,16
11,sse,weak,39,1878.677,12.829,13
12,sse,weak,0,299.199,14.847,13
12,sse,weak,1,341.149,14.847,14
12,sse,weak,2,391.026,14.847,16
12,sse,weak,3,428.377,14.847,14
12,sse,weak,4,464.768,14.847,16
12,sse,weak,5,510.182,14.847,16
12,sse,weak,6,552.438,14.847,18
12,sse,weak,7,594.946,14.847,18
12,sse,weak,8,629.529,14.847,20
12,sse,weak,9,669.817,14.847,17
12,sse,weak,10,719.032,14.847,16
12,sse,weak,11,753.802,14.847,18
12,sse,weak,12,798.956,14.847,20
12,sse,weak,13,837.433,14.847,19
12,sse,weak,14,885.699,14.847,18
12,sse,weak,15,929.463,14.847,19
12,sse,weak,16,977.748,14.847,17
12,sse,weak,17,1018.155,14.847,19
12,sse,weak,18,1053.153,14.847,16
12,sse,weak,19,1086.593,14.847,13
12,sse,weak,20,1128.435,14.847,17
12,sse,weak,21,1178.429,14.847,17
12,sse,weak,22,1219.614,14.847,18
12,sse,weak,23,1260.184,14.847,19
12,sse,weak,24,1301.447,14.847,19
12,sse,weak,25,1342.387,14.847,19
12,sse,weak,26,1381.662,14.847,19
12,sse,weak,27,1415.632,14.847,16
12,sse,weak,28,1460.318,14.847,17
12,sse,weak,29,1493.369,14.847,20
12,sse,weak,30,1538.306,14.847,18
12,sse,weak,31,1574.951,14.847,18
12,sse,weak,32,1624.118,14.847,19
12,sse,weak,33,1672.834,14.847,13
12,sse,weak,34,1715.801,14.847,18
12,sse,weak,35,1749.013,14.847,16
12,sse,weak,36,1794.974,14.847,18
12,sse,weak,37,1829.476,14.847,18
12,sse,weak,38,1879.700,14.847,20
12,sse,weak,39,1922.375,14.847,19
12,sse,weak,40,1970.917,14.847,20
12,sse,weak,41,2017.431,14.847,18
12,sse,weak,42,2063.940,14.847,17
12,sse,weak,43,2107.823,14.847,20
12,sse,weak,44,2141.403,14.847,19
12,sse,weak,45,2184.870,14.847,18
12,sse,weak,46,2222.002,14.847,19
12,sse,weak,47,2256.082,14.847,17
12,sse,weak,48,2298.988,14.847,19
12,sse,weak,49,2339.028,14.847,16
12,sse,weak,50,2382.834,14.847,17
12,sse,weak,51,2418.104,14.847,14
12,sse,weak,52,2457.458,14.847,16
12,sse,weak,53,2500.844,14.847,19
12,sse,weak,54,2541.097,14.847,19
12,sse,weak,55,2574.220,14.847,16
12,sse,weak,56,2611.997,14.847,17
12,sse,weak,57,2653.884,14.847,19
12,sse,weak,58,2692.280,14.847,17
12,sse,weak,59,2742.996,14.847,17
12,sse,weak,60,2791.993,14.847,13
12,sse,weak,61,2830.894,14.847,15
12,sse,weak,62,2874.914,14.847,13
12,sse,weak,63,2917.376,14.847,16
12,sse,weak,64,2960.976,14.847,17
12,sse,weak,65,3009.714,14.847,17
12,sse,weak,66,3057.523,14.847,16
12,sse,weak,67,3101.784,14.847,19
12,sse,weak,68,3140.063,14.847,16
12,sse,weak,69,3175.322,14.847,14
12,sse,weak,70,3211.433,14.847,14
12,sse,weak,71,3256.261,14.847,16
12,sse,weak,72,3288.800,14.847,14
12,sse,weak,73,3328.373,14.847,16
12,sse,weak,74,3363.714,14.847,19
12,sse,weak,75,3402.105,14.847,18
12,sse,weak,76,3449.206,14.847,18
12,sse,weak,77,3494.653,14.847,19
12,sse,weak,78,3545.355,14.847,18
12,sse,weak,79,3581.567,14.847,16
12,sse,weak,80,3629.111,14.847,19
12,sse,weak,81,3663.091,14.847,14
12,sse,weak,82,3699.058,14.847,16
12,sse,weak,83,3734.609,14.847,15
12,sse,weak,84,3775.587,14.847,16
12,sse,weak,85,3820.042,14.847,17
12,sse,weak,86,3861.786,14.847,17
12,sse,weak,87,3904.079,14.847,13
12,sse,weak,88,3936.564,14.847,15
12,sse,weak,89,3969.267,14.847,13
12,sse,weak,90,4018.300,14.847,13
12,sse,weak,91,4064.006,14.847,17
12,sse,weak,92,4099.288,14.847,17
12,sse,weak,93,4147.486,14.847,18
12,sse,weak,94,4190.616,14.847,19
12,sse,weak,95,4222.933,14.847,18
12,sse,weak,96,4266.796,14.847,16
12,sse,weak,97,4312.721,14.847,17
12,sse,weak,98,4362.027,14.847,19
12,sse,weak,99,4401.556,14.847,20
12,sse,weak,100,4437.376,14.847,18
12,sse,weak,101,4485.346,14.847,18
12,sse,weak,102,4525.333,14.847,16
12,sse,weak,103,4566.195,14.847,18
12,sse,weak,104,4605.579,14.847,13
12,sse,weak,105,4639.729,14.847,19
12,sse,weak,106,4687.332,14.847,18
12,sse,weak,107,4720.098,14.847,16
12,sse,weak,108,4766.399,14.847,21
12,sse,weak,109,4803.565,14.847,18
12,sse,weak,110,4835.099,14.847,19
12,sse,weak,111,4873.662,14.847,17
12,sse,weak,112,4914.936,14.847,16
12,sse,weak,113,4963.510,14.847,18
12,sse,weak,114,5002.793,14.847,18
12,sse,weak,115,5034.904,14.847,19
12,sse,weak,116,5078.271,14.847,16
12,sse,weak,117,5115.401,14.847,17
12,sse,weak,118,5156.514,14.847,13
12,sse,weak,119,5192.640,14.847,14
12,sse,weak,120,5226.027,14.847,16
12,sse,weak,121,5271.061,14.847,14
12,sse,weak,122,5312.862,14.847,16
12,sse,weak,123,5353.939,14.847,17
12,sse,weak,124,5388.274,14.847,18
12,sse,weak,125,5430.054,14.847,19
12,sse,weak,126,5477.525,14.847,18
12,sse,weak,127,5518.798,14.847,18
12,sse,weak,128,5551.128,14.847,20
12,sse,weak,129,5588.004,14.847,17
12,sse,weak,130,5620.678,14.847,16
12,sse,weak,131,5668.652,14.847,17
12,sse,weak,132,5714.752,14.847,20
12,sse,weak,133,5756.526,14.847,19
12,sse,weak,134,5807.527,14.847,18
12,sse,weak,135,5838.405,14.847,19
12,sse,weak,136,5874.463,14.847,17
12,sse,weak,137,5917.386,14.847,19
12,sse,weak,138,5961.512,14.847,16
12,sse,weak,139,6001.712,14.847,13
12,sse,weak,140,6039.070,14.847,16
12,sse,weak,141,6090.084,14.847,17
12,sse,weak,142,6126.927,14.847,18
12,sse,weak,143,6169.887,14.847,15
12,sse,weak,144,6205.867,14.847,13
12,sse,weak,145,6247.742,14.847,14
12,sse,weak,146,6298.373,14.847,16
12,sse,weak,147,6332.102,14.847,15
12,sse,weak,148,6367.148,14.847,13
12,sse,weak,149,6418.137,14.847,14
12,sse,weak,150,6462.988,14.847,18
12,sse,weak,151,6513.278,14.847,19
12,sse,weak,152,6557.367,14.847,17
12,sse,weak,153,6590.653,14.847,13
13,sse,weak,0,228.890,19.943,14
13,sse,weak,1,269.088,19.943,16
13,sse,weak,2,315.153,19.943,18
13,sse,weak,3,362.103,19.943,13
13,sse,weak,4,409.281,19.943,17
13,sse,weak,5,444.834,19.943,21
13,sse,weak,6,495.420,19.943,16
13,sse,weak,7,531.733,19.943,16
13,sse,weak,8,572.204,19.943,15
13,sse,weak,9,605.326,19.943,13
13,sse,weak,10,642.643,19.943,19
13,sse,weak,11,679.716,19.943,18
13,sse,weak,12,723.312,19.943,19
13,sse,weak,13,768.910,19.943,19
13,sse,weak,14,815.061,19.943,18
13,sse,weak,15,849.185,19.943,18
13,sse,weak,16,884.948,19.943,19
13,sse,weak,17,933.915,19.943,16
13,sse,weak,18,967.188,19.943,13
13,sse,weak,19,1008.862,19.943,16
13,sse,weak,20,1059.564,19.943,15
13,sse,weak,21,1097.966,19.943,13
13,sse,weak,22,1135.949,19.943,19
13,sse,weak,23,1186.368,19.943,17
13,sse,weak,24,1221.984,19.943,18
13,sse,weak,25,1260.531,19.943,19
13,sse,weak,26,1308.429,19.943,17
13,sse,weak,27,1343.326,19.943,17
13,sse,weak,28,1390.868,19.943,13
13,sse,weak,29,1423.085,19.943,15
13,sse,weak,30,1457.983,19.943,13
13,sse,weak,31,1489.551,19.943,16
13,sse,weak,32,1539.322,19.943,17
13,sse,weak,33,1585.491,19.943,17
13,sse,weak,34,1628.972,19.943,16
13,sse,weak,35,1665.865,19.943,19
13,sse,weak,36,1712.087,19.943,16
13,sse,weak,37,1758.377,19.943,18
13,sse,weak,38,1803.519,19.943,14
13,sse,weak,39,1848.071,19.943,15
13,sse,weak,40,1896.774,19.943,19
13,sse,weak,41,1938.415,19.943,19
13,sse,weak,42,1986.452,19.943,16
13,sse,weak,43,2021.328,19.943,17
13,sse,weak,44,2065.733,19.943,17
13,sse,weak,45,2099.108,19.943,13
13,sse,weak,46,2133.838,19.943,15
13,sse,weak,47,2174.980,19.943,13
13,sse,weak,48,2210.069,19.943,13
14,sse,weak,0,233.673,15.178,14
14,sse,weak,1,276.749,15.178,16
14,sse,weak,2,319.582,15.178,17
14,sse,weak,3,360.328,15.178,18
14,sse,weak,4,402.206,15.178,18
14,sse,weak,5,437.479,15.178,18
14,sse,weak,6,480.818,15.178,18
14,sse,weak,7,516.741,15.178,18
14,sse,weak,8,564.758,15.178,21
14,sse,weak,9,605.101,15.178,15
14,sse,weak,10,642.794,15.178,15
14,sse,weak,11,679.794,15.178,18
14,sse,weak,12,723.613,15.178,15
14,sse,weak,13,771.747,15.178,17
14,sse,weak,14,814.400,15.178,19
14,sse,weak,15,848.656,15.178,13
14,sse,weak,16,892.912,15.178,13
14,sse,weak,17,925.608,15.178,13
14,sse,weak,18,956.650,15.178,15
14,sse,weak,19,989.528,15.178,13
14,sse,weak,20,1035.598,15.178,13
15,sse,weak,0,234.640,13.239,16
15,sse,weak,1,279.453,13.239,19
15,sse,weak,2,327.466,13.239,16
15,sse,weak,3,375.637,13.239,19
15,sse,weak,4,425.523,13.239,16
15,sse,weak,5,475.361,13.239,17
15,sse,weak,6,506.930,13.239,18
15,sse,weak,7,557.961,13.239,17
15,sse,weak,8,597.075,13.239,17
15,sse,weak,9,647.103,13.239,19
15,sse,weak,10,678.449,13.239,18
15,sse,weak,11,718.349,13.239,18
15,sse,weak,12,752.193,13.239,18
15,sse,weak,13,796.132,13.239,18
15,sse,weak,14,830.454,13.239,15
15,sse,weak,15,868.103,13.239,19
15,sse,weak,16,905.470,13.239,17
15,sse,weak,17,948.844,13.239,19
15,sse,weak,18,987.239,13.239,17
15,sse,weak,19,1027.630,13.239,15
15,sse,weak,20,1075.345,13.239,14
15,sse,weak,21,1107.431,13.239,14
15,sse,weak,22,1139.905,13.239,19
15,sse,weak,23,1180.847,13.239,15
15,sse,weak,24,1221.493,13.239,16
15,sse,weak,25,1263.957,13.239,18
15,sse,weak,26,1303.396,13.239,18
15,sse,weak,27,1354.154,13.239,18
15,sse,weak,28,1404.031,13.239,17
15,sse,weak,29,1445.415,13.239,19
15,sse,weak,30,1491.986,13.239,18
15,sse,weak,31,1531.360,13.239,18
15,sse,weak,32,1575.450,13.239,21
15,sse,weak,33,1618.285,13.239,13
15,sse,weak,34,1661.256,13.239,17
15,sse,weak,35,1697.341,13.239,18
15,sse,weak,36,1740.319,13.239,17
15,sse,weak,37,1791.214,13.239,13
15,sse,weak,38,1835.638,13.239,16
15,sse,weak,39,1877.287,13.239,17
15,sse,weak,40,1923.326,13.239,19
15,sse,weak,41,1974.311,13.239,18
15,sse,weak,42,2005.835,13.239,18
15,sse,weak,43,2043.292,13.239,17
15,sse,weak,44,2077.636,13.239,18
15,sse,weak,45,2121.207,13.239,17
15,sse,weak,46,2162.682,13.239,13
15,sse,weak,47,2200.072,13.239,18
15,sse,weak,48,2247.749,13.239,18
15,sse,weak,49,2292.377,13.239,16
15,sse,weak,50,2343.281,13.239,18
15,sse,weak,51,2375.753,13.239,17
15,sse,weak,52,2416.384,13.239,18
15,sse,weak,53,2463.859,13.239,18
15,sse,weak,54,2496.893,13.239,19
15,sse,weak,55,2547.210,13.239,16
15,sse,weak,56,2579.648,13.239,19
15,sse,weak,57,2629.660,13.239,16
15,sse,weak,58,2674.199,13.239,19
15,sse,weak,59,2720.055,13.239,17
15,sse,weak,60,2771.088,13.239,15
15,sse,weak,61,2807.848,13.239,14
15,sse,weak,62,2844.546,13.239,14
15,sse,weak,63,2884.619,13.239,19
15,sse,weak,64,2922.747,13.239,14
15,sse,weak,65,2971.008,13.239,18
15,sse,weak,66,3009.415,13.239,18
15,sse,weak,67,3041.006,13.239,17
15,sse,weak,68,3081.254,13.239,19
15,sse,weak,69,3117.191,13.239,13
15,sse,weak,70,3164.930,13.239,17
15,sse,weak,71,3213.730,13.239,17
15,sse,weak,72,3246.992,13.239,17
15,sse,weak,73,3291.476,13.239,19
15,sse,weak,74,3330.047,13.239,18
15,sse,weak,75,3374.587,13.239,18
15,sse,weak,76,3417.216,13.239,18
15,sse,weak,77,3464.171,13.239,18
15,sse,weak,78,3504.305,13.239,20
15,sse,weak,79,3555.097,13.239,19
15,sse,weak,80,3599.125,13.239,16
15,sse,weak,81,3640.441,13.239,18
15,sse,weak,82,3684.909,13.239,13
16,sse,weak,0,225.975,9.261,15
16,sse,weak,1,266.693,9.261,16
16,sse,weak,2,306.787,9.261,20
16,sse,weak,3,347.211,9.261,14
16,sse,weak,4,385.423,9.261,17
16,sse,weak,5,433.170,9.261,15
16,sse,weak,6,470.083,9.261,17
16,sse,weak,7,518.072,9.261,17
16,sse,weak,8,562.656,9.261,13
16,sse,weak,9,606.372,9.261,15
16,sse,weak,10,638.547,9.261,21
16,sse,weak,11,677.007,9.261,16
16,sse,weak,12,722.160,9.261,19
16,sse,weak,13,766.668,9.261,18
16,sse,weak,14,799.125,9.261,16
16,sse,weak,15,835.340,9.261,16
16,sse,weak,16,884.856,9.261,16
16,sse,weak,17,935.248,9.261,13
16,sse,weak,18,973.757,9.261,21
16,sse,weak,19,1009.173,9.261,20
16,sse,weak,20,1055.418,9.261,19
16,sse,weak,21,1099.445,9.261,18
16,sse,weak,22,1137.312,9.261,19
16,sse,weak,23,1179.705,9.261,17
16,sse,weak,24,1221.489,9.261,16
16,sse,weak,25,1253.107,9.261,19
16,sse,weak,26,1303.066,9.261,13
17,sse,weak,0,303.449,13.472,13
17,sse,weak,1,337.376,13.472,14
17,sse,weak,2,381.319,13.472,16
17,sse,weak,3,425.881,13.472,14
17,sse,weak,4,458.036,13.472,16
17,sse,weak,5,489.320,13.472,16
17,sse,weak,6,535.866,13.472,18
17,sse,weak,7,576.720,13.472,18
17,sse,weak,8,609.688,13.472,20
17,sse,weak,9,648.450,13.472,17
17,sse,weak,10,688.080,13.472,16
17,sse,weak,11,736.337,13.472,17
17,sse,weak,12,785.164,13.472,20
17,sse,weak,13,832.357,13.472,19
17,sse,weak,14,867.224,13.472,18
17,sse,weak,15,909.875,13.472,19
17,sse,weak,16,944.352,13.472,17
17,sse,weak,17,991.712,13.472,19
17,sse,weak,18,1035.369,13.472,16
17,sse,weak,19,1076.709,13.472,13
17,sse,weak,20,1120.333,13.472,17
17,sse,weak,21,1171.511,13.472,17
17,sse,weak,22,1208.591,13.472,18
17,sse,weak,23,1254.301,13.472,19
17,sse,weak,24,1301.242,13.472,19
17,sse,weak,25,1337.604,13.472,19
17,sse,weak,26,1388.606,13.472,19
17,sse,weak,27,1429.462,13.472,16
17,sse,weak,28,1471.512,13.472,17
17,sse,weak,29,1513.801,13.472,20
17,sse,weak,30,1553.682,13.472,18
17,sse,weak,31,1596.606,13.472,17
17,sse,weak,32,1643.815,13.472,14
17,sse,weak,33,1687.035,13.472,16
17,sse,weak,34,1724.980,13.472,16
17,sse,weak,35,1771.102,13.472,13
17,sse,weak,36,1810.181,13.472,18
17,sse,weak,37,1848.540,13.472,18
17,sse,weak,38,1887.962,13.472,20
17,sse,weak,39,1922.637,13.472,16
17,sse,weak,40,1958.523,13.472,15
17,sse,weak,41,2004.954,13.472,13
17,sse,weak,42,2038.461,13.472,19
17,sse,weak,43,2077.265,13.472,19
17,sse,weak,44,2127.903,13.472,18
17,sse,weak,45,2174.006,13.472,18
17,sse,weak,46,2224.055,13.472,18
17,sse,weak,47,2256.305,13.472,19
17,sse,weak,48,2296.645,13.472,19
17,sse,weak,49,2335.839,13.472,16
17,sse,weak,50,2377.708,13.472,17
17,sse,weak,51,2415.257,13.472,14
17,sse,weak,52,2456.259,13.472,14
17,sse,weak,53,2488.227,13.472,14
17,sse,weak,54,2536.709,13.472,16
17,sse,weak,55,2568.040,13.472,16
17,sse,weak,56,2603.937,13.472,21
17,sse,weak,57,2649.896,13.472,19
17,sse,weak,58,2686.895,13.472,18
17,sse,weak,59,2737.366,13.472,17
17,sse,weak,60,2787.654,13.472,17
17,sse,weak,61,2838.737,13.472,13
17,sse,weak,62,2881.302,13.472,15
17,sse,weak,63,2927.293,13.472,13
17,sse,weak,64,2967.921,13.472,16
17,sse,weak,65,3000.199,13.472,16
17,sse,weak,66,3042.885,13.472,17
17,sse,weak,67,3076.936,13.472,16
17,sse,weak,68,3115.075,13.472,19
17,sse,weak,69,3154.861,13.472,18
17,sse,weak,70,3190.161,13.472,16
17,sse,weak,71,3225.559,13.472,16
17,sse,weak,72,3267.745,13.472,14
17,sse,weak,73,3311.215,13.472,16
17,sse,weak,74,3355.916,13.472,14
17,sse,weak,75,3386.806,13.472,13
17,sse,weak,76,3419.847,13.472,15
17,sse,weak,77,3462.325,13.472,18
17,sse,weak,78,3496.789,13.472,16
17,sse,weak,79,3538.455,13.472,16
17,sse,weak,80,3577.071,13.472,18
17,sse,weak,81,3618.531,13.472,17
17,sse,weak,82,3668.877,13.472,14
17,sse,weak,83,3715.895,13.472,16
17,sse,weak,84,3750.590,13.472,19
17,sse,weak,85,3800.806,13.472,13
17,sse,weak,86,3840.435,13.472,20
17,sse,weak,87,3888.055,13.472,19
17,sse,weak,88,3932.681,13.472,18
17,sse,weak,89,3970.008,13.472,16
17,sse,weak,90,4015.429,13.472,18
17,sse,weak,91,4062.948,13.472,17
17,sse,weak,92,4108.917,13.472,13
17,sse,weak,93,4156.033,13.472,21
17,sse,weak,94,4196.077,13.472,17
17,sse,weak,95,4231.169,13.472,19
17,sse,weak,96,4272.128,13.472,16
17,sse,weak,97,4303.526,13.472,19
17,sse,weak,98,4352.827,13.472,17
17,sse,weak,99,4385.956,13.472,16
17,sse,weak,100,4417.544,13.472,18
17,sse,weak,101,4452.077,13.472,13
17,sse,weak,102,4489.352,13.472,14
17,sse,weak,103,4537.378,13.472,15
17,sse,weak,104,4583.206,13.472,14
17,sse,weak,105,4621.616,13.472,16
17,sse,weak,106,4672.618,13.472,17
17,sse,weak,107,4719.026,13.472,18
17,sse,weak,108,4755.462,13.472,18
17,sse,weak,109,4805.753,13.472,13
17,sse,weak,110,4844.537,13.472,17
17,sse,weak,111,4891.420,13.472,17
17,sse,weak,112,4936.243,13.472,17
17,sse,weak,113,4976.721,13.472,16
17,sse,weak,114,5025.525,13.472,19
17,sse,weak,115,5065.464,13.472,14
17,sse,weak,116,5109.065,13.472,14
17,sse,weak,117,5152.808,13.472,18
17,sse,weak,118,5189.171,13.472,17
17,sse,weak,119,5234.031,13.472,16
17,sse,weak,120,5281.919,13.472,20
17,sse,weak,121,5323.375,13.472,20
17,sse,weak,122,5357.991,13.472,19
17,sse,weak,123,5401.284,13.472,19
17,sse,weak,124,5444.279,13.472,16
17,sse,weak,125,5481.184,13.472,17
17,sse,weak,126,5523.972,13.472,17
17,sse,weak,127,5573.328,13.472,17
17,sse,weak,128,5620.224,13.472,13
17,sse,weak,129,5654.077,13.472,15
17,sse,weak,130,5700.045,13.472,13
17,sse,weak,131,5734.540,13.472,17
17,sse,weak,132,5783.055,13.472,14
17,sse,weak,133,5820.512,13.472,16
17,sse,weak,134,5862.506,13.472,19
17,sse,weak,135,5898.551,13.472,19
17,sse,weak,136,5937.697,13.472,16
17,sse,weak,137,5971.404,13.472,17
17,sse,weak,138,6014.425,13.472,18
17,sse,weak,139,6055.597,13.472,16
17,sse,weak,140,6104.951,13.472,14
17,sse,weak,141,6148.038,13.472,16
17,sse,weak,142,6187.647,13.472,18
17,sse,weak,143,6234.569,13.472,19
17,sse,weak,144,6273.777,13.472,18
17,sse,weak,145,6308.549,13.472,16
17,sse,weak,146,6358.367,13.472,19
17,sse,weak,147,6407.678,13.472,18
17,sse,weak,148,6451.742,13.472,17
17,sse,weak,149,6493.544,13.472,19
17,sse,weak,150,6527.525,13.472,18
17,sse,weak,151,6572.067,13.472,21
17,sse,weak,152,6603.291,13.472,18
17,sse,weak,153,6650.530,13.472,14
17,sse,weak,154,6694.158,13.472,16
17,sse,weak,155,6735.418,13.472,16
17,sse,weak,156,6782.936,13.472,13
17,sse,weak,157,6826.945,13.472,14
17,sse,weak,158,6858.691,13.472,14
17,sse,weak,159,6899.844,13.472,16
17,sse,weak,160,6947.862,13.472,14
17,sse,weak,161,6993.815,13.472,16
17,sse,weak,162,7027.750,13.472,16
17,sse,weak,163,7073.888,13.472,17
17,sse,weak,164,7116.536,13.472,18
17,sse,weak,165,7159.488,13.472,19
17,sse,weak,166,7207.742,13.472,17
17,sse,weak,167,7255.088,13.472,16
17,sse,weak,168,7292.964,13.472,19
17,sse,weak,169,7341.014,13.472,18
17,sse,weak,170,7389.334,13.472,18
17,sse,weak,171,7432.041,13.472,16
17,sse,weak,172,7471.922,13.472,15
17,sse,weak,173,7508.391,13.472,13
17,sse,weak,174,7551.714,13.472,19
17,sse,weak,175,7595.994,13.472,17
17,sse,weak,176,7638.053,13.472,16
17,sse,weak,177,7680.714,13.472,13
17,sse,weak,178,7722.453,13.472,18
17,sse,weak,179,7755.019,13.472,17
17,sse,weak,180,7794.394,13.472,18
17,sse,weak,181,7838.979,13.472,19
17,sse,weak,182,7874.867,13.472,18
17,sse,weak,183,7916.627,13.472,19
17,sse,weak,184,7963.599,13.472,17
17,sse,weak,185,8010.009,13.472,20
17,sse,weak,186,8041.316,13.472,18
17,sse,weak,187,8091.241,13.472,19
17,sse,weak,188,8122.638,13.472,17
17,sse,weak,189,8154.821,13.472,19
17,sse,weak,190,8190.495,13.472,16
17,sse,weak,191,8224.101,13.472,13
18,sse,weak,0,227.347,14.139,14
18,sse,weak,1,267.857,14.139,16
18,sse,weak,2,310.880,14.139,18
18,sse,weak,3,360.563,14.139,17
18,sse,weak,4,392.698,14.139,21
18,sse,weak,5,434.133,14.139,16
18,sse,weak,6,478.872,14.139,16
18,sse,weak,7,515.662,14.139,15
18,sse,weak,8,559.255,14.139,13
18,sse,weak,9,604.711,14.139,19
18,sse,weak,10,637.747,14.139,19
18,sse,weak,11,683.010,14.139,19
18,sse,weak,12,723.306,14.139,19
18,sse,weak,13,756.589,14.139,18
18,sse,weak,14,806.619,14.139,18
18,sse,weak,15,848.591,14.139,19
18,sse,weak,16,880.808,14.139,16
18,sse,weak,17,923.873,14.139,17
18,sse,weak,18,957.740,14.139,17
18,sse,weak,19,997.611,14.139,13
18,sse,weak,20,1029.099,14.139,15
18,sse,weak,21,1067.535,14.139,13
18,sse,weak,22,1113.393,14.139,19
18,sse,weak,23,1152.493,14.139,17
18,sse,weak,24,1186.029,14.139,13
18,sse,weak,25,1226.740,14.139,15
18,sse,weak,26,1276.100,14.139,13
18,sse,weak,27,1322.423,14.139,13
18,sse,weak,28,1356.205,14.139,16
18,sse,weak,29,1406.552,14.139,15
18,sse,weak,30,1454.429,14.139,13
18,sse,weak,31,1501.210,14.139,19
18,sse,weak,32,1538.981,14.139,17
18,sse,weak,33,1587.386,14.139,21
18,sse,weak,34,1636.968,14.139,19
18,sse,weak,35,1670.225,14.139,18
18,sse,weak,36,1719.916,14.139,18
18,sse,weak,37,1769.944,14.139,16
18,sse,weak,38,1811.984,14.139,16
18,sse,weak,39,1844.414,14.139,17
18,sse,weak,40,1888.231,14.139,16
18,sse,weak,41,1926.782,14.139,19
18,sse,weak,42,1975.883,14.139,20
18,sse,weak,43,2009.965,14.139,18
18,sse,weak,44,2054.843,14.139,20
18,sse,weak,45,2092.695,14.139,18
18,sse,weak,46,2141.789,14.139,16
18,sse,weak,47,2192.183,14.139,14
18,sse,weak,48,2226.620,14.139,16
18,sse,weak,49,2268.957,14.139,15
18,sse,weak,50,2304.684,14.139,14
18,sse,weak,51,2354.746,14.139,13
18,sse,weak,52,2391.927,14.139,16
18,sse,weak,53,2429.254,14.139,16
18,sse,weak,54,2471.801,14.139,17
18,sse,weak,55,2522.577,14.139,18
18,sse,weak,56,2562.393,14.139,18
18,sse,weak,57,2613.147,14.139,16
18,sse,weak,58,2648.086,14.139,18
18,sse,weak,59,2694.235,14.139,16
18,sse,weak,60,2742.618,14.139,19
18,sse,weak,61,2777.348,14.139,16
18,sse,weak,62,2811.502,14.139,19
18,sse,weak,63,2856.676,14.139,19
18,sse,weak,64,2898.247,14.139,18
18,sse,weak,65,2931.014,14.139,17
18,sse,weak,66,2977.836,14.139,19
18,sse,weak,67,3028.883,14.139,18
18,sse,weak,68,3074.465,14.139,17
18,sse,weak,69,3113.124,14.139,13
18,sse,weak,70,3155.199,14.139,14
18,sse,weak,71,3203.029,14.139,13
19,sse,weak,0,227.763,13.464,14
19,sse,weak,1,262.571,13.464,15
19,sse,weak,2,295.776,13.464,21
19,sse,weak,3,329.409,13.464,15
19,sse,weak,4,365.823,13.464,15
19,sse,weak,5,411.849,13.464,17
19,sse,weak,6,454.916,13.464,17
19,sse,weak,7,491.149,13.464,19
19,sse,weak,8,533.379,13.464,19
19,sse,weak,9,565.456,13.464,18
19,sse,weak,10,603.050,13.464,18
19,sse,weak,11,650.134,13.464,18
19,sse,weak,12,690.858,13.464,18
19,sse,weak,13,729.968,13.464,17
19,sse,weak,14,765.334,13.464,13
19,sse,weak,15,806.462,13.464,14
19,sse,weak,16,840.931,13.464,13
19,sse,weak,17,885.165,13.464,13
19,sse,weak,18,921.345,13.464,15
19,sse,weak,19,954.232,13.464,13
19,sse,weak,20,999.313,13.464,13
19,sse,weak,21,1031.528,13.464,18
19,sse,weak,22,1076.829,13.464,19
19,sse,weak,23,1126.030,13.464,19
19,sse,weak,24,1168.539,13.464,19
19,sse,weak,25,1209.653,13.464,19
19,sse,weak,26,1241.014,13.464,18
19,sse,weak,27,1274.297,13.464,20
19,sse,weak,28,1323.641,13.464,18
19,sse,weak,29,1360.578,13.464,17
19,sse,weak,30,1403.156,13.464,18
19,sse,weak,31,1439.215,13.464,13
19,sse,weak,32,1470.742,13.464,18
19,sse,weak,33,1507.833,13.464,16
19,sse,weak,34,1557.854,13.464,18
19,sse,weak,35,1597.264,13.464,20
19,sse,weak,36,1630.169,13.464,20
19,sse,weak,37,1668.430,13.464,17
19,sse,weak,38,1703.631,13.464,20
19,sse,weak,39,1744.786,13.464,16
19,sse,weak,40,1781.107,13.464,18
19,sse,weak,41,1827.456,13.464,15
19,sse,weak,42,1863.667,13.464,15
19,sse,weak,43,1913.369,13.464,19
19,sse,weak,44,1954.070,13.464,18
19,sse,weak,45,2003.977,13.464,18
19,sse,weak,46,2055.053,13.464,19
19,sse,weak,47,2096.228,13.464,16
19,sse,weak,48,2133.962,13.464,16
19,sse,weak,49,2181.899,13.464,21
19,sse,weak,50,2217.278,13.464,18
19,sse,weak,51,2266.501,13.464,19
19,sse,weak,52,2308.096,13.464,17
19,sse,weak,53,2349.041,13.464,18
19,sse,weak,54,2382.330,13.464,19
19,sse,weak,55,2425.480,13.464,21
19,sse,weak,56,2465.183,13.464,18
19,sse,weak,57,2502.506,13.464,17
19,sse,weak,58,2549.080,13.464,15
19,sse,weak,59,2581.001,13.464,21
19,sse,weak,60,2623.195,13.464,16
19,sse,weak,61,2668.324,13.464,15
19,sse,weak,62,2708.241,13.464,19
19,sse,weak,63,2739.665,13.464,16
19,sse,weak,64,2785.162,13.464,17
19,sse,weak,65,2826.458,13.464,18
19,sse,weak,66,2864.211,13.464,13
0,ws,weak,0,193.100,3.879,16
0,ws,weak,1,233.793,3.879,19
0,ws,weak,2,283.287,3.879,16
0,ws,weak,3,322.944,3.879,19
0,ws,weak,4,372.783,3.879,16
0,ws,weak,5,411.528,3.879,17
0,ws,weak,6,457.487,3.879,19
0,ws,weak,7,491.161,3.879,17
0,ws,weak,8,537.962,3.879,19
0,ws,weak,9,569.646,3.879,21
0,ws,weak,10,619.304,3.879,19
0,ws,weak,11,655.437,3.879,18
0,ws,weak,12,704.880,3.879,17
0,ws,weak,13,744.156,3.879,17
0,ws,weak,14,793.924,3.879,17
0,ws,weak,15,828.463,3.879,13
0,ws,weak,16,873.166,3.879,16
0,ws,weak,17,921.502,3.879,19
0,ws,weak,18,955.892,3.879,13
0,ws,weak,19,992.659,3.879,17
0,ws,weak,20,1041.069,3.879,16
0,ws,weak,21,1072.380,3.879,18
0,ws,weak,22,1108.187,3.879,17
0,ws,weak,23,1139.575,3.879,19
0,ws,weak,24,1190.327,3.879,17
0,ws,weak,25,1227.516,3.879,16
0,ws,weak,26,1261.801,3.879,18
0,ws,weak,27,1296.945,3.879,16
0,ws,weak,28,1332.062,3.879,19
0,ws,weak,29,1368.048,3.879,17
0,ws,weak,30,1406.576,3.879,18
0,ws,weak,31,1457.259,3.879,16
0,ws,weak,32,1504.044,3.879,19
0,ws,weak,33,1551.027,3.879,16
0,ws,weak,34,1582.636,3.879,13
0,ws,weak,35,1632.977,3.879,19
0,ws,weak,36,1669.016,3.879,19
0,ws,weak,37,1714.461,3.879,16
0,ws,weak,38,1753.810,3.879,18
0,ws,weak,39,1790.621,3.879,19
0,ws,weak,40,1833.358,3.879,17
0,ws,weak,41,1870.686,3.879,21
0,ws,weak,42,1910.697,3.879,13
0,ws,weak,43,1952.900,3.879,16
0,ws,weak,44,1987.426,3.879,19
0,ws,weak,45,2020.840,3.879,15
0,ws,weak,46,2071.015,3.879,19
0,ws,weak,47,2119.670,3.879,19
0,ws,weak,48,2164.675,3.879,18
0,ws,weak,49,2205.317,3.879,19
0,ws,weak,50,2251.249,3.879,17
0,ws,weak,51,2287.956,3.879,18
0,ws,weak,52,2334.039,3.879,19
0,ws,weak,53,2381.732,3.879,17
0,ws,weak,54,2421.174,3.879,15
0,ws,weak,55,2468.761,3.879,19
0,ws,weak,56,2503.889,3.879,13
0,ws,weak,57,2545.157,3.879,18
0,ws,weak,58,2594.229,3.879,18
0,ws,weak,59,2628.145,3.879,18
0,ws,weak,60,2670.270,3.879,17
0,ws,weak,61,2721.253,3.879,19
0,ws,weak,62,2768.001,3.879,19
0,ws,weak,63,2810.476,3.879,16
0,ws,weak,64,2856.079,3.879,17
0,ws,weak,65,2895.274,3.879,19
0,ws,weak,66,2940.304,3.879,17
0,ws,weak,67,2986.386,3.879,19
0,ws,weak,68,3026.996,3.879,18
0,ws,weak,69,3059.927,3.879,18
0,ws,weak,70,3108.628,3.879,18
0,ws,weak,71,3150.784,3.879,17
0,ws,weak,72,3200.941,3.879,17
0,ws,weak,73,3240.911,3.879,19
0,ws,weak,74,3280.409,3.879,13
0,ws,weak,75,3324.116,3.879,18
0,ws,weak,76,3367.776,3.879,16
0,ws,weak,77,3413.341,3.879,18
0,ws,weak,78,3456.145,3.879,17
0,ws,weak,79,3496.885,3.879,19
0,ws,weak,80,3542.445,3.879,19
0,ws,weak,81,3590.937,3.879,16
0,ws,weak,82,3635.061,3.879,17
0,ws,weak,83,3668.910,3.879,17
0,ws,weak,84,3704.695,3.879,20
0,ws,weak,85,3751.041,3.879,19
0,ws,weak,86,3785.283,3.879,17
0,ws,weak,87,3830.383,3.879,17
0,ws,weak,88,3868.237,3.879,15
0,ws,weak,89,3899.774,3.879,14
0,ws,weak,90,3934.419,3.879,16
0,ws,weak,91,3967.274,3.879,16
0,ws,weak,92,4014.911,3.879,19
0,ws,weak,93,4056.838,3.879,20
0,ws,weak,94,4099.507,3.879,17
0,ws,weak,95,4131.491,3.879,14
0,ws,weak,96,4177.265,3.879,19
0,ws,weak,97,4211.084,3.879,17
0,ws,weak,98,4259.183,3.879,17
0,ws,weak,99,4291.753,3.879,19
0,ws,weak,100,4328.995,3.879,18
0,ws,weak,101,4360.938,3.879,13
1,ws,weak,0,222.393,5.153,15
1,ws,weak,1,259.263,5.153,16
1,ws,weak,2,300.666,5.153,20
1,ws,weak,3,344.346,5.153,14
1,ws,weak,4,390.160,5.153,17
1,ws,weak,5,423.484,5.153,15
1,ws,weak,6,471.953,5.153,17
1,ws,weak,7,507.606,5.153,17
1,ws,weak,8,552.256,5.153,13
1,ws,weak,9,587.087,5.153,15
1,ws,weak,10,626.960,5.153,15
1,ws,weak,11,671.731,5.153,16
1,ws,weak,12,706.727,5.153,16
1,ws,weak,13,750.186,5.153,16
1,ws,weak,14,796.368,5.153,16
1,ws,weak,15,833.558,5.153,16
1,ws,weak,16,871.741,5.153,15
1,ws,weak,17,914.218,5.153,15
1,ws,weak,18,964.731,5.153,18
1,ws,weak,19,995.155,5.153,18
1,ws,weak,20,1044.102,5.153,19
1,ws,weak,21,1078.377,5.153,18
1,ws,weak,22,1126.225,5.153,19
1,ws,weak,23,1157.905,5.153,17
1,ws,weak,24,1200.239,5.153,19
1,ws,weak,25,1237.694,5.153,20
1,ws,weak,26,1271.512,5.153,13
1,ws,weak,27,1307.336,5.153,17
1,ws,weak,28,1356.501,5.153,19
1,ws,weak,29,1396.734,5.153,18
1,ws,weak,30,1434.535,5.153,18
1,ws,weak,31,1471.549,5.153,19
1,ws,weak,32,1520.466,5.153,17
1,ws,weak,33,1566.092,5.153,16
1,ws,weak,34,1614.813,5.153,16
1,ws,weak,35,1657.239,5.153,14
1,ws,weak,36,1707.429,5.153,14
1,ws,weak,37,1754.694,5.153,16
1,ws,weak,38,1796.889,5.153,15
1,ws,weak,39,1847.508,5.153,14
1,ws,weak,40,1881.901,5.153,13
1,ws,weak,41,1923.064,5.153,15
1,ws,weak,42,1962.969,5.153,19
1,ws,weak,43,2008.898,5.153,18
1,ws,weak,44,2051.052,5.153,18
1,ws,weak,45,2097.648,5.153,16
1,ws,weak,46,2147.287,5.153,16
1,ws,weak,47,2180.935,5.153,14
1,ws,weak,48,2223.526,5.153,15
1,ws,weak,49,2262.404,5.153,18
1,ws,weak,50,2309.812,5.153,19
1,ws,weak,51,2356.226,5.153,13
2,ws,weak,0,214.038,1.594,13
2,ws,weak,1,254.741,1.594,14
2,ws,weak,2,289.540,1.594,16
2,ws,weak,3,322.118,1.594,14
2,ws,weak,4,361.959,1.594,16
2,ws,weak,5,411.423,1.594,16
2,ws,weak,6,456.718,1.594,18
2,ws,weak,7,505.916,1.594,18
2,ws,weak,8,539.752,1.594,20
2,ws,weak,9,575.201,1.594,17
2,ws,weak,10,615.282,1.594,18
2,ws,weak,11,662.664,1.594,20
2,ws,weak,12,704.236,1.594,18
2,ws,weak,13,745.168,1.594,19
2,ws,weak,14,784.873,1.594,16
2,ws,weak,15,817.848,1.594,13
2,ws,weak,16,866.690,1.594,16
2,ws,weak,17,908.418,1.594,17
2,ws,weak,18,956.648,1.594,17
2,ws,weak,19,989.464,1.594,18
2,ws,weak,20,1037.981,1.594,19
2,ws,weak,21,1084.954,1.594,19
2,ws,weak,22,1127.511,1.594,19
2,ws,weak,23,1162.791,1.594,19
2,ws,weak,24,1203.849,1.594,16
2,ws,weak,25,1244.748,1.594,17
2,ws,weak,26,1275.652,1.594,20
2,ws,weak,27,1323.280,1.594,18
2,ws,weak,28,1373.334,1.594,18
2,ws,weak,29,1410.132,1.594,17
2,ws,weak,30,1451.489,1.594,13
2,ws,weak,31,1493.308,1.594,18
2,ws,weak,32,1538.613,1.594,18
2,ws,weak,33,1578.472,1.594,21
2,ws,weak,34,1614.356,1.594,18
2,ws,weak,35,1652.915,1.594,19
2,ws,weak,36,1689.691,1.594,17
2,ws,weak,37,1724.167,1.594,18
2,ws,weak,38,1767.329,1.594,19
2,ws,weak,39,1805.360,1.594,13
2,ws,weak,40,1836.957,1.594,18
2,ws,weak,41,1872.655,1.594,17
2,ws,weak,42,1904.164,1.594,17
2,ws,weak,43,1936.613,1.594,14
2,ws,weak,44,1971.461,1.594,15
2,ws,weak,45,2022.307,1.594,20
2,ws,weak,46,2070.667,1.594,19
2,ws,weak,47,2108.254,1.594,16
2,ws,weak,48,2157.956,1.594,17
2,ws,weak,49,2200.480,1.594,17
2,ws,weak,50,2242.582,1.594,13
2,ws,weak,51,2280.965,1.594,15
2,ws,weak,52,2312.652,1.594,13
2,ws,weak,53,2351.080,1.594,13
2,ws,weak,54,2400.639,1.594,16
2,ws,weak,55,2450.267,1.594,19
2,ws,weak,56,2492.863,1.594,19
2,ws,weak,57,2533.961,1.594,19
2,ws,weak,58,2576.611,1.594,16
2,ws,weak,59,2625.606,1.594,17
2,ws,weak,60,2659.052,1.594,20
2,ws,weak,61,2707.715,1.594,17
2,ws,weak,62,2751.571,1.594,18
2,ws,weak,63,2794.259,1.594,19
2,ws,weak,64,2833.959,1.594,18
2,ws,weak,65,2873.239,1.594,14
2,ws,weak,66,2922.481,1.594,14
2,ws,weak,67,2959.702,1.594,16
2,ws,weak,68,2991.652,1.594,14
2,ws,weak,69,3035.162,1.594,16
2,ws,weak,70,3080.744,1.594,16
2,ws,weak,71,3121.517,1.594,18
2,ws,weak,72,3160.483,1.594,18
2,ws,weak,73,3203.086,1.594,20
2,ws,weak,74,3248.783,1.594,19
2,ws,weak,75,3293.336,1.594,19
2,ws,weak,76,3341.808,1.594,18
2,ws,weak,77,3375.305,1.594,17
2,ws,weak,78,3418.216,1.594,20
2,ws,weak,79,3457.570,1.594,19
2,ws,weak,80,3491.806,1.594,18
2,ws,weak,81,3531.688,1.594,18
2,ws,weak,82,3573.099,1.594,17
2,ws,weak,83,3608.887,1.594,19
2,ws,weak,84,3646.354,1.594,18
2,ws,weak,85,3679.412,1.594,16
2,ws,weak,86,3711.170,1.594,17
2,ws,weak,87,3757.724,1.594,15
2,ws,weak,88,3806.277,1.594,18
2,ws,weak,89,3837.506,1.594,19
2,ws,weak,90,3886.356,1.594,20
2,ws,weak,91,3921.440,1.594,13
3,ws,weak,0,230.951,4.822,14
3,ws,weak,1,281.313,4.822,16
3,ws,weak,2,332.268,4.822,18
3,ws,weak,3,363.646,4.822,13
3,ws,weak,4,399.899,4.822,17
3,ws,weak,5,449.096,4.822,21
3,ws,weak,6,481.354,4.822,16
3,ws,weak,7,518.999,4.822,16
3,ws,weak,8,549.833,4.822,15
3,ws,weak,9,587.872,4.822,13
3,ws,weak,10,628.829,4.822,19
3,ws,weak,11,677.220,4.822,18
3,ws,weak,12,708.721,4.822,19
3,ws,weak,13,752.031,4.822,19
3,ws,weak,14,790.282,4.822,18
3,ws,weak,15,825.024,4.822,18
3,ws,weak,16,866.451,4.822,19
3,ws,weak,17,910.079,4.822,16
3,ws,weak,18,943.080,4.822,13
3,ws,weak,19,981.578,4.822,17
3,ws,weak,20,1016.726,4.822,17
3,ws,weak,21,1053.545,4.822,17
3,ws,weak,22,1099.631,4.822,17
3,ws,weak,23,1142.171,4.822,13
3,ws,weak,24,1180.517,4.822,15
3,ws,weak,25,1228.925,4.822,13
3,ws,weak,26,1260.498,4.822,17
3,ws,weak,27,1294.970,4.822,13
3,ws,weak,28,1340.483,4.822,15
3,ws,weak,29,1377.561,4.822,13
3,ws,weak,30,1412.217,4.822,13
3,ws,weak,31,1451.220,4.822,18
3,ws,weak,32,1495.771,4.822,16
3,ws,weak,33,1530.308,4.822,19
3,ws,weak,34,1579.013,4.822,17
3,ws,weak,35,1626.831,4.822,18
3,ws,weak,36,1670.093,4.822,19
3,ws,weak,37,1706.791,4.822,17
3,ws,weak,38,1757.479,4.822,19
3,ws,weak,39,1788.656,4.822,16
3,ws,weak,40,1820.463,4.822,16
3,ws,weak,41,1868.429,4.822,19
3,ws,weak,42,1917.323,4.822,20
3,ws,weak,43,1962.877,4.822,21
3,ws,weak,44,2006.880,4.822,20
3,ws,weak,45,2040.196,4.822,18
3,ws,weak,46,2072.275,4.822,20
3,ws,weak,47,2107.445,4.822,17
3,ws,weak,48,2142.645,4.822,18
3,ws,weak,49,2193.052,4.822,19
3,ws,weak,50,2242.212,4.822,18
3,ws,weak,51,2292.680,4.822,16
3,ws,weak,52,2338.123,4.822,21
3,ws,weak,53,2379.474,4.822,15
3,ws,weak,54,2418.400,4.822,14
3,ws,weak,55,2468.632,4.822,16
3,ws,weak,56,2502.666,4.822,17
3,ws,weak,57,2544.111,4.822,17
3,ws,weak,58,2575.318,4.822,18
3,ws,weak,59,2621.050,4.822,19
3,ws,weak,60,2658.205,4.822,18
3,ws,weak,61,2708.434,4.822,16
3,ws,weak,62,2756.622,4.822,19
3,ws,weak,63,2802.135,4.822,18
3,ws,weak,64,2848.194,4.822,16
3,ws,weak,65,2894.272,4.822,15
3,ws,weak,66,2941.315,4.822,13
3,ws,weak,67,2977.150,4.822,21
3,ws,weak,68,3018.950,4.822,17
3,ws,weak,69,3069.862,4.822,17
3,ws,weak,70,3104.785,4.822,17
3,ws,weak,71,3145.717,4.822,17
3,ws,weak,72,3180.538,4.822,13
3,ws,weak,73,3221.942,4.822,15
3,ws,weak,74,3263.921,4.822,13
3,ws,weak,75,3310.104,4.822,13
4,ws,weak,0,222.146,4.448,14
4,ws,weak,1,270.247,4.448,16
4,ws,weak,2,302.926,4.448,15
4,ws,weak,3,344.969,4.448,15
4,ws,weak,4,383.757,4.448,18
4,ws,weak,5,416.555,4.448,21
4,ws,weak,6,460.973,4.448,15
4,ws,weak,7,493.017,4.448,15
4,ws,weak,8,534.706,4.448,18
4,ws,weak,9,574.060,4.448,15
4,ws,weak,10,612.643,4.448,17
4,ws,weak,11,647.679,4.448,19
4,ws,weak,12,684.670,4.448,13
4,ws,weak,13,718.858,4.448,13
4,ws,weak,14,763.261,4.448,17
4,ws,weak,15,804.142,4.448,13
4,ws,weak,16,842.533,4.448,15
4,ws,weak,17,886.235,4.448,13
4,ws,weak,18,936.274,4.448,13
4,ws,weak,19,974.495,4.448,18
4,ws,weak,20,1015.815,4.448,19
4,ws,weak,21,1047.602,4.448,20
4,ws,weak,22,1079.552,4.448,18
4,ws,weak,23,1129.121,4.448,17
4,ws,weak,24,1164.211,4.448,17
4,ws,weak,25,1203.814,4.448,13
4,ws,weak,26,1243.629,4.448,17
4,ws,weak,27,1277.445,4.448,19
4,ws,weak,28,1315.418,4.448,17
4,ws,weak,29,1351.651,4.448,17
4,ws,weak,30,1388.767,4.448,18
4,ws,weak,31,1434.926,4.448,15
4,ws,weak,32,1480.589,4.448,20
4,ws,weak,33,1526.240,4.448,17
4,ws,weak,34,1557.843,4.448,20
4,ws,weak,35,1598.380,4.448,18
4,ws,weak,36,1639.595,4.448,19
4,ws,weak,37,1681.400,4.448,18
4,ws,weak,38,1728.223,4.448,19
4,ws,weak,39,1778.949,4.448,17
4,ws,weak,40,1819.451,4.448,19
4,ws,weak,41,1868.382,4.448,16
4,ws,weak,42,1918.215,4.448,16
4,ws,weak,43,1967.899,4.448,16
4,ws,weak,44,2008.432,4.448,18
4,ws,weak,45,2041.730,4.448,19
4,ws,weak,46,2079.335,4.448,21
4,ws,weak,47,2123.284,4.448,17
4,ws,weak,48,2171.886,4.448,20
4,ws,weak,49,2206.794,4.448,18
4,ws,weak,50,2244.342,4.448,17
4,ws,weak,51,2283.493,4.448,15
4,ws,weak,52,2330.279,4.448,19
4,ws,weak,53,2367.878,4.448,16
4,ws,weak,54,2416.289,4.448,19
4,ws,weak,55,2462.020,4.448,19
4,ws,weak,56,2509.470,4.448,17
4,ws,weak,57,2542.160,4.448,18
4,ws,weak,58,2588.782,4.448,13
5,ws,weak,0,226.015,4.570,16
5,ws,weak,1,261.778,4.570,19
5,ws,weak,2,310.751,4.570,18
5,ws,weak,3,354.449,4.570,17
5,ws,weak,4,392.644,4.570,20
5,ws,weak,5,435.156,4.570,19
5,ws,weak,6,479.169,4.570,17
5,ws,weak,7,515.069,4.570,19
5,ws,weak,8,558.201,4.570,17
5,ws,weak,9,593.045,4.570,17
5,ws,weak,10,629.500,4.570,19
5,ws,weak,11,672.883,4.570,21
5,ws,weak,12,711.605,4.570,19
5,ws,weak,13,759.662,4.570,18
5,ws,weak,14,808.876,4.570,13
6,ws,weak,0,219.699,4.868,15
6,ws,weak,1,251.349,4.868,16
6,ws,weak,2,289.063,4.868,20
6,ws,weak,3,334.935,4.868,14
6,ws,weak,4,381.395,4.868,17
6,ws,weak,5,427.542,4.868,15
6,ws,weak,6,473.987,4.868,17
6,ws,weak,7,520.979,4.868,17
6,ws,weak,8,571.727,4.868,13
6,ws,weak,9,621.415,4.868,15
6,ws,weak,10,658.362,4.868,21
6,ws,weak,11,707.178,4.868,16
6,ws,weak,12,742.242,4.868,19
6,ws,weak,13,773.334,4.868,20
6,ws,weak,14,804.761,4.868,19
6,ws,weak,15,840.285,4.868,17
6,ws,weak,16,881.484,4.868,16
6,ws,weak,17,917.467,4.868,16
6,ws,weak,18,955.742,4.868,21
6,ws,weak,19,990.745,4.868,18
6,ws,weak,20,1030.407,4.868,19
6,ws,weak,21,1068.299,4.868,17
6,ws,weak,22,1114.704,4.868,14
6,ws,weak,23,1163.619,4.868,15
6,ws,weak,24,1202.898,4.868,13
7,ws,weak,0,276.479,5.149,13
7,ws,weak,1,310.921,5.149,14
7,ws,weak,2,349.515,5.149,16
7,ws,weak,3,396.289,5.149,14
7,ws,weak,4,437.871,5.149,16
7,ws,weak,5,481.515,5.149,19
7,ws,weak,6,530.686,5.149,19
7,ws,weak,7,579.389,5.149,16
7,ws,weak,8,616.461,5.149,17
7,ws,weak,9,656.197,5.149,20
7,ws,weak,10,702.586,5.149,18
7,ws,weak,11,738.769,5.149,18
7,ws,weak,12,785.687,5.149,17
7,ws,weak,13,818.993,5.149,14
7,ws,weak,14,862.926,5.149,16
7,ws,weak,15,905.820,5.149,16
7,ws,weak,16,947.896,5.149,13
8,ws,weak,0,221.227,5.003,14
8,ws,weak,1,256.810,5.003,16
8,ws,weak,2,300.976,5.003,18
8,ws,weak,3,332.056,5.003,13
8,ws,weak,4,377.098,5.003,17
8,ws,weak,5,422.598,5.003,21
8,ws,weak,6,458.983,5.003,16
8,ws,weak,7,494.431,5.003,16
8,ws,weak,8,530.579,5.003,15
8,ws,weak,9,570.450,5.003,13
8,ws,weak,10,607.155,5.003,19
8,ws,weak,11,638.821,5.003,18
8,ws,weak,12,679.524,5.003,19
8,ws,weak,13,716.578,5.003,19
8,ws,weak,14,757.124,5.003,18
8,ws,weak,15,801.324,5.003,18
8,ws,weak,16,850.070,5.003,19
8,ws,weak,17,889.171,5.003,16
8,ws,weak,18,922.754,5.003,13
8,ws,weak,19,971.972,5.003,16
8,ws,weak,20,1009.523,5.003,15
8,ws,weak,21,1045.016,5.003,13
8,ws,weak,22,1084.207,5.003,19
8,ws,weak,23,1116.784,5.003,17
8,ws,weak,24,1161.100,5.003,18
8,ws,weak,25,1208.644,5.003,19
8,ws,weak,26,1259.629,5.003,17
8,ws,weak,27,1298.311,5.003,17
8,ws,weak,28,1340.935,5.003,13
8,ws,weak,29,1374.138,5.003,15
8,ws,weak,30,1421.921,5.003,13
8,ws,weak,31,1455.744,5.003,16
8,ws,weak,32,1488.683,5.003,17
8,ws,weak,33,1524.881,5.003,17
8,ws,weak,34,1573.772,5.003,16
8,ws,weak,35,1616.880,5.003,19
8,ws,weak,36,1650.430,5.003,16
8,ws,weak,37,1699.763,5.003,19
8,ws,weak,38,1746.333,5.003,16
8,ws,weak,39,1789.773,5.003,19
8,ws,weak,40,1823.213,5.003,21
8,ws,weak,41,1874.220,5.003,19
8,ws,weak,42,1919.918,5.003,18
8,ws,weak,43,1968.958,5.003,17
8,ws,weak,44,2009.286,5.003,17
8,ws,weak,45,2049.363,5.003,13
8,ws,weak,46,2088.327,5.003,15
8,ws,weak,47,2120.213,5.003,13
8,ws,weak,48,2163.565,5.003,17
8,ws,weak,49,2210.887,5.003,14
8,ws,weak,50,2244.108,5.003,14
8,ws,weak,51,2294.396,5.003,21
8,ws,weak,52,2338.255,5.003,21
8,ws,weak,53,2387.951,5.003,19
8,ws,weak,54,2434.633,5.003,18
8,ws,weak,55,2481.927,5.003,18
8,ws,weak,56,2522.049,5.003,21
8,ws,weak,57,2553.659,5.003,15
8,ws,weak,58,2593.165,5.003,14
8,ws,weak,59,2642.968,5.003,13
8,ws,weak,60,2691.209,5.003,21
8,ws,weak,61,2733.622,5.003,17
8,ws,weak,62,2783.080,5.003,17
8,ws,weak,63,2820.411,5.003,18
8,ws,weak,64,2870.212,5.003,17
8,ws,weak,65,2911.426,5.003,19
8,ws,weak,66,2946.530,5.003,18
8,ws,weak,67,2982.245,5.003,16
8,ws,weak,68,3013.785,5.003,16
8,ws,weak,69,3064.384,5.003,19
8,ws,weak,70,3096.489,5.003,18
8,ws,weak,71,3134.836,5.003,17
8,ws,weak,72,3180.028,5.003,14
8,ws,weak,73,3230.531,5.003,14
8,ws,weak,74,3277.996,5.003,19
8,ws,weak,75,3316.774,5.003,18
8,ws,weak,76,3357.443,5.003,18
8,ws,weak,77,3393.528,5.003,19
8,ws,weak,78,3436.798,5.003,20
8,ws,weak,79,3471.081,5.003,18
8,ws,weak,80,3502.909,5.003,18
8,ws,weak,81,3534.835,5.003,17
8,ws,weak,82,3580.760,5.003,18
8,ws,weak,83,3616.831,5.003,16
8,ws,weak,84,3653.014,5.003,15
8,ws,weak,85,3702.712,5.003,13
8,ws,weak,86,3734.384,5.003,21
8,ws,weak,87,3783.445,5.003,13
8,ws,weak,88,3815.524,5.003,15
8,ws,weak,89,3851.775,5.003,18
8,ws,weak,90,3893.937,5.003,16
8,ws,weak,91,3941.531,5.003,17
8,ws,weak,92,3974.971,5.003,18
8,ws,weak,93,4017.342,5.003,13
8,ws,weak,94,4067.532,5.003,21
8,ws,weak,95,4111.152,5.003,15
8,ws,weak,96,4150.781,5.003,14
8,ws,weak,97,4199.730,5.003,16
8,ws,weak,98,4245.799,5.003,18
8,ws,weak,99,4290.878,5.003,17
8,ws,weak,100,4337.769,5.003,17
8,ws,weak,101,4381.761,5.003,16
8,ws,weak,102,4414.803,5.003,19
8,ws,weak,103,4448.413,5.003,18
8,ws,weak,104,4485.913,5.003,16
8,ws,weak,105,4532.385,5.003,18
8,ws,weak,106,4577.340,5.003,20
8,ws,weak,107,4621.979,5.003,18
8,ws,weak,108,4654.748,5.003,19
8,ws,weak,109,4687.031,5.003,17
8,ws,weak,110,4726.134,5.003,21
8,ws,weak,111,4762.854,5.003,15
8,ws,weak,112,4806.078,5.003,14
8,ws,weak,113,4848.467,5.003,14
8,ws,weak,114,4888.660,5.003,15
8,ws,weak,115,4922.738,5.003,13
8,ws,weak,116,4965.386,5.003,13
8,ws,weak,117,5003.133,5.003,15
8,ws,weak,118,5037.384,5.003,13
8,ws,weak,119,5084.135,5.003,18
8,ws,weak,120,5130.429,5.003,17
8,ws,weak,121,5164.229,5.003,19
8,ws,weak,122,5205.130,5.003,19
8,ws,weak,123,5252.917,5.003,17
8,ws,weak,124,5285.216,5.003,18
8,ws,weak,125,5330.333,5.003,18
8,ws,weak,126,5368.836,5.003,13
8,ws,weak,127,5405.621,5.003,17
8,ws,weak,128,5438.275,5.003,21
8,ws,weak,129,5482.212,5.003,17
8,ws,weak,130,5517.839,5.003,19
8,ws,weak,131,5560.779,5.003,16
8,ws,weak,132,5597.013,5.003,20
8,ws,weak,133,5646.761,5.003,17
8,ws,weak,134,5684.342,5.003,17
8,ws,weak,135,5716.560,5.003,19
8,ws,weak,136,5752.379,5.003,17
8,ws,weak,137,5796.333,5.003,20
8,ws,weak,138,5843.882,5.003,17
8,ws,weak,139,5884.641,5.003,19
8,ws,weak,140,5923.737,5.003,18
8,ws,weak,141,5971.408,5.003,13
8,ws,weak,142,6019.658,5.003,17
8,ws,weak,143,6065.927,5.003,17
8,ws,weak,144,6109.568,5.003,16
8,ws,weak,145,6142.716,5.003,16
8,ws,weak,146,6182.890,5.003,18
8,ws,weak,147,6227.684,5.003,13
8,ws,weak,148,6260.687,5.003,16
8,ws,weak,149,6292.182,5.003,15
8,ws,weak,150,6333.631,5.003,13
8,ws,weak,151,6366.463,5.003,19
8,ws,weak,152,6415.148,5.003,17
8,ws,weak,153,6458.277,5.003,18
8,ws,weak,154,6502.730,5.003,17
8,ws,weak,155,6551.416,5.003,18
8,ws,weak,156,6593.789,5.003,15
8,ws,weak,157,6625.786,5.003,20
8,ws,weak,158,6658.305,5.003,18
8,ws,weak,159,6704.604,5.003,18
8,ws,weak,160,6743.379,5.003,19
8,ws,weak,161,6783.846,5.003,17
8,ws,weak,162,6818.174,5.003,18
8,ws,weak,163,6857.075,5.003,18
8,ws,weak,164,6901.609,5.003,17
8,ws,weak,165,6946.125,5.003,21
8,ws,weak,166,6979.364,5.003,15
8,ws,weak,167,7024.314,5.003,14
8,ws,weak,168,7067.816,5.003,13
8,ws,weak,169,7112.775,5.003,21
8,ws,weak,170,7155.683,5.003,15
8,ws,weak,171,7202.783,5.003,16
8,ws,weak,172,7236.334,5.003,15
8,ws,weak,173,7281.312,5.003,15
8,ws,weak,174,7331.291,5.003,13
8,ws,weak,175,7367.665,5.003,16
8,ws,weak,176,7407.333,5.003,17
8,ws,weak,177,7443.883,5.003,18
8,ws,weak,178,7486.473,5.003,15
8,ws,weak,179,7525.331,5.003,15
8,ws,weak,180,7565.060,5.003,18
8,ws,weak,181,7604.345,5.003,16
8,ws,weak,182,7654.255,5.003,15
8,ws,weak,183,7688.762,5.003,13
8,ws,weak,184,7738.355,5.003,19
8,ws,weak,185,7780.794,5.003,17
8,ws,weak,186,7822.823,5.003,15
8,ws,weak,187,7872.276,5.003,19
8,ws,weak,188,7912.009,5.003,13
8,ws,weak,189,7961.788,5.003,17
8,ws,weak,190,7993.170,5.003,19
8,ws,weak,191,8026.094,5.003,18
8,ws,weak,192,8057.303,5.003,17
8,ws,weak,193,8097.974,5.003,13
8,ws,weak,194,8130.729,5.003,14
8,ws,weak,195,8177.839,5.003,13
8,ws,weak,196,8227.553,5.003,17
8,ws,weak,197,8261.121,5.003,20
8,ws,weak,198,8307.176,5.003,19
8,ws,weak,199,8343.231,5.003,16
8,ws,weak,200,8386.732,5.003,17
8,ws,weak,201,8437.713,5.003,19
8,ws,weak,202,8482.544,5.003,21
8,ws,weak,203,8528.261,5.003,19
8,ws,weak,204,8567.881,5.003,18
8,ws,weak,205,8612.696,5.003,16
8,ws,weak,206,8650.932,5.003,17
8,ws,weak,207,8687.106,5.003,13
8,ws,weak,208,8729.728,5.003,14
8,ws,weak,209,8772.090,5.003,17
8,ws,weak,210,8806.266,5.003,20
8,ws,weak,211,8841.325,5.003,17
8,ws,weak,212,8884.362,5.003,14
8,ws,weak,213,8922.692,5.003,14
8,ws,weak,214,8967.556,5.003,18
8,ws,weak,215,9014.967,5.003,18
8,ws,weak,216,9063.580,5.003,21
8,ws,weak,217,9106.426,5.003,18
8,ws,weak,218,9145.738,5.003,13
9,ws,weak,0,219.683,4.723,16
9,ws,weak,1,254.067,4.723,19
9,ws,weak,2,303.469,4.723,16
9,ws,weak,3,343.186,4.723,19
9,ws,weak,4,383.934,4.723,16
9,ws,weak,5,433.696,4.723,17
9,ws,weak,6,466.828,4.723,21
9,ws,weak,7,516.781,4.723,18
9,ws,weak,8,554.232,4.723,18
9,ws,weak,9,597.451,4.723,21
9,ws,weak,10,631.429,4.723,15
9,ws,weak,11,676.227,4.723,15
9,ws,weak,12,718.369,4.723,13
9,ws,weak,13,768.641,4.723,16
9,ws,weak,14,801.508,4.723,19
9,ws,weak,15,842.001,4.723,13
9,ws,weak,16,876.626,4.723,17
9,ws,weak,17,917.641,4.723,16
9,ws,weak,18,954.763,4.723,18
9,ws,weak,19,1002.314,4.723,18
9,ws,weak,20,1039.830,4.723,18
9,ws,weak,21,1089.845,4.723,17
9,ws,weak,22,1132.605,4.723,19
9,ws,weak,23,1177.269,4.723,17
9,ws,weak,24,1224.624,4.723,18
9,ws,weak,25,1259.756,4.723,18
9,ws,weak,26,1310.201,4.723,16
9,ws,weak,27,1354.150,4.723,19
9,ws,weak,28,1403.884,4.723,19
9,ws,weak,29,1446.197,4.723,17
9,ws,weak,30,1490.792,4.723,18
9,ws,weak,31,1524.698,4.723,18
9,ws,weak,32,1560.005,4.723,16
9,ws,weak,33,1591.427,4.723,17
9,ws,weak,34,1640.826,4.723,14
9,ws,weak,35,1691.788,4.723,15
9,ws,weak,36,1724.732,4.723,16
9,ws,weak,37,1770.465,4.723,18
9,ws,weak,38,1811.224,4.723,18
9,ws,weak,39,1856.282,4.723,21
9,ws,weak,40,1888.431,4.723,18
9,ws,weak,41,1935.192,4.723,17
9,ws,weak,42,1978.895,4.723,21
9,ws,weak,43,2010.754,4.723,19
9,ws,weak,44,2055.417,4.723,18
9,ws,weak,45,2105.506,4.723,18
9,ws,weak,46,2151.192,4.723,17
9,ws,weak,47,2184.325,4.723,18
9,ws,weak,48,2227.990,4.723,13
9,ws,weak,49,2278.090,4.723,16
9,ws,weak,50,2320.776,4.723,15
9,ws,weak,51,2353.555,4.723,13
9,ws,weak,52,2399.196,4.723,19
9,ws,weak,53,2438.194,4.723,18
9,ws,weak,54,2484.059,4.723,19
9,ws,weak,55,2532.949,4.723,13
9,ws,weak,56,2567.793,4.723,17
9,ws,weak,57,2613.681,4.723,19
9,ws,weak,58,2663.648,4.723,18
9,ws,weak,59,2701.446,4.723,17
9,ws,weak,60,2750.425,4.723,13
9,ws,weak,61,2788.570,4.723,14
9,ws,weak,62,2821.242,4.723,13
9,ws,weak,63,2866.455,4.723,18
9,ws,weak,64,2908.527,4.723,19
9,ws,weak,65,2944.779,4.723,17
9,ws,weak,66,2977.412,4.723,13
9,ws,weak,67,3018.966,4.723,18
9,ws,weak,68,3062.868,4.723,18
9,ws,weak,69,3109.761,4.723,17
9,ws,weak,70,3143.471,4.723,16
9,ws,weak,71,3182.353,4.723,20
9,ws,weak,72,3216.512,4.723,19
9,ws,weak,73,3256.315,4.723,18
9,ws,weak,74,3306.393,4.723,18
9,ws,weak,75,3346.706,4.723,17
9,ws,weak,76,3396.440,4.723,17
9,ws,weak,77,3440.917,4.723,18
9,ws,weak,78,3483.139,4.723,18
9,ws,weak,79,3520.279,4.723,18
9,ws,weak,80,3562.791,4.723,16
9,ws,weak,81,3598.681,4.723,19
9,ws,weak,82,3636.305,4.723,16
9,ws,weak,83,3679.567,4.723,15
9,ws,weak,84,3717.641,4.723,13
9,ws,weak,85,3762.037,4.723,16
9,ws,weak,86,3804.236,4.723,18
9,ws,weak,87,3839.250,4.723,17
9,ws,weak,88,3887.584,4.723,19
9,ws,weak,89,3920.946,4.723,16
9,ws,weak,90,3955.164,4.723,17
9,ws,weak,91,3997.981,4.723,14
9,ws,weak,92,4033.986,4.723,16
9,ws,weak,93,4083.425,4.723,19
9,ws,weak,94,4118.272,4.723,17
9,ws,weak,95,4161.743,4.723,18
9,ws,weak,96,4195.166,4.723,18
9,ws,weak,97,4231.801,4.723,16
9,ws,weak,98,4280.158,4.723,18
9,ws,weak,99,4318.701,4.723,15
9,ws,weak,100,4356.315,4.723,17
9,ws,weak,101,4387.909,4.723,17
9,ws,weak,102,4419.781,4.723,13
9,ws,weak,103,4468.699,4.723,15
9,ws,weak,104,4517.808,4.723,13
9,ws,weak,105,4557.363,4.723,18
9,ws,weak,106,4597.836,4.723,20
9,ws,weak,107,4638.140,4.723,18
9,ws,weak,108,4681.556,4.723,15
9,ws,weak,109,4723.393,4.723,16
9,ws,weak,110,4764.841,4.723,14
9,ws,weak,111,4813.761,4.723,14
9,ws,weak,112,4846.904,4.723,15
9,ws,weak,113,4881.812,4.723,14
9,ws,weak,114,4927.568,4.723,15
9,ws,weak,115,4959.280,4.723,13
9,ws,weak,116,5005.509,4.723,13
9,ws,weak,117,5055.202,4.723,15
9,ws,weak,118,5102.197,4.723,13
9,ws,weak,119,5145.211,4.723,13
9,ws,weak,120,5184.250,4.723,16
9,ws,weak,121,5231.114,4.723,18
9,ws,weak,122,5272.480,4.723,18
9,ws,weak,123,5312.652,4.723,15
9,ws,weak,124,5358.811,4.723,16
9,ws,weak,125,5398.990,4.723,15
9,ws,weak,126,5437.475,4.723,13
9,ws,weak,127,5484.079,4.723,19
9,ws,weak,128,5526.977,4.723,17
9,ws,weak,129,5568.738,4.723,17
9,ws,weak,130,5604.553,4.723,18
9,ws,weak,131,5647.350,4.723,16
9,ws,weak,132,5689.635,4.723,19
9,ws,weak,133,5721.187,4.723,18
9,ws,weak,134,5767.632,4.723,18
9,ws,weak,135,5814.861,4.723,18
9,ws,weak,136,5862.673,4.723,17
9,ws,weak,137,5908.255,4.723,17
9,ws,weak,138,5950.569,4.723,13
9,ws,weak,139,5994.194,4.723,15
9,ws,weak,140,6026.768,4.723,16
9,ws,weak,141,6074.295,4.723,19
9,ws,weak,142,6117.884,4.723,17
9,ws,weak,143,6149.270,4.723,17
9,ws,weak,144,6199.799,4.723,21
9,ws,weak,145,6235.171,4.723,19
9,ws,weak,146,6284.094,4.723,19
9,ws,weak,147,6316.234,4.723,18
9,ws,weak,148,6348.653,4.723,21
9,ws,weak,149,6380.106,4.723,16
9,ws,weak,150,6418.550,4.723,14
9,ws,weak,151,6460.635,4.723,21
9,ws,weak,152,6497.626,4.723,15
9,ws,weak,153,6548.556,4.723,15
9,ws,weak,154,6589.367,4.723,13
9,ws,weak,155,6636.503,4.723,18
9,ws,weak,156,6675.884,4.723,17
9,ws,weak,157,6711.926,4.723,17
9,ws,weak,158,6748.696,4.723,19
9,ws,weak,159,6781.624,4.723,19
9,ws,weak,160,6821.758,4.723,18
9,ws,weak,161,6867.029,4.723,21
9,ws,weak,162,6907.576,4.723,17
9,ws,weak,163,6943.229,4.723,18
9,ws,weak,164,6991.111,4.723,17
9,ws,weak,165,7036.381,4.723,20
9,ws,weak,166,7070.785,4.723,18
9,ws,weak,167,7118.554,4.723,18
9,ws,weak,168,7168.846,4.723,14
9,ws,weak,169,7204.262,4.723,15
9,ws,weak,170,7241.206,4.723,20
9,ws,weak,171,7279.995,4.723,17
9,ws,weak,172,7324.516,4.723,16
9,ws,weak,173,7362.498,4.723,15
9,ws,weak,174,7397.797,4.723,19
9,ws,weak,175,7431.215,4.723,19
9,ws,weak,176,7470.978,4.723,16
9,ws,weak,177,7520.231,4.723,17
9,ws,weak,178,7560.948,4.723,18
9,ws,weak,179,7602.481,4.723,17
9,ws,weak,180,7642.269,4.723,16
9,ws,weak,181,7691.508,4.723,18
9,ws,weak,182,7727.174,4.723,13
10,ws,weak,0,232.843,4.786,16
10,ws,weak,1,281.487,4.786,19
10,ws,weak,2,331.618,4.786,16
10,ws,weak,3,380.544,4.786,19
10,ws,weak,4,414.946,4.786,16
10,ws,weak,5,452.755,4.786,17
10,ws,weak,6,484.592,4.786,18
10,ws,weak,7,523.351,4.786,17
10,ws,weak,8,559.829,4.786,17
10,ws,weak,9,591.576,4.786,19
10,ws,weak,10,628.231,4.786,21
10,ws,weak,11,671.964,4.786,18
10,ws,weak,12,714.561,4.786,20
10,ws,weak,13,745.994,4.786,16
10,ws,weak,14,788.030,4.786,17
10,ws,weak,15,830.488,4.786,19
10,ws,weak,16,879.697,4.786,16
10,ws,weak,17,924.784,4.786,19
10,ws,weak,18,969.701,4.786,16
10,ws,weak,19,1012.371,4.786,19
10,ws,weak,20,1062.405,4.786,16
10,ws,weak,21,1103.983,4.786,17
10,ws,weak,22,1151.683,4.786,19
10,ws,weak,23,1199.398,4.786,17
10,ws,weak,24,1241.138,4.786,21
10,ws,weak,25,1290.246,4.786,19
10,ws,weak,26,1339.724,4.786,18
10,ws,weak,27,1382.025,4.786,17
10,ws,weak,28,1424.040,4.786,17
10,ws,weak,29,1470.545,4.786,17
10,ws,weak,30,1510.591,4.786,13
10,ws,weak,31,1548.184,4.786,18
10,ws,weak,32,1587.531,4.786,18
10,ws,weak,33,1627.947,4.786,16
10,ws,weak,34,1666.581,4.786,18
10,ws,weak,35,1708.130,4.786,17
10,ws,weak,36,1739.310,4.786,18
10,ws,weak,37,1775.287,4.786,18
10,ws,weak,38,1808.135,4.786,16
10,ws,weak,39,1852.573,4.786,19
10,ws,weak,40,1888.101,4.786,19
10,ws,weak,41,1930.674,4.786,19
10,ws,weak,42,1974.130,4.786,16
10,ws,weak,43,2007.205,4.786,17
10,ws,weak,44,2041.134,4.786,18
10,ws,weak,45,2076.179,4.786,17
10,ws,weak,46,2115.850,4.786,17
10,ws,weak,47,2158.079,4.786,19
10,ws,weak,48,2208.032,4.786,18
10,ws,weak,49,2246.511,4.786,18
10,ws,weak,50,2284.017,4.786,17
10,ws,weak,51,2320.889,4.786,19
10,ws,weak,52,2364.378,4.786,13
10,ws,weak,53,2398.666,4.786,17
10,ws,weak,54,2434.465,4.786,17
10,ws,weak,55,2482.843,4.786,17
10,ws,weak,56,2523.295,4.786,19
10,ws,weak,57,2566.004,4.786,18
10,ws,weak,58,2597.218,4.786,18
10,ws,weak,59,2640.336,4.786,17
10,ws,weak,60,2686.908,4.786,19
10,ws,weak,61,2724.991,4.786,16
10,ws,weak,62,2757.391,4.786,19
10,ws,weak,63,2799.186,4.786,17
10,ws,weak,64,2845.053,4.786,13
11,ws,weak,0,225.922,5.074,15
11,ws,weak,1,260.784,5.074,16
11,ws,weak,2,304.889,5.074,20
11,ws,weak,3,344.850,5.074,14
11,ws,weak,4,376.175,5.074,17
11,ws,weak,5,414.905,5.074,15
11,ws,weak,6,452.388,5.074,17
11,ws,weak,7,494.391,5.074,17
11,ws,weak,8,541.656,5.074,13
11,ws,weak,9,580.142,5.074,15
11,ws,weak,10,626.395,5.074,21
11,ws,weak,11,675.182,5.074,18
11,ws,weak,12,709.212,5.074,18
11,ws,weak,13,746.657,5.074,21
11,ws,weak,14,788.186,5.074,14
11,ws,weak,15,825.707,5.074,17
11,ws,weak,16,862.101,5.074,16
11,ws,weak,17,903.736,5.074,15
11,ws,weak,18,948.180,5.074,13
11,ws,weak,19,993.316,5.074,18
11,ws,weak,20,1043.690,5.074,17
11,ws,weak,21,1084.435,5.074,18
11,ws,weak,22,1134.686,5.074,17
11,ws,weak,23,1183.592,5.074,16
11,ws,weak,24,1225.515,5.074,19
11,ws,weak,25,1263.886,5.074,18
11,ws,weak,26,1314.824,5.074,21
11,ws,weak,27,1363.996,5.074,19
11,ws,weak,28,1398.841,5.074,16
11,ws,weak,29,1448.995,5.074,19
11,ws,weak,30,1490.378,5.074,20
11,ws,weak,31,1523.576,5.074,19
11,ws,weak,32,1571.666,5.074,13
12,ws,weak,0,223.431,5.024,13
12,ws,weak,1,257.964,5.024,14
12,ws,weak,2,298.255,5.024,16
12,ws,weak,3,340.320,5.024,14
12,ws,weak,4,383.665,5.024,16
12,ws,weak,5,429.449,5.024,16
12,ws,weak,6,467.751,5.024,18
12,ws,weak,7,504.489,5.024,18
12,ws,weak,8,543.105,5.024,20
12,ws,weak,9,574.913,5.024,17
12,ws,weak,10,608.976,5.024,16
12,ws,weak,11,655.260,5.024,17
12,ws,weak,12,696.507,5.024,20
12,ws,weak,13,733.705,5.024,19
12,ws,weak,14,774.084,5.024,18
12,ws,weak,15,824.030,5.024,19
12,ws,weak,16,855.069,5.024,16
12,ws,weak,17,899.959,5.024,13
12,ws,weak,18,940.515,5.024,16
12,ws,weak,19,981.254,5.024,17
12,ws,weak,20,1021.560,5.024,17
12,ws,weak,21,1062.303,5.024,18
12,ws,weak,22,1103.558,5.024,19
12,ws,weak,23,1147.892,5.024,19
12,ws,weak,24,1185.992,5.024,19
12,ws,weak,25,1227.580,5.024,19
12,ws,weak,26,1263.157,5.024,16
12,ws,weak,27,1299.645,5.024,17
12,ws,weak,28,1341.806,5.024,20
12,ws,weak,29,1382.799,5.024,18
12,ws,weak,30,1432.490,5.024,16
12,ws,weak,31,1476.179,5.024,15
12,ws,weak,32,1513.868,5.024,13
12,ws,weak,33,1554.816,5.024,19
12,ws,weak,34,1588.044,5.024,17
12,ws,weak,35,1623.719,5.024,17
12,ws,weak,36,1666.418,5.024,17
12,ws,weak,37,1701.792,5.024,14
12,ws,weak,38,1752.867,5.024,14
12,ws,weak,39,1791.448,5.024,17
12,ws,weak,40,1834.770,5.024,16
12,ws,weak,41,1873.967,5.024,18
12,ws,weak,42,1905.521,5.024,16
12,ws,weak,43,1955.326,5.024,15
12,ws,weak,44,2004.872,5.024,13
12,ws,weak,45,2037.391,5.024,19
12,ws,weak,46,2074.493,5.024,18
12,ws,weak,47,2113.013,5.024,18
12,ws,weak,48,2156.178,5.024,16
12,ws,weak,49,2204.915,5.024,19
12,ws,weak,50,2240.458,5.024,16
12,ws,weak,51,2280.120,5.024,13
12,ws,weak,52,2319.655,5.024,18
12,ws,weak,53,2356.194,5.024,18
12,ws,weak,54,2397.197,5.024,17
12,ws,weak,55,2436.985,5.024,17
12,ws,weak,56,2487.085,5.024,13
12,ws,weak,57,2531.745,5.024,15
12,ws,weak,58,2571.013,5.024,13
12,ws,weak,59,2608.831,5.024,19
12,ws,weak,60,2644.043,5.024,13
12,ws,weak,61,2677.280,5.024,15
12,ws,weak,62,2717.849,5.024,13
12,ws,weak,63,2750.614,5.024,13
12,ws,weak,64,2792.063,5.024,16
12,ws,weak,65,2829.624,5.024,15
12,ws,weak,66,2869.902,5.024,13
12,ws,weak,67,2914.792,5.024,19
12,ws,weak,68,2952.001,5.024,17
12,ws,weak,69,2999.965,5.024,21
12,ws,weak,70,3036.478,5.024,19
12,ws,weak,71,3078.737,5.024,18
12,ws,weak,72,3122.583,5.024,18
12,ws,weak,73,3154.351,5.024,16
12,ws,weak,74,3202.566,5.024,14
12,ws,weak,75,3240.639,5.024,16
12,ws,weak,76,3275.979,5.024,16
12,ws,weak,77,3314.325,5.024,16
12,ws,weak,78,3353.030,5.024,17
12,ws,weak,79,3396.813,5.024,19
12,ws,weak,80,3436.636,5.024,18
12,ws,weak,81,3484.369,5.024,18
12,ws,weak,82,3517.062,5.024,14
12,ws,weak,83,3549.679,5.024,15
12,ws,weak,84,3590.831,5.024,20
12,ws,weak,85,3635.150,5.024,14
12,ws,weak,86,3674.275,5.024,16
12,ws,weak,87,3719.932,5.024,14
12,ws,weak,88,3759.565,5.024,15
12,ws,weak,89,3800.323,5.024,16
12,ws,weak,90,3846.987,5.024,19
12,ws,weak,91,3888.066,5.024,20
12,ws,weak,92,3932.535,5.024,18
12,ws,weak,93,3974.712,5.024,19
12,ws,weak,94,4013.631,5.024,16
12,ws,weak,95,4056.104,5.024,18
12,ws,weak,96,4102.296,5.024,17
12,ws,weak,97,4145.042,5.024,15
12,ws,weak,98,4185.160,5.024,19
12,ws,weak,99,4227.704,5.024,13
12,ws,weak,100,4260.827,5.024,16
12,ws,weak,101,4297.672,5.024,17
12,ws,weak,102,4328.348,5.024,13
12,ws,weak,103,4372.498,5.024,16
12,ws,weak,104,4410.468,5.024,15
12,ws,weak,105,4450.855,5.024,13
12,ws,weak,106,4489.342,5.024,19
12,ws,weak,107,4535.875,5.024,17
12,ws,weak,108,4578.809,5.024,17
12,ws,weak,109,4616.966,5.024,17
12,ws,weak,110,4663.593,5.024,18
12,ws,weak,111,4699.335,5.024,17
12,ws,weak,112,4732.378,5.024,19
12,ws,weak,113,4776.965,5.024,17
12,ws,weak,114,4828.023,5.024,13
12,ws,weak,115,4869.487,5.024,17
12,ws,weak,116,4911.493,5.024,15
12,ws,weak,117,4945.566,5.024,17
12,ws,weak,118,4980.577,5.024,18
12,ws,weak,119,5029.504,5.024,16
12,ws,weak,120,5071.671,5.024,13
12,ws,weak,121,5108.141,5.024,18
12,ws,weak,122,5156.107,5.024,21
12,ws,weak,123,5193.614,5.024,17
12,ws,weak,124,5231.585,5.024,19
12,ws,weak,125,5262.853,5.024,16
12,ws,weak,126,5312.302,5.024,13
12,ws,weak,127,5353.389,5.024,14
12,ws,weak,128,5384.721,5.024,14
12,ws,weak,129,5420.966,5.024,16
12,ws,weak,130,5464.684,5.024,14
12,ws,weak,131,5504.938,5.024,16
12,ws,weak,132,5540.709,5.024,17
12,ws,weak,133,5586.389,5.024,20
12,ws,weak,134,5628.953,5.024,20
12,ws,weak,135,5674.990,5.024,19
12,ws,weak,136,5714.217,5.024,19
12,ws,weak,137,5761.384,5.024,16
12,ws,weak,138,5801.947,5.024,17
12,ws,weak,139,5850.359,5.024,20
12,ws,weak,140,5889.612,5.024,18
12,ws,weak,141,5935.709,5.024,16
12,ws,weak,142,5970.317,5.024,15
12,ws,weak,143,6008.016,5.024,13
12,ws,weak,144,6053.187,5.024,19
12,ws,weak,145,6088.404,5.024,17
12,ws,weak,146,6128.818,5.024,16
12,ws,weak,147,6166.569,5.024,19
12,ws,weak,148,6212.691,5.024,19
12,ws,weak,149,6250.351,5.024,18
12,ws,weak,150,6291.121,5.024,16
12,ws,weak,151,6338.503,5.024,20
12,ws,weak,152,6382.652,5.024,19
12,ws,weak,153,6416.145,5.024,16
12,ws,weak,154,6464.885,5.024,17
12,ws,weak,155,6512.716,5.024,14
12,ws,weak,156,6560.691,5.024,16
12,ws,weak,157,6608.737,5.024,19
12,ws,weak,158,6659.442,5.024,16
12,ws,weak,159,6706.912,5.024,17
12,ws,weak,160,6750.249,5.024,20
12,ws,weak,161,6801.382,5.024,17
12,ws,weak,162,6843.404,5.024,18
12,ws,weak,163,6880.235,5.024,19
12,ws,weak,164,6929.821,5.024,18
12,ws,weak,165,6964.485,5.024,16
12,ws,weak,166,7009.810,5.024,16
12,ws,weak,167,7057.993,5.024,14
12,ws,weak,168,7094.913,5.024,16
12,ws,weak,169,7133.511,5.024,17
12,ws,weak,170,7179.543,5.024,19
12,ws,weak,171,7214.327,5.024,18
12,ws,weak,172,7248.381,5.024,13
12,ws,weak,173,7281.254,5.024,16
12,ws,weak,174,7326.257,5.024,17
12,ws,weak,175,7374.364,5.024,17
12,ws,weak,176,7413.689,5.024,19
12,ws,weak,177,7454.605,5.024,18
12,ws,weak,178,7493.712,5.024,18
12,ws,weak,179,7527.074,5.024,14
12,ws,weak,180,7568.562,5.024,15
12,ws,weak,181,7616.988,5.024,20
12,ws,weak,182,7659.862,5.024,17
12,ws,weak,183,7707.736,5.024,17
12,ws,weak,184,7755.874,5.024,13
12,ws,weak,185,7806.913,5.024,16
12,ws,weak,186,7843.069,5.024,17
12,ws,weak,187,7888.691,5.024,18
12,ws,weak,188,7939.407,5.024,19
12,ws,weak,189,7986.100,5.024,18
12,ws,weak,190,8023.735,5.024,17
12,ws,weak,191,8057.693,5.024,16
12,ws,weak,192,8098.893,5.024,18
12,ws,weak,193,8143.031,5.024,19
12,ws,weak,194,8191.724,5.024,16
12,ws,weak,195,8233.598,5.024,13
13,ws,weak,0,276.872,3.951,14
13,ws,weak,1,327.020,3.951,16
13,ws,weak,2,363.489,3.951,18
13,ws,weak,3,398.542,3.951,13
13,ws,weak,4,444.583,3.951,17
13,ws,weak,5,485.899,3.951,21
13,ws,weak,6,519.892,3.951,14
13,ws,weak,7,551.201,3.951,15
13,ws,weak,8,589.146,3.951,13
13,ws,weak,9,626.668,3.951,13
13,ws,weak,10,669.148,3.951,15
13,ws,weak,11,710.531,3.951,13
13,ws,weak,12,757.511,3.951,13
13,ws,weak,13,804.972,3.951,16
13,ws,weak,14,853.163,3.951,16
13,ws,weak,15,899.991,3.951,15
13,ws,weak,16,940.038,3.951,13
13,ws,weak,17,979.350,3.951,19
13,ws,weak,18,1030.403,3.951,19
13,ws,weak,19,1078.898,3.951,18
13,ws,weak,20,1120.392,3.951,18
13,ws,weak,21,1168.758,3.951,19
13,ws,weak,22,1202.004,3.951,16
13,ws,weak,23,1239.566,3.951,20
13,ws,weak,24,1271.660,3.951,19
13,ws,weak,25,1320.386,3.951,18
13,ws,weak,26,1359.511,3.951,19
13,ws,weak,27,1403.340,3.951,13
13,ws,weak,28,1441.343,3.951,16
13,ws,weak,29,1480.859,3.951,15
13,ws,weak,30,1514.408,3.951,13
13,ws,weak,31,1562.498,3.951,19
13,ws,weak,32,1610.910,3.951,17
13,ws,weak,33,1643.669,3.951,21
13,ws,weak,34,1676.621,3.951,19
13,ws,weak,35,1725.639,3.951,18
13,ws,weak,36,1773.363,3.951,17
13,ws,weak,37,1816.960,3.951,17
13,ws,weak,38,1851.855,3.951,13
13,ws,weak,39,1895.108,3.951,15
13,ws,weak,40,1938.983,3.951,13
13,ws,weak,41,1981.085,3.951,18
13,ws,weak,42,2017.425,3.951,16
13,ws,weak,43,2062.544,3.951,16
13,ws,weak,44,2102.107,3.951,17
13,ws,weak,45,2144.119,3.951,13
13,ws,weak,46,2190.035,3.951,21
13,ws,weak,47,2232.035,3.951,18
13,ws,weak,48,2280.523,3.951,18
13,ws,weak,49,2323.853,3.951,15
13,ws,weak,50,2359.983,3.951,15
13,ws,weak,51,2408.326,3.951,15
13,ws,weak,52,2444.813,3.951,19
13,ws,weak,53,2493.395,3.951,19
13,ws,weak,54,2543.899,3.951,17
13,ws,weak,55,2587.006,3.951,13
13,ws,weak,56,2623.933,3.951,16
13,ws,weak,57,2667.502,3.951,17
13,ws,weak,58,2704.257,3.951,19
13,ws,weak,59,2737.711,3.951,17
13,ws,weak,60,2786.226,3.951,19
13,ws,weak,61,2818.039,3.951,16
13,ws,weak,62,2868.749,3.951,15
13,ws,weak,63,2914.549,3.951,13
13,ws,weak,64,2953.240,3.951,19
13,ws,weak,65,3001.640,3.951,17
13,ws,weak,66,3047.336,3.951,21
13,ws,weak,67,3084.209,3.951,17
13,ws,weak,68,3124.735,3.951,17
13,ws,weak,69,3156.167,3.951,19
13,ws,weak,70,3189.076,3.951,17
13,ws,weak,71,3233.262,3.951,18
13,ws,weak,72,3274.084,3.951,17
13,ws,weak,73,3317.500,3.951,18
13,ws,weak,74,3359.340,3.951,18
13,ws,weak,75,3399.456,3.951,13
13,ws,weak,76,3435.516,3.951,16
13,ws,weak,77,3469.907,3.951,15
13,ws,weak,78,3504.608,3.951,13
13,ws,weak,79,3546.642,3.951,19
13,ws,weak,80,3579.436,3.951,17
13,ws,weak,81,3627.233,3.951,17
13,ws,weak,82,3658.382,3.951,19
13,ws,weak,83,3702.129,3.951,16
13,ws,weak,84,3736.102,3.951,20
13,ws,weak,85,3785.110,3.951,19
13,ws,weak,86,3824.501,3.951,20
13,ws,weak,87,3871.411,3.951,16
13,ws,weak,88,3904.365,3.951,17
13,ws,weak,89,3948.835,3.951,19
13,ws,weak,90,3992.475,3.951,18
13,ws,weak,91,4040.804,3.951,13
13,ws,weak,92,4083.624,3.951,16
13,ws,weak,93,4125.905,3.951,18
13,ws,weak,94,4157.610,3.951,19
13,ws,weak,95,4190.476,3.951,18
13,ws,weak,96,4230.113,3.951,19
13,ws,weak,97,4273.477,3.951,17
13,ws,weak,98,4309.851,3.951,18
13,ws,weak,99,4356.281,3.951,19
13,ws,weak,100,4403.689,3.951,19
13,ws,weak,101,4445.700,3.951,18
13,ws,weak,102,4482.354,3.951,16
13,ws,weak,103,4520.588,3.951,16
13,ws,weak,104,4560.110,3.951,17
13,ws,weak,105,4602.153,3.951,20
13,ws,weak,106,4642.385,3.951,18
13,ws,weak,107,4687.385,3.951,18
13,ws,weak,108,4727.200,3.951,19
13,ws,weak,109,4763.096,3.951,13
13,ws,weak,110,4796.361,3.951,19
13,ws,weak,111,4844.771,3.951,18
13,ws,weak,112,4889.344,3.951,18
13,ws,weak,113,4930.042,3.951,17
13,ws,weak,114,4974.532,3.951,14
13,ws,weak,115,5014.932,3.951,15
13,ws,weak,116,5056.522,3.951,20
13,ws,weak,117,5096.521,3.951,18
13,ws,weak,118,5142.461,3.951,19
13,ws,weak,119,5184.333,3.951,17
13,ws,weak,120,5222.078,3.951,18
13,ws,weak,121,5260.113,3.951,13
13,ws,weak,122,5304.872,3.951,16
13,ws,weak,123,5341.460,3.951,19
13,ws,weak,124,5389.383,3.951,18
13,ws,weak,125,5424.923,3.951,16
13,ws,weak,126,5456.787,3.951,17
13,ws,weak,127,5495.726,3.951,14
13,ws,weak,128,5530.843,3.951,16
13,ws,weak,129,5577.890,3.951,18
13,ws,weak,130,5623.803,3.951,18
13,ws,weak,131,5668.358,3.951,18
13,ws,weak,132,5708.953,3.951,18
13,ws,weak,133,5746.173,3.951,18
13,ws,weak,134,5783.395,3.951,19
13,ws,weak,135,5828.750,3.951,19
13,ws,weak,136,5874.153,3.951,16
13,ws,weak,137,5908.927,3.951,17
13,ws,weak,138,5958.313,3.951,13
13,ws,weak,139,5998.044,3.951,14
13,ws,weak,140,6045.861,3.951,21
13,ws,weak,141,6083.601,3.951,17
13,ws,weak,142,6117.379,3.951,15
13,ws,weak,143,6160.511,3.951,16
13,ws,weak,144,6197.304,3.951,16
13,ws,weak,145,6229.924,3.951,16
13,ws,weak,146,6262.995,3.951,19
13,ws,weak,147,6299.505,3.951,18
13,ws,weak,148,6345.351,3.951,18
13,ws,weak,149,6378.850,3.951,16
13,ws,weak,150,6418.260,3.951,15
13,ws,weak,151,6462.504,3.951,13
13,ws,weak,152,6494.083,3.951,19
13,ws,weak,153,6531.654,3.951,17
13,ws,weak,154,6577.763,3.951,21
13,ws,weak,155,6627.772,3.951,13
13,ws,weak,156,6662.562,3.951,16
13,ws,weak,157,6697.783,3.951,17
13,ws,weak,158,6742.324,3.951,15
13,ws,weak,159,6786.435,3.951,19
13,ws,weak,160,6824.878,3.951,18
13,ws,weak,161,6875.219,3.951,16
13,ws,weak,162,6914.333,3.951,16
13,ws,weak,163,6964.619,3.951,18
13,ws,weak,164,7002.611,3.951,19
13,ws,weak,165,7040.688,3.951,13
13,ws,weak,166,7078.586,3.951,21
13,ws,weak,167,7119.537,3.951,17
13,ws,weak,168,7156.552,3.951,17
13,ws,weak,169,7203.724,3.951,18
13,ws,weak,170,7239.015,3.951,13
13,ws,weak,171,7271.341,3.951,14
13,ws,weak,172,7306.564,3.951,16
13,ws,weak,173,7340.305,3.951,18
13,ws,weak,174,7390.940,3.951,16
13,ws,weak,175,7424.688,3.951,16
13,ws,weak,176,7457.458,3.951,17
13,ws,weak,177,7498.626,3.951,17
13,ws,weak,178,7542.872,3.951,18
13,ws,weak,179,7587.056,3.951,16
13,ws,weak,180,7628.562,3.951,15
13,ws,weak,181,7675.993,3.951,16
13,ws,weak,182,7710.414,3.951,20
13,ws,weak,183,7759.136,3.951,13
13,ws,weak,184,7792.058,3.951,16
13,ws,weak,185,7830.635,3.951,17
13,ws,weak,186,7865.511,3.951,16
13,ws,weak,187,7906.473,3.951,17
13,ws,weak,188,7951.843,3.951,19
13,ws,weak,189,7994.599,3.951,18
13,ws,weak,190,8038.009,3.951,18
13,ws,weak,191,8082.630,3.951,19
13,ws,weak,192,8124.796,3.951,16
13,ws,weak,193,8156.296,3.951,20
13,ws,weak,194,8197.398,3.951,19
13,ws,weak,195,8232.542,3.951,18
13,ws,weak,196,8264.356,3.951,19
13,ws,weak,197,8309.934,3.951,13
14,ws,weak,0,313.128,5.256,15
14,ws,weak,1,362.914,5.256,18
14,ws,weak,2,401.747,5.256,17
14,ws,weak,3,439.906,5.256,19
14,ws,weak,4,474.028,5.256,18
14,ws,weak,5,515.568,5.256,21
14,ws,weak,6,553.260,5.256,15
14,ws,weak,7,585.052,5.256,15
14,ws,weak,8,628.503,5.256,17
14,ws,weak,9,664.544,5.256,13
14,ws,weak,10,700.044,5.256,15
14,ws,weak,11,738.050,5.256,13
14,ws,weak,12,789.083,5.256,18
14,ws,weak,13,827.324,5.256,19
14,ws,weak,14,872.185,5.256,19
14,ws,weak,15,911.716,5.256,20
14,ws,weak,16,951.054,5.256,20
14,ws,weak,17,999.953,5.256,18
14,ws,weak,18,1040.425,5.256,18
14,ws,weak,19,1087.183,5.256,20
14,ws,weak,20,1130.810,5.256,14
14,ws,weak,21,1169.190,5.256,16
14,ws,weak,22,1207.213,5.256,20
14,ws,weak,23,1240.844,5.256,17
14,ws,weak,24,1273.187,5.256,18
14,ws,weak,25,1319.952,5.256,19
14,ws,weak,26,1364.012,5.256,18
14,ws,weak,27,1414.574,5.256,19
14,ws,weak,28,1456.565,5.256,18
14,ws,weak,29,1500.810,5.256,14
14,ws,weak,30,1540.923,5.256,16
14,ws,weak,31,1583.072,5.256,13
15,ws,weak,0,228.251,4.864,16
15,ws,weak,1,270.614,4.864,19
15,ws,weak,2,301.954,4.864,17
15,ws,weak,3,345.728,4.864,19
15,ws,weak,4,388.311,4.864,19
15,ws,weak,5,434.213,4.864,16
15,ws,weak,6,473.296,4.864,17
15,ws,weak,7,509.877,4.864,15
15,ws,weak,8,548.001,4.864,14
15,ws,weak,9,585.275,4.864,14
15,ws,weak,10,626.363,4.864,19
15,ws,weak,11,657.480,4.864,14
15,ws,weak,12,694.719,4.864,21
15,ws,weak,13,739.312,4.864,19
15,ws,weak,14,782.607,4.864,18
15,ws,weak,15,825.467,4.864,17
15,ws,weak,16,869.416,4.864,18
15,ws,weak,17,917.009,4.864,17
15,ws,weak,18,950.000,4.864,17
15,ws,weak,19,998.743,4.864,18
15,ws,weak,20,1031.020,4.864,13
15,ws,weak,21,1076.921,4.864,16
15,ws,weak,22,1112.994,4.864,19
15,ws,weak,23,1156.153,4.864,13
15,ws,weak,24,1193.040,4.864,17
15,ws,weak,25,1228.252,4.864,16
15,ws,weak,26,1264.163,4.864,18
15,ws,weak,27,1300.237,4.864,17
15,ws,weak,28,1347.573,4.864,18
15,ws,weak,29,1381.517,4.864,19
15,ws,weak,30,1421.192,4.864,16
15,ws,weak,31,1456.622,4.864,17
15,ws,weak,32,1501.058,4.864,18
15,ws,weak,33,1540.423,4.864,17
15,ws,weak,34,1587.008,4.864,19
15,ws,weak,35,1625.000,4.864,16
15,ws,weak,36,1670.558,4.864,19
15,ws,weak,37,1720.921,4.864,16
15,ws,weak,38,1756.204,4.864,17
15,ws,weak,39,1806.014,4.864,13
15,ws,weak,40,1839.421,4.864,16
15,ws,weak,41,1882.346,4.864,17
15,ws,weak,42,1918.100,4.864,19
15,ws,weak,43,1959.114,4.864,16
15,ws,weak,44,2009.655,4.864,18
15,ws,weak,45,2055.861,4.864,20
15,ws,weak,46,2089.489,4.864,18
15,ws,weak,47,2138.323,4.864,17
15,ws,weak,48,2174.196,4.864,17
15,ws,weak,49,2218.573,4.864,18
15,ws,weak,50,2266.164,4.864,18
15,ws,weak,51,2314.451,4.864,19
15,ws,weak,52,2363.217,4.864,18
15,ws,weak,53,2408.343,4.864,19
15,ws,weak,54,2451.347,4.864,16
15,ws,weak,55,2496.284,4.864,13
15,ws,weak,56,2529.249,4.864,18
15,ws,weak,57,2575.141,4.864,19
15,ws,weak,58,2623.373,4.864,17
15,ws,weak,59,2673.196,4.864,17
15,ws,weak,60,2722.324,4.864,17
15,ws,weak,61,2768.778,4.864,17
15,ws,weak,62,2801.281,4.864,18
15,ws,weak,63,2847.338,4.864,17
15,ws,weak,64,2895.371,4.864,13
15,ws,weak,65,2933.896,4.864,14
15,ws,weak,66,2977.026,4.864,13
15,ws,weak,67,3018.488,4.864,17
15,ws,weak,68,3054.721,4.864,17
15,ws,weak,69,3096.445,4.864,19
15,ws,weak,70,3137.254,4.864,16
15,ws,weak,71,3174.963,4.864,16
15,ws,weak,72,3213.871,4.864,16
15,ws,weak,73,3257.938,4.864,19
15,ws,weak,74,3307.951,4.864,18
15,ws,weak,75,3349.831,4.864,18
15,ws,weak,76,3382.809,4.864,15
15,ws,weak,77,3427.391,4.864,15
15,ws,weak,78,3478.492,4.864,19
15,ws,weak,79,3512.606,4.864,19
15,ws,weak,80,3554.645,4.864,19
15,ws,weak,81,3601.149,4.864,17
15,ws,weak,82,3632.899,4.864,19
15,ws,weak,83,3676.345,4.864,17
15,ws,weak,84,3709.956,4.864,18
15,ws,weak,85,3759.729,4.864,17
15,ws,weak,86,3808.146,4.864,17
15,ws,weak,87,3843.552,4.864,17
15,ws,weak,88,3879.519,4.864,18
15,ws,weak,89,3915.729,4.864,18
15,ws,weak,90,3963.549,4.864,17
15,ws,weak,91,4011.493,4.864,19
15,ws,weak,92,4056.231,4.864,19
15,ws,weak,93,4089.173,4.864,16
15,ws,weak,94,4129.708,4.864,17
15,ws,weak,95,4162.936,4.864,18
15,ws,weak,96,4201.536,4.864,15
15,ws,weak,97,4239.970,4.864,14
15,ws,weak,98,4281.133,4.864,14
15,ws,weak,99,4322.785,4.864,19
15,ws,weak,100,4368.921,4.864,14
15,ws,weak,101,4412.134,4.864,17
15,ws,weak,102,4448.489,4.864,18
15,ws,weak,103,4480.410,4.864,18
15,ws,weak,104,4512.597,4.864,13
15,ws,weak,105,4546.252,4.864,16
15,ws,weak,106,4580.816,4.864,18
15,ws,weak,107,4625.692,4.864,17
15,ws,weak,108,4670.687,4.864,18
15,ws,weak,109,4710.618,4.864,18
15,ws,weak,110,4741.961,4.864,19
15,ws,weak,111,4779.192,4.864,16
15,ws,weak,112,4822.090,4.864,18
15,ws,weak,113,4864.512,4.864,17
15,ws,weak,114,4912.994,4.864,16
15,ws,weak,115,4957.425,4.864,18
15,ws,weak,116,5004.828,4.864,18
15,ws,weak,117,5043.845,4.864,18
15,ws,weak,118,5087.396,4.864,18
15,ws,weak,119,5130.336,4.864,17
15,ws,weak,120,5162.497,4.864,13
16,ws,weak,0,218.264,4.793,15
16,ws,weak,1,250.534,4.793,16
16,ws,weak,2,289.352,4.793,20
16,ws,weak,3,328.097,4.793,14
16,ws,weak,4,367.208,4.793,17
16,ws,weak,5,402.518,4.793,15
16,ws,weak,6,442.280,4.793,17
16,ws,weak,7,475.004,4.793,17
16,ws,weak,8,516.815,4.793,13
16,ws,weak,9,559.181,4.793,15
16,ws,weak,10,595.814,4.793,21
16,ws,weak,11,631.970,4.793,16
16,ws,weak,12,680.728,4.793,18
16,ws,weak,13,716.432,4.793,16
16,ws,weak,14,753.052,4.793,18
16,ws,weak,15,793.402,4.793,17
16,ws,weak,16,828.379,4.793,13
16,ws,weak,17,864.002,4.793,21
16,ws,weak,18,902.151,4.793,18
16,ws,weak,19,938.295,4.793,18
16,ws,weak,20,976.022,4.793,15
16,ws,weak,21,1010.659,4.793,17
16,ws,weak,22,1043.994,4.793,16
16,ws,weak,23,1076.483,4.793,13
17,ws,weak,0,227.733,4.638,13
17,ws,weak,1,272.925,4.638,14
17,ws,weak,2,303.926,4.638,16
17,ws,weak,3,341.384,4.638,14
17,ws,weak,4,376.038,4.638,16
17,ws,weak,5,424.053,4.638,16
17,ws,weak,6,456.546,4.638,18
17,ws,weak,7,507.108,4.638,17
17,ws,weak,8,557.109,4.638,16
17,ws,weak,9,603.575,4.638,18
17,ws,weak,10,650.138,4.638,20
17,ws,weak,11,690.878,4.638,18
17,ws,weak,12,725.620,4.638,19
17,ws,weak,13,768.926,4.638,17
17,ws,weak,14,800.450,4.638,19
17,ws,weak,15,839.345,4.638,16
17,ws,weak,16,880.625,4.638,13
17,ws,weak,17,919.970,4.638,17
17,ws,weak,18,964.297,4.638,17
17,ws,weak,19,996.625,4.638,18
17,ws,weak,20,1042.502,4.638,19
17,ws,weak,21,1090.051,4.638,19
17,ws,weak,22,1129.128,4.638,19
17,ws,weak,23,1171.808,4.638,19
17,ws,weak,24,1211.158,4.638,17
17,ws,weak,25,1248.857,4.638,20
17,ws,weak,26,1288.039,4.638,18
17,ws,weak,27,1329.065,4.638,18
17,ws,weak,28,1371.226,4.638,17
17,ws,weak,29,1409.788,4.638,19
17,ws,weak,30,1452.576,4.638,13
17,ws,weak,31,1492.884,4.638,18
17,ws,weak,32,1527.752,4.638,18
17,ws,weak,33,1573.487,4.638,20
17,ws,weak,34,1621.681,4.638,16
17,ws,weak,35,1659.153,4.638,15
17,ws,weak,36,1702.938,4.638,13
17,ws,weak,37,1739.030,4.638,19
17,ws,weak,38,1781.588,4.638,19
17,ws,weak,39,1831.536,4.638,18
17,ws,weak,40,1867.268,4.638,16
17,ws,weak,41,1909.683,4.638,15
17,ws,weak,42,1957.528,4.638,13
17,ws,weak,43,1995.064,4.638,19
17,ws,weak,44,2031.224,4.638,16
17,ws,weak,45,2075.999,4.638,16
17,ws,weak,46,2112.629,4.638,19
17,ws,weak,47,2148.466,4.638,16
17,ws,weak,48,2199.316,4.638,17
17,ws,weak,49,2231.615,4.638,14
17,ws,weak,50,2269.568,4.638,16
17,ws,weak,51,2319.427,4.638,19
17,ws,weak,52,2359.819,4.638,19
17,ws,weak,53,2406.224,4.638,16
17,ws,weak,54,2437.217,4.638,17
17,ws,weak,55,2470.413,4.638,19
17,ws,weak,56,2512.024,4.638,15
17,ws,weak,57,2545.551,4.638,17
17,ws,weak,58,2578.155,4.638,18
17,ws,weak,59,2614.110,4.638,17
17,ws,weak,60,2653.549,4.638,13
17,ws,weak,61,2689.728,4.638,14
17,ws,weak,62,2730.778,4.638,16
17,ws,weak,63,2764.662,4.638,17
17,ws,weak,64,2797.851,4.638,17
17,ws,weak,65,2838.613,4.638,21
17,ws,weak,66,2871.175,4.638,17
17,ws,weak,67,2906.635,4.638,17
17,ws,weak,68,2938.262,4.638,13
17,ws,weak,69,2983.379,4.638,15
17,ws,weak,70,3015.928,4.638,13
17,ws,weak,71,3051.412,4.638,19
17,ws,weak,72,3090.233,4.638,17
17,ws,weak,73,3128.751,4.638,13
17,ws,weak,74,3167.631,4.638,15
17,ws,weak,75,3200.021,4.638,13
17,ws,weak,76,3233.705,4.638,13
17,ws,weak,77,3282.828,4.638,14
17,ws,weak,78,3329.720,4.638,14
17,ws,weak,79,3362.017,4.638,16
17,ws,weak,80,3403.782,4.638,14
17,ws,weak,81,3450.038,4.638,16
17,ws,weak,82,3484.006,4.638,16
17,ws,weak,83,3527.799,4.638,21
17,ws,weak,84,3567.966,4.638,20
17,ws,weak,85,3613.713,4.638,19
17,ws,weak,86,3646.799,4.638,19
17,ws,weak,87,3690.092,4.638,19
17,ws,weak,88,3724.144,4.638,19
17,ws,weak,89,3757.447,4.638,17
17,ws,weak,90,3804.820,4.638,16
17,ws,weak,91,3847.355,4.638,17
17,ws,weak,92,3892.147,4.638,18
17,ws,weak,93,3931.131,4.638,14
17,ws,weak,94,3974.000,4.638,16
17,ws,weak,95,4022.540,4.638,18
17,ws,weak,96,4060.924,4.638,19
17,ws,weak,97,4092.450,4.638,18
17,ws,weak,98,4134.850,4.638,18
17,ws,weak,99,4179.204,4.638,18
17,ws,weak,100,4228.055,4.638,20
17,ws,weak,101,4260.750,4.638,19
17,ws,weak,102,4295.211,4.638,20
17,ws,weak,103,4342.354,4.638,17
17,ws,weak,104,4385.515,4.638,20
17,ws,weak,105,4426.896,4.638,18
17,ws,weak,106,4474.222,4.638,19
17,ws,weak,107,4521.884,4.638,20
17,ws,weak,108,4553.490,4.638,18
17,ws,weak,109,4598.906,4.638,19
17,ws,weak,110,4648.367,4.638,18
17,ws,weak,111,4687.869,4.638,18
17,ws,weak,112,4732.422,4.638,17
17,ws,weak,113,4775.673,4.638,19
17,ws,weak,114,4809.262,4.638,17
17,ws,weak,115,4852.079,4.638,14
17,ws,weak,116,4884.081,4.638,16
17,ws,weak,117,4917.023,4.638,18
17,ws,weak,118,4961.167,4.638,13
17,ws,weak,119,4998.868,4.638,14
17,ws,weak,120,5034.143,4.638,14
17,ws,weak,121,5068.412,4.638,16
17,ws,weak,122,5114.170,4.638,14
17,ws,weak,123,5156.711,4.638,16
17,ws,weak,124,5198.094,4.638,17
17,ws,weak,125,5238.133,4.638,19
17,ws,weak,126,5287.491,4.638,18
17,ws,weak,127,5334.688,4.638,18
17,ws,weak,128,5379.307,4.638,19
17,ws,weak,129,5422.093,4.638,19
17,ws,weak,130,5462.029,4.638,18
17,ws,weak,131,5495.114,4.638,18
17,ws,weak,132,5529.680,4.638,17
17,ws,weak,133,5565.185,4.638,19
17,ws,weak,134,5600.391,4.638,16
17,ws,weak,135,5638.347,4.638,19
17,ws,weak,136,5681.923,4.638,18
17,ws,weak,137,5730.905,4.638,16
17,ws,weak,138,5763.429,4.638,15
17,ws,weak,139,5803.204,4.638,13
17,ws,weak,140,5854.138,4.638,19
17,ws,weak,141,5896.582,4.638,15
17,ws,weak,142,5935.941,4.638,15
17,ws,weak,143,5975.860,4.638,14
17,ws,weak,144,6025.588,4.638,16
17,ws,weak,145,6066.185,4.638,13
17,ws,weak,146,6114.540,4.638,17
17,ws,weak,147,6156.204,4.638,15
17,ws,weak,148,6203.289,4.638,18
17,ws,weak,149,6245.331,4.638,17
17,ws,weak,150,6279.682,4.638,20
17,ws,weak,151,6318.038,4.638,18
17,ws,weak,152,6363.394,4.638,18
17,ws,weak,153,6397.496,4.638,16
17,ws,weak,154,6445.083,4.638,19
17,ws,weak,155,6487.395,4.638,17
17,ws,weak,156,6525.333,4.638,19
17,ws,weak,157,6557.736,4.638,16
17,ws,weak,158,6604.631,4.638,13
18,ws,weak,0,268.511,1.657,14
18,ws,weak,1,312.945,1.657,16
18,ws,weak,2,362.277,1.657,18
18,ws,weak,3,393.928,1.657,13
18,ws,weak,4,433.423,1.657,17
18,ws,weak,5,466.360,1.657,21
18,ws,weak,6,511.407,1.657,16
18,ws,weak,7,561.316,1.657,16
18,ws,weak,8,611.793,1.657,15
18,ws,weak,9,655.459,1.657,13
18,ws,weak,10,697.621,1.657,19
18,ws,weak,11,736.575,1.657,18
18,ws,weak,12,773.106,1.657,19
18,ws,weak,13,805.813,1.657,19
18,ws,weak,14,850.399,1.657,18
18,ws,weak,15,898.737,1.657,18
18,ws,weak,16,935.045,1.657,19
18,ws,weak,17,967.464,1.657,16
18,ws,weak,18,1000.357,1.657,13
18,ws,weak,19,1037.516,1.657,16
18,ws,weak,20,1078.395,1.657,15
18,ws,weak,21,1121.560,1.657,13
18,ws,weak,22,1162.302,1.657,19
18,ws,weak,23,1203.107,1.657,17
18,ws,weak,24,1250.437,1.657,18
18,ws,weak,25,1286.926,1.657,19
18,ws,weak,26,1332.061,1.657,17
18,ws,weak,27,1364.004,1.657,13
18,ws,weak,28,1414.687,1.657,15
18,ws,weak,29,1463.256,1.657,13
18,ws,weak,30,1512.434,1.657,19
18,ws,weak,31,1549.655,1.657,13
18,ws,weak,32,1597.474,1.657,15
18,ws,weak,33,1644.135,1.657,13
18,ws,weak,34,1688.206,1.657,13
18,ws,weak,35,1737.170,1.657,20
18,ws,weak,36,1783.850,1.657,17
18,ws,weak,37,1818.994,1.657,14
18,ws,weak,38,1862.066,1.657,14
18,ws,weak,39,1899.030,1.657,18
18,ws,weak,40,1936.921,1.657,18
18,ws,weak,41,1968.587,1.657,16
18,ws,weak,42,2017.516,1.657,17
18,ws,weak,43,2068.541,1.657,14
18,ws,weak,44,2117.270,1.657,17
18,ws,weak,45,2161.547,1.657,16
18,ws,weak,46,2199.117,1.657,17
18,ws,weak,47,2238.440,1.657,19
18,ws,weak,48,2284.166,1.657,17
18,ws,weak,49,2321.560,1.657,13
18,ws,weak,50,2371.365,1.657,15
18,ws,weak,51,2403.910,1.657,13
18,ws,weak,52,2449.879,1.657,16
18,ws,weak,53,2489.324,1.657,18
18,ws,weak,54,2530.643,1.657,14
18,ws,weak,55,2564.259,1.657,15
18,ws,weak,56,2602.761,1.657,19
18,ws,weak,57,2642.766,1.657,19
18,ws,weak,58,2693.397,1.657,16
18,ws,weak,59,2725.310,1.657,17
18,ws,weak,60,2759.230,1.657,20
18,ws,weak,61,2805.882,1.657,19
18,ws,weak,62,2854.283,1.657,18
18,ws,weak,63,2892.013,1.657,17
18,ws,weak,64,2928.721,1.657,14
18,ws,weak,65,2975.472,1.657,14
18,ws,weak,66,3009.601,1.657,21
18,ws,weak,67,3051.317,1.657,21
18,ws,weak,68,3095.694,1.657,19
18,ws,weak,69,3146.760,1.657,18
18,ws,weak,70,3184.077,1.657,18
18,ws,weak,71,3220.607,1.657,16
18,ws,weak,72,3256.284,1.657,16
18,ws,weak,73,3291.957,1.657,17
18,ws,weak,74,3330.271,1.657,16
18,ws,weak,75,3364.728,1.657,19
18,ws,weak,76,3408.754,1.657,18
18,ws,weak,77,3457.584,1.657,19
18,ws,weak,78,3498.430,1.657,17
18,ws,weak,79,3542.441,1.657,21
18,ws,weak,80,3582.605,1.657,17
18,ws,weak,81,3623.586,1.657,13
18,ws,weak,82,3673.850,1.657,15
18,ws,weak,83,3713.135,1.657,13
18,ws,weak,84,3749.029,1.657,13
18,ws,weak,85,3792.576,1.657,18
18,ws,weak,86,3843.076,1.657,17
18,ws,weak,87,3891.711,1.657,17
18,ws,weak,88,3923.573,1.657,17
18,ws,weak,89,3959.053,1.657,14
18,ws,weak,90,3999.208,1.657,16
18,ws,weak,91,4037.085,1.657,18
18,ws,weak,92,4073.928,1.657,19
18,ws,weak,93,4122.134,1.657,18
18,ws,weak,94,4172.259,1.657,15
18,ws,weak,95,4203.346,1.657,16
18,ws,weak,96,4250.993,1.657,19
18,ws,weak,97,4288.490,1.657,18
18,ws,weak,98,4333.187,1.657,18
18,ws,weak,99,4368.974,1.657,18
18,ws,weak,100,4417.835,1.657,15
18,ws,weak,101,4450.676,1.657,15
18,ws,weak,102,4485.867,1.657,20
18,ws,weak,103,4526.954,1.657,20
18,ws,weak,104,4572.715,1.657,18
18,ws,weak,105,4618.027,1.657,16
18,ws,weak,106,4665.812,1.657,15
18,ws,weak,107,4712.645,1.657,13
18,ws,weak,108,4744.013,1.657,19
18,ws,weak,109,4777.260,1.657,17
18,ws,weak,110,4817.616,1.657,17
18,ws,weak,111,4848.774,1.657,17
18,ws,weak,112,4880.914,1.657,16
18,ws,weak,113,4914.499,1.657,20
18,ws,weak,114,4963.274,1.657,18
18,ws,weak,115,4996.631,1.657,17
18,ws,weak,116,5041.541,1.657,17
18,ws,weak,117,5092.083,1.657,20
18,ws,weak,118,5139.848,1.657,16
18,ws,weak,119,5173.933,1.657,20
18,ws,weak,120,5214.558,1.657,17
18,ws,weak,121,5256.530,1.657,13
18,ws,weak,122,5295.234,1.657,16
18,ws,weak,123,5329.688,1.657,16
18,ws,weak,124,5371.982,1.657,16
18,ws,weak,125,5420.622,1.657,17
18,ws,weak,126,5469.837,1.657,16
18,ws,weak,127,5503.709,1.657,19
18,ws,weak,128,5549.620,1.657,13
18,ws,weak,129,5592.913,1.657,16
18,ws,weak,130,5637.737,1.657,17
18,ws,weak,131,5669.731,1.657,17
18,ws,weak,132,5718.777,1.657,16
18,ws,weak,133,5755.728,1.657,17
18,ws,weak,134,5802.419,1.657,14
18,ws,weak,135,5850.624,1.657,17
18,ws,weak,136,5893.083,1.657,19
18,ws,weak,137,5929.852,1.657,18
18,ws,weak,138,5961.127,1.657,14
18,ws,weak,139,6006.816,1.657,14
18,ws,weak,140,6038.879,1.657,18
18,ws,weak,141,6085.406,1.657,16
18,ws,weak,142,6127.554,1.657,19
18,ws,weak,143,6175.978,1.657,19
18,ws,weak,144,6212.295,1.657,17
18,ws,weak,145,6243.703,1.657,18
18,ws,weak,146,6291.283,1.657,18
18,ws,weak,147,6337.828,1.657,19
18,ws,weak,148,6381.058,1.657,18
18,ws,weak,149,6422.139,1.657,13
18,ws,weak,150,6464.312,1.657,17
18,ws,weak,151,6513.840,1.657,17
18,ws,weak,152,6551.878,1.657,16
18,ws,weak,153,6588.513,1.657,16
18,ws,weak,154,6629.168,1.657,18
18,ws,weak,155,6666.482,1.657,17
18,ws,weak,156,6717.005,1.657,17
18,ws,weak,157,6762.517,1.657,19
18,ws,weak,158,6794.037,1.657,17
18,ws,weak,159,6835.619,1.657,17
18,ws,weak,160,6880.263,1.657,13
18,ws,weak,161,6923.827,1.657,19
18,ws,weak,162,6971.842,1.657,16
18,ws,weak,163,7008.237,1.657,17
18,ws,weak,164,7050.576,1.657,19
18,ws,weak,165,7091.981,1.657,16
18,ws,weak,166,7137.965,1.657,20
18,ws,weak,167,7185.114,1.657,17
18,ws,weak,168,7235.416,1.657,19
18,ws,weak,169,7267.204,1.657,17
18,ws,weak,170,7304.826,1.657,20
18,ws,weak,171,7346.943,1.657,13
18,ws,weak,172,7392.362,1.657,16
18,ws,weak,173,7427.505,1.657,18
18,ws,weak,174,7466.153,1.657,19
18,ws,weak,175,7510.769,1.657,20
18,ws,weak,176,7545.973,1.657,18
18,ws,weak,177,7596.256,1.657,17
18,ws,weak,178,7632.485,1.657,20
18,ws,weak,179,7663.881,1.657,19
18,ws,weak,180,7710.365,1.657,18
18,ws,weak,181,7749.721,1.657,18
18,ws,weak,182,7800.739,1.657,13
18,ws,weak,183,7842.710,1.657,17
18,ws,weak,184,7890.490,1.657,19
18,ws,weak,185,7940.721,1.657,18
18,ws,weak,186,7980.300,1.657,19
18,ws,weak,187,8031.213,1.657,13
18,ws,weak,188,8067.679,1.657,21
18,ws,weak,189,8105.939,1.657,15
18,ws,weak,190,8155.112,1.657,16
18,ws,weak,191,8190.542,1.657,18
18,ws,weak,192,8241.429,1.657,21
18,ws,weak,193,8291.835,1.657,16
18,ws,weak,194,8330.175,1.657,21
18,ws,weak,195,8363.987,1.657,18
18,ws,weak,196,8409.306,1.657,13
18,ws,weak,197,8458.661,1.657,18
18,ws,weak,198,8493.304,1.657,17
18,ws,weak,199,8542.418,1.657,18
18,ws,weak,200,8583.933,1.657,21
18,ws,weak,201,8620.444,1.657,17
18,ws,weak,202,8660.713,1.657,17
18,ws,weak,203,8711.468,1.657,18
18,ws,weak,204,8749.271,1.657,20
18,ws,weak,205,8795.198,1.657,19
18,ws,weak,206,8841.583,1.657,13
18,ws,weak,207,8883.887,1.657,16
18,ws,weak,208,8932.189,1.657,19
18,ws,weak,209,8968.169,1.657,13
18,ws,weak,210,9008.095,1.657,19
18,ws,weak,211,9045.349,1.657,18
18,ws,weak,212,9077.809,1.657,16
18,ws,weak,213,9117.444,1.657,15
18,ws,weak,214,9149.263,1.657,13
18,ws,weak,215,9190.837,1.657,19
18,ws,weak,216,9238.291,1.657,17
18,ws,weak,217,9277.260,1.657,17
18,ws,weak,218,9319.496,1.657,14
18,ws,weak,219,9350.648,1.657,16
18,ws,weak,220,9397.978,1.657,18
18,ws,weak,221,9448.105,1.657,17
18,ws,weak,222,9483.985,1.657,17
18,ws,weak,223,9525.795,1.657,13
18,ws,weak,224,9574.238,1.657,15
18,ws,weak,225,9606.439,1.657,13
18,ws,weak,226,9656.815,1.657,16
18,ws,weak,227,9691.926,1.657,18
18,ws,weak,228,9737.370,1.657,19
18,ws,weak,229,9777.695,1.657,17
18,ws,weak,230,9814.791,1.657,18
18,ws,weak,231,9849.087,1.657,19
18,ws,weak,232,9887.326,1.657,19
18,ws,weak,233,9928.835,1.657,19
18,ws,weak,234,9964.368,1.657,16
18,ws,weak,235,10006.411,1.657,19
18,ws,weak,236,10039.698,1.657,16
18,ws,weak,237,10073.198,1.657,19
18,ws,weak,238,10105.155,1.657,17
18,ws,weak,239,10140.378,1.657,19
18,ws,weak,240,10175.668,1.657,18
18,ws,weak,241,10219.636,1.657,13
18,ws,weak,242,10269.163,1.657,16
18,ws,weak,243,10318.241,1.657,16
18,ws,weak,244,10363.001,1.657,17
18,ws,weak,245,10403.918,1.657,19
18,ws,weak,246,10444.426,1.657,16
18,ws,weak,247,10483.842,1.657,17
18,ws,weak,248,10520.293,1.657,18
18,ws,weak,249,10563.225,1.657,19
18,ws,weak,250,10610.578,1.657,17
18,ws,weak,251,10643.930,1.657,21
18,ws,weak,252,10683.828,1.657,19
18,ws,weak,253,10730.629,1.657,18
18,ws,weak,254,10780.833,1.657,17
18,ws,weak,255,10815.549,1.657,14
18,ws,weak,256,10848.692,1.657,14
18,ws,weak,257,10893.625,1.657,21
18,ws,weak,258,10934.136,1.657,16
18,ws,weak,259,10978.433,1.657,18
18,ws,weak,260,11014.939,1.657,19
18,ws,weak,261,11053.635,1.657,17
18,ws,weak,262,11085.865,1.657,17
18,ws,weak,263,11125.869,1.657,20
18,ws,weak,264,11168.459,1.657,18
18,ws,weak,265,11204.974,1.657,19
18,ws,weak,266,11241.388,1.657,17
18,ws,weak,267,11290.390,1.657,19
18,ws,weak,268,11341.067,1.657,16
18,ws,weak,269,11389.896,1.657,13
18,ws,weak,270,11430.895,1.657,19
18,ws,weak,271,11479.888,1.657,18
18,ws,weak,272,11525.918,1.657,17
18,ws,weak,273,11564.769,1.657,17
18,ws,weak,274,11597.138,1.657,20
18,ws,weak,275,11643.961,1.657,16
18,ws,weak,276,11694.310,1.657,18
18,ws,weak,277,11739.224,1.657,20
18,ws,weak,278,11773.672,1.657,19
18,ws,weak,279,11814.556,1.657,20
18,ws,weak,280,11858.774,1.657,16
18,ws,weak,281,11894.335,1.657,19
18,ws,weak,282,11928.956,1.657,18
18,ws,weak,283,11969.218,1.657,19
18,ws,weak,284,12003.348,1.657,17
18,ws,weak,285,12039.836,1.657,17
18,ws,weak,286,12078.794,1.657,17
18,ws,weak,287,12123.002,1.657,13
19,ws,weak,0,231.407,4.938,16
19,ws,weak,1,275.651,4.938,19
19,ws,weak,2,306.810,4.938,18
19,ws,weak,3,354.082,4.938,17
19,ws,weak,4,389.320,4.938,19
19,ws,weak,5,440.306,4.938,19
19,ws,weak,6,483.003,4.938,16
19,ws,weak,7,533.764,4.938,17
19,ws,weak,8,566.713,4.938,18
19,ws,weak,9,605.564,4.938,17
19,ws,weak,10,639.328,4.938,19
19,ws,weak,11,676.142,4.938,19
19,ws,weak,12,718.259,4.938,17
19,ws,weak,13,760.775,4.938,21
19,ws,weak,14,809.486,4.938,18
19,ws,weak,15,856.306,4.938,16
19,ws,weak,16,899.362,4.938,15
19,ws,weak,17,934.706,4.938,15
19,ws,weak,18,980.009,4.938,18
19,ws,weak,19,1019.011,4.938,21
19,ws,weak,20,1061.854,4.938,15
19,ws,weak,21,1103.248,4.938,19
19,ws,weak,22,1153.208,4.938,17
19,ws,weak,23,1193.497,4.938,18
19,ws,weak,24,1244.136,4.938,18
19,ws,weak,25,1279.066,4.938,15
19,ws,weak,26,1330.167,4.938,16
19,ws,weak,27,1374.466,4.938,19
19,ws,weak,28,1416.698,4.938,13
19,ws,weak,29,1448.044,4.938,16
19,ws,weak,30,1483.200,4.938,18
19,ws,weak,31,1517.966,4.938,18
19,ws,weak,32,1568.794,4.938,18
19,ws,weak,33,1609.552,4.938,18
19,ws,weak,34,1654.123,4.938,18
19,ws,weak,35,1690.647,4.938,19
19,ws,weak,36,1723.164,4.938,17
19,ws,weak,37,1762.237,4.938,19
19,ws,weak,38,1805.024,4.938,17
19,ws,weak,39,1849.882,4.938,20
19,ws,weak,40,1882.235,4.938,18
19,ws,weak,41,1914.180,4.938,19
19,ws,weak,42,1947.880,4.938,17
19,ws,weak,43,1979.901,4.938,19
19,ws,weak,44,2017.933,4.938,16
19,ws,weak,45,2050.236,4.938,16
19,ws,weak,46,2085.566,4.938,21
19,ws,weak,47,2134.168,4.938,15
19,ws,weak,48,2169.626,4.938,15
19,ws,weak,49,2212.134,4.938,18
19,ws,weak,50,2250.402,4.938,18
19,ws,weak,51,2298.787,4.938,18
19,ws,weak,52,2340.791,4.938,19
19,ws,weak,53,2386.477,4.938,16
19,ws,weak,54,2421.247,4.938,16
19,ws,weak,55,2461.119,4.938,14
19,ws,weak,56,2511.777,4.938,16
19,ws,weak,57,2549.620,4.938,17
19,ws,weak,58,2590.593,4.938,17
19,ws,weak,59,2623.386,4.938,13
19,ws,weak,60,2659.228,4.938,15
19,ws,weak,61,2705.288,4.938,13
19,ws,weak,62,2742.311,4.938,17
19,ws,weak,63,2788.775,4.938,16
19,ws,weak,64,2834.807,4.938,13
19,ws,weak,65,2869.736,4.938,15
19,ws,weak,66,2912.601,4.938,13
19,ws,weak,67,2962.210,4.938,13
19,ws,weak,68,3002.304,4.938,16
19,ws,weak,69,3034.945,4.938,17
19,ws,weak,70,3066.808,4.938,19
19,ws,weak,71,3099.213,4.938,18
19,ws,weak,72,3148.528,4.938,16
19,ws,weak,73,3194.646,4.938,16
19,ws,weak,74,3226.282,4.938,18
19,ws,weak,75,3268.282,4.938,17
19,ws,weak,76,3312.983,4.938,13
19,ws,weak,77,3348.150,4.938,18
19,ws,weak,78,3393.154,4.938,14
19,ws,weak,79,3427.122,4.938,16
19,ws,weak,80,3476.051,4.938,20
19,ws,weak,81,3517.353,4.938,17
19,ws,weak,82,3561.447,4.938,18
19,ws,weak,83,3598.964,4.938,19
19,ws,weak,84,3637.244,4.938,18
19,ws,weak,85,3670.629,4.938,14
19,ws,weak,86,3715.335,4.938,15
19,ws,weak,87,3761.084,4.938,14
19,ws,weak,88,3806.327,4.938,16
19,ws,weak,89,3846.295,4.938,15
19,ws,weak,90,3892.695,4.938,16
19,ws,weak,91,3930.992,4.938,21
19,ws,weak,92,3970.434,4.938,18
19,ws,weak,93,4008.461,4.938,14
19,ws,weak,94,4050.583,4.938,16
19,ws,weak,95,4098.847,4.938,16
19,ws,weak,96,4145.503,4.938,15
19,ws,weak,97,4179.561,4.938,15
19,ws,weak,98,4210.704,4.938,14
19,ws,weak,99,4250.016,4.938,18
19,ws,weak,100,4295.100,4.938,15
19,ws,weak,101,4339.550,4.938,17
19,ws,weak,102,4379.525,4.938,14
19,ws,weak,103,4428.667,4.938,15
19,ws,weak,104,4468.765,4.938,20
19,ws,weak,105,4517.437,4.938,21
19,ws,weak,106,4560.190,4.938,14
19,ws,weak,107,4597.078,4.938,15
19,ws,weak,108,4638.714,4.938,14
19,ws,weak,109,4671.493,4.938,15
19,ws,weak,110,4706.450,4.938,14
19,ws,weak,111,4747.571,4.938,13
19,ws,weak,112,4779.555,4.938,14
19,ws,weak,113,4823.025,4.938,15
19,ws,weak,114,4868.303,4.938,16
19,ws,weak,115,4907.229,4.938,14
19,ws,weak,116,4955.905,4.938,16
19,ws,weak,117,4992.040,4.938,18
19,ws,weak,118,5031.735,4.938,16
19,ws,weak,119,5082.469,4.938,13
19,ws,weak,120,5120.177,4.938,16
19,ws,weak,121,5169.495,4.938,20
19,ws,weak,122,5220.016,4.938,16
19,ws,weak,123,5268.693,4.938,18
19,ws,weak,124,5304.638,4.938,18
19,ws,weak,125,5348.223,4.938,16
19,ws,weak,126,5398.840,4.938,19
19,ws,weak,127,5446.293,4.938,16
19,ws,weak,128,5496.164,4.938,17
19,ws,weak,129,5540.497,4.938,14
19,ws,weak,130,5576.077,4.938,18
19,ws,weak,131,5611.342,4.938,15
19,ws,weak,132,5651.601,4.938,15
19,ws,weak,133,5698.121,4.938,14
19,ws,weak,134,5738.933,4.938,18
19,ws,weak,135,5772.494,4.938,15
19,ws,weak,136,5810.189,4.938,15
19,ws,weak,137,5855.330,4.938,16
19,ws,weak,138,5900.810,4.938,16
19,ws,weak,139,5949.433,4.938,16
19,ws,weak,140,5988.907,4.938,18
19,ws,weak,141,6034.954,4.938,17
19,ws,weak,142,6084.566,4.938,13
19,ws,weak,143,6125.129,4.938,16
19,ws,weak,144,6169.887,4.938,17
19,ws,weak,145,6215.005,4.938,18
19,ws,weak,146,6249.199,4.938,19
19,ws,weak,147,6285.321,4.938,16
19,ws,weak,148,6327.839,4.938,14
19,ws,weak,149,6378.095,4.938,14
19,ws,weak,150,6412.906,4.938,16
19,ws,weak,151,6449.801,4.938,14
19,ws,weak,152,6489.058,4.938,17
19,ws,weak,153,6534.874,4.938,16
19,ws,weak,154,6572.941,4.938,21
19,ws,weak,155,6621.533,4.938,20
19,ws,weak,156,6658.398,4.938,19
19,ws,weak,157,6701.891,4.938,18
19,ws,weak,158,6738.113,4.938,19
19,ws,weak,159,6788.090,4.938,20
19,ws,weak,160,6820.667,4.938,18
19,ws,weak,161,6856.569,4.938,18
19,ws,weak,162,6899.351,4.938,14
19,ws,weak,163,6938.872,4.938,16
19,ws,weak,164,6988.655,4.938,13
19,ws,weak,165,7033.445,4.938,17
19,ws,weak,166,7066.524,4.938,13
19,ws,weak,167,7108.772,4.938,15
19,ws,weak,168,7155.686,4.938,13
19,ws,weak,169,7188.545,4.938,13
19,ws,weak,170,7225.780,4.938,21
19,ws,weak,171,7262.072,4.938,15
19,ws,weak,172,7298.933,4.938,15
19,ws,weak,173,7330.307,4.938,18
19,ws,weak,174,7366.149,4.938,18
19,ws,weak,175,7412.655,4.938,18
19,ws,weak,176,7462.244,4.938,14
19,ws,weak,177,7497.465,4.938,13
19,ws,weak,178,7538.025,4.938,14
19,ws,weak,179,7577.590,4.938,18
19,ws,weak,180,7615.543,4.938,18
19,ws,weak,181,7657.003,4.938,20
19,ws,weak,182,7690.497,4.938,17
19,ws,weak,183,7724.422,4.938,21
19,ws,weak,184,7771.241,4.938,18
19,ws,weak,185,7810.564,4.938,20
19,ws,weak,186,7845.869,4.938,18
19,ws,weak,187,7879.582,4.938,16
19,ws,weak,188,7923.687,4.938,14
19,ws,weak,189,7964.136,4.938,16
19,ws,weak,190,7995.445,4.938,13
19,ws,weak,191,8041.764,4.938,19
19,ws,weak,192,8083.246,4.938,18
19,ws,weak,193,8132.762,4.938,18
19,ws,weak,194,8175.291,4.938,14
19,ws,weak,195,8217.797,4.938,16
19,ws,weak,196,8258.229,4.938,18
19,ws,weak,197,8294.715,4.938,19
19,ws,weak,198,8330.147,4.938,15
19,ws,weak,199,8364.633,4.938,16
19,ws,weak,200,8411.771,4.938,14
19,ws,weak,201,8456.053,4.938,16
19,ws,weak,202,8507.033,4.938,16
19,ws,weak,203,8555.141,4.938,18
19,ws,weak,204,8594.543,4.938,20
19,ws,weak,205,8642.832,4.938,20
19,ws,weak,206,8687.218,4.938,21
19,ws,weak,207,8731.053,4.938,17
19,ws,weak,208,8776.193,4.938,19
19,ws,weak,209,8817.331,4.938,20
19,ws,weak,210,8851.418,4.938,17
19,ws,weak,211,8888.347,4.938,20
19,ws,weak,212,8925.947,4.938,14
19,ws,weak,213,8964.951,4.938,15
19,ws,weak,214,9001.842,4.938,14
19,ws,weak,215,9044.325,4.938,15
19,ws,weak,216,9076.404,4.938,14
19,ws,weak,217,9115.187,4.938,13
19,ws,weak,218,9146.756,4.938,15
19,ws,weak,219,9190.419,4.938,13
19,ws,weak,220,9237.876,4.938,15
19,ws,weak,221,9278.534,4.938,13
19,ws,weak,222,9316.403,4.938,14
19,ws,weak,223,9360.114,4.938,15
19,ws,weak,224,9394.375,4.938,16
19,ws,weak,225,9430.872,4.938,17
19,ws,weak,226,9464.768,4.938,14
19,ws,weak,227,9503.899,4.938,13
19,ws,weak,228,9551.820,4.938,15
19,ws,weak,229,9593.448,4.938,13
19,ws,weak,230,9624.550,4.938,15
19,ws,weak,231,9657.668,4.938,13
19,ws,weak,232,9708.439,4.938,18
19,ws,weak,233,9759.273,4.938,15
19,ws,weak,234,9794.667,4.938,19
19,ws,weak,235,9834.395,4.938,13
19,ws,weak,236,9868.150,4.938,18
19,ws,weak,237,9914.202,4.938,18
19,ws,weak,238,9953.387,4.938,18
19,ws,weak,239,9999.005,4.938,17
19,ws,weak,240,10039.087,4.938,18
19,ws,weak,241,10079.904,4.938,19
19,ws,weak,242,10123.281,4.938,18
19,ws,weak,243,10168.028,4.938,18
19,ws,weak,244,10217.144,4.938,13
19,ws,weak,245,10252.593,4.938,21
19,ws,weak,246,10295.495,4.938,15
19,ws,weak,247,10342.706,4.938,15
19,ws,weak,248,10386.624,4.938,16
19,ws,weak,249,10421.741,4.938,18
19,ws,weak,250,10453.737,4.938,18
19,ws,weak,251,10503.553,4.938,17
19,ws,weak,252,10546.691,4.938,19
19,ws,weak,253,10593.608,4.938,17
19,ws,weak,254,10631.222,4.938,18
19,ws,weak,255,10674.174,4.938,18
19,ws,weak,256,10714.529,4.938,17
19,ws,weak,257,10756.208,4.938,14
19,ws,weak,258,10793.005,4.938,16
19,ws,weak,259,10834.670,4.938,16
19,ws,weak,260,10883.963,4.938,17
19,ws,weak,261,10934.365,4.938,16
19,ws,weak,262,10981.818,4.938,19
19,ws,weak,263,11030.060,4.938,17
19,ws,weak,264,11073.190,4.938,19
19,ws,weak,265,11119.724,4.938,19
19,ws,weak,266,11168.112,4.938,16
19,ws,weak,267,11208.386,4.938,17
19,ws,weak,268,11248.910,4.938,18
19,ws,weak,269,11290.693,4.938,17
19,ws,weak,270,11324.172,4.938,19
19,ws,weak,271,11356.733,4.938,19
19,ws,weak,272,11388.325,4.938,17
19,ws,weak,273,11436.289,4.938,21
19,ws,weak,274,11468.278,4.938,18
19,ws,weak,275,11516.383,4.938,16
19,ws,weak,276,11556.225,4.938,15
19,ws,weak,277,11588.597,4.938,14
19,ws,weak,278,11635.135,4.938,15
19,ws,weak,279,11684.310,4.938,18
19,ws,weak,280,11728.345,4.938,21
19,ws,weak,281,11771.012,4.938,15
19,ws,weak,282,11819.707,4.938,15
19,ws,weak,283,11860.436,4.938,19
19,ws,weak,284,11909.233,4.938,17
19,ws,weak,285,11959.790,4.938,18
19,ws,weak,286,11997.221,4.938,18
19,ws,weak,287,12041.725,4.938,15
19,ws,weak,288,12084.855,4.938,16
19,ws,weak,289,12130.771,4.938,19
19,ws,weak,290,12171.240,4.938,13
19,ws,weak,291,12214.548,4.938,16
19,ws,weak,292,12246.826,4.938,18
19,ws,weak,293,12281.901,4.938,16
19,ws,weak,294,12321.421,4.938,20
19,ws,weak,295,12359.291,4.938,17
19,ws,weak,296,12394.749,4.938,19
19,ws,weak,297,12429.216,4.938,18
19,ws,weak,298,12478.712,4.938,18
19,ws,weak,299,12524.006,4.938,17
19,ws,weak,300,12571.422,4.938,19
19,ws,weak,301,12603.669,4.938,19
19,ws,weak,302,12638.705,4.938,19
19,ws,weak,303,12671.963,4.938,19
19,ws,weak,304,12711.936,4.938,17
19,ws,weak,305,12744.313,4.938,16
19,ws,weak,306,12779.236,4.938,15
19,ws,weak,307,12818.366,4.938,13
19,ws,weak,308,12855.523,4.938,19
19,ws,weak,309,12899.555,4.938,19
19,ws,weak,310,12933.018,4.938,16
19,ws,weak,311,12969.700,4.938,18
19,ws,weak,312,13016.169,4.938,18
19,ws,weak,313,13061.684,4.938,14
19,ws,weak,314,13108.559,4.938,15
19,ws,weak,315,13158.425,4.938,20
19,ws,weak,316,13209.424,4.938,18
19,ws,weak,317,13257.819,4.938,19
19,ws,weak,318,13308.838,4.938,14
19,ws,weak,319,13341.343,4.938,16
19,ws,weak,320,13379.920,4.938,13
19,ws,weak,321,13426.255,4.938,13
19,ws,weak,322,13465.532,4.938,21
19,ws,weak,323,13512.359,4.938,19
19,ws,weak,324,13555.629,4.938,19
19,ws,weak,325,13591.911,4.938,17
19,ws,weak,326,13630.959,4.938,18
19,ws,weak,327,13671.705,4.938,17
19,ws,weak,328,13718.782,4.938,17
19,ws,weak,329,13762.320,4.938,18
19,ws,weak,330,13793.569,4.938,16
19,ws,weak,331,13841.242,4.938,18
19,ws,weak,332,13876.696,4.938,19
19,ws,weak,333,13913.669,4.938,16
19,ws,weak,334,13955.489,4.938,19
19,ws,weak,335,14003.281,4.938,16
19,ws,weak,336,14043.834,4.938,19
19,ws,weak,337,14088.391,4.938,17
19,ws,weak,338,14134.939,4.938,18
19,ws,weak,339,14171.782,4.938,17
19,ws,weak,340,14220.337,4.938,17
19,ws,weak,341,14265.997,4.938,19
19,ws,weak,342,14306.547,4.938,17
19,ws,weak,343,14338.829,4.938,13
19,ws,weak,344,14385.034,4.938,17
19,ws,weak,345,14430.465,4.938,17
19,ws,weak,346,14475.998,4.938,17
19,ws,weak,347,14515.479,4.938,19
19,ws,weak,348,14559.493,4.938,18
19,ws,weak,349,14595.390,4.938,18
19,ws,weak,350,14634.601,4.938,17
19,ws,weak,351,14672.423,4.938,19
19,ws,weak,352,14708.087,4.938,18
19,ws,weak,353,14742.281,4.938,13
