run_id,transport,mode,token_index,recv_ms,conn_setup_ms,bytes
0,sse,healthy,0,12.630,12.320,17
0,sse,healthy,1,33.882,12.320,19
0,sse,healthy,2,59.317,12.320,21
0,sse,healthy,3,84.284,12.320,19
0,sse,healthy,4,109.442,12.320,18
0,sse,healthy,5,134.720,12.320,17
0,sse,healthy,6,158.458,12.320,17
0,sse,healthy,7,183.937,12.320,16
0,sse,healthy,8,208.314,12.320,19
0,sse,healthy,9,232.958,12.320,19
0,sse,healthy,10,257.857,12.320,17
0,sse,healthy,11,283.340,12.320,19
0,sse,healthy,12,307.943,12.320,17
0,sse,healthy,13,332.920,12.320,19
0,sse,healthy,14,358.195,12.320,18
0,sse,healthy,15,383.995,12.320,20
0,sse,healthy,16,404.627,12.320,19
0,sse,healthy,17,426.387,12.320,17
0,sse,healthy,18,450.696,12.320,17
0,sse,healthy,19,473.915,12.320,18
0,sse,healthy,20,499.272,12.320,16
0,sse,healthy,21,524.747,12.320,18
0,sse,healthy,22,547.639,12.320,20
0,sse,healthy,23,572.992,12.320,19
0,sse,healthy,24,598.295,12.320,20
0,sse,healthy,25,623.510,12.320,18
0,sse,healthy,26,648.795,12.320,17
0,sse,healthy,27,672.613,12.320,19
0,sse,healthy,28,698.109,12.320,19
0,sse,healthy,29,723.737,12.320,15
0,sse,healthy,30,749.013,12.320,18
0,sse,healthy,31,774.596,12.320,19
0,sse,healthy,32,800.101,12.320,18
0,sse,healthy,33,825.426,12.320,18
0,sse,healthy,34,850.642,12.320,20
0,sse,healthy,35,873.219,12.320,19
0,sse,healthy,36,898.719,12.320,18
0,sse,healthy,37,920.251,12.320,19
0,sse,healthy,38,945.540,12.320,16
0,sse,healthy,39,967.309,12.320,20
0,sse,healthy,40,992.728,12.320,20
0,sse,healthy,41,1018.267,12.320,19
0,sse,healthy,42,1040.478,12.320,20
0,sse,healthy,43,1065.895,12.320,17
0,sse,healthy,44,1091.110,12.320,17
0,sse,healthy,45,1114.284,12.320,15
0,sse,healthy,46,1139.846,12.320,18
0,sse,healthy,47,1160.956,12.320,19
0,sse,healthy,48,1183.470,12.320,20
0,sse,healthy,49,1208.594,12.320,19
0,sse,healthy,50,1232.972,12.320,19
0,sse,healthy,51,1258.266,12.320,19
0,sse,healthy,52,1283.561,12.320,18
0,sse,healthy,53,1308.858,12.320,17
0,sse,healthy,54,1334.144,12.320,17
0,sse,healthy,55,1358.446,12.320,19
0,sse,healthy,56,1383.851,12.320,18
0,sse,healthy,57,1409.117,12.320,18
0,sse,healthy,58,1430.629,12.320,18
0,sse,healthy,59,1456.203,12.320,18
1,sse,healthy,0,14.031,13.876,17
1,sse,healthy,1,39.189,13.876,19
1,sse,healthy,2,62.744,13.876,21
1,sse,healthy,3,87.901,13.876,19
1,sse,healthy,4,113.412,13.876,18
1,sse,healthy,5,136.058,13.876,17
1,sse,healthy,6,159.748,13.876,17
1,sse,healthy,7,184.066,13.876,16
1,sse,healthy,8,209.500,13.876,19
1,sse,healthy,9,234.098,13.876,19
1,sse,healthy,10,258.244,13.876,17
1,sse,healthy,11,282.078,13.876,19
1,sse,healthy,12,307.349,13.876,17
1,sse,healthy,13,332.550,13.876,19
1,sse,healthy,14,357.750,13.876,18
1,sse,healthy,15,382.919,13.876,20
1,sse,healthy,16,408.135,13.876,19
1,sse,healthy,17,433.372,13.876,17
1,sse,healthy,18,458.772,13.876,17
1,sse,healthy,19,479.866,13.876,18
1,sse,healthy,20,500.166,13.876,16
1,sse,healthy,21,525.463,13.876,18
1,sse,healthy,22,550.785,13.876,20
1,sse,healthy,23,575.168,13.876,19
1,sse,healthy,24,597.615,13.876,20
1,sse,healthy,25,623.254,13.876,18
1,sse,healthy,26,648.649,13.876,17
1,sse,healthy,27,671.147,13.876,19
1,sse,healthy,28,692.772,13.876,19
1,sse,healthy,29,713.507,13.876,15
1,sse,healthy,30,738.813,13.876,18
1,sse,healthy,31,764.492,13.876,19
1,sse,healthy,32,789.750,13.876,18
1,sse,healthy,33,810.473,13.876,18
1,sse,healthy,34,833.753,13.876,20
1,sse,healthy,35,856.659,13.876,19
1,sse,healthy,36,878.652,13.876,18
1,sse,healthy,37,903.951,13.876,19
1,sse,healthy,38,924.962,13.876,16
1,sse,healthy,39,950.223,13.876,20
1,sse,healthy,40,975.762,13.876,20
1,sse,healthy,41,999.272,13.876,19
1,sse,healthy,42,1024.644,13.876,20
1,sse,healthy,43,1050.017,13.876,17
1,sse,healthy,44,1075.311,13.876,17
1,sse,healthy,45,1100.656,13.876,15
1,sse,healthy,46,1125.209,13.876,18
1,sse,healthy,47,1150.516,13.876,19
1,sse,healthy,48,1173.275,13.876,20
1,sse,healthy,49,1198.798,13.876,19
1,sse,healthy,50,1224.303,13.876,19
1,sse,healthy,51,1249.580,13.876,19
1,sse,healthy,52,1270.974,13.876,18
1,sse,healthy,53,1292.900,13.876,17
1,sse,healthy,54,1317.133,13.876,17
1,sse,healthy,55,1342.813,13.876,19
1,sse,healthy,56,1368.383,13.876,18
1,sse,healthy,57,1393.780,13.876,18
1,sse,healthy,58,1416.059,13.876,18
1,sse,healthy,59,1437.440,13.876,18
2,sse,healthy,0,12.339,12.041,17
2,sse,healthy,1,37.370,12.041,19
2,sse,healthy,2,62.729,12.041,21
2,sse,healthy,3,88.038,12.041,19
2,sse,healthy,4,113.362,12.041,18
2,sse,healthy,5,137.890,12.041,17
2,sse,healthy,6,161.848,12.041,17
2,sse,healthy,7,187.396,12.041,16
2,sse,healthy,8,212.728,12.041,19
2,sse,healthy,9,237.876,12.041,19
2,sse,healthy,10,263.153,12.041,17
2,sse,healthy,11,287.861,12.041,19
2,sse,healthy,12,311.610,12.041,17
2,sse,healthy,13,337.239,12.041,19
2,sse,healthy,14,361.592,12.041,18
2,sse,healthy,15,387.334,12.041,20
2,sse,healthy,16,412.808,12.041,19
2,sse,healthy,17,438.089,12.041,17
2,sse,healthy,18,462.482,12.041,17
2,sse,healthy,19,487.796,12.041,18
2,sse,healthy,20,513.249,12.041,16
2,sse,healthy,21,538.363,12.041,18
2,sse,healthy,22,563.772,12.041,20
2,sse,healthy,23,589.126,12.041,19
2,sse,healthy,24,611.276,12.041,20
2,sse,healthy,25,636.558,12.041,18
2,sse,healthy,26,662.172,12.041,17
2,sse,healthy,27,686.779,12.041,19
2,sse,healthy,28,711.776,12.041,19
2,sse,healthy,29,736.919,12.041,15
2,sse,healthy,30,761.509,12.041,18
2,sse,healthy,31,784.914,12.041,19
2,sse,healthy,32,806.649,12.041,18
2,sse,healthy,33,828.736,12.041,18
2,sse,healthy,34,854.122,12.041,20
2,sse,healthy,35,877.429,12.041,19
2,sse,healthy,36,903.024,12.041,18
2,sse,healthy,37,928.449,12.041,19
2,sse,healthy,38,953.302,12.041,16
2,sse,healthy,39,978.289,12.041,20
2,sse,healthy,40,1001.466,12.041,20
2,sse,healthy,41,1024.695,12.041,19
2,sse,healthy,42,1050.107,12.041,20
2,sse,healthy,43,1070.795,12.041,17
2,sse,healthy,44,1093.563,12.041,17
2,sse,healthy,45,1119.180,12.041,15
2,sse,healthy,46,1142.608,12.041,18
2,sse,healthy,47,1164.174,12.041,19
2,sse,healthy,48,1187.511,12.041,20
2,sse,healthy,49,1212.828,12.041,19
2,sse,healthy,50,1238.102,12.041,19
2,sse,healthy,51,1263.384,12.041,19
2,sse,healthy,52,1288.713,12.041,18
2,sse,healthy,53,1312.343,12.041,17
2,sse,healthy,54,1337.682,12.041,17
2,sse,healthy,55,1359.205,12.041,19
2,sse,healthy,56,1384.593,12.041,18
2,sse,healthy,57,1405.172,12.041,18
2,sse,healthy,58,1430.522,12.041,18
2,sse,healthy,59,1455.549,12.041,18
3,sse,healthy,0,13.024,12.746,17
3,sse,healthy,1,38.325,12.746,19
3,sse,healthy,2,62.993,12.746,21
3,sse,healthy,3,88.378,12.746,19
3,sse,healthy,4,112.673,12.746,18
3,sse,healthy,5,135.891,12.746,17
3,sse,healthy,6,157.268,12.746,17
3,sse,healthy,7,182.585,12.746,16
3,sse,healthy,8,205.118,12.746,19
3,sse,healthy,9,230.522,12.746,19
3,sse,healthy,10,255.647,12.746,17
3,sse,healthy,11,280.793,12.746,19
3,sse,healthy,12,305.972,12.746,17
3,sse,healthy,13,331.233,12.746,19
3,sse,healthy,14,356.623,12.746,18
3,sse,healthy,15,378.920,12.746,20
3,sse,healthy,16,404.148,12.746,19
3,sse,healthy,17,429.674,12.746,17
3,sse,healthy,18,455.130,12.746,17
3,sse,healthy,19,480.601,12.746,18
3,sse,healthy,20,505.669,12.746,16
3,sse,healthy,21,531.065,12.746,18
3,sse,healthy,22,556.428,12.746,20
3,sse,healthy,23,580.601,12.746,19
3,sse,healthy,24,605.103,12.746,20
3,sse,healthy,25,630.562,12.746,18
3,sse,healthy,26,654.655,12.746,17
3,sse,healthy,27,679.947,12.746,19
3,sse,healthy,28,703.738,12.746,19
3,sse,healthy,29,725.544,12.746,15
3,sse,healthy,30,747.493,12.746,18
3,sse,healthy,31,772.720,12.746,19
3,sse,healthy,32,797.300,12.746,18
3,sse,healthy,33,821.371,12.746,18
3,sse,healthy,34,846.857,12.746,20
3,sse,healthy,35,872.467,12.746,19
3,sse,healthy,36,897.324,12.746,18
3,sse,healthy,37,922.663,12.746,19
3,sse,healthy,38,944.844,12.746,16
3,sse,healthy,39,967.154,12.746,20
3,sse,healthy,40,992.560,12.746,20
3,sse,healthy,41,1013.952,12.746,19
3,sse,healthy,42,1035.529,12.746,20
3,sse,healthy,43,1057.790,12.746,17
3,sse,healthy,44,1080.571,12.746,17
3,sse,healthy,45,1105.910,12.746,15
3,sse,healthy,46,1131.295,12.746,18
3,sse,healthy,47,1152.842,12.746,19
3,sse,healthy,48,1178.206,12.746,20
3,sse,healthy,49,1202.210,12.746,19
3,sse,healthy,50,1227.518,12.746,19
3,sse,healthy,51,1252.861,12.746,19
3,sse,healthy,52,1273.907,12.746,18
3,sse,healthy,53,1297.269,12.746,17
3,sse,healthy,54,1322.780,12.746,17
3,sse,healthy,55,1348.455,12.746,19
3,sse,healthy,56,1372.616,12.746,18
3,sse,healthy,57,1398.254,12.746,18
3,sse,healthy,58,1421.734,12.746,18
3,sse,healthy,59,1447.163,12.746,18
4,sse,healthy,0,13.028,12.753,17
4,sse,healthy,1,38.047,12.753,19
4,sse,healthy,2,63.341,12.753,21
4,sse,healthy,3,88.598,12.753,19
4,sse,healthy,4,112.547,12.753,18
4,sse,healthy,5,137.961,12.753,17
4,sse,healthy,6,162.511,12.753,17
4,sse,healthy,7,186.928,12.753,16
4,sse,healthy,8,208.226,12.753,19
4,sse,healthy,9,233.610,12.753,19
4,sse,healthy,10,258.991,12.753,17
4,sse,healthy,11,284.451,12.753,19
4,sse,healthy,12,309.950,12.753,17
4,sse,healthy,13,335.193,12.753,19
4,sse,healthy,14,356.210,12.753,18
4,sse,healthy,15,379.256,12.753,20
4,sse,healthy,16,404.651,12.753,19
4,sse,healthy,17,429.267,12.753,17
4,sse,healthy,18,453.038,12.753,17
4,sse,healthy,19,476.276,12.753,18
4,sse,healthy,20,501.543,12.753,16
4,sse,healthy,21,526.829,12.753,18
4,sse,healthy,22,552.085,12.753,20
4,sse,healthy,23,577.461,12.753,19
4,sse,healthy,24,601.555,12.753,20
4,sse,healthy,25,626.985,12.753,18
4,sse,healthy,26,648.415,12.753,17
4,sse,healthy,27,670.323,12.753,19
4,sse,healthy,28,695.656,12.753,19
4,sse,healthy,29,721.238,12.753,15
4,sse,healthy,30,746.801,12.753,18
4,sse,healthy,31,772.117,12.753,19
4,sse,healthy,32,796.039,12.753,18
4,sse,healthy,33,821.460,12.753,18
4,sse,healthy,34,845.905,12.753,20
4,sse,healthy,35,871.388,12.753,19
4,sse,healthy,36,895.756,12.753,18
4,sse,healthy,37,919.843,12.753,19
4,sse,healthy,38,943.081,12.753,16
4,sse,healthy,39,968.421,12.753,20
4,sse,healthy,40,993.550,12.753,20
4,sse,healthy,41,1018.755,12.753,19
4,sse,healthy,42,1043.936,12.753,20
4,sse,healthy,43,1069.184,12.753,17
4,sse,healthy,44,1094.406,12.753,17
4,sse,healthy,45,1119.806,12.753,15
4,sse,healthy,46,1144.981,12.753,18
4,sse,healthy,47,1168.158,12.753,19
4,sse,healthy,48,1190.058,12.753,20
4,sse,healthy,49,1215.447,12.753,19
4,sse,healthy,50,1240.769,12.753,19
4,sse,healthy,51,1265.604,12.753,19
4,sse,healthy,52,1288.829,12.753,18
4,sse,healthy,53,1312.416,12.753,17
4,sse,healthy,54,1337.993,12.753,17
4,sse,healthy,55,1363.075,12.753,19
4,sse,healthy,56,1388.391,12.753,18
4,sse,healthy,57,1412.724,12.753,18
4,sse,healthy,58,1438.132,12.753,18
4,sse,healthy,59,1463.503,12.753,18
5,sse,healthy,0,12.786,12.563,17
5,sse,healthy,1,37.704,12.563,19
5,sse,healthy,2,60.777,12.563,21
5,sse,healthy,3,86.073,12.563,19
5,sse,healthy,4,111.464,12.563,18
5,sse,healthy,5,136.720,12.563,17
5,sse,healthy,6,157.363,12.563,17
5,sse,healthy,7,182.573,12.563,16
5,sse,healthy,8,205.023,12.563,19
5,sse,healthy,9,230.487,12.563,19
5,sse,healthy,10,255.762,12.563,17
5,sse,healthy,11,278.522,12.563,19
5,sse,healthy,12,300.480,12.563,17
5,sse,healthy,13,321.924,12.563,19
5,sse,healthy,14,347.215,12.563,18
5,sse,healthy,15,372.528,12.563,20
5,sse,healthy,16,397.743,12.563,19
5,sse,healthy,17,423.132,12.563,17
5,sse,healthy,18,448.482,12.563,17
5,sse,healthy,19,474.051,12.563,18
5,sse,healthy,20,497.389,12.563,16
5,sse,healthy,21,523.302,12.563,18
5,sse,healthy,22,548.855,12.563,20
5,sse,healthy,23,574.386,12.563,19
5,sse,healthy,24,597.693,12.563,20
5,sse,healthy,25,621.674,12.563,18
5,sse,healthy,26,646.980,12.563,17
5,sse,healthy,27,672.781,12.563,19
5,sse,healthy,28,698.348,12.563,19
5,sse,healthy,29,724.103,12.563,15
5,sse,healthy,30,749.389,12.563,18
5,sse,healthy,31,774.750,12.563,19
5,sse,healthy,32,800.107,12.563,18
5,sse,healthy,33,825.738,12.563,18
5,sse,healthy,34,851.119,12.563,20
5,sse,healthy,35,876.774,12.563,19
5,sse,healthy,36,901.990,12.563,18
5,sse,healthy,37,927.441,12.563,19
5,sse,healthy,38,949.788,12.563,16
5,sse,healthy,39,975.397,12.563,20
5,sse,healthy,40,999.538,12.563,20
5,sse,healthy,41,1025.189,12.563,19
5,sse,healthy,42,1049.076,12.563,20
5,sse,healthy,43,1074.683,12.563,17
5,sse,healthy,44,1098.864,12.563,17
5,sse,healthy,45,1121.775,12.563,15
5,sse,healthy,46,1147.158,12.563,18
5,sse,healthy,47,1172.523,12.563,19
5,sse,healthy,48,1197.908,12.563,20
5,sse,healthy,49,1223.241,12.563,19
5,sse,healthy,50,1247.275,12.563,19
5,sse,healthy,51,1272.705,12.563,19
5,sse,healthy,52,1297.530,12.563,18
5,sse,healthy,53,1322.840,12.563,17
5,sse,healthy,54,1347.301,12.563,17
5,sse,healthy,55,1372.607,12.563,19
5,sse,healthy,56,1397.912,12.563,18
5,sse,healthy,57,1421.386,12.563,18
5,sse,healthy,58,1446.647,12.563,18
5,sse,healthy,59,1471.861,12.563,18
6,sse,healthy,0,17.318,17.130,17
6,sse,healthy,1,41.905,17.130,19
6,sse,healthy,2,67.131,17.130,21
6,sse,healthy,3,92.434,17.130,19
6,sse,healthy,4,117.621,17.130,18
6,sse,healthy,5,140.871,17.130,17
6,sse,healthy,6,165.184,17.130,17
6,sse,healthy,7,190.637,17.130,16
6,sse,healthy,8,215.896,17.130,19
6,sse,healthy,9,240.983,17.130,19
6,sse,healthy,10,261.866,17.130,17
6,sse,healthy,11,285.058,17.130,19
6,sse,healthy,12,308.833,17.130,17
6,sse,healthy,13,331.625,17.130,19
6,sse,healthy,14,353.525,17.130,18
6,sse,healthy,15,379.279,17.130,20
6,sse,healthy,16,404.631,17.130,19
6,sse,healthy,17,426.585,17.130,17
6,sse,healthy,18,451.906,17.130,17
6,sse,healthy,19,477.346,17.130,18
6,sse,healthy,20,502.659,17.130,16
6,sse,healthy,21,524.435,17.130,18
6,sse,healthy,22,548.837,17.130,20
6,sse,healthy,23,574.098,17.130,19
6,sse,healthy,24,599.406,17.130,20
6,sse,healthy,25,624.746,17.130,18
6,sse,healthy,26,645.789,17.130,17
6,sse,healthy,27,671.547,17.130,19
6,sse,healthy,28,696.814,17.130,19
6,sse,healthy,29,720.817,17.130,15
6,sse,healthy,30,746.266,17.130,18
6,sse,healthy,31,770.639,17.130,19
6,sse,healthy,32,792.212,17.130,18
6,sse,healthy,33,814.995,17.130,18
6,sse,healthy,34,840.289,17.130,20
6,sse,healthy,35,864.295,17.130,19
6,sse,healthy,36,887.785,17.130,18
6,sse,healthy,37,913.399,17.130,19
6,sse,healthy,38,938.792,17.130,16
6,sse,healthy,39,959.837,17.130,20
6,sse,healthy,40,985.513,17.130,20
6,sse,healthy,41,1010.727,17.130,19
6,sse,healthy,42,1036.468,17.130,20
6,sse,healthy,43,1061.979,17.130,17
6,sse,healthy,44,1087.382,17.130,17
6,sse,healthy,45,1112.660,17.130,15
6,sse,healthy,46,1138.044,17.130,18
6,sse,healthy,47,1160.958,17.130,19
6,sse,healthy,48,1186.355,17.130,20
6,sse,healthy,49,1211.761,17.130,19
6,sse,healthy,50,1237.011,17.130,19
6,sse,healthy,51,1262.822,17.130,19
6,sse,healthy,52,1288.512,17.130,18
6,sse,healthy,53,1314.092,17.130,17
6,sse,healthy,54,1339.604,17.130,17
6,sse,healthy,55,1365.059,17.130,19
6,sse,healthy,56,1390.633,17.130,18
6,sse,healthy,57,1415.863,17.130,18
6,sse,healthy,58,1441.066,17.130,18
6,sse,healthy,59,1462.045,17.130,18
7,sse,healthy,0,12.975,12.751,17
7,sse,healthy,1,35.461,12.751,19
7,sse,healthy,2,60.773,12.751,21
7,sse,healthy,3,86.060,12.751,19
7,sse,healthy,4,110.934,12.751,18
7,sse,healthy,5,136.239,12.751,17
7,sse,healthy,6,161.888,12.751,17
7,sse,healthy,7,184.916,12.751,16
7,sse,healthy,8,210.193,12.751,19
7,sse,healthy,9,235.503,12.751,19
7,sse,healthy,10,259.172,12.751,17
7,sse,healthy,11,283.298,12.751,19
7,sse,healthy,12,308.553,12.751,17
7,sse,healthy,13,333.860,12.751,19
7,sse,healthy,14,359.133,12.751,18
7,sse,healthy,15,384.227,12.751,20
7,sse,healthy,16,409.260,12.751,19
7,sse,healthy,17,434.495,12.751,17
7,sse,healthy,18,459.863,12.751,17
7,sse,healthy,19,484.003,12.751,18
7,sse,healthy,20,509.416,12.751,16
7,sse,healthy,21,535.016,12.751,18
7,sse,healthy,22,560.261,12.751,20
7,sse,healthy,23,585.851,12.751,19
7,sse,healthy,24,611.421,12.751,20
7,sse,healthy,25,636.851,12.751,18
7,sse,healthy,26,662.219,12.751,17
7,sse,healthy,27,687.416,12.751,19
7,sse,healthy,28,711.198,12.751,19
7,sse,healthy,29,736.569,12.751,15
7,sse,healthy,30,761.161,12.751,18
7,sse,healthy,31,786.464,12.751,19
7,sse,healthy,32,812.056,12.751,18
7,sse,healthy,33,837.288,12.751,18
7,sse,healthy,34,861.033,12.751,20
7,sse,healthy,35,885.152,12.751,19
7,sse,healthy,36,909.991,12.751,18
7,sse,healthy,37,934.866,12.751,19
7,sse,healthy,38,960.192,12.751,16
7,sse,healthy,39,984.328,12.751,20
7,sse,healthy,40,1010.060,12.751,20
7,sse,healthy,41,1035.246,12.751,19
7,sse,healthy,42,1059.914,12.751,20
7,sse,healthy,43,1081.747,12.751,17
7,sse,healthy,44,1107.065,12.751,17
7,sse,healthy,45,1132.341,12.751,15
7,sse,healthy,46,1157.633,12.751,18
7,sse,healthy,47,1182.937,12.751,19
7,sse,healthy,48,1208.250,12.751,20
7,sse,healthy,49,1229.864,12.751,19
7,sse,healthy,50,1255.263,12.751,19
7,sse,healthy,51,1276.650,12.751,19
7,sse,healthy,52,1302.092,12.751,18
7,sse,healthy,53,1327.338,12.751,17
7,sse,healthy,54,1352.719,12.751,17
7,sse,healthy,55,1378.101,12.751,19
7,sse,healthy,56,1401.525,12.751,18
7,sse,healthy,57,1426.850,12.751,18
7,sse,healthy,58,1452.086,12.751,18
7,sse,healthy,59,1474.219,12.751,18
8,sse,healthy,0,10.804,10.624,17
8,sse,healthy,1,36.049,10.624,19
8,sse,healthy,2,61.217,10.624,21
8,sse,healthy,3,85.623,10.624,19
8,sse,healthy,4,105.951,10.624,18
8,sse,healthy,5,128.636,10.624,17
8,sse,healthy,6,152.144,10.624,17
8,sse,healthy,7,177.327,10.624,16
8,sse,healthy,8,202.160,10.624,19
8,sse,healthy,9,227.445,10.624,19
8,sse,healthy,10,252.593,10.624,17
8,sse,healthy,11,277.817,10.624,19
8,sse,healthy,12,302.226,10.624,17
8,sse,healthy,13,322.982,10.624,19
8,sse,healthy,14,345.666,10.624,18
8,sse,healthy,15,369.346,10.624,20
8,sse,healthy,16,394.596,10.624,19
8,sse,healthy,17,418.968,10.624,17
8,sse,healthy,18,444.556,10.624,17
8,sse,healthy,19,469.031,10.624,18
8,sse,healthy,20,494.465,10.624,16
8,sse,healthy,21,518.062,10.624,18
8,sse,healthy,22,543.013,10.624,20
8,sse,healthy,23,567.862,10.624,19
8,sse,healthy,24,592.867,10.624,20
8,sse,healthy,25,618.369,10.624,18
8,sse,healthy,26,643.719,10.624,17
8,sse,healthy,27,668.933,10.624,19
8,sse,healthy,28,694.269,10.624,19
8,sse,healthy,29,719.591,10.624,15
8,sse,healthy,30,741.427,10.624,18
8,sse,healthy,31,766.706,10.624,19
8,sse,healthy,32,792.016,10.624,18
8,sse,healthy,33,816.011,10.624,18
8,sse,healthy,34,841.365,10.624,20
8,sse,healthy,35,866.456,10.624,19
8,sse,healthy,36,890.914,10.624,18
8,sse,healthy,37,913.537,10.624,19
8,sse,healthy,38,938.861,10.624,16
8,sse,healthy,39,961.189,10.624,20
8,sse,healthy,40,983.048,10.624,20
8,sse,healthy,41,1007.556,10.624,19
8,sse,healthy,42,1033.119,10.624,20
8,sse,healthy,43,1058.467,10.624,17
8,sse,healthy,44,1084.006,10.624,17
8,sse,healthy,45,1109.253,10.624,15
8,sse,healthy,46,1134.785,10.624,18
8,sse,healthy,47,1157.545,10.624,19
8,sse,healthy,48,1179.870,10.624,20
8,sse,healthy,49,1205.272,10.624,19
8,sse,healthy,50,1229.561,10.624,19
8,sse,healthy,51,1252.533,10.624,19
8,sse,healthy,52,1275.554,10.624,18
8,sse,healthy,53,1300.862,10.624,17
8,sse,healthy,54,1326.137,10.624,17
8,sse,healthy,55,1351.521,10.624,19
8,sse,healthy,56,1377.064,10.624,18
8,sse,healthy,57,1402.571,10.624,18
8,sse,healthy,58,1427.982,10.624,18
8,sse,healthy,59,1453.660,10.624,18
9,sse,healthy,0,12.368,12.152,17
9,sse,healthy,1,33.104,12.152,19
9,sse,healthy,2,56.663,12.152,21
9,sse,healthy,3,82.443,12.152,19
9,sse,healthy,4,104.782,12.152,18
9,sse,healthy,5,130.250,12.152,17
9,sse,healthy,6,154.714,12.152,17
9,sse,healthy,7,180.095,12.152,16
9,sse,healthy,8,205.331,12.152,19
9,sse,healthy,9,229.940,12.152,19
9,sse,healthy,10,255.137,12.152,17
9,sse,healthy,11,279.518,12.152,19
9,sse,healthy,12,301.400,12.152,17
9,sse,healthy,13,323.275,12.152,19
9,sse,healthy,14,347.531,12.152,18
9,sse,healthy,15,372.911,12.152,20
9,sse,healthy,16,397.492,12.152,19
9,sse,healthy,17,422.865,12.152,17
9,sse,healthy,18,447.491,12.152,17
9,sse,healthy,19,472.877,12.152,18
9,sse,healthy,20,498.516,12.152,16
9,sse,healthy,21,521.394,12.152,18
9,sse,healthy,22,546.718,12.152,20
9,sse,healthy,23,572.088,12.152,19
9,sse,healthy,24,597.417,12.152,20
9,sse,healthy,25,622.787,12.152,18
9,sse,healthy,26,648.269,12.152,17
9,sse,healthy,27,673.623,12.152,19
9,sse,healthy,28,697.594,12.152,19
9,sse,healthy,29,723.153,12.152,15
9,sse,healthy,30,748.388,12.152,18
9,sse,healthy,31,771.456,12.152,19
9,sse,healthy,32,794.070,12.152,18
9,sse,healthy,33,816.237,12.152,18
9,sse,healthy,34,841.735,12.152,20
9,sse,healthy,35,864.088,12.152,19
9,sse,healthy,36,889.354,12.152,18
9,sse,healthy,37,913.190,12.152,19
9,sse,healthy,38,938.405,12.152,16
9,sse,healthy,39,963.978,12.152,20
9,sse,healthy,40,989.312,12.152,20
9,sse,healthy,41,1014.099,12.152,19
9,sse,healthy,42,1038.648,12.152,20
9,sse,healthy,43,1064.381,12.152,17
9,sse,healthy,44,1089.610,12.152,17
9,sse,healthy,45,1114.134,12.152,15
9,sse,healthy,46,1138.732,12.152,18
9,sse,healthy,47,1161.633,12.152,19
9,sse,healthy,48,1184.670,12.152,20
9,sse,healthy,49,1207.006,12.152,19
9,sse,healthy,50,1232.454,12.152,19
9,sse,healthy,51,1254.051,12.152,19
9,sse,healthy,52,1276.349,12.152,18
9,sse,healthy,53,1298.088,12.152,17
9,sse,healthy,54,1323.599,12.152,17
9,sse,healthy,55,1348.851,12.152,19
9,sse,healthy,56,1371.934,12.152,18
9,sse,healthy,57,1396.197,12.152,18
9,sse,healthy,58,1421.546,12.152,18
9,sse,healthy,59,1446.934,12.152,18
10,sse,healthy,0,12.637,12.425,17
10,sse,healthy,1,37.699,12.425,19
10,sse,healthy,2,60.429,12.425,21
10,sse,healthy,3,82.173,12.425,19
10,sse,healthy,4,104.553,12.425,18
10,sse,healthy,5,129.957,12.425,17
10,sse,healthy,6,155.011,12.425,17
10,sse,healthy,7,180.265,12.425,16
10,sse,healthy,8,205.787,12.425,19
10,sse,healthy,9,227.353,12.425,19
10,sse,healthy,10,252.765,12.425,17
10,sse,healthy,11,278.040,12.425,19
10,sse,healthy,12,298.701,12.425,17
10,sse,healthy,13,323.222,12.425,19
10,sse,healthy,14,348.539,12.425,18
10,sse,healthy,15,370.377,12.425,20
10,sse,healthy,16,392.267,12.425,19
10,sse,healthy,17,415.456,12.425,17
10,sse,healthy,18,435.833,12.425,17
10,sse,healthy,19,460.167,12.425,18
10,sse,healthy,20,485.494,12.425,16
10,sse,healthy,21,505.953,12.425,18
10,sse,healthy,22,531.415,12.425,20
10,sse,healthy,23,554.526,12.425,19
10,sse,healthy,24,580.139,12.425,20
10,sse,healthy,25,605.508,12.425,18
10,sse,healthy,26,627.774,12.425,17
10,sse,healthy,27,648.940,12.425,19
10,sse,healthy,28,674.431,12.425,19
10,sse,healthy,29,699.117,12.425,15
10,sse,healthy,30,722.755,12.425,18
10,sse,healthy,31,748.057,12.425,19
10,sse,healthy,32,773.368,12.425,18
10,sse,healthy,33,798.740,12.425,18
10,sse,healthy,34,824.126,12.425,20
10,sse,healthy,35,849.518,12.425,19
10,sse,healthy,36,872.639,12.425,18
10,sse,healthy,37,898.018,12.425,19
10,sse,healthy,38,923.387,12.425,16
10,sse,healthy,39,949.108,12.425,20
10,sse,healthy,40,974.352,12.425,20
10,sse,healthy,41,998.764,12.425,19
10,sse,healthy,42,1024.102,12.425,20
10,sse,healthy,43,1049.401,12.425,17
10,sse,healthy,44,1074.695,12.425,17
10,sse,healthy,45,1098.813,12.425,15
10,sse,healthy,46,1123.640,12.425,18
10,sse,healthy,47,1147.754,12.425,19
10,sse,healthy,48,1170.107,12.425,20
10,sse,healthy,49,1195.575,12.425,19
10,sse,healthy,50,1220.672,12.425,19
10,sse,healthy,51,1242.462,12.425,19
10,sse,healthy,52,1267.381,12.425,18
10,sse,healthy,53,1293.019,12.425,17
10,sse,healthy,54,1315.418,12.425,17
10,sse,healthy,55,1339.387,12.425,19
10,sse,healthy,56,1364.661,12.425,18
10,sse,healthy,57,1390.097,12.425,18
10,sse,healthy,58,1415.457,12.425,18
10,sse,healthy,59,1436.922,12.425,18
11,sse,healthy,0,12.820,12.598,17
11,sse,healthy,1,32.926,12.598,19
11,sse,healthy,2,58.218,12.598,21
11,sse,healthy,3,83.504,12.598,19
11,sse,healthy,4,105.004,12.598,18
11,sse,healthy,5,126.947,12.598,17
11,sse,healthy,6,150.784,12.598,17
11,sse,healthy,7,172.483,12.598,16
11,sse,healthy,8,193.691,12.598,19
11,sse,healthy,9,216.050,12.598,19
11,sse,healthy,10,241.410,12.598,17
11,sse,healthy,11,262.317,12.598,19
11,sse,healthy,12,287.740,12.598,17
11,sse,healthy,13,313.081,12.598,19
11,sse,healthy,14,335.935,12.598,18
11,sse,healthy,15,361.195,12.598,20
11,sse,healthy,16,384.791,12.598,19
11,sse,healthy,17,410.029,12.598,17
11,sse,healthy,18,435.338,12.598,17
11,sse,healthy,19,456.203,12.598,18
11,sse,healthy,20,477.108,12.598,16
11,sse,healthy,21,502.397,12.598,18
11,sse,healthy,22,526.842,12.598,20
11,sse,healthy,23,549.278,12.598,19
11,sse,healthy,24,574.523,12.598,20
11,sse,healthy,25,600.087,12.598,18
11,sse,healthy,26,625.576,12.598,17
11,sse,healthy,27,650.838,12.598,19
11,sse,healthy,28,674.962,12.598,19
11,sse,healthy,29,697.646,12.598,15
11,sse,healthy,30,722.817,12.598,18
11,sse,healthy,31,743.513,12.598,19
11,sse,healthy,32,768.694,12.598,18
11,sse,healthy,33,793.415,12.598,18
11,sse,healthy,34,818.621,12.598,20
11,sse,healthy,35,843.436,12.598,19
11,sse,healthy,36,868.610,12.598,18
11,sse,healthy,37,894.062,12.598,19
11,sse,healthy,38,919.332,12.598,16
11,sse,healthy,39,944.045,12.598,20
11,sse,healthy,40,967.650,12.598,20
11,sse,healthy,41,992.949,12.598,19
11,sse,healthy,42,1018.271,12.598,20
11,sse,healthy,43,1042.669,12.598,17
11,sse,healthy,44,1067.973,12.598,17
11,sse,healthy,45,1093.334,12.598,15
11,sse,healthy,46,1118.614,12.598,18
11,sse,healthy,47,1143.577,12.598,19
11,sse,healthy,48,1168.879,12.598,20
11,sse,healthy,49,1194.639,12.598,19
11,sse,healthy,50,1219.886,12.598,19
11,sse,healthy,51,1243.613,12.598,19
11,sse,healthy,52,1268.885,12.598,18
11,sse,healthy,53,1292.847,12.598,17
11,sse,healthy,54,1318.489,12.598,17
11,sse,healthy,55,1342.246,12.598,19
11,sse,healthy,56,1367.475,12.598,18
11,sse,healthy,57,1392.348,12.598,18
11,sse,healthy,58,1417.692,12.598,18
11,sse,healthy,59,1443.461,12.598,18
12,sse,healthy,0,12.651,12.429,17
12,sse,healthy,1,37.791,12.429,19
12,sse,healthy,2,63.200,12.429,21
12,sse,healthy,3,87.636,12.429,19
12,sse,healthy,4,113.085,12.429,18
12,sse,healthy,5,134.662,12.429,17
12,sse,healthy,6,160.034,12.429,17
12,sse,healthy,7,185.612,12.429,16
12,sse,healthy,8,211.163,12.429,19
12,sse,healthy,9,232.533,12.429,19
12,sse,healthy,10,254.070,12.429,17
12,sse,healthy,11,279.484,12.429,19
12,sse,healthy,12,301.334,12.429,17
12,sse,healthy,13,326.945,12.429,19
12,sse,healthy,14,348.725,12.429,18
12,sse,healthy,15,374.464,12.429,20
12,sse,healthy,16,398.745,12.429,19
12,sse,healthy,17,424.504,12.429,17
12,sse,healthy,18,447.220,12.429,17
12,sse,healthy,19,470.251,12.429,18
12,sse,healthy,20,495.543,12.429,16
12,sse,healthy,21,517.498,12.429,18
12,sse,healthy,22,542.979,12.429,20
12,sse,healthy,23,565.709,12.429,19
12,sse,healthy,24,590.960,12.429,20
12,sse,healthy,25,615.779,12.429,18
12,sse,healthy,26,641.108,12.429,17
12,sse,healthy,27,665.666,12.429,19
12,sse,healthy,28,690.957,12.429,19
12,sse,healthy,29,716.343,12.429,15
12,sse,healthy,30,737.470,12.429,18
12,sse,healthy,31,759.037,12.429,19
12,sse,healthy,32,784.365,12.429,18
12,sse,healthy,33,809.771,12.429,18
12,sse,healthy,34,835.271,12.429,20
12,sse,healthy,35,856.393,12.429,19
12,sse,healthy,36,878.999,12.429,18
12,sse,healthy,37,904.450,12.429,19
12,sse,healthy,38,929.282,12.429,16
12,sse,healthy,39,955.000,12.429,20
12,sse,healthy,40,980.281,12.429,20
12,sse,healthy,41,1005.559,12.429,19
12,sse,healthy,42,1027.122,12.429,20
12,sse,healthy,43,1052.451,12.429,17
12,sse,healthy,44,1077.767,12.429,17
12,sse,healthy,45,1099.608,12.429,15
12,sse,healthy,46,1124.890,12.429,18
12,sse,healthy,47,1149.644,12.429,19
12,sse,healthy,48,1173.185,12.429,20
12,sse,healthy,49,1198.595,12.429,19
12,sse,healthy,50,1223.875,12.429,19
12,sse,healthy,51,1249.220,12.429,19
12,sse,healthy,52,1274.575,12.429,18
12,sse,healthy,53,1298.924,12.429,17
12,sse,healthy,54,1324.396,12.429,17
12,sse,healthy,55,1348.903,12.429,19
12,sse,healthy,56,1374.170,12.429,18
12,sse,healthy,57,1398.663,12.429,18
12,sse,healthy,58,1424.407,12.429,18
12,sse,healthy,59,1449.621,12.429,18
13,sse,healthy,0,13.330,13.075,17
13,sse,healthy,1,38.289,13.075,19
13,sse,healthy,2,63.604,13.075,21
13,sse,healthy,3,88.019,13.075,19
13,sse,healthy,4,113.502,13.075,18
13,sse,healthy,5,137.793,13.075,17
13,sse,healthy,6,163.092,13.075,17
13,sse,healthy,7,188.458,13.075,16
13,sse,healthy,8,208.906,13.075,19
13,sse,healthy,9,234.115,13.075,19
13,sse,healthy,10,256.066,13.075,17
13,sse,healthy,11,279.442,13.075,19
13,sse,healthy,12,304.400,13.075,17
13,sse,healthy,13,329.474,13.075,19
13,sse,healthy,14,351.962,13.075,18
13,sse,healthy,15,377.331,13.075,20
13,sse,healthy,16,402.592,13.075,19
13,sse,healthy,17,427.882,13.075,17
13,sse,healthy,18,453.707,13.075,17
13,sse,healthy,19,478.932,13.075,18
13,sse,healthy,20,504.197,13.075,16
13,sse,healthy,21,529.885,13.075,18
13,sse,healthy,22,555.417,13.075,20
13,sse,healthy,23,580.929,13.075,19
13,sse,healthy,24,606.076,13.075,20
13,sse,healthy,25,630.491,13.075,18
13,sse,healthy,26,650.846,13.075,17
13,sse,healthy,27,671.132,13.075,19
13,sse,healthy,28,696.242,13.075,19
13,sse,healthy,29,721.909,13.075,15
13,sse,healthy,30,747.474,13.075,18
13,sse,healthy,31,772.767,13.075,19
13,sse,healthy,32,796.422,13.075,18
13,sse,healthy,33,820.846,13.075,18
13,sse,healthy,34,846.151,13.075,20
13,sse,healthy,35,871.726,13.075,19
13,sse,healthy,36,897.102,13.075,18
13,sse,healthy,37,922.410,13.075,19
13,sse,healthy,38,947.895,13.075,16
13,sse,healthy,39,973.140,13.075,20
13,sse,healthy,40,998.548,13.075,20
13,sse,healthy,41,1022.017,13.075,19
13,sse,healthy,42,1047.320,13.075,20
13,sse,healthy,43,1070.450,13.075,17
13,sse,healthy,44,1095.782,13.075,17
13,sse,healthy,45,1121.168,13.075,15
13,sse,healthy,46,1146.467,13.075,18
13,sse,healthy,47,1170.960,13.075,19
13,sse,healthy,48,1196.392,13.075,20
13,sse,healthy,49,1221.077,13.075,19
13,sse,healthy,50,1246.401,13.075,19
13,sse,healthy,51,1268.248,13.075,19
13,sse,healthy,52,1294.014,13.075,18
13,sse,healthy,53,1319.248,13.075,17
13,sse,healthy,54,1344.542,13.075,17
13,sse,healthy,55,1369.871,13.075,19
13,sse,healthy,56,1394.259,13.075,18
13,sse,healthy,57,1419.555,13.075,18
13,sse,healthy,58,1444.899,13.075,18
13,sse,healthy,59,1470.236,13.075,18
14,sse,healthy,0,13.190,12.960,17
14,sse,healthy,1,35.177,12.960,19
14,sse,healthy,2,60.012,12.960,21
14,sse,healthy,3,81.334,12.960,19
14,sse,healthy,4,103.658,12.960,18
14,sse,healthy,5,129.327,12.960,17
14,sse,healthy,6,154.504,12.960,17
14,sse,healthy,7,175.778,12.960,16
14,sse,healthy,8,201.071,12.960,19
14,sse,healthy,9,225.284,12.960,19
14,sse,healthy,10,250.503,12.960,17
14,sse,healthy,11,275.844,12.960,19
14,sse,healthy,12,300.342,12.960,17
14,sse,healthy,13,325.570,12.960,19
14,sse,healthy,14,350.787,12.960,18
14,sse,healthy,15,376.077,12.960,20
14,sse,healthy,16,396.936,12.960,19
14,sse,healthy,17,417.628,12.960,17
14,sse,healthy,18,442.090,12.960,17
14,sse,healthy,19,467.481,12.960,18
14,sse,healthy,20,491.923,12.960,16
14,sse,healthy,21,516.297,12.960,18
14,sse,healthy,22,541.587,12.960,20
14,sse,healthy,23,566.781,12.960,19
14,sse,healthy,24,591.126,12.960,20
14,sse,healthy,25,616.317,12.960,18
14,sse,healthy,26,641.504,12.960,17
14,sse,healthy,27,666.755,12.960,19
14,sse,healthy,28,689.515,12.960,19
14,sse,healthy,29,714.850,12.960,15
14,sse,healthy,30,736.789,12.960,18
14,sse,healthy,31,762.033,12.960,19
14,sse,healthy,32,787.276,12.960,18
14,sse,healthy,33,808.480,12.960,18
14,sse,healthy,34,833.958,12.960,20
14,sse,healthy,35,859.426,12.960,19
14,sse,healthy,36,882.983,12.960,18
14,sse,healthy,37,908.012,12.960,19
14,sse,healthy,38,933.632,12.960,16
14,sse,healthy,39,959.036,12.960,20
14,sse,healthy,40,987.199,12.960,20
14,sse,healthy,41,1009.299,12.960,19
14,sse,healthy,42,1034.542,12.960,20
14,sse,healthy,43,1058.428,12.960,17
14,sse,healthy,44,1083.632,12.960,17
14,sse,healthy,45,1107.355,12.960,15
14,sse,healthy,46,1132.435,12.960,18
14,sse,healthy,47,1157.335,12.960,19
14,sse,healthy,48,1182.699,12.960,20
14,sse,healthy,49,1206.110,12.960,19
14,sse,healthy,50,1231.570,12.960,19
14,sse,healthy,51,1253.855,12.960,19
14,sse,healthy,52,1276.857,12.960,18
14,sse,healthy,53,1302.344,12.960,17
14,sse,healthy,54,1328.020,12.960,17
14,sse,healthy,55,1348.236,12.960,19
14,sse,healthy,56,1369.502,12.960,18
14,sse,healthy,57,1394.810,12.960,18
14,sse,healthy,58,1417.834,12.960,18
14,sse,healthy,59,1442.990,12.960,18
15,sse,healthy,0,11.593,11.463,17
15,sse,healthy,1,34.166,11.463,19
15,sse,healthy,2,58.116,11.463,21
15,sse,healthy,3,81.584,11.463,19
15,sse,healthy,4,106.782,11.463,18
15,sse,healthy,5,132.211,11.463,17
15,sse,healthy,6,153.145,11.463,17
15,sse,healthy,7,178.888,11.463,16
15,sse,healthy,8,201.526,11.463,19
15,sse,healthy,9,226.964,11.463,19
15,sse,healthy,10,248.928,11.463,17
15,sse,healthy,11,272.763,11.463,19
15,sse,healthy,12,298.416,11.463,17
15,sse,healthy,13,319.981,11.463,19
15,sse,healthy,14,345.246,11.463,18
15,sse,healthy,15,370.656,11.463,20
15,sse,healthy,16,396.274,11.463,19
15,sse,healthy,17,421.304,11.463,17
15,sse,healthy,18,442.043,11.463,17
15,sse,healthy,19,467.415,11.463,18
15,sse,healthy,20,491.820,11.463,16
15,sse,healthy,21,515.255,11.463,18
15,sse,healthy,22,540.879,11.463,20
15,sse,healthy,23,566.278,11.463,19
15,sse,healthy,24,591.175,11.463,20
15,sse,healthy,25,615.517,11.463,18
15,sse,healthy,26,639.100,11.463,17
15,sse,healthy,27,664.516,11.463,19
15,sse,healthy,28,685.492,11.463,19
15,sse,healthy,29,707.972,11.463,15
15,sse,healthy,30,733.807,11.463,18
15,sse,healthy,31,759.168,11.463,19
15,sse,healthy,32,782.089,11.463,18
15,sse,healthy,33,803.543,11.463,18
15,sse,healthy,34,824.868,11.463,20
15,sse,healthy,35,848.822,11.463,19
15,sse,healthy,36,873.414,11.463,18
15,sse,healthy,37,898.734,11.463,19
15,sse,healthy,38,924.059,11.463,16
15,sse,healthy,39,947.666,11.463,20
15,sse,healthy,40,973.204,11.463,20
15,sse,healthy,41,997.759,11.463,19
15,sse,healthy,42,1018.815,11.463,20
15,sse,healthy,43,1044.240,11.463,17
15,sse,healthy,44,1066.418,11.463,17
15,sse,healthy,45,1087.000,11.463,15
15,sse,healthy,46,1107.945,11.463,18
15,sse,healthy,47,1133.471,11.463,19
15,sse,healthy,48,1155.848,11.463,20
15,sse,healthy,49,1179.481,11.463,19
15,sse,healthy,50,1205.120,11.463,19
15,sse,healthy,51,1226.704,11.463,19
15,sse,healthy,52,1247.901,11.463,18
15,sse,healthy,53,1273.315,11.463,17
15,sse,healthy,54,1298.842,11.463,17
15,sse,healthy,55,1323.138,11.463,19
15,sse,healthy,56,1348.568,11.463,18
15,sse,healthy,57,1371.775,11.463,18
15,sse,healthy,58,1397.565,11.463,18
15,sse,healthy,59,1423.037,11.463,18
16,sse,healthy,0,12.780,12.553,17
16,sse,healthy,1,38.198,12.553,19
16,sse,healthy,2,59.402,12.553,21
16,sse,healthy,3,84.944,12.553,19
16,sse,healthy,4,107.556,12.553,18
16,sse,healthy,5,133.044,12.553,17
16,sse,healthy,6,158.790,12.553,17
16,sse,healthy,7,183.331,12.553,16
16,sse,healthy,8,207.489,12.553,19
16,sse,healthy,9,228.840,12.553,19
16,sse,healthy,10,251.404,12.553,17
16,sse,healthy,11,272.329,12.553,19
16,sse,healthy,12,295.728,12.553,17
16,sse,healthy,13,321.195,12.553,19
16,sse,healthy,14,346.470,12.553,18
16,sse,healthy,15,369.277,12.553,20
16,sse,healthy,16,394.999,12.553,19
16,sse,healthy,17,417.642,12.553,17
16,sse,healthy,18,443.267,12.553,17
16,sse,healthy,19,468.532,12.553,18
16,sse,healthy,20,490.365,12.553,16
16,sse,healthy,21,515.766,12.553,18
16,sse,healthy,22,538.276,12.553,20
16,sse,healthy,23,563.944,12.553,19
16,sse,healthy,24,584.767,12.553,20
16,sse,healthy,25,608.893,12.553,18
16,sse,healthy,26,634.420,12.553,17
16,sse,healthy,27,660.059,12.553,19
16,sse,healthy,28,685.576,12.553,19
16,sse,healthy,29,707.318,12.553,15
16,sse,healthy,30,732.854,12.553,18
16,sse,healthy,31,758.503,12.553,19
16,sse,healthy,32,783.970,12.553,18
16,sse,healthy,33,806.431,12.553,18
16,sse,healthy,34,832.131,12.553,20
16,sse,healthy,35,856.199,12.553,19
16,sse,healthy,36,881.528,12.553,18
16,sse,healthy,37,907.070,12.553,19
16,sse,healthy,38,932.398,12.553,16
16,sse,healthy,39,957.799,12.553,20
16,sse,healthy,40,981.536,12.553,20
16,sse,healthy,41,1003.500,12.553,19
16,sse,healthy,42,1025.130,12.553,20
16,sse,healthy,43,1050.590,12.553,17
16,sse,healthy,44,1076.239,12.553,17
16,sse,healthy,45,1101.324,12.553,15
16,sse,healthy,46,1124.042,12.553,18
16,sse,healthy,47,1149.713,12.553,19
16,sse,healthy,48,1174.098,12.553,20
16,sse,healthy,49,1199.810,12.553,19
16,sse,healthy,50,1225.288,12.553,19
16,sse,healthy,51,1250.575,12.553,19
16,sse,healthy,52,1276.142,12.553,18
16,sse,healthy,53,1301.533,12.553,17
16,sse,healthy,54,1324.011,12.553,17
16,sse,healthy,55,1344.605,12.553,19
16,sse,healthy,56,1368.087,12.553,18
16,sse,healthy,57,1392.651,12.553,18
16,sse,healthy,58,1418.206,12.553,18
16,sse,healthy,59,1443.917,12.553,18
17,sse,healthy,0,14.492,14.251,17
17,sse,healthy,1,35.543,14.251,19
17,sse,healthy,2,56.705,14.251,21
17,sse,healthy,3,77.654,14.251,19
17,sse,healthy,4,101.800,14.251,18
17,sse,healthy,5,127.187,14.251,17
17,sse,healthy,6,152.650,14.251,17
17,sse,healthy,7,178.409,14.251,16
17,sse,healthy,8,201.092,14.251,19
17,sse,healthy,9,226.226,14.251,19
17,sse,healthy,10,251.742,14.251,17
17,sse,healthy,11,275.879,14.251,19
17,sse,healthy,12,301.220,14.251,17
17,sse,healthy,13,321.567,14.251,19
17,sse,healthy,14,344.205,14.251,18
17,sse,healthy,15,369.653,14.251,20
17,sse,healthy,16,394.039,14.251,19
17,sse,healthy,17,419.431,14.251,17
17,sse,healthy,18,444.843,14.251,17
17,sse,healthy,19,470.486,14.251,18
17,sse,healthy,20,490.815,14.251,16
17,sse,healthy,21,516.141,14.251,18
17,sse,healthy,22,541.877,14.251,20
17,sse,healthy,23,567.103,14.251,19
17,sse,healthy,24,588.159,14.251,20
17,sse,healthy,25,610.882,14.251,18
17,sse,healthy,26,634.715,14.251,17
17,sse,healthy,27,660.248,14.251,19
17,sse,healthy,28,685.738,14.251,19
17,sse,healthy,29,711.195,14.251,15
17,sse,healthy,30,736.421,14.251,18
17,sse,healthy,31,757.488,14.251,19
17,sse,healthy,32,782.952,14.251,18
17,sse,healthy,33,807.954,14.251,18
17,sse,healthy,34,828.549,14.251,20
17,sse,healthy,35,854.021,14.251,19
17,sse,healthy,36,879.611,14.251,18
17,sse,healthy,37,905.056,14.251,19
17,sse,healthy,38,929.776,14.251,16
17,sse,healthy,39,954.047,14.251,20
17,sse,healthy,40,978.029,14.251,20
17,sse,healthy,41,1002.541,14.251,19
17,sse,healthy,42,1026.782,14.251,20
17,sse,healthy,43,1052.296,14.251,17
17,sse,healthy,44,1078.047,14.251,17
17,sse,healthy,45,1102.567,14.251,15
17,sse,healthy,46,1127.808,14.251,18
17,sse,healthy,47,1152.890,14.251,19
17,sse,healthy,48,1176.158,14.251,20
17,sse,healthy,49,1201.672,14.251,19
17,sse,healthy,50,1224.849,14.251,19
17,sse,healthy,51,1250.109,14.251,19
17,sse,healthy,52,1271.828,14.251,18
17,sse,healthy,53,1297.185,14.251,17
17,sse,healthy,54,1320.440,14.251,17
17,sse,healthy,55,1344.274,14.251,19
17,sse,healthy,56,1368.697,14.251,18
17,sse,healthy,57,1390.872,14.251,18
17,sse,healthy,58,1416.362,14.251,18
17,sse,healthy,59,1439.018,14.251,18
18,sse,healthy,0,13.014,12.710,17
18,sse,healthy,1,33.727,12.710,19
18,sse,healthy,2,59.302,12.710,21
18,sse,healthy,3,81.629,12.710,19
18,sse,healthy,4,103.866,12.710,18
18,sse,healthy,5,128.967,12.710,17
18,sse,healthy,6,153.741,12.710,17
18,sse,healthy,7,176.274,12.710,16
18,sse,healthy,8,199.761,12.710,19
18,sse,healthy,9,223.350,12.710,19
18,sse,healthy,10,248.622,12.710,17
18,sse,healthy,11,270.297,12.710,19
18,sse,healthy,12,295.657,12.710,17
18,sse,healthy,13,320.260,12.710,19
18,sse,healthy,14,343.185,12.710,18
18,sse,healthy,15,368.467,12.710,20
18,sse,healthy,16,393.808,12.710,19
18,sse,healthy,17,416.978,12.710,17
18,sse,healthy,18,438.229,12.710,17
18,sse,healthy,19,459.928,12.710,18
18,sse,healthy,20,480.424,12.710,16
18,sse,healthy,21,503.630,12.710,18
18,sse,healthy,22,528.997,12.710,20
18,sse,healthy,23,554.541,12.710,19
18,sse,healthy,24,579.927,12.710,20
18,sse,healthy,25,603.024,12.710,18
18,sse,healthy,26,628.202,12.710,17
18,sse,healthy,27,653.476,12.710,19
18,sse,healthy,28,677.433,12.710,19
18,sse,healthy,29,702.697,12.710,15
18,sse,healthy,30,727.874,12.710,18
18,sse,healthy,31,753.136,12.710,19
18,sse,healthy,32,778.670,12.710,18
18,sse,healthy,33,804.029,12.710,18
18,sse,healthy,34,826.823,12.710,20
18,sse,healthy,35,852.095,12.710,19
18,sse,healthy,36,877.358,12.710,18
18,sse,healthy,37,902.920,12.710,19
18,sse,healthy,38,928.359,12.710,16
18,sse,healthy,39,953.706,12.710,20
18,sse,healthy,40,979.039,12.710,20
18,sse,healthy,41,1003.702,12.710,19
18,sse,healthy,42,1029.352,12.710,20
18,sse,healthy,43,1053.459,12.710,17
18,sse,healthy,44,1078.929,12.710,17
18,sse,healthy,45,1104.252,12.710,15
18,sse,healthy,46,1125.373,12.710,18
18,sse,healthy,47,1149.231,12.710,19
18,sse,healthy,48,1170.414,12.710,20
18,sse,healthy,49,1194.176,12.710,19
18,sse,healthy,50,1219.149,12.710,19
18,sse,healthy,51,1244.481,12.710,19
18,sse,healthy,52,1270.084,12.710,18
18,sse,healthy,53,1290.589,12.710,17
18,sse,healthy,54,1310.856,12.710,17
18,sse,healthy,55,1335.881,12.710,19
18,sse,healthy,56,1361.100,12.710,18
18,sse,healthy,57,1386.683,12.710,18
18,sse,healthy,58,1411.866,12.710,18
18,sse,healthy,59,1437.005,12.710,18
19,sse,healthy,0,13.263,13.026,17
19,sse,healthy,1,38.731,13.026,19
19,sse,healthy,2,64.277,13.026,21
19,sse,healthy,3,89.567,13.026,19
19,sse,healthy,4,113.322,13.026,18
19,sse,healthy,5,138.851,13.026,17
19,sse,healthy,6,161.242,13.026,17
19,sse,healthy,7,186.818,13.026,16
19,sse,healthy,8,208.946,13.026,19
19,sse,healthy,9,230.599,13.026,19
19,sse,healthy,10,252.342,13.026,17
19,sse,healthy,11,275.414,13.026,19
19,sse,healthy,12,299.101,13.026,17
19,sse,healthy,13,323.830,13.026,19
19,sse,healthy,14,349.352,13.026,18
19,sse,healthy,15,370.841,13.026,20
19,sse,healthy,16,396.374,13.026,19
19,sse,healthy,17,419.753,13.026,17
19,sse,healthy,18,442.338,13.026,17
19,sse,healthy,19,463.838,13.026,18
19,sse,healthy,20,489.484,13.026,16
19,sse,healthy,21,513.754,13.026,18
19,sse,healthy,22,539.379,13.026,20
19,sse,healthy,23,564.862,13.026,19
19,sse,healthy,24,589.046,13.026,20
19,sse,healthy,25,614.428,13.026,18
19,sse,healthy,26,639.098,13.026,17
19,sse,healthy,27,664.720,13.026,19
19,sse,healthy,28,689.988,13.026,19
19,sse,healthy,29,713.736,13.026,15
19,sse,healthy,30,739.076,13.026,18
19,sse,healthy,31,762.462,13.026,19
19,sse,healthy,32,788.061,13.026,18
19,sse,healthy,33,813.402,13.026,18
19,sse,healthy,34,838.718,13.026,20
19,sse,healthy,35,864.081,13.026,19
19,sse,healthy,36,887.137,13.026,18
19,sse,healthy,37,912.506,13.026,19
19,sse,healthy,38,934.082,13.026,16
19,sse,healthy,39,959.338,13.026,20
19,sse,healthy,40,981.421,13.026,20
19,sse,healthy,41,1006.776,13.026,19
19,sse,healthy,42,1031.358,13.026,20
19,sse,healthy,43,1056.747,13.026,17
19,sse,healthy,44,1077.583,13.026,17
19,sse,healthy,45,1102.977,13.026,15
19,sse,healthy,46,1124.649,13.026,18
19,sse,healthy,47,1148.673,13.026,19
19,sse,healthy,48,1171.422,13.026,20
19,sse,healthy,49,1196.836,13.026,19
19,sse,healthy,50,1219.841,13.026,19
19,sse,healthy,51,1245.230,13.026,19
19,sse,healthy,52,1270.880,13.026,18
19,sse,healthy,53,1296.213,13.026,17
19,sse,healthy,54,1321.565,13.026,17
19,sse,healthy,55,1346.905,13.026,19
19,sse,healthy,56,1367.904,13.026,18
19,sse,healthy,57,1393.463,13.026,18
19,sse,healthy,58,1414.791,13.026,18
19,sse,healthy,59,1440.131,13.026,18
20,sse,healthy,0,13.243,13.023,17
20,sse,healthy,1,38.431,13.023,19
20,sse,healthy,2,64.193,13.023,21
20,sse,healthy,3,89.489,13.023,19
20,sse,healthy,4,114.757,13.023,18
20,sse,healthy,5,140.032,13.023,17
20,sse,healthy,6,165.347,13.023,17
20,sse,healthy,7,190.825,13.023,16
20,sse,healthy,8,213.185,13.023,19
20,sse,healthy,9,238.671,13.023,19
20,sse,healthy,10,263.913,13.023,17
20,sse,healthy,11,289.231,13.023,19
20,sse,healthy,12,314.481,13.023,17
20,sse,healthy,13,339.798,13.023,19
20,sse,healthy,14,365.182,13.023,18
20,sse,healthy,15,387.770,13.023,20
20,sse,healthy,16,413.175,13.023,19
20,sse,healthy,17,438.135,13.023,17
20,sse,healthy,18,459.223,13.023,17
20,sse,healthy,19,484.471,13.023,18
20,sse,healthy,20,506.228,13.023,16
20,sse,healthy,21,531.612,13.023,18
20,sse,healthy,22,556.980,13.023,20
20,sse,healthy,23,582.260,13.023,19
20,sse,healthy,24,606.230,13.023,20
20,sse,healthy,25,631.610,13.023,18
20,sse,healthy,26,657.253,13.023,17
20,sse,healthy,27,682.603,13.023,19
20,sse,healthy,28,706.170,13.023,19
20,sse,healthy,29,731.707,13.023,15
20,sse,healthy,30,757.209,13.023,18
20,sse,healthy,31,782.732,13.023,19
20,sse,healthy,32,808.221,13.023,18
20,sse,healthy,33,831.138,13.023,18
20,sse,healthy,34,856.285,13.023,20
20,sse,healthy,35,880.192,13.023,19
20,sse,healthy,36,903.293,13.023,18
20,sse,healthy,37,928.487,13.023,19
20,sse,healthy,38,952.539,13.023,16
20,sse,healthy,39,977.794,13.023,20
20,sse,healthy,40,1002.259,13.023,20
20,sse,healthy,41,1022.907,13.023,19
20,sse,healthy,42,1048.450,13.023,20
20,sse,healthy,43,1073.741,13.023,17
20,sse,healthy,44,1099.138,13.023,17
20,sse,healthy,45,1124.454,13.023,15
20,sse,healthy,46,1147.542,13.023,18
20,sse,healthy,47,1171.112,13.023,19
20,sse,healthy,48,1193.982,13.023,20
20,sse,healthy,49,1219.532,13.023,19
20,sse,healthy,50,1243.897,13.023,19
20,sse,healthy,51,1269.657,13.023,19
20,sse,healthy,52,1294.762,13.023,18
20,sse,healthy,53,1320.114,13.023,17
20,sse,healthy,54,1345.383,13.023,17
20,sse,healthy,55,1368.037,13.023,19
20,sse,healthy,56,1393.544,13.023,18
20,sse,healthy,57,1415.725,13.023,18
20,sse,healthy,58,1441.028,13.023,18
20,sse,healthy,59,1466.327,13.023,18
21,sse,healthy,0,12.915,12.605,17
21,sse,healthy,1,38.235,12.605,19
21,sse,healthy,2,61.963,12.605,21
21,sse,healthy,3,87.358,12.605,19
21,sse,healthy,4,107.873,12.605,18
21,sse,healthy,5,133.241,12.605,17
21,sse,healthy,6,157.972,12.605,17
21,sse,healthy,7,181.422,12.605,16
21,sse,healthy,8,206.011,12.605,19
21,sse,healthy,9,231.291,12.605,19
21,sse,healthy,10,255.199,12.605,17
21,sse,healthy,11,280.809,12.605,19
21,sse,healthy,12,303.754,12.605,17
21,sse,healthy,13,329.122,12.605,19
21,sse,healthy,14,354.460,12.605,18
21,sse,healthy,15,379.635,12.605,20
21,sse,healthy,16,401.275,12.605,19
21,sse,healthy,17,426.706,12.605,17
21,sse,healthy,18,451.889,12.605,17
21,sse,healthy,19,477.228,12.605,18
21,sse,healthy,20,502.539,12.605,16
21,sse,healthy,21,527.996,12.605,18
21,sse,healthy,22,553.284,12.605,20
21,sse,healthy,23,578.687,12.605,19
21,sse,healthy,24,603.961,12.605,20
21,sse,healthy,25,629.204,12.605,18
21,sse,healthy,26,654.553,12.605,17
21,sse,healthy,27,679.858,12.605,19
21,sse,healthy,28,705.194,12.605,19
21,sse,healthy,29,730.473,12.605,15
21,sse,healthy,30,755.091,12.605,18
21,sse,healthy,31,780.102,12.605,19
21,sse,healthy,32,803.874,12.605,18
21,sse,healthy,33,829.247,12.605,18
21,sse,healthy,34,851.958,12.605,20
21,sse,healthy,35,876.913,12.605,19
21,sse,healthy,36,902.229,12.605,18
21,sse,healthy,37,927.459,12.605,19
21,sse,healthy,38,952.751,12.605,16
21,sse,healthy,39,977.704,12.605,20
21,sse,healthy,40,1001.130,12.605,20
21,sse,healthy,41,1026.389,12.605,19
21,sse,healthy,42,1051.821,12.605,20
21,sse,healthy,43,1077.048,12.605,17
21,sse,healthy,44,1102.401,12.605,17
21,sse,healthy,45,1127.958,12.605,15
21,sse,healthy,46,1153.232,12.605,18
21,sse,healthy,47,1178.636,12.605,19
21,sse,healthy,48,1203.978,12.605,20
21,sse,healthy,49,1229.431,12.605,19
21,sse,healthy,50,1254.518,12.605,19
21,sse,healthy,51,1279.813,12.605,19
21,sse,healthy,52,1305.114,12.605,18
21,sse,healthy,53,1330.218,12.605,17
21,sse,healthy,54,1354.644,12.605,17
21,sse,healthy,55,1377.245,12.605,19
21,sse,healthy,56,1402.422,12.605,18
21,sse,healthy,57,1427.830,12.605,18
21,sse,healthy,58,1453.110,12.605,18
21,sse,healthy,59,1478.285,12.605,18
22,sse,healthy,0,12.740,12.521,17
22,sse,healthy,1,37.864,12.521,19
22,sse,healthy,2,59.680,12.521,21
22,sse,healthy,3,81.971,12.521,19
22,sse,healthy,4,107.635,12.521,18
22,sse,healthy,5,130.525,12.521,17
22,sse,healthy,6,155.805,12.521,17
22,sse,healthy,7,181.305,12.521,16
22,sse,healthy,8,206.560,12.521,19
22,sse,healthy,9,231.897,12.521,19
22,sse,healthy,10,257.240,12.521,17
22,sse,healthy,11,282.648,12.521,19
22,sse,healthy,12,307.919,12.521,17
22,sse,healthy,13,333.078,12.521,19
22,sse,healthy,14,358.660,12.521,18
22,sse,healthy,15,383.952,12.521,20
22,sse,healthy,16,408.342,12.521,19
22,sse,healthy,17,433.654,12.521,17
22,sse,healthy,18,458.403,12.521,17
22,sse,healthy,19,484.003,12.521,18
22,sse,healthy,20,509.335,12.521,16
22,sse,healthy,21,534.613,12.521,18
22,sse,healthy,22,558.302,12.521,20
22,sse,healthy,23,583.676,12.521,19
22,sse,healthy,24,608.482,12.521,20
22,sse,healthy,25,632.349,12.521,18
22,sse,healthy,26,657.268,12.521,17
22,sse,healthy,27,682.688,12.521,19
22,sse,healthy,28,704.370,12.521,19
22,sse,healthy,29,725.337,12.521,15
22,sse,healthy,30,750.708,12.521,18
22,sse,healthy,31,776.207,12.521,19
22,sse,healthy,32,802.255,12.521,18
22,sse,healthy,33,827.829,12.521,18
22,sse,healthy,34,853.157,12.521,20
22,sse,healthy,35,875.157,12.521,19
22,sse,healthy,36,898.989,12.521,18
22,sse,healthy,37,924.454,12.521,19
22,sse,healthy,38,949.031,12.521,16
22,sse,healthy,39,974.610,12.521,20
22,sse,healthy,40,997.042,12.521,20
22,sse,healthy,41,1022.681,12.521,19
22,sse,healthy,42,1047.032,12.521,20
22,sse,healthy,43,1069.839,12.521,17
22,sse,healthy,44,1094.191,12.521,17
22,sse,healthy,45,1119.822,12.521,15
22,sse,healthy,46,1144.848,12.521,18
22,sse,healthy,47,1170.495,12.521,19
22,sse,healthy,48,1196.155,12.521,20
22,sse,healthy,49,1218.863,12.521,19
22,sse,healthy,50,1242.008,12.521,19
22,sse,healthy,51,1267.671,12.521,19
22,sse,healthy,52,1291.885,12.521,18
22,sse,healthy,53,1317.591,12.521,17
22,sse,healthy,54,1338.964,12.521,17
22,sse,healthy,55,1364.680,12.521,19
22,sse,healthy,56,1389.908,12.521,18
22,sse,healthy,57,1413.036,12.521,18
22,sse,healthy,58,1438.529,12.521,18
22,sse,healthy,59,1464.218,12.521,18
23,sse,healthy,0,12.891,12.680,17
23,sse,healthy,1,38.455,12.680,19
23,sse,healthy,2,60.100,12.680,21
23,sse,healthy,3,81.103,12.680,19
23,sse,healthy,4,106.745,12.680,18
23,sse,healthy,5,131.019,12.680,17
23,sse,healthy,6,156.647,12.680,17
23,sse,healthy,7,180.964,12.680,16
23,sse,healthy,8,206.574,12.680,19
23,sse,healthy,9,228.786,12.680,19
23,sse,healthy,10,254.455,12.680,17
23,sse,healthy,11,279.741,12.680,19
23,sse,healthy,12,300.441,12.680,17
23,sse,healthy,13,325.190,12.680,19
23,sse,healthy,14,350.593,12.680,18
23,sse,healthy,15,375.064,12.680,20
23,sse,healthy,16,395.467,12.680,19
23,sse,healthy,17,417.742,12.680,17
23,sse,healthy,18,442.914,12.680,17
23,sse,healthy,19,467.148,12.680,18
23,sse,healthy,20,492.940,12.680,16
23,sse,healthy,21,518.361,12.680,18
23,sse,healthy,22,543.550,12.680,20
23,sse,healthy,23,567.311,12.680,19
23,sse,healthy,24,592.889,12.680,20
23,sse,healthy,25,614.235,12.680,18
23,sse,healthy,26,639.690,12.680,17
23,sse,healthy,27,665.045,12.680,19
23,sse,healthy,28,690.718,12.680,19
23,sse,healthy,29,715.918,12.680,15
23,sse,healthy,30,739.183,12.680,18
23,sse,healthy,31,764.458,12.680,19
23,sse,healthy,32,789.754,12.680,18
23,sse,healthy,33,814.304,12.680,18
23,sse,healthy,34,839.932,12.680,20
23,sse,healthy,35,864.307,12.680,19
23,sse,healthy,36,884.790,12.680,18
23,sse,healthy,37,907.133,12.680,19
23,sse,healthy,38,931.166,12.680,16
23,sse,healthy,39,956.480,12.680,20
23,sse,healthy,40,980.955,12.680,20
23,sse,healthy,41,1006.281,12.680,19
23,sse,healthy,42,1031.678,12.680,20
23,sse,healthy,43,1057.256,12.680,17
23,sse,healthy,44,1078.564,12.680,17
23,sse,healthy,45,1103.972,12.680,15
23,sse,healthy,46,1129.321,12.680,18
23,sse,healthy,47,1154.601,12.680,19
23,sse,healthy,48,1180.185,12.680,20
23,sse,healthy,49,1202.207,12.680,19
23,sse,healthy,50,1225.957,12.680,19
23,sse,healthy,51,1251.435,12.680,19
23,sse,healthy,52,1277.042,12.680,18
23,sse,healthy,53,1302.569,12.680,17
23,sse,healthy,54,1327.885,12.680,17
23,sse,healthy,55,1352.229,12.680,19
23,sse,healthy,56,1377.522,12.680,18
23,sse,healthy,57,1402.986,12.680,18
23,sse,healthy,58,1428.177,12.680,18
23,sse,healthy,59,1453.508,12.680,18
24,sse,healthy,0,13.791,13.559,17
24,sse,healthy,1,35.772,13.559,19
24,sse,healthy,2,60.858,13.559,21
24,sse,healthy,3,86.253,13.559,19
24,sse,healthy,4,111.239,13.559,18
24,sse,healthy,5,136.577,13.559,17
24,sse,healthy,6,161.882,13.559,17
24,sse,healthy,7,187.364,13.559,16
24,sse,healthy,8,212.771,13.559,19
24,sse,healthy,9,238.025,13.559,19
24,sse,healthy,10,263.305,13.559,17
24,sse,healthy,11,287.245,13.559,19
24,sse,healthy,12,312.658,13.559,17
24,sse,healthy,13,337.055,13.559,19
24,sse,healthy,14,362.345,13.559,18
24,sse,healthy,15,387.223,13.559,20
24,sse,healthy,16,412.584,13.559,19
24,sse,healthy,17,438.205,13.559,17
24,sse,healthy,18,463.433,13.559,17
24,sse,healthy,19,487.234,13.559,18
24,sse,healthy,20,511.802,13.559,16
24,sse,healthy,21,533.971,13.559,18
24,sse,healthy,22,559.531,13.559,20
24,sse,healthy,23,584.858,13.559,19
24,sse,healthy,24,610.141,13.559,20
24,sse,healthy,25,630.575,13.559,18
24,sse,healthy,26,653.911,13.559,17
24,sse,healthy,27,678.338,13.559,19
24,sse,healthy,28,703.504,13.559,19
24,sse,healthy,29,728.795,13.559,15
24,sse,healthy,30,754.131,13.559,18
24,sse,healthy,31,777.601,13.559,19
24,sse,healthy,32,803.197,13.559,18
24,sse,healthy,33,827.842,13.559,18
24,sse,healthy,34,852.847,13.559,20
24,sse,healthy,35,878.053,13.559,19
24,sse,healthy,36,903.526,13.559,18
24,sse,healthy,37,924.144,13.559,19
24,sse,healthy,38,945.128,13.559,16
24,sse,healthy,39,970.608,13.559,20
24,sse,healthy,40,995.898,13.559,20
24,sse,healthy,41,1016.726,13.559,19
24,sse,healthy,42,1042.283,13.559,20
24,sse,healthy,43,1067.518,13.559,17
24,sse,healthy,44,1092.804,13.559,17
24,sse,healthy,45,1118.159,13.559,15
24,sse,healthy,46,1143.737,13.559,18
24,sse,healthy,47,1164.402,13.559,19
24,sse,healthy,48,1187.327,13.559,20
24,sse,healthy,49,1211.744,13.559,19
24,sse,healthy,50,1237.106,13.559,19
24,sse,healthy,51,1262.434,13.559,19
24,sse,healthy,52,1288.012,13.559,18
24,sse,healthy,53,1311.322,13.559,17
24,sse,healthy,54,1336.641,13.559,17
24,sse,healthy,55,1361.908,13.559,19
24,sse,healthy,56,1382.904,13.559,18
24,sse,healthy,57,1408.496,13.559,18
24,sse,healthy,58,1433.734,13.559,18
24,sse,healthy,59,1459.029,13.559,18
25,sse,healthy,0,25.111,24.896,17
25,sse,healthy,1,50.392,24.896,19
25,sse,healthy,2,75.581,24.896,21
25,sse,healthy,3,96.264,24.896,19
25,sse,healthy,4,121.710,24.896,18
25,sse,healthy,5,146.955,24.896,17
25,sse,healthy,6,170.707,24.896,17
25,sse,healthy,7,193.073,24.896,16
25,sse,healthy,8,218.414,24.896,19
25,sse,healthy,9,243.077,24.896,19
25,sse,healthy,10,267.188,24.896,17
25,sse,healthy,11,292.282,24.896,19
25,sse,healthy,12,316.780,24.896,17
25,sse,healthy,13,341.585,24.896,19
25,sse,healthy,14,367.014,24.896,18
25,sse,healthy,15,392.116,24.896,20
25,sse,healthy,16,417.426,24.896,19
25,sse,healthy,17,442.622,24.896,17
25,sse,healthy,18,467.802,24.896,17
25,sse,healthy,19,492.892,24.896,18
25,sse,healthy,20,518.098,24.896,16
25,sse,healthy,21,542.961,24.896,18
25,sse,healthy,22,568.408,24.896,20
25,sse,healthy,23,593.648,24.896,19
25,sse,healthy,24,618.992,24.896,20
25,sse,healthy,25,640.667,24.896,18
25,sse,healthy,26,666.230,24.896,17
25,sse,healthy,27,691.511,24.896,19
25,sse,healthy,28,716.443,24.896,19
25,sse,healthy,29,741.758,24.896,15
25,sse,healthy,30,767.089,24.896,18
25,sse,healthy,31,792.460,24.896,19
25,sse,healthy,32,817.725,24.896,18
25,sse,healthy,33,843.005,24.896,18
25,sse,healthy,34,868.419,24.896,20
25,sse,healthy,35,893.057,24.896,19
25,sse,healthy,36,913.953,24.896,18
25,sse,healthy,37,939.322,24.896,19
25,sse,healthy,38,964.536,24.896,16
25,sse,healthy,39,989.834,24.896,20
25,sse,healthy,40,1010.628,24.896,20
25,sse,healthy,41,1032.615,24.896,19
25,sse,healthy,42,1057.860,24.896,20
25,sse,healthy,43,1083.334,24.896,17
25,sse,healthy,44,1108.603,24.896,17
25,sse,healthy,45,1134.270,24.896,15
25,sse,healthy,46,1159.501,24.896,18
25,sse,healthy,47,1184.222,24.896,19
25,sse,healthy,48,1209.602,24.896,20
25,sse,healthy,49,1230.872,24.896,19
25,sse,healthy,50,1256.572,24.896,19
25,sse,healthy,51,1278.098,24.896,19
25,sse,healthy,52,1303.633,24.896,18
25,sse,healthy,53,1326.914,24.896,17
25,sse,healthy,54,1351.103,24.896,17
25,sse,healthy,55,1376.694,24.896,19
25,sse,healthy,56,1401.896,24.896,18
25,sse,healthy,57,1427.544,24.896,18
25,sse,healthy,58,1452.988,24.896,18
25,sse,healthy,59,1478.615,24.896,18
26,sse,healthy,0,13.509,13.234,17
26,sse,healthy,1,37.359,13.234,19
26,sse,healthy,2,62.855,13.234,21
26,sse,healthy,3,84.448,13.234,19
26,sse,healthy,4,110.068,13.234,18
26,sse,healthy,5,130.618,13.234,17
26,sse,healthy,6,156.220,13.234,17
26,sse,healthy,7,180.646,13.234,16
26,sse,healthy,8,204.833,13.234,19
26,sse,healthy,9,229.950,13.234,19
26,sse,healthy,10,251.216,13.234,17
26,sse,healthy,11,276.943,13.234,19
26,sse,healthy,12,302.592,13.234,17
26,sse,healthy,13,327.894,13.234,19
26,sse,healthy,14,353.634,13.234,18
26,sse,healthy,15,379.107,13.234,20
26,sse,healthy,16,402.684,13.234,19
26,sse,healthy,17,427.996,13.234,17
26,sse,healthy,18,453.798,13.234,17
26,sse,healthy,19,479.118,13.234,18
26,sse,healthy,20,503.787,13.234,16
26,sse,healthy,21,528.538,13.234,18
26,sse,healthy,22,551.838,13.234,20
26,sse,healthy,23,577.170,13.234,19
26,sse,healthy,24,598.496,13.234,20
26,sse,healthy,25,624.085,13.234,18
26,sse,healthy,26,646.533,13.234,17
26,sse,healthy,27,671.880,13.234,19
26,sse,healthy,28,697.450,13.234,19
26,sse,healthy,29,722.804,13.234,15
26,sse,healthy,30,745.817,13.234,18
26,sse,healthy,31,771.150,13.234,19
26,sse,healthy,32,796.647,13.234,18
26,sse,healthy,33,821.931,13.234,18
26,sse,healthy,34,846.216,13.234,20
26,sse,healthy,35,871.652,13.234,19
26,sse,healthy,36,896.140,13.234,18
26,sse,healthy,37,921.530,13.234,19
26,sse,healthy,38,947.027,13.234,16
26,sse,healthy,39,972.620,13.234,20
26,sse,healthy,40,997.960,13.234,20
26,sse,healthy,41,1020.003,13.234,19
26,sse,healthy,42,1045.310,13.234,20
26,sse,healthy,43,1067.982,13.234,17
26,sse,healthy,44,1093.659,13.234,17
26,sse,healthy,45,1118.854,13.234,15
26,sse,healthy,46,1139.709,13.234,18
26,sse,healthy,47,1165.042,13.234,19
26,sse,healthy,48,1190.372,13.234,20
26,sse,healthy,49,1214.038,13.234,19
26,sse,healthy,50,1237.839,13.234,19
26,sse,healthy,51,1262.818,13.234,19
26,sse,healthy,52,1284.881,13.234,18
26,sse,healthy,53,1310.262,13.234,17
26,sse,healthy,54,1336.038,13.234,17
26,sse,healthy,55,1361.388,13.234,19
26,sse,healthy,56,1384.311,13.234,18
26,sse,healthy,57,1409.629,13.234,18
26,sse,healthy,58,1434.758,13.234,18
26,sse,healthy,59,1460.398,13.234,18
27,sse,healthy,0,12.555,12.338,17
27,sse,healthy,1,33.932,12.338,19
27,sse,healthy,2,59.278,12.338,21
27,sse,healthy,3,84.056,12.338,19
27,sse,healthy,4,109.319,12.338,18
27,sse,healthy,5,131.518,12.338,17
27,sse,healthy,6,154.807,12.338,17
27,sse,healthy,7,180.100,12.338,16
27,sse,healthy,8,204.983,12.338,19
27,sse,healthy,9,229.764,12.338,19
27,sse,healthy,10,251.887,12.338,17
27,sse,healthy,11,277.248,12.338,19
27,sse,healthy,12,302.516,12.338,17
27,sse,healthy,13,327.828,12.338,19
27,sse,healthy,14,353.380,12.338,18
27,sse,healthy,15,378.524,12.338,20
27,sse,healthy,16,400.890,12.338,19
27,sse,healthy,17,422.582,12.338,17
27,sse,healthy,18,447.818,12.338,17
27,sse,healthy,19,473.485,12.338,18
27,sse,healthy,20,498.776,12.338,16
27,sse,healthy,21,524.101,12.338,18
27,sse,healthy,22,549.335,12.338,20
27,sse,healthy,23,574.904,12.338,19
27,sse,healthy,24,600.205,12.338,20
27,sse,healthy,25,624.527,12.338,18
27,sse,healthy,26,649.892,12.338,17
27,sse,healthy,27,673.648,12.338,19
27,sse,healthy,28,698.529,12.338,19
27,sse,healthy,29,724.237,12.338,15
27,sse,healthy,30,749.834,12.338,18
27,sse,healthy,31,775.390,12.338,19
27,sse,healthy,32,800.770,12.338,18
27,sse,healthy,33,822.113,12.338,18
27,sse,healthy,34,847.437,12.338,20
27,sse,healthy,35,872.701,12.338,19
27,sse,healthy,36,894.128,12.338,18
27,sse,healthy,37,919.449,12.338,19
27,sse,healthy,38,941.978,12.338,16
27,sse,healthy,39,967.464,12.338,20
27,sse,healthy,40,988.647,12.338,20
27,sse,healthy,41,1014.020,12.338,19
27,sse,healthy,42,1039.259,12.338,20
27,sse,healthy,43,1061.867,12.338,17
27,sse,healthy,44,1087.101,12.338,17
27,sse,healthy,45,1112.385,12.338,15
27,sse,healthy,46,1137.698,12.338,18
27,sse,healthy,47,1163.030,12.338,19
27,sse,healthy,48,1188.756,12.338,20
27,sse,healthy,49,1209.639,12.338,19
27,sse,healthy,50,1234.035,12.338,19
27,sse,healthy,51,1259.309,12.338,19
27,sse,healthy,52,1284.096,12.338,18
27,sse,healthy,53,1309.087,12.338,17
27,sse,healthy,54,1334.197,12.338,17
27,sse,healthy,55,1358.110,12.338,19
27,sse,healthy,56,1383.423,12.338,18
27,sse,healthy,57,1408.898,12.338,18
27,sse,healthy,58,1433.499,12.338,18
27,sse,healthy,59,1458.845,12.338,18
28,sse,healthy,0,13.172,12.949,17
28,sse,healthy,1,38.611,12.949,19
28,sse,healthy,2,63.985,12.949,21
28,sse,healthy,3,89.243,12.949,19
28,sse,healthy,4,114.470,12.949,18
28,sse,healthy,5,139.780,12.949,17
28,sse,healthy,6,165.171,12.949,17
28,sse,healthy,7,186.522,12.949,16
28,sse,healthy,8,207.248,12.949,19
28,sse,healthy,9,229.894,12.949,19
28,sse,healthy,10,250.386,12.949,17
28,sse,healthy,11,273.645,12.949,19
28,sse,healthy,12,296.899,12.949,17
28,sse,healthy,13,322.589,12.949,19
28,sse,healthy,14,347.756,12.949,18
28,sse,healthy,15,372.970,12.949,20
28,sse,healthy,16,395.720,12.949,19
28,sse,healthy,17,421.027,12.949,17
28,sse,healthy,18,446.330,12.949,17
28,sse,healthy,19,471.702,12.949,18
28,sse,healthy,20,497.016,12.949,16
28,sse,healthy,21,520.288,12.949,18
28,sse,healthy,22,545.609,12.949,20
28,sse,healthy,23,571.266,12.949,19
28,sse,healthy,24,596.555,12.949,20
28,sse,healthy,25,619.916,12.949,18
28,sse,healthy,26,645.171,12.949,17
28,sse,healthy,27,670.491,12.949,19
28,sse,healthy,28,696.269,12.949,19
28,sse,healthy,29,721.534,12.949,15
28,sse,healthy,30,746.900,12.949,18
28,sse,healthy,31,772.174,12.949,19
28,sse,healthy,32,792.802,12.949,18
28,sse,healthy,33,818.081,12.949,18
28,sse,healthy,34,840.932,12.949,20
28,sse,healthy,35,861.253,12.949,19
28,sse,healthy,36,885.517,12.949,18
28,sse,healthy,37,910.875,12.949,19
28,sse,healthy,38,933.982,12.949,16
28,sse,healthy,39,959.324,12.949,20
28,sse,healthy,40,984.410,12.949,20
28,sse,healthy,41,1006.940,12.949,19
28,sse,healthy,42,1030.213,12.949,20
28,sse,healthy,43,1055.462,12.949,17
28,sse,healthy,44,1080.619,12.949,17
28,sse,healthy,45,1105.465,12.949,15
28,sse,healthy,46,1130.667,12.949,18
28,sse,healthy,47,1155.990,12.949,19
28,sse,healthy,48,1178.430,12.949,20
28,sse,healthy,49,1203.686,12.949,19
28,sse,healthy,50,1229.158,12.949,19
28,sse,healthy,51,1251.483,12.949,19
28,sse,healthy,52,1274.231,12.949,18
28,sse,healthy,53,1297.694,12.949,17
28,sse,healthy,54,1323.102,12.949,17
28,sse,healthy,55,1348.357,12.949,19
28,sse,healthy,56,1373.634,12.949,18
28,sse,healthy,57,1394.758,12.949,18
28,sse,healthy,58,1420.335,12.949,18
28,sse,healthy,59,1443.381,12.949,18
29,sse,healthy,0,13.098,12.868,17
29,sse,healthy,1,38.315,12.868,19
29,sse,healthy,2,61.910,12.868,21
29,sse,healthy,3,87.218,12.868,19
29,sse,healthy,4,112.525,12.868,18
29,sse,healthy,5,137.781,12.868,17
29,sse,healthy,6,161.865,12.868,17
29,sse,healthy,7,187.167,12.868,16
29,sse,healthy,8,212.652,12.868,19
29,sse,healthy,9,237.885,12.868,19
29,sse,healthy,10,262.118,12.868,17
29,sse,healthy,11,287.440,12.868,19
29,sse,healthy,12,308.501,12.868,17
29,sse,healthy,13,334.017,12.868,19
29,sse,healthy,14,356.407,12.868,18
29,sse,healthy,15,381.518,12.868,20
29,sse,healthy,16,407.116,12.868,19
29,sse,healthy,17,428.929,12.868,17
29,sse,healthy,18,452.855,12.868,17
29,sse,healthy,19,478.378,12.868,18
29,sse,healthy,20,503.645,12.868,16
29,sse,healthy,21,529.354,12.868,18
29,sse,healthy,22,554.437,12.868,20
29,sse,healthy,23,579.987,12.868,19
29,sse,healthy,24,605.402,12.868,20
29,sse,healthy,25,630.996,12.868,18
29,sse,healthy,26,654.123,12.868,17
29,sse,healthy,27,679.006,12.868,19
29,sse,healthy,28,704.608,12.868,19
29,sse,healthy,29,730.036,12.868,15
29,sse,healthy,30,755.417,12.868,18
29,sse,healthy,31,779.046,12.868,19
29,sse,healthy,32,804.319,12.868,18
29,sse,healthy,33,830.071,12.868,18
29,sse,healthy,34,853.572,12.868,20
29,sse,healthy,35,878.984,12.868,19
29,sse,healthy,36,900.635,12.868,18
29,sse,healthy,37,923.091,12.868,19
29,sse,healthy,38,948.225,12.868,16
29,sse,healthy,39,970.988,12.868,20
29,sse,healthy,40,995.397,12.868,20
29,sse,healthy,41,1017.184,12.868,19
29,sse,healthy,42,1042.815,12.868,20
29,sse,healthy,43,1068.025,12.868,17
29,sse,healthy,44,1093.506,12.868,17
29,sse,healthy,45,1114.765,12.868,15
29,sse,healthy,46,1140.557,12.868,18
29,sse,healthy,47,1162.285,12.868,19
29,sse,healthy,48,1187.579,12.868,20
29,sse,healthy,49,1211.959,12.868,19
29,sse,healthy,50,1237.330,12.868,19
29,sse,healthy,51,1262.017,12.868,19
29,sse,healthy,52,1284.191,12.868,18
29,sse,healthy,53,1309.560,12.868,17
29,sse,healthy,54,1334.890,12.868,17
29,sse,healthy,55,1360.282,12.868,19
29,sse,healthy,56,1382.255,12.868,18
29,sse,healthy,57,1403.104,12.868,18
29,sse,healthy,58,1428.584,12.868,18
29,sse,healthy,59,1451.769,12.868,18
0,ws,healthy,0,4.495,3.868,17
0,ws,healthy,1,29.880,3.868,19
0,ws,healthy,2,55.309,3.868,21
0,ws,healthy,3,80.666,3.868,19
0,ws,healthy,4,106.426,3.868,18
0,ws,healthy,5,131.751,3.868,17
0,ws,healthy,6,157.184,3.868,17
0,ws,healthy,7,180.493,3.868,16
0,ws,healthy,8,201.269,3.868,19
0,ws,healthy,9,227.102,3.868,19
0,ws,healthy,10,252.480,3.868,17
0,ws,healthy,11,273.740,3.868,19
0,ws,healthy,12,298.665,3.868,17
0,ws,healthy,13,322.825,3.868,19
0,ws,healthy,14,348.622,3.868,18
0,ws,healthy,15,374.026,3.868,20
0,ws,healthy,16,398.239,3.868,19
0,ws,healthy,17,423.577,3.868,17
0,ws,healthy,18,448.877,3.868,17
0,ws,healthy,19,473.988,3.868,18
0,ws,healthy,20,497.702,3.868,16
0,ws,healthy,21,523.020,3.868,18
0,ws,healthy,22,548.456,3.868,20
0,ws,healthy,23,573.837,3.868,19
0,ws,healthy,24,599.303,3.868,20
0,ws,healthy,25,624.630,3.868,18
0,ws,healthy,26,649.991,3.868,17
0,ws,healthy,27,675.431,3.868,19
0,ws,healthy,28,700.860,3.868,19
0,ws,healthy,29,726.327,3.868,15
0,ws,healthy,30,748.277,3.868,18
0,ws,healthy,31,773.787,3.868,19
0,ws,healthy,32,795.388,3.868,18
0,ws,healthy,33,820.626,3.868,18
0,ws,healthy,34,845.942,3.868,20
0,ws,healthy,35,871.207,3.868,19
0,ws,healthy,36,896.413,3.868,18
0,ws,healthy,37,921.639,3.868,19
0,ws,healthy,38,946.876,3.868,16
0,ws,healthy,39,972.046,3.868,20
0,ws,healthy,40,997.273,3.868,20
0,ws,healthy,41,1022.828,3.868,19
0,ws,healthy,42,1048.324,3.868,20
0,ws,healthy,43,1073.101,3.868,17
0,ws,healthy,44,1098.410,3.868,17
0,ws,healthy,45,1123.776,3.868,15
0,ws,healthy,46,1145.197,3.868,18
0,ws,healthy,47,1170.552,3.868,19
0,ws,healthy,48,1196.266,3.868,20
0,ws,healthy,49,1221.559,3.868,19
0,ws,healthy,50,1246.877,3.868,19
0,ws,healthy,51,1272.349,3.868,19
0,ws,healthy,52,1296.971,3.868,18
0,ws,healthy,53,1322.483,3.868,17
0,ws,healthy,54,1347.732,3.868,17
0,ws,healthy,55,1370.709,3.868,19
0,ws,healthy,56,1396.117,3.868,18
0,ws,healthy,57,1421.479,3.868,18
0,ws,healthy,58,1446.818,3.868,18
0,ws,healthy,59,1472.120,3.868,18
1,ws,healthy,0,4.572,3.980,17
1,ws,healthy,1,29.939,3.980,19
1,ws,healthy,2,55.387,3.980,21
1,ws,healthy,3,80.274,3.980,19
1,ws,healthy,4,105.732,3.980,18
1,ws,healthy,5,129.230,3.980,17
1,ws,healthy,6,154.518,3.980,17
1,ws,healthy,7,179.844,3.980,16
1,ws,healthy,8,202.978,3.980,19
1,ws,healthy,9,228.610,3.980,19
1,ws,healthy,10,250.927,3.980,17
1,ws,healthy,11,275.888,3.980,19
1,ws,healthy,12,300.009,3.980,17
1,ws,healthy,13,324.168,3.980,19
1,ws,healthy,14,349.769,3.980,18
1,ws,healthy,15,374.658,3.980,20
1,ws,healthy,16,400.080,3.980,19
1,ws,healthy,17,425.490,3.980,17
1,ws,healthy,18,450.915,3.980,17
1,ws,healthy,19,476.620,3.980,18
1,ws,healthy,20,501.972,3.980,16
1,ws,healthy,21,527.780,3.980,18
1,ws,healthy,22,553.376,3.980,20
1,ws,healthy,23,579.055,3.980,19
1,ws,healthy,24,600.628,3.980,20
1,ws,healthy,25,626.328,3.980,18
1,ws,healthy,26,648.406,3.980,17
1,ws,healthy,27,674.110,3.980,19
1,ws,healthy,28,696.214,3.980,19
1,ws,healthy,29,721.927,3.980,15
1,ws,healthy,30,747.304,3.980,18
1,ws,healthy,31,773.131,3.980,19
1,ws,healthy,32,798.713,3.980,18
1,ws,healthy,33,824.437,3.980,18
1,ws,healthy,34,845.003,3.980,20
1,ws,healthy,35,866.126,3.980,19
1,ws,healthy,36,888.202,3.980,18
1,ws,healthy,37,913.981,3.980,19
1,ws,healthy,38,939.431,3.980,16
1,ws,healthy,39,965.208,3.980,20
1,ws,healthy,40,990.570,3.980,20
1,ws,healthy,41,1015.393,3.980,19
1,ws,healthy,42,1036.635,3.980,20
1,ws,healthy,43,1057.514,3.980,17
1,ws,healthy,44,1081.987,3.980,17
1,ws,healthy,45,1107.432,3.980,15
1,ws,healthy,46,1132.848,3.980,18
1,ws,healthy,47,1158.422,3.980,19
1,ws,healthy,48,1183.273,3.980,20
1,ws,healthy,49,1207.407,3.980,19
1,ws,healthy,50,1232.812,3.980,19
1,ws,healthy,51,1258.231,3.980,19
1,ws,healthy,52,1283.430,3.980,18
1,ws,healthy,53,1308.729,3.980,17
1,ws,healthy,54,1333.362,3.980,17
1,ws,healthy,55,1358.862,3.980,19
1,ws,healthy,56,1384.353,3.980,18
1,ws,healthy,57,1409.697,3.980,18
1,ws,healthy,58,1435.162,3.980,18
1,ws,healthy,59,1460.451,3.980,18
2,ws,healthy,0,4.796,4.126,17
2,ws,healthy,1,30.211,4.126,19
2,ws,healthy,2,54.628,4.126,21
2,ws,healthy,3,79.988,4.126,19
2,ws,healthy,4,104.185,4.126,18
2,ws,healthy,5,129.647,4.126,17
2,ws,healthy,6,153.854,4.126,17
2,ws,healthy,7,179.352,4.126,16
2,ws,healthy,8,203.101,4.126,19
2,ws,healthy,9,228.454,4.126,19
2,ws,healthy,10,253.807,4.126,17
2,ws,healthy,11,279.218,4.126,19
2,ws,healthy,12,304.695,4.126,17
2,ws,healthy,13,328.015,4.126,19
2,ws,healthy,14,350.212,4.126,18
2,ws,healthy,15,370.782,4.126,20
2,ws,healthy,16,392.334,4.126,19
2,ws,healthy,17,418.176,4.126,17
2,ws,healthy,18,440.676,4.126,17
2,ws,healthy,19,462.011,4.126,18
2,ws,healthy,20,487.370,4.126,16
2,ws,healthy,21,512.808,4.126,18
2,ws,healthy,22,537.895,4.126,20
2,ws,healthy,23,563.205,4.126,19
2,ws,healthy,24,587.541,4.126,20
2,ws,healthy,25,611.210,4.126,18
2,ws,healthy,26,634.923,4.126,17
2,ws,healthy,27,658.318,4.126,19
2,ws,healthy,28,683.636,4.126,19
2,ws,healthy,29,704.090,4.126,15
2,ws,healthy,30,729.521,4.126,18
2,ws,healthy,31,754.145,4.126,19
2,ws,healthy,32,779.830,4.126,18
2,ws,healthy,33,800.915,4.126,18
2,ws,healthy,34,823.464,4.126,20
2,ws,healthy,35,849.110,4.126,19
2,ws,healthy,36,871.180,4.126,18
2,ws,healthy,37,897.055,4.126,19
2,ws,healthy,38,919.117,4.126,16
2,ws,healthy,39,944.458,4.126,20
2,ws,healthy,40,966.121,4.126,20
2,ws,healthy,41,991.533,4.126,19
2,ws,healthy,42,1017.252,4.126,20
2,ws,healthy,43,1042.620,4.126,17
2,ws,healthy,44,1067.961,4.126,17
2,ws,healthy,45,1093.377,4.126,15
2,ws,healthy,46,1114.777,4.126,18
2,ws,healthy,47,1138.885,4.126,19
2,ws,healthy,48,1160.054,4.126,20
2,ws,healthy,49,1185.520,4.126,19
2,ws,healthy,50,1210.195,4.126,19
2,ws,healthy,51,1233.213,4.126,19
2,ws,healthy,52,1256.923,4.126,18
2,ws,healthy,53,1282.325,4.126,17
2,ws,healthy,54,1304.080,4.126,17
2,ws,healthy,55,1326.421,4.126,19
2,ws,healthy,56,1351.712,4.126,18
2,ws,healthy,57,1376.011,4.126,18
2,ws,healthy,58,1401.387,4.126,18
2,ws,healthy,59,1426.719,4.126,18
3,ws,healthy,0,4.784,4.160,17
3,ws,healthy,1,28.233,4.160,19
3,ws,healthy,2,50.943,4.160,21
3,ws,healthy,3,74.823,4.160,19
3,ws,healthy,4,99.441,4.160,18
3,ws,healthy,5,124.415,4.160,17
3,ws,healthy,6,149.779,4.160,17
3,ws,healthy,7,174.798,4.160,16
3,ws,healthy,8,200.041,4.160,19
3,ws,healthy,9,225.396,4.160,19
3,ws,healthy,10,249.422,4.160,17
3,ws,healthy,11,271.575,4.160,19
3,ws,healthy,12,292.194,4.160,17
3,ws,healthy,13,317.748,4.160,19
3,ws,healthy,14,342.988,4.160,18
3,ws,healthy,15,364.869,4.160,20
3,ws,healthy,16,390.264,4.160,19
3,ws,healthy,17,412.451,4.160,17
3,ws,healthy,18,438.058,4.160,17
3,ws,healthy,19,459.055,4.160,18
3,ws,healthy,20,484.721,4.160,16
3,ws,healthy,21,506.079,4.160,18
3,ws,healthy,22,531.444,4.160,20
3,ws,healthy,23,556.916,4.160,19
3,ws,healthy,24,578.654,4.160,20
3,ws,healthy,25,599.988,4.160,18
3,ws,healthy,26,625.379,4.160,17
3,ws,healthy,27,650.726,4.160,19
3,ws,healthy,28,675.558,4.160,19
3,ws,healthy,29,698.538,4.160,15
3,ws,healthy,30,723.847,4.160,18
3,ws,healthy,31,749.173,4.160,19
3,ws,healthy,32,770.281,4.160,18
3,ws,healthy,33,795.798,4.160,18
3,ws,healthy,34,821.197,4.160,20
3,ws,healthy,35,846.560,4.160,19
3,ws,healthy,36,871.873,4.160,18
3,ws,healthy,37,897.247,4.160,19
3,ws,healthy,38,922.762,4.160,16
3,ws,healthy,39,948.056,4.160,20
3,ws,healthy,40,973.487,4.160,20
3,ws,healthy,41,994.291,4.160,19
3,ws,healthy,42,1019.865,4.160,20
3,ws,healthy,43,1045.117,4.160,17
3,ws,healthy,44,1066.110,4.160,17
3,ws,healthy,45,1091.429,4.160,15
3,ws,healthy,46,1116.716,4.160,18
3,ws,healthy,47,1142.608,4.160,19
3,ws,healthy,48,1167.844,4.160,20
3,ws,healthy,49,1192.485,4.160,19
3,ws,healthy,50,1217.831,4.160,19
3,ws,healthy,51,1242.463,4.160,19
3,ws,healthy,52,1268.191,4.160,18
3,ws,healthy,53,1292.404,4.160,17
3,ws,healthy,54,1317.820,4.160,17
3,ws,healthy,55,1343.322,4.160,19
3,ws,healthy,56,1367.952,4.160,18
3,ws,healthy,57,1393.261,4.160,18
3,ws,healthy,58,1418.989,4.160,18
3,ws,healthy,59,1443.207,4.160,18
4,ws,healthy,0,2.620,2.221,17
4,ws,healthy,1,27.864,2.221,19
4,ws,healthy,2,48.240,2.221,21
4,ws,healthy,3,73.475,2.221,19
4,ws,healthy,4,98.088,2.221,18
4,ws,healthy,5,123.278,2.221,17
4,ws,healthy,6,148.141,2.221,17
4,ws,healthy,7,173.390,2.221,16
4,ws,healthy,8,197.284,2.221,19
4,ws,healthy,9,222.297,2.221,19
4,ws,healthy,10,247.369,2.221,17
4,ws,healthy,11,272.901,2.221,19
4,ws,healthy,12,294.078,2.221,17
4,ws,healthy,13,315.212,2.221,19
4,ws,healthy,14,339.114,2.221,18
4,ws,healthy,15,364.465,2.221,20
4,ws,healthy,16,389.837,2.221,19
4,ws,healthy,17,411.858,2.221,17
4,ws,healthy,18,437.286,2.221,17
4,ws,healthy,19,462.598,2.221,18
4,ws,healthy,20,487.936,2.221,16
4,ws,healthy,21,511.270,2.221,18
4,ws,healthy,22,536.962,2.221,20
4,ws,healthy,23,562.370,2.221,19
4,ws,healthy,24,587.790,2.221,20
4,ws,healthy,25,613.115,2.221,18
4,ws,healthy,26,636.033,2.221,17
4,ws,healthy,27,661.422,2.221,19
4,ws,healthy,28,682.557,2.221,19
4,ws,healthy,29,707.921,2.221,15
4,ws,healthy,30,731.654,2.221,18
4,ws,healthy,31,756.207,2.221,19
4,ws,healthy,32,776.948,2.221,18
4,ws,healthy,33,799.412,2.221,18
4,ws,healthy,34,824.678,2.221,20
4,ws,healthy,35,848.261,2.221,19
4,ws,healthy,36,873.663,2.221,18
4,ws,healthy,37,899.343,2.221,19
4,ws,healthy,38,924.674,2.221,16
4,ws,healthy,39,950.236,2.221,20
4,ws,healthy,40,970.955,2.221,20
4,ws,healthy,41,996.731,2.221,19
4,ws,healthy,42,1022.351,2.221,20
4,ws,healthy,43,1048.120,2.221,17
4,ws,healthy,44,1073.326,2.221,17
4,ws,healthy,45,1098.825,2.221,15
4,ws,healthy,46,1120.003,2.221,18
4,ws,healthy,47,1145.735,2.221,19
4,ws,healthy,48,1171.067,2.221,20
4,ws,healthy,49,1196.654,2.221,19
4,ws,healthy,50,1220.317,2.221,19
4,ws,healthy,51,1246.006,2.221,19
4,ws,healthy,52,1268.692,2.221,18
4,ws,healthy,53,1294.261,2.221,17
4,ws,healthy,54,1317.406,2.221,17
4,ws,healthy,55,1343.299,2.221,19
4,ws,healthy,56,1368.720,2.221,18
4,ws,healthy,57,1394.545,2.221,18
4,ws,healthy,58,1418.671,2.221,18
4,ws,healthy,59,1444.432,2.221,18
5,ws,healthy,0,4.764,4.097,17
5,ws,healthy,1,26.255,4.097,19
5,ws,healthy,2,51.459,4.097,21
5,ws,healthy,3,76.075,4.097,19
5,ws,healthy,4,101.715,4.097,18
5,ws,healthy,5,127.105,4.097,17
5,ws,healthy,6,151.346,4.097,17
5,ws,healthy,7,176.970,4.097,16
5,ws,healthy,8,201.157,4.097,19
5,ws,healthy,9,226.121,4.097,19
5,ws,healthy,10,251.547,4.097,17
5,ws,healthy,11,276.481,4.097,19
5,ws,healthy,12,301.973,4.097,17
5,ws,healthy,13,326.058,4.097,19
5,ws,healthy,14,350.629,4.097,18
5,ws,healthy,15,376.046,4.097,20
5,ws,healthy,16,399.835,4.097,19
5,ws,healthy,17,423.181,4.097,17
5,ws,healthy,18,448.557,4.097,17
5,ws,healthy,19,473.898,4.097,18
5,ws,healthy,20,499.288,4.097,16
5,ws,healthy,21,522.414,4.097,18
5,ws,healthy,22,548.266,4.097,20
5,ws,healthy,23,573.722,4.097,19
5,ws,healthy,24,597.705,4.097,20
5,ws,healthy,25,623.244,4.097,18
5,ws,healthy,26,648.679,4.097,17
5,ws,healthy,27,674.169,4.097,19
5,ws,healthy,28,699.515,4.097,19
5,ws,healthy,29,724.860,4.097,15
5,ws,healthy,30,750.303,4.097,18
5,ws,healthy,31,775.452,4.097,19
5,ws,healthy,32,796.915,4.097,18
5,ws,healthy,33,818.906,4.097,18
5,ws,healthy,34,844.372,4.097,20
5,ws,healthy,35,868.856,4.097,19
5,ws,healthy,36,893.020,4.097,18
5,ws,healthy,37,915.789,4.097,19
5,ws,healthy,38,940.608,4.097,16
5,ws,healthy,39,965.937,4.097,20
5,ws,healthy,40,990.008,4.097,20
5,ws,healthy,41,1015.685,4.097,19
5,ws,healthy,42,1040.978,4.097,20
5,ws,healthy,43,1066.310,4.097,17
5,ws,healthy,44,1091.678,4.097,17
5,ws,healthy,45,1117.128,4.097,15
5,ws,healthy,46,1142.677,4.097,18
5,ws,healthy,47,1168.137,4.097,19
5,ws,healthy,48,1193.304,4.097,20
5,ws,healthy,49,1218.651,4.097,19
5,ws,healthy,50,1240.513,4.097,19
5,ws,healthy,51,1266.103,4.097,19
5,ws,healthy,52,1288.509,4.097,18
5,ws,healthy,53,1309.975,4.097,17
5,ws,healthy,54,1335.403,4.097,17
5,ws,healthy,55,1357.116,4.097,19
5,ws,healthy,56,1382.567,4.097,18
5,ws,healthy,57,1407.883,4.097,18
5,ws,healthy,58,1433.277,4.097,18
5,ws,healthy,59,1458.590,4.097,18
6,ws,healthy,0,4.610,3.989,17
6,ws,healthy,1,29.143,3.989,19
6,ws,healthy,2,54.471,3.989,21
6,ws,healthy,3,75.051,3.989,19
6,ws,healthy,4,100.688,3.989,18
6,ws,healthy,5,125.248,3.989,17
6,ws,healthy,6,149.740,3.989,17
6,ws,healthy,7,171.673,3.989,16
6,ws,healthy,8,192.915,3.989,19
6,ws,healthy,9,216.296,3.989,19
6,ws,healthy,10,241.716,3.989,17
6,ws,healthy,11,267.005,3.989,19
6,ws,healthy,12,292.362,3.989,17
6,ws,healthy,13,314.536,3.989,19
6,ws,healthy,14,339.711,3.989,18
6,ws,healthy,15,365.117,3.989,20
6,ws,healthy,16,386.763,3.989,19
6,ws,healthy,17,408.458,3.989,17
6,ws,healthy,18,432.476,3.989,17
6,ws,healthy,19,457.831,3.989,18
6,ws,healthy,20,483.232,3.989,16
6,ws,healthy,21,507.892,3.989,18
6,ws,healthy,22,532.591,3.989,20
6,ws,healthy,23,557.427,3.989,19
6,ws,healthy,24,582.837,3.989,20
6,ws,healthy,25,608.213,3.989,18
6,ws,healthy,26,633.838,3.989,17
6,ws,healthy,27,659.217,3.989,19
6,ws,healthy,28,682.325,3.989,19
6,ws,healthy,29,706.376,3.989,15
6,ws,healthy,30,728.987,3.989,18
6,ws,healthy,31,754.529,3.989,19
6,ws,healthy,32,776.008,3.989,18
6,ws,healthy,33,801.227,3.989,18
6,ws,healthy,34,825.184,3.989,20
6,ws,healthy,35,849.484,3.989,19
6,ws,healthy,36,875.105,3.989,18
6,ws,healthy,37,896.893,3.989,19
6,ws,healthy,38,922.225,3.989,16
6,ws,healthy,39,947.596,3.989,20
6,ws,healthy,40,973.087,3.989,20
6,ws,healthy,41,998.848,3.989,19
6,ws,healthy,42,1021.467,3.989,20
6,ws,healthy,43,1046.849,3.989,17
6,ws,healthy,44,1072.244,3.989,17
6,ws,healthy,45,1094.456,3.989,15
6,ws,healthy,46,1120.183,3.989,18
6,ws,healthy,47,1145.015,3.989,19
6,ws,healthy,48,1167.263,3.989,20
6,ws,healthy,49,1192.808,3.989,19
6,ws,healthy,50,1218.444,3.989,19
6,ws,healthy,51,1242.018,3.989,19
6,ws,healthy,52,1267.377,3.989,18
6,ws,healthy,53,1288.047,3.989,17
6,ws,healthy,54,1312.313,3.989,17
6,ws,healthy,55,1337.611,3.989,19
6,ws,healthy,56,1362.963,3.989,18
6,ws,healthy,57,1383.705,3.989,18
6,ws,healthy,58,1408.401,3.989,18
6,ws,healthy,59,1433.826,3.989,18
7,ws,healthy,0,4.292,3.646,17
7,ws,healthy,1,25.914,3.646,19
7,ws,healthy,2,51.439,3.646,21
7,ws,healthy,3,72.900,3.646,19
7,ws,healthy,4,97.338,3.646,18
7,ws,healthy,5,122.719,3.646,17
7,ws,healthy,6,147.393,3.646,17
7,ws,healthy,7,172.810,3.646,16
7,ws,healthy,8,193.742,3.646,19
7,ws,healthy,9,219.055,3.646,19
7,ws,healthy,10,239.617,3.646,17
7,ws,healthy,11,264.978,3.646,19
7,ws,healthy,12,288.545,3.646,17
7,ws,healthy,13,313.448,3.646,19
7,ws,healthy,14,338.803,3.646,18
7,ws,healthy,15,364.139,3.646,20
7,ws,healthy,16,388.832,3.646,19
7,ws,healthy,17,414.099,3.646,17
7,ws,healthy,18,439.416,3.646,17
7,ws,healthy,19,464.540,3.646,18
7,ws,healthy,20,489.878,3.646,16
7,ws,healthy,21,514.267,3.646,18
7,ws,healthy,22,539.742,3.646,20
7,ws,healthy,23,565.074,3.646,19
7,ws,healthy,24,589.641,3.646,20
7,ws,healthy,25,612.788,3.646,18
7,ws,healthy,26,638.457,3.646,17
7,ws,healthy,27,663.570,3.646,19
7,ws,healthy,28,688.803,3.646,19
7,ws,healthy,29,713.302,3.646,15
7,ws,healthy,30,738.490,3.646,18
7,ws,healthy,31,761.419,3.646,19
7,ws,healthy,32,786.584,3.646,18
7,ws,healthy,33,811.734,3.646,18
7,ws,healthy,34,836.923,3.646,20
7,ws,healthy,35,862.168,3.646,19
7,ws,healthy,36,886.495,3.646,18
7,ws,healthy,37,911.827,3.646,19
7,ws,healthy,38,937.242,3.646,16
7,ws,healthy,39,959.768,3.646,20
7,ws,healthy,40,985.278,3.646,20
7,ws,healthy,41,1011.010,3.646,19
7,ws,healthy,42,1036.475,3.646,20
7,ws,healthy,43,1061.805,3.646,17
7,ws,healthy,44,1087.144,3.646,17
7,ws,healthy,45,1112.503,3.646,15
7,ws,healthy,46,1137.917,3.646,18
7,ws,healthy,47,1158.874,3.646,19
7,ws,healthy,48,1184.247,3.646,20
7,ws,healthy,49,1209.522,3.646,19
7,ws,healthy,50,1234.150,3.646,19
7,ws,healthy,51,1259.041,3.646,19
7,ws,healthy,52,1280.153,3.646,18
7,ws,healthy,53,1304.413,3.646,17
7,ws,healthy,54,1329.677,3.646,17
7,ws,healthy,55,1355.029,3.646,19
7,ws,healthy,56,1380.106,3.646,18
7,ws,healthy,57,1403.017,3.646,18
7,ws,healthy,58,1428.402,3.646,18
7,ws,healthy,59,1453.781,3.646,18
8,ws,healthy,0,4.558,3.880,17
8,ws,healthy,1,28.989,3.880,19
8,ws,healthy,2,50.626,3.880,21
8,ws,healthy,3,76.050,3.880,19
8,ws,healthy,4,100.960,3.880,18
8,ws,healthy,5,126.403,3.880,17
8,ws,healthy,6,151.666,3.880,17
8,ws,healthy,7,174.519,3.880,16
8,ws,healthy,8,195.398,3.880,19
8,ws,healthy,9,220.872,3.880,19
8,ws,healthy,10,246.538,3.880,17
8,ws,healthy,11,267.730,3.880,19
8,ws,healthy,12,288.385,3.880,17
8,ws,healthy,13,309.537,3.880,19
8,ws,healthy,14,330.658,3.880,18
8,ws,healthy,15,356.330,3.880,20
8,ws,healthy,16,380.929,3.880,19
8,ws,healthy,17,406.599,3.880,17
8,ws,healthy,18,432.049,3.880,17
8,ws,healthy,19,455.794,3.880,18
8,ws,healthy,20,481.156,3.880,16
8,ws,healthy,21,505.948,3.880,18
8,ws,healthy,22,531.378,3.880,20
8,ws,healthy,23,557.201,3.880,19
8,ws,healthy,24,582.565,3.880,20
8,ws,healthy,25,603.850,3.880,18
8,ws,healthy,26,629.264,3.880,17
8,ws,healthy,27,654.984,3.880,19
8,ws,healthy,28,680.337,3.880,19
8,ws,healthy,29,706.124,3.880,15
8,ws,healthy,30,731.574,3.880,18
8,ws,healthy,31,757.382,3.880,19
8,ws,healthy,32,782.879,3.880,18
8,ws,healthy,33,808.277,3.880,18
8,ws,healthy,34,832.739,3.880,20
8,ws,healthy,35,854.502,3.880,19
8,ws,healthy,36,880.048,3.880,18
8,ws,healthy,37,904.826,3.880,19
8,ws,healthy,38,930.333,3.880,16
8,ws,healthy,39,955.734,3.880,20
8,ws,healthy,40,978.836,3.880,20
8,ws,healthy,41,1000.620,3.880,19
8,ws,healthy,42,1026.046,3.880,20
8,ws,healthy,43,1050.531,3.880,17
8,ws,healthy,44,1075.929,3.880,17
8,ws,healthy,45,1099.751,3.880,15
8,ws,healthy,46,1125.104,3.880,18
8,ws,healthy,47,1149.838,3.880,19
8,ws,healthy,48,1173.779,3.880,20
8,ws,healthy,49,1198.975,3.880,19
8,ws,healthy,50,1220.118,3.880,19
8,ws,healthy,51,1245.520,3.880,19
8,ws,healthy,52,1267.669,3.880,18
8,ws,healthy,53,1288.969,3.880,17
8,ws,healthy,54,1314.382,3.880,17
8,ws,healthy,55,1339.894,3.880,19
8,ws,healthy,56,1365.466,3.880,18
8,ws,healthy,57,1390.820,3.880,18
8,ws,healthy,58,1413.039,3.880,18
8,ws,healthy,59,1438.452,3.880,18
9,ws,healthy,0,4.573,3.829,17
9,ws,healthy,1,30.433,3.829,19
9,ws,healthy,2,50.988,3.829,21
9,ws,healthy,3,75.892,3.829,19
9,ws,healthy,4,99.700,3.829,18
9,ws,healthy,5,124.798,3.829,17
9,ws,healthy,6,150.257,3.829,17
9,ws,healthy,7,173.826,3.829,16
9,ws,healthy,8,199.177,3.829,19
9,ws,healthy,9,223.423,3.829,19
9,ws,healthy,10,248.403,3.829,17
9,ws,healthy,11,270.236,3.829,19
9,ws,healthy,12,292.750,3.829,17
9,ws,healthy,13,317.501,3.829,19
9,ws,healthy,14,342.867,3.829,18
9,ws,healthy,15,366.002,3.829,20
9,ws,healthy,16,391.499,3.829,19
9,ws,healthy,17,416.818,3.829,17
9,ws,healthy,18,440.236,3.829,17
9,ws,healthy,19,465.591,3.829,18
9,ws,healthy,20,491.152,3.829,16
9,ws,healthy,21,516.586,3.829,18
9,ws,healthy,22,542.043,3.829,20
9,ws,healthy,23,565.298,3.829,19
9,ws,healthy,24,590.719,3.829,20
9,ws,healthy,25,616.098,3.829,18
9,ws,healthy,26,641.509,3.829,17
9,ws,healthy,27,666.797,3.829,19
9,ws,healthy,28,690.338,3.829,19
9,ws,healthy,29,715.662,3.829,15
9,ws,healthy,30,739.064,3.829,18
9,ws,healthy,31,761.512,3.829,19
9,ws,healthy,32,787.078,3.829,18
9,ws,healthy,33,810.711,3.829,18
9,ws,healthy,34,836.152,3.829,20
9,ws,healthy,35,860.336,3.829,19
9,ws,healthy,36,885.982,3.829,18
9,ws,healthy,37,911.375,3.829,19
9,ws,healthy,38,936.832,3.829,16
9,ws,healthy,39,959.622,3.829,20
9,ws,healthy,40,985.361,3.829,20
9,ws,healthy,41,1010.317,3.829,19
9,ws,healthy,42,1035.826,3.829,20
9,ws,healthy,43,1057.116,3.829,17
9,ws,healthy,44,1082.390,3.829,17
9,ws,healthy,45,1107.948,3.829,15
9,ws,healthy,46,1129.051,3.829,18
9,ws,healthy,47,1154.429,3.829,19
9,ws,healthy,48,1177.123,3.829,20
9,ws,healthy,49,1202.394,3.829,19
9,ws,healthy,50,1228.059,3.829,19
9,ws,healthy,51,1250.814,3.829,19
9,ws,healthy,52,1275.800,3.829,18
9,ws,healthy,53,1296.384,3.829,17
9,ws,healthy,54,1317.525,3.829,17
9,ws,healthy,55,1342.802,3.829,19
9,ws,healthy,56,1368.152,3.829,18
9,ws,healthy,57,1393.557,3.829,18
9,ws,healthy,58,1418.824,3.829,18
9,ws,healthy,59,1443.644,3.829,18
10,ws,healthy,0,4.033,3.371,17
10,ws,healthy,1,29.719,3.371,19
10,ws,healthy,2,52.343,3.371,21
10,ws,healthy,3,76.791,3.371,19
10,ws,healthy,4,102.064,3.371,18
10,ws,healthy,5,127.746,3.371,17
10,ws,healthy,6,148.981,3.371,17
10,ws,healthy,7,172.689,3.371,16
10,ws,healthy,8,197.655,3.371,19
10,ws,healthy,9,223.013,3.371,19
10,ws,healthy,10,248.711,3.371,17
10,ws,healthy,11,274.048,3.371,19
10,ws,healthy,12,299.371,3.371,17
10,ws,healthy,13,320.697,3.371,19
10,ws,healthy,14,344.680,3.371,18
10,ws,healthy,15,370.037,3.371,20
10,ws,healthy,16,395.634,3.371,19
10,ws,healthy,17,418.087,3.371,17
10,ws,healthy,18,443.310,3.371,17
10,ws,healthy,19,468.700,3.371,18
10,ws,healthy,20,494.341,3.371,16
10,ws,healthy,21,519.758,3.371,18
10,ws,healthy,22,545.099,3.371,20
10,ws,healthy,23,565.554,3.371,19
10,ws,healthy,24,590.971,3.371,20
10,ws,healthy,25,615.484,3.371,18
10,ws,healthy,26,639.467,3.371,17
10,ws,healthy,27,664.887,3.371,19
10,ws,healthy,28,690.284,3.371,19
10,ws,healthy,29,715.692,3.371,15
10,ws,healthy,30,739.218,3.371,18
10,ws,healthy,31,764.625,3.371,19
10,ws,healthy,32,789.193,3.371,18
10,ws,healthy,33,814.627,3.371,18
10,ws,healthy,34,839.934,3.371,20
10,ws,healthy,35,865.551,3.371,19
10,ws,healthy,36,891.077,3.371,18
10,ws,healthy,37,916.346,3.371,19
10,ws,healthy,38,939.984,3.371,16
10,ws,healthy,39,965.335,3.371,20
10,ws,healthy,40,990.739,3.371,20
10,ws,healthy,41,1015.443,3.371,19
10,ws,healthy,42,1038.621,3.371,20
10,ws,healthy,43,1063.953,3.371,17
10,ws,healthy,44,1089.340,3.371,17
10,ws,healthy,45,1114.779,3.371,15
10,ws,healthy,46,1140.111,3.371,18
10,ws,healthy,47,1164.298,3.371,19
10,ws,healthy,48,1186.048,3.371,20
10,ws,healthy,49,1211.577,3.371,19
10,ws,healthy,50,1232.269,3.371,19
10,ws,healthy,51,1256.036,3.371,19
10,ws,healthy,52,1281.371,3.371,18
10,ws,healthy,53,1306.789,3.371,17
10,ws,healthy,54,1331.961,3.371,17
10,ws,healthy,55,1357.259,3.371,19
10,ws,healthy,56,1382.441,3.371,18
10,ws,healthy,57,1407.617,3.371,18
10,ws,healthy,58,1432.856,3.371,18
10,ws,healthy,59,1458.135,3.371,18
11,ws,healthy,0,14.864,14.405,17
11,ws,healthy,1,40.059,14.405,19
11,ws,healthy,2,65.390,14.405,21
11,ws,healthy,3,89.761,14.405,19
11,ws,healthy,4,115.413,14.405,18
11,ws,healthy,5,140.749,14.405,17
11,ws,healthy,6,161.621,14.405,17
11,ws,healthy,7,185.068,14.405,16
11,ws,healthy,8,210.533,14.405,19
11,ws,healthy,9,236.094,14.405,19
11,ws,healthy,10,256.864,14.405,17
11,ws,healthy,11,280.615,14.405,19
11,ws,healthy,12,306.096,14.405,17
11,ws,healthy,13,331.560,14.405,19
11,ws,healthy,14,356.833,14.405,18
11,ws,healthy,15,382.009,14.405,20
11,ws,healthy,16,405.516,14.405,19
11,ws,healthy,17,426.798,14.405,17
11,ws,healthy,18,452.229,14.405,17
11,ws,healthy,19,478.135,14.405,18
11,ws,healthy,20,503.607,14.405,16
11,ws,healthy,21,528.847,14.405,18
11,ws,healthy,22,554.184,14.405,20
11,ws,healthy,23,579.515,14.405,19
11,ws,healthy,24,604.830,14.405,20
11,ws,healthy,25,626.697,14.405,18
11,ws,healthy,26,651.992,14.405,17
11,ws,healthy,27,673.297,14.405,19
11,ws,healthy,28,694.569,14.405,19
11,ws,healthy,29,718.741,14.405,15
11,ws,healthy,30,740.547,14.405,18
11,ws,healthy,31,765.950,14.405,19
11,ws,healthy,32,786.973,14.405,18
11,ws,healthy,33,812.378,14.405,18
11,ws,healthy,34,838.070,14.405,20
11,ws,healthy,35,863.626,14.405,19
11,ws,healthy,36,886.014,14.405,18
11,ws,healthy,37,908.106,14.405,19
11,ws,healthy,38,933.586,14.405,16
11,ws,healthy,39,958.836,14.405,20
11,ws,healthy,40,979.722,14.405,20
11,ws,healthy,41,1001.453,14.405,19
11,ws,healthy,42,1023.494,14.405,20
11,ws,healthy,43,1049.253,14.405,17
11,ws,healthy,44,1072.559,14.405,17
11,ws,healthy,45,1097.035,14.405,15
11,ws,healthy,46,1122.517,14.405,18
11,ws,healthy,47,1148.219,14.405,19
11,ws,healthy,48,1173.727,14.405,20
11,ws,healthy,49,1199.386,14.405,19
11,ws,healthy,50,1223.027,14.405,19
11,ws,healthy,51,1248.625,14.405,19
11,ws,healthy,52,1273.924,14.405,18
11,ws,healthy,53,1297.589,14.405,17
11,ws,healthy,54,1323.078,14.405,17
11,ws,healthy,55,1348.474,14.405,19
11,ws,healthy,56,1373.267,14.405,18
11,ws,healthy,57,1398.537,14.405,18
11,ws,healthy,58,1423.312,14.405,18
11,ws,healthy,59,1448.961,14.405,18
12,ws,healthy,0,4.050,3.414,17
12,ws,healthy,1,29.516,3.414,19
12,ws,healthy,2,50.864,3.414,21
12,ws,healthy,3,74.175,3.414,19
12,ws,healthy,4,94.939,3.414,18
12,ws,healthy,5,120.432,3.414,17
12,ws,healthy,6,145.849,3.414,17
12,ws,healthy,7,170.905,3.414,16
12,ws,healthy,8,196.284,3.414,19
12,ws,healthy,9,217.486,3.414,19
12,ws,healthy,10,239.862,3.414,17
12,ws,healthy,11,265.249,3.414,19
12,ws,healthy,12,288.562,3.414,17
12,ws,healthy,13,313.994,3.414,19
12,ws,healthy,14,336.559,3.414,18
12,ws,healthy,15,362.187,3.414,20
12,ws,healthy,16,384.454,3.414,19
12,ws,healthy,17,409.962,3.414,17
12,ws,healthy,18,435.543,3.414,17
12,ws,healthy,19,461.192,3.414,18
12,ws,healthy,20,486.897,3.414,16
12,ws,healthy,21,511.749,3.414,18
12,ws,healthy,22,537.071,3.414,20
12,ws,healthy,23,562.477,3.414,19
12,ws,healthy,24,585.360,3.414,20
12,ws,healthy,25,610.814,3.414,18
12,ws,healthy,26,636.165,3.414,17
12,ws,healthy,27,657.841,3.414,19
12,ws,healthy,28,680.154,3.414,19
12,ws,healthy,29,705.961,3.414,15
12,ws,healthy,30,731.289,3.414,18
12,ws,healthy,31,755.571,3.414,19
12,ws,healthy,32,780.909,3.414,18
12,ws,healthy,33,806.673,3.414,18
12,ws,healthy,34,832.420,3.414,20
12,ws,healthy,35,856.595,3.414,19
12,ws,healthy,36,879.442,3.414,18
12,ws,healthy,37,904.844,3.414,19
12,ws,healthy,38,930.154,3.414,16
12,ws,healthy,39,955.613,3.414,20
12,ws,healthy,40,980.679,3.414,20
12,ws,healthy,41,1001.121,3.414,19
12,ws,healthy,42,1023.171,3.414,20
12,ws,healthy,43,1045.704,3.414,17
12,ws,healthy,44,1071.446,3.414,17
12,ws,healthy,45,1096.784,3.414,15
12,ws,healthy,46,1119.143,3.414,18
12,ws,healthy,47,1144.741,3.414,19
12,ws,healthy,48,1170.055,3.414,20
12,ws,healthy,49,1195.754,3.414,19
12,ws,healthy,50,1221.133,3.414,19
12,ws,healthy,51,1246.541,3.414,19
12,ws,healthy,52,1271.974,3.414,18
12,ws,healthy,53,1297.408,3.414,17
12,ws,healthy,54,1322.743,3.414,17
12,ws,healthy,55,1344.928,3.414,19
12,ws,healthy,56,1366.308,3.414,18
12,ws,healthy,57,1389.378,3.414,18
12,ws,healthy,58,1421.204,3.414,18
12,ws,healthy,59,1446.564,3.414,18
13,ws,healthy,0,2.069,1.661,17
13,ws,healthy,1,27.237,1.661,19
13,ws,healthy,2,52.425,1.661,21
13,ws,healthy,3,75.862,1.661,19
13,ws,healthy,4,101.181,1.661,18
13,ws,healthy,5,126.589,1.661,17
13,ws,healthy,6,151.827,1.661,17
13,ws,healthy,7,176.369,1.661,16
13,ws,healthy,8,199.008,1.661,19
13,ws,healthy,9,223.517,1.661,19
13,ws,healthy,10,246.931,1.661,17
13,ws,healthy,11,269.368,1.661,19
13,ws,healthy,12,292.795,1.661,17
13,ws,healthy,13,317.257,1.661,19
13,ws,healthy,14,343.134,1.661,18
13,ws,healthy,15,368.449,1.661,20
13,ws,healthy,16,393.885,1.661,19
13,ws,healthy,17,419.400,1.661,17
13,ws,healthy,18,442.682,1.661,17
13,ws,healthy,19,465.134,1.661,18
13,ws,healthy,20,490.497,1.661,16
13,ws,healthy,21,513.219,1.661,18
13,ws,healthy,22,538.262,1.661,20
13,ws,healthy,23,563.696,1.661,19
13,ws,healthy,24,589.100,1.661,20
13,ws,healthy,25,614.489,1.661,18
13,ws,healthy,26,639.773,1.661,17
13,ws,healthy,27,665.054,1.661,19
13,ws,healthy,28,685.724,1.661,19
13,ws,healthy,29,711.142,1.661,15
13,ws,healthy,30,733.210,1.661,18
13,ws,healthy,31,758.543,1.661,19
13,ws,healthy,32,779.978,1.661,18
13,ws,healthy,33,804.175,1.661,18
13,ws,healthy,34,828.507,1.661,20
13,ws,healthy,35,853.847,1.661,19
13,ws,healthy,36,876.075,1.661,18
13,ws,healthy,37,897.615,1.661,19
13,ws,healthy,38,920.003,1.661,16
13,ws,healthy,39,945.853,1.661,20
13,ws,healthy,40,971.332,1.661,20
13,ws,healthy,41,992.785,1.661,19
13,ws,healthy,42,1018.354,1.661,20
13,ws,healthy,43,1043.964,1.661,17
13,ws,healthy,44,1069.674,1.661,17
13,ws,healthy,45,1095.019,1.661,15
13,ws,healthy,46,1120.452,1.661,18
13,ws,healthy,47,1145.906,1.661,19
13,ws,healthy,48,1171.201,1.661,20
13,ws,healthy,49,1196.650,1.661,19
13,ws,healthy,50,1217.046,1.661,19
13,ws,healthy,51,1239.705,1.661,19
13,ws,healthy,52,1264.968,1.661,18
13,ws,healthy,53,1290.265,1.661,17
13,ws,healthy,54,1311.191,1.661,17
13,ws,healthy,55,1335.519,1.661,19
13,ws,healthy,56,1359.254,1.661,18
13,ws,healthy,57,1382.631,1.661,18
13,ws,healthy,58,1404.795,1.661,18
13,ws,healthy,59,1430.179,1.661,18
14,ws,healthy,0,3.933,3.318,17
14,ws,healthy,1,28.126,3.318,19
14,ws,healthy,2,53.637,3.318,21
14,ws,healthy,3,77.705,3.318,19
14,ws,healthy,4,103.084,3.318,18
14,ws,healthy,5,123.934,3.318,17
14,ws,healthy,6,147.203,3.318,17
14,ws,healthy,7,167.975,3.318,16
14,ws,healthy,8,193.410,3.318,19
14,ws,healthy,9,218.836,3.318,19
14,ws,healthy,10,243.884,3.318,17
14,ws,healthy,11,268.654,3.318,19
14,ws,healthy,12,291.046,3.318,17
14,ws,healthy,13,311.445,3.318,19
14,ws,healthy,14,334.829,3.318,18
14,ws,healthy,15,360.224,3.318,20
14,ws,healthy,16,385.410,3.318,19
14,ws,healthy,17,408.841,3.318,17
14,ws,healthy,18,434.128,3.318,17
14,ws,healthy,19,455.225,3.318,18
14,ws,healthy,20,478.179,3.318,16
14,ws,healthy,21,503.471,3.318,18
14,ws,healthy,22,528.014,3.318,20
14,ws,healthy,23,553.220,3.318,19
14,ws,healthy,24,578.564,3.318,20
14,ws,healthy,25,603.757,3.318,18
14,ws,healthy,26,628.945,3.318,17
14,ws,healthy,27,650.311,3.318,19
14,ws,healthy,28,675.568,3.318,19
14,ws,healthy,29,700.855,3.318,15
14,ws,healthy,30,726.302,3.318,18
14,ws,healthy,31,751.614,3.318,19
14,ws,healthy,32,776.960,3.318,18
14,ws,healthy,33,802.358,3.318,18
14,ws,healthy,34,823.301,3.318,20
14,ws,healthy,35,847.516,3.318,19
14,ws,healthy,36,872.787,3.318,18
14,ws,healthy,37,894.804,3.318,19
14,ws,healthy,38,916.080,3.318,16
14,ws,healthy,39,939.596,3.318,20
14,ws,healthy,40,965.050,3.318,20
14,ws,healthy,41,990.375,3.318,19
14,ws,healthy,42,1014.685,3.318,20
14,ws,healthy,43,1040.022,3.318,17
14,ws,healthy,44,1061.443,3.318,17
14,ws,healthy,45,1086.905,3.318,15
14,ws,healthy,46,1112.212,3.318,18
14,ws,healthy,47,1137.648,3.318,19
14,ws,healthy,48,1162.987,3.318,20
14,ws,healthy,49,1186.101,3.318,19
14,ws,healthy,50,1208.362,3.318,19
14,ws,healthy,51,1233.692,3.318,19
14,ws,healthy,52,1259.119,3.318,18
14,ws,healthy,53,1284.495,3.318,17
14,ws,healthy,54,1309.854,3.318,17
14,ws,healthy,55,1333.098,3.318,19
14,ws,healthy,56,1355.730,3.318,18
14,ws,healthy,57,1378.032,3.318,18
14,ws,healthy,58,1400.815,3.318,18
14,ws,healthy,59,1422.343,3.318,18
15,ws,healthy,0,4.555,3.899,17
15,ws,healthy,1,28.493,3.899,19
15,ws,healthy,2,54.144,3.899,21
15,ws,healthy,3,79.422,3.899,19
15,ws,healthy,4,104.794,3.899,18
15,ws,healthy,5,130.732,3.899,17
15,ws,healthy,6,156.172,3.899,17
15,ws,healthy,7,179.375,3.899,16
15,ws,healthy,8,204.854,3.899,19
15,ws,healthy,9,229.389,3.899,19
15,ws,healthy,10,255.108,3.899,17
15,ws,healthy,11,280.631,3.899,19
15,ws,healthy,12,304.852,3.899,17
15,ws,healthy,13,328.510,3.899,19
15,ws,healthy,14,349.202,3.899,18
15,ws,healthy,15,374.898,3.899,20
15,ws,healthy,16,400.443,3.899,19
15,ws,healthy,17,424.436,3.899,17
15,ws,healthy,18,450.228,3.899,17
15,ws,healthy,19,471.534,3.899,18
15,ws,healthy,20,497.324,3.899,16
15,ws,healthy,21,522.724,3.899,18
15,ws,healthy,22,548.325,3.899,20
15,ws,healthy,23,572.542,3.899,19
15,ws,healthy,24,598.266,3.899,20
15,ws,healthy,25,621.417,3.899,18
15,ws,healthy,26,647.224,3.899,17
15,ws,healthy,27,672.621,3.899,19
15,ws,healthy,28,695.776,3.899,19
15,ws,healthy,29,721.563,3.899,15
15,ws,healthy,30,747.050,3.899,18
15,ws,healthy,31,772.423,3.899,19
15,ws,healthy,32,794.206,3.899,18
15,ws,healthy,33,819.695,3.899,18
15,ws,healthy,34,845.025,3.899,20
15,ws,healthy,35,870.606,3.899,19
15,ws,healthy,36,895.952,3.899,18
15,ws,healthy,37,917.488,3.899,19
15,ws,healthy,38,942.850,3.899,16
15,ws,healthy,39,965.238,3.899,20
15,ws,healthy,40,989.002,3.899,20
15,ws,healthy,41,1014.381,3.899,19
15,ws,healthy,42,1038.983,3.899,20
15,ws,healthy,43,1064.354,3.899,17
15,ws,healthy,44,1088.341,3.899,17
15,ws,healthy,45,1113.687,3.899,15
15,ws,healthy,46,1139.133,3.899,18
15,ws,healthy,47,1164.622,3.899,19
15,ws,healthy,48,1190.291,3.899,20
15,ws,healthy,49,1216.049,3.899,19
15,ws,healthy,50,1241.379,3.899,19
15,ws,healthy,51,1266.660,3.899,19
15,ws,healthy,52,1287.828,3.899,18
15,ws,healthy,53,1313.246,3.899,17
15,ws,healthy,54,1338.059,3.899,17
15,ws,healthy,55,1363.434,3.899,19
15,ws,healthy,56,1388.831,3.899,18
15,ws,healthy,57,1414.267,3.899,18
15,ws,healthy,58,1438.369,3.899,18
15,ws,healthy,59,1463.787,3.899,18
16,ws,healthy,0,4.014,3.379,17
16,ws,healthy,1,29.518,3.379,19
16,ws,healthy,2,54.874,3.379,21
16,ws,healthy,3,80.244,3.379,19
16,ws,healthy,4,105.880,3.379,18
16,ws,healthy,5,129.729,3.379,17
16,ws,healthy,6,155.088,3.379,17
16,ws,healthy,7,180.450,3.379,16
16,ws,healthy,8,205.738,3.379,19
16,ws,healthy,9,231.037,3.379,19
16,ws,healthy,10,254.649,3.379,17
16,ws,healthy,11,280.013,3.379,19
16,ws,healthy,12,302.756,3.379,17
16,ws,healthy,13,324.996,3.379,19
16,ws,healthy,14,350.800,3.379,18
16,ws,healthy,15,371.408,3.379,20
16,ws,healthy,16,396.709,3.379,19
16,ws,healthy,17,422.098,3.379,17
16,ws,healthy,18,444.309,3.379,17
16,ws,healthy,19,469.982,3.379,18
16,ws,healthy,20,495.299,3.379,16
16,ws,healthy,21,520.752,3.379,18
16,ws,healthy,22,541.371,3.379,20
16,ws,healthy,23,566.827,3.379,19
16,ws,healthy,24,592.227,3.379,20
16,ws,healthy,25,617.606,3.379,18
16,ws,healthy,26,639.100,3.379,17
16,ws,healthy,27,664.542,3.379,19
16,ws,healthy,28,689.898,3.379,19
16,ws,healthy,29,715.493,3.379,15
16,ws,healthy,30,737.918,3.379,18
16,ws,healthy,31,761.588,3.379,19
16,ws,healthy,32,782.341,3.379,18
16,ws,healthy,33,805.948,3.379,18
16,ws,healthy,34,830.079,3.379,20
16,ws,healthy,35,855.386,3.379,19
16,ws,healthy,36,880.743,3.379,18
16,ws,healthy,37,905.533,3.379,19
16,ws,healthy,38,927.134,3.379,16
16,ws,healthy,39,952.757,3.379,20
16,ws,healthy,40,975.508,3.379,20
16,ws,healthy,41,1000.926,3.379,19
16,ws,healthy,42,1026.321,3.379,20
16,ws,healthy,43,1050.973,3.379,17
16,ws,healthy,44,1073.548,3.379,17
16,ws,healthy,45,1099.000,3.379,15
16,ws,healthy,46,1124.264,3.379,18
16,ws,healthy,47,1149.601,3.379,19
16,ws,healthy,48,1175.216,3.379,20
16,ws,healthy,49,1200.806,3.379,19
16,ws,healthy,50,1222.497,3.379,19
16,ws,healthy,51,1247.760,3.379,19
16,ws,healthy,52,1273.090,3.379,18
16,ws,healthy,53,1296.857,3.379,17
16,ws,healthy,54,1322.204,3.379,17
16,ws,healthy,55,1347.451,3.379,19
16,ws,healthy,56,1372.898,3.379,18
16,ws,healthy,57,1396.438,3.379,18
16,ws,healthy,58,1422.099,3.379,18
16,ws,healthy,59,1444.070,3.379,18
17,ws,healthy,0,4.091,3.485,17
17,ws,healthy,1,29.520,3.485,19
17,ws,healthy,2,54.832,3.485,21
17,ws,healthy,3,76.935,3.485,19
17,ws,healthy,4,102.462,3.485,18
17,ws,healthy,5,125.800,3.485,17
17,ws,healthy,6,149.044,3.485,17
17,ws,healthy,7,174.328,3.485,16
17,ws,healthy,8,199.670,3.485,19
17,ws,healthy,9,225.493,3.485,19
17,ws,healthy,10,248.732,3.485,17
17,ws,healthy,11,274.040,3.485,19
17,ws,healthy,12,299.374,3.485,17
17,ws,healthy,13,323.415,3.485,19
17,ws,healthy,14,348.679,3.485,18
17,ws,healthy,15,373.999,3.485,20
17,ws,healthy,16,399.269,3.485,19
17,ws,healthy,17,424.696,3.485,17
17,ws,healthy,18,450.270,3.485,17
17,ws,healthy,19,475.918,3.485,18
17,ws,healthy,20,501.309,3.485,16
17,ws,healthy,21,526.721,3.485,18
17,ws,healthy,22,550.817,3.485,20
17,ws,healthy,23,576.165,3.485,19
17,ws,healthy,24,596.957,3.485,20
17,ws,healthy,25,621.307,3.485,18
17,ws,healthy,26,643.541,3.485,17
17,ws,healthy,27,666.579,3.485,19
17,ws,healthy,28,692.286,3.485,19
17,ws,healthy,29,717.638,3.485,15
17,ws,healthy,30,743.029,3.485,18
17,ws,healthy,31,768.523,3.485,19
17,ws,healthy,32,793.684,3.485,18
17,ws,healthy,33,819.401,3.485,18
17,ws,healthy,34,843.680,3.485,20
17,ws,healthy,35,868.229,3.485,19
17,ws,healthy,36,893.573,3.485,18
17,ws,healthy,37,918.090,3.485,19
17,ws,healthy,38,943.640,3.485,16
17,ws,healthy,39,968.180,3.485,20
17,ws,healthy,40,993.497,3.485,20
17,ws,healthy,41,1018.179,3.485,19
17,ws,healthy,42,1043.582,3.485,20
17,ws,healthy,43,1069.139,3.485,17
17,ws,healthy,44,1094.416,3.485,17
17,ws,healthy,45,1119.286,3.485,15
17,ws,healthy,46,1143.560,3.485,18
17,ws,healthy,47,1169.076,3.485,19
17,ws,healthy,48,1191.556,3.485,20
17,ws,healthy,49,1216.796,3.485,19
17,ws,healthy,50,1241.055,3.485,19
17,ws,healthy,51,1266.246,3.485,19
17,ws,healthy,52,1291.457,3.485,18
17,ws,healthy,53,1316.652,3.485,17
17,ws,healthy,54,1341.900,3.485,17
17,ws,healthy,55,1367.136,3.485,19
17,ws,healthy,56,1392.621,3.485,18
17,ws,healthy,57,1416.548,3.485,18
17,ws,healthy,58,1442.047,3.485,18
17,ws,healthy,59,1467.420,3.485,18
18,ws,healthy,0,4.876,4.165,17
18,ws,healthy,1,30.256,4.165,19
18,ws,healthy,2,52.767,4.165,21
18,ws,healthy,3,74.309,4.165,19
18,ws,healthy,4,98.355,4.165,18
18,ws,healthy,5,123.671,4.165,17
18,ws,healthy,6,149.097,4.165,17
18,ws,healthy,7,174.245,4.165,16
18,ws,healthy,8,199.689,4.165,19
18,ws,healthy,9,224.296,4.165,19
18,ws,healthy,10,249.573,4.165,17
18,ws,healthy,11,274.228,4.165,19
18,ws,healthy,12,298.723,4.165,17
18,ws,healthy,13,322.334,4.165,19
18,ws,healthy,14,347.778,4.165,18
18,ws,healthy,15,373.098,4.165,20
18,ws,healthy,16,398.538,4.165,19
18,ws,healthy,17,423.816,4.165,17
18,ws,healthy,18,449.172,4.165,17
18,ws,healthy,19,474.275,4.165,18
18,ws,healthy,20,499.664,4.165,16
18,ws,healthy,21,524.972,4.165,18
18,ws,healthy,22,550.331,4.165,20
18,ws,healthy,23,574.374,4.165,19
18,ws,healthy,24,597.208,4.165,20
18,ws,healthy,25,622.884,4.165,18
18,ws,healthy,26,646.135,4.165,17
18,ws,healthy,27,671.858,4.165,19
18,ws,healthy,28,696.061,4.165,19
18,ws,healthy,29,721.840,4.165,15
18,ws,healthy,30,745.969,4.165,18
18,ws,healthy,31,767.444,4.165,19
18,ws,healthy,32,793.234,4.165,18
18,ws,healthy,33,817.403,4.165,18
18,ws,healthy,34,840.211,4.165,20
18,ws,healthy,35,865.966,4.165,19
18,ws,healthy,36,888.469,4.165,18
18,ws,healthy,37,914.138,4.165,19
18,ws,healthy,38,939.696,4.165,16
18,ws,healthy,39,965.569,4.165,20
18,ws,healthy,40,990.949,4.165,20
18,ws,healthy,41,1016.537,4.165,19
18,ws,healthy,42,1040.962,4.165,20
18,ws,healthy,43,1066.591,4.165,17
18,ws,healthy,44,1091.252,4.165,17
18,ws,healthy,45,1117.032,4.165,15
18,ws,healthy,46,1140.329,4.165,18
18,ws,healthy,47,1165.975,4.165,19
18,ws,healthy,48,1191.125,4.165,20
18,ws,healthy,49,1214.593,4.165,19
18,ws,healthy,50,1238.804,4.165,19
18,ws,healthy,51,1264.720,4.165,19
18,ws,healthy,52,1290.117,4.165,18
18,ws,healthy,53,1315.555,4.165,17
18,ws,healthy,54,1341.202,4.165,17
18,ws,healthy,55,1366.807,4.165,19
18,ws,healthy,56,1390.470,4.165,18
18,ws,healthy,57,1415.964,4.165,18
18,ws,healthy,58,1441.277,4.165,18
18,ws,healthy,59,1463.710,4.165,18
19,ws,healthy,0,4.473,3.810,17
19,ws,healthy,1,29.995,3.810,19
19,ws,healthy,2,55.629,3.810,21
19,ws,healthy,3,76.531,3.810,19
19,ws,healthy,4,101.881,3.810,18
19,ws,healthy,5,125.629,3.810,17
19,ws,healthy,6,146.949,3.810,17
19,ws,healthy,7,172.472,3.810,16
19,ws,healthy,8,195.411,3.810,19
19,ws,healthy,9,220.792,3.810,19
19,ws,healthy,10,243.084,3.810,17
19,ws,healthy,11,264.217,3.810,19
19,ws,healthy,12,289.905,3.810,17
19,ws,healthy,13,312.022,3.810,19
19,ws,healthy,14,337.443,3.810,18
19,ws,healthy,15,357.781,3.810,20
19,ws,healthy,16,379.226,3.810,19
19,ws,healthy,17,404.934,3.810,17
19,ws,healthy,18,430.319,3.810,17
19,ws,healthy,19,455.769,3.810,18
19,ws,healthy,20,481.101,3.810,16
19,ws,healthy,21,506.547,3.810,18
19,ws,healthy,22,530.721,3.810,20
19,ws,healthy,23,556.115,3.810,19
19,ws,healthy,24,581.481,3.810,20
19,ws,healthy,25,606.870,3.810,18
19,ws,healthy,26,629.590,3.810,17
19,ws,healthy,27,652.519,3.810,19
19,ws,healthy,28,675.454,3.810,19
19,ws,healthy,29,700.816,3.810,15
19,ws,healthy,30,725.471,3.810,18
19,ws,healthy,31,751.153,3.810,19
19,ws,healthy,32,776.587,3.810,18
19,ws,healthy,33,799.537,3.810,18
19,ws,healthy,34,824.086,3.810,20
19,ws,healthy,35,849.413,3.810,19
19,ws,healthy,36,874.932,3.810,18
19,ws,healthy,37,900.267,3.810,19
19,ws,healthy,38,925.533,3.810,16
19,ws,healthy,39,950.934,3.810,20
19,ws,healthy,40,976.383,3.810,20
19,ws,healthy,41,1002.266,3.810,19
19,ws,healthy,42,1027.591,3.810,20
19,ws,healthy,43,1052.908,3.810,17
19,ws,healthy,44,1076.556,3.810,17
19,ws,healthy,45,1101.994,3.810,15
19,ws,healthy,46,1127.549,3.810,18
19,ws,healthy,47,1152.897,3.810,19
19,ws,healthy,48,1175.550,3.810,20
19,ws,healthy,49,1201.325,3.810,19
19,ws,healthy,50,1226.530,3.810,19
19,ws,healthy,51,1251.876,3.810,19
19,ws,healthy,52,1274.458,3.810,18
19,ws,healthy,53,1299.895,3.810,17
19,ws,healthy,54,1324.443,3.810,17
19,ws,healthy,55,1346.748,3.810,19
19,ws,healthy,56,1372.388,3.810,18
19,ws,healthy,57,1397.674,3.810,18
19,ws,healthy,58,1421.928,3.810,18
19,ws,healthy,59,1446.203,3.810,18
20,ws,healthy,0,3.553,2.919,17
20,ws,healthy,1,27.954,2.919,19
20,ws,healthy,2,53.423,2.919,21
20,ws,healthy,3,78.050,2.919,19
20,ws,healthy,4,101.492,2.919,18
20,ws,healthy,5,127.033,2.919,17
20,ws,healthy,6,152.659,2.919,17
20,ws,healthy,7,177.194,2.919,16
20,ws,healthy,8,202.554,2.919,19
20,ws,healthy,9,227.882,2.919,19
20,ws,healthy,10,253.236,2.919,17
20,ws,healthy,11,278.790,2.919,19
20,ws,healthy,12,301.628,2.919,17
20,ws,healthy,13,327.023,2.919,19
20,ws,healthy,14,351.837,2.919,18
20,ws,healthy,15,374.684,2.919,20
20,ws,healthy,16,400.359,2.919,19
20,ws,healthy,17,425.653,2.919,17
20,ws,healthy,18,448.374,2.919,17
20,ws,healthy,19,473.777,2.919,18
20,ws,healthy,20,499.096,2.919,16
20,ws,healthy,21,521.513,2.919,18
20,ws,healthy,22,544.807,2.919,20
20,ws,healthy,23,570.149,2.919,19
20,ws,healthy,24,595.463,2.919,20
20,ws,healthy,25,619.635,2.919,18
20,ws,healthy,26,644.065,2.919,17
20,ws,healthy,27,669.407,2.919,19
20,ws,healthy,28,693.768,2.919,19
20,ws,healthy,29,719.095,2.919,15
20,ws,healthy,30,744.028,2.919,18
20,ws,healthy,31,768.692,2.919,19
20,ws,healthy,32,794.072,2.919,18
20,ws,healthy,33,819.606,2.919,18
20,ws,healthy,34,844.938,2.919,20
20,ws,healthy,35,868.563,2.919,19
20,ws,healthy,36,894.136,2.919,18
20,ws,healthy,37,919.439,2.919,19
20,ws,healthy,38,944.745,2.919,16
20,ws,healthy,39,965.734,2.919,20
20,ws,healthy,40,991.306,2.919,20
20,ws,healthy,41,1016.666,2.919,19
20,ws,healthy,42,1042.074,2.919,20
20,ws,healthy,43,1067.422,2.919,17
20,ws,healthy,44,1092.804,2.919,17
20,ws,healthy,45,1118.434,2.919,15
20,ws,healthy,46,1143.838,2.919,18
20,ws,healthy,47,1168.695,2.919,19
20,ws,healthy,48,1194.034,2.919,20
20,ws,healthy,49,1216.387,2.919,19
20,ws,healthy,50,1240.384,2.919,19
20,ws,healthy,51,1261.321,2.919,19
20,ws,healthy,52,1283.075,2.919,18
20,ws,healthy,53,1308.414,2.919,17
20,ws,healthy,54,1333.182,2.919,17
20,ws,healthy,55,1358.880,2.919,19
20,ws,healthy,56,1382.719,2.919,18
20,ws,healthy,57,1405.703,2.919,18
20,ws,healthy,58,1428.347,2.919,18
20,ws,healthy,59,1449.522,2.919,18
21,ws,healthy,0,5.309,4.510,17
21,ws,healthy,1,27.215,4.510,19
21,ws,healthy,2,52.657,4.510,21
21,ws,healthy,3,76.805,4.510,19
21,ws,healthy,4,102.171,4.510,18
21,ws,healthy,5,127.357,4.510,17
21,ws,healthy,6,152.995,4.510,17
21,ws,healthy,7,176.711,4.510,16
21,ws,healthy,8,201.159,4.510,19
21,ws,healthy,9,226.531,4.510,19
21,ws,healthy,10,252.017,4.510,17
21,ws,healthy,11,276.546,4.510,19
21,ws,healthy,12,300.884,4.510,17
21,ws,healthy,13,326.250,4.510,19
21,ws,healthy,14,351.568,4.510,18
21,ws,healthy,15,376.779,4.510,20
21,ws,healthy,16,400.426,4.510,19
21,ws,healthy,17,425.645,4.510,17
21,ws,healthy,18,450.825,4.510,17
21,ws,healthy,19,476.029,4.510,18
21,ws,healthy,20,501.298,4.510,16
21,ws,healthy,21,526.513,4.510,18
21,ws,healthy,22,551.788,4.510,20
21,ws,healthy,23,577.249,4.510,19
21,ws,healthy,24,602.746,4.510,20
21,ws,healthy,25,628.465,4.510,18
21,ws,healthy,26,653.835,4.510,17
21,ws,healthy,27,679.251,4.510,19
21,ws,healthy,28,703.982,4.510,19
21,ws,healthy,29,726.732,4.510,15
21,ws,healthy,30,752.292,4.510,18
21,ws,healthy,31,775.655,4.510,19
21,ws,healthy,32,800.633,4.510,18
21,ws,healthy,33,825.979,4.510,18
21,ws,healthy,34,847.115,4.510,20
21,ws,healthy,35,869.342,4.510,19
21,ws,healthy,36,894.841,4.510,18
21,ws,healthy,37,920.437,4.510,19
21,ws,healthy,38,943.284,4.510,16
21,ws,healthy,39,968.820,4.510,20
21,ws,healthy,40,993.669,4.510,20
21,ws,healthy,41,1018.964,4.510,19
21,ws,healthy,42,1040.383,4.510,20
21,ws,healthy,43,1064.703,4.510,17
21,ws,healthy,44,1090.043,4.510,17
21,ws,healthy,45,1115.606,4.510,15
21,ws,healthy,46,1140.908,4.510,18
21,ws,healthy,47,1166.312,4.510,19
21,ws,healthy,48,1191.641,4.510,20
21,ws,healthy,49,1217.006,4.510,19
21,ws,healthy,50,1242.484,4.510,19
21,ws,healthy,51,1267.938,4.510,19
21,ws,healthy,52,1290.472,4.510,18
21,ws,healthy,53,1315.851,4.510,17
21,ws,healthy,54,1341.564,4.510,17
21,ws,healthy,55,1366.890,4.510,19
21,ws,healthy,56,1392.643,4.510,18
21,ws,healthy,57,1418.219,4.510,18
21,ws,healthy,58,1443.748,4.510,18
21,ws,healthy,59,1469.610,4.510,18
22,ws,healthy,0,4.648,3.970,17
22,ws,healthy,1,29.669,3.970,19
22,ws,healthy,2,55.091,3.970,21
22,ws,healthy,3,80.785,3.970,19
22,ws,healthy,4,101.584,3.970,18
22,ws,healthy,5,127.319,3.970,17
22,ws,healthy,6,152.700,3.970,17
22,ws,healthy,7,178.525,3.970,16
22,ws,healthy,8,201.349,3.970,19
22,ws,healthy,9,224.151,3.970,19
22,ws,healthy,10,246.322,3.970,17
22,ws,healthy,11,271.934,3.970,19
22,ws,healthy,12,292.989,3.970,17
22,ws,healthy,13,315.177,3.970,19
22,ws,healthy,14,338.693,3.970,18
22,ws,healthy,15,360.830,3.970,20
22,ws,healthy,16,386.438,3.970,19
22,ws,healthy,17,411.341,3.970,17
22,ws,healthy,18,433.038,3.970,17
22,ws,healthy,19,457.697,3.970,18
22,ws,healthy,20,483.501,3.970,16
22,ws,healthy,21,505.345,3.970,18
22,ws,healthy,22,531.112,3.970,20
22,ws,healthy,23,555.355,3.970,19
22,ws,healthy,24,580.020,3.970,20
22,ws,healthy,25,605.732,3.970,18
22,ws,healthy,26,628.396,3.970,17
22,ws,healthy,27,653.697,3.970,19
22,ws,healthy,28,679.117,3.970,19
22,ws,healthy,29,704.801,3.970,15
22,ws,healthy,30,730.177,3.970,18
22,ws,healthy,31,755.624,3.970,19
22,ws,healthy,32,781.131,3.970,18
22,ws,healthy,33,805.178,3.970,18
22,ws,healthy,34,830.506,3.970,20
22,ws,healthy,35,855.188,3.970,19
22,ws,healthy,36,880.521,3.970,18
22,ws,healthy,37,905.190,3.970,19
22,ws,healthy,38,930.780,3.970,16
22,ws,healthy,39,956.055,3.970,20
22,ws,healthy,40,981.396,3.970,20
22,ws,healthy,41,1006.939,3.970,19
22,ws,healthy,42,1031.791,3.970,20
22,ws,healthy,43,1054.796,3.970,17
22,ws,healthy,44,1080.400,3.970,17
22,ws,healthy,45,1105.489,3.970,15
22,ws,healthy,46,1130.847,3.970,18
22,ws,healthy,47,1156.307,3.970,19
22,ws,healthy,48,1179.459,3.970,20
22,ws,healthy,49,1200.035,3.970,19
22,ws,healthy,50,1225.398,3.970,19
22,ws,healthy,51,1245.876,3.970,19
22,ws,healthy,52,1271.225,3.970,18
22,ws,healthy,53,1294.589,3.970,17
22,ws,healthy,54,1320.295,3.970,17
22,ws,healthy,55,1345.646,3.970,19
22,ws,healthy,56,1371.064,3.970,18
22,ws,healthy,57,1395.795,3.970,18
22,ws,healthy,58,1421.557,3.970,18
22,ws,healthy,59,1445.835,3.970,18
23,ws,healthy,0,4.379,3.720,17
23,ws,healthy,1,28.311,3.720,19
23,ws,healthy,2,50.356,3.720,21
23,ws,healthy,3,74.903,3.720,19
23,ws,healthy,4,100.580,3.720,18
23,ws,healthy,5,124.730,3.720,17
23,ws,healthy,6,148.549,3.720,17
23,ws,healthy,7,173.926,3.720,16
23,ws,healthy,8,199.334,3.720,19
23,ws,healthy,9,224.938,3.720,19
23,ws,healthy,10,248.967,3.720,17
23,ws,healthy,11,274.303,3.720,19
23,ws,healthy,12,299.684,3.720,17
23,ws,healthy,13,324.868,3.720,19
23,ws,healthy,14,350.374,3.720,18
23,ws,healthy,15,375.828,3.720,20
23,ws,healthy,16,399.695,3.720,19
23,ws,healthy,17,425.097,3.720,17
23,ws,healthy,18,450.541,3.720,17
23,ws,healthy,19,474.669,3.720,18
23,ws,healthy,20,500.259,3.720,16
23,ws,healthy,21,523.924,3.720,18
23,ws,healthy,22,549.175,3.720,20
23,ws,healthy,23,573.532,3.720,19
23,ws,healthy,24,599.154,3.720,20
23,ws,healthy,25,624.721,3.720,18
23,ws,healthy,26,649.088,3.720,17
23,ws,healthy,27,674.516,3.720,19
23,ws,healthy,28,699.048,3.720,19
23,ws,healthy,29,724.546,3.720,15
23,ws,healthy,30,749.820,3.720,18
23,ws,healthy,31,774.553,3.720,19
23,ws,healthy,32,799.997,3.720,18
23,ws,healthy,33,825.583,3.720,18
23,ws,healthy,34,850.889,3.720,20
23,ws,healthy,35,874.576,3.720,19
23,ws,healthy,36,897.169,3.720,18
23,ws,healthy,37,922.538,3.720,19
23,ws,healthy,38,948.118,3.720,16
23,ws,healthy,39,973.499,3.720,20
23,ws,healthy,40,998.885,3.720,20
23,ws,healthy,41,1023.002,3.720,19
23,ws,healthy,42,1048.582,3.720,20
23,ws,healthy,43,1074.445,3.720,17
23,ws,healthy,44,1099.754,3.720,17
23,ws,healthy,45,1122.502,3.720,15
23,ws,healthy,46,1147.867,3.720,18
23,ws,healthy,47,1172.565,3.720,19
23,ws,healthy,48,1197.891,3.720,20
23,ws,healthy,49,1223.262,3.720,19
23,ws,healthy,50,1248.545,3.720,19
23,ws,healthy,51,1273.881,3.720,19
23,ws,healthy,52,1298.895,3.720,18
23,ws,healthy,53,1323.692,3.720,17
23,ws,healthy,54,1348.667,3.720,17
23,ws,healthy,55,1371.266,3.720,19
23,ws,healthy,56,1396.543,3.720,18
23,ws,healthy,57,1422.214,3.720,18
23,ws,healthy,58,1447.544,3.720,18
23,ws,healthy,59,1473.229,3.720,18
24,ws,healthy,0,4.449,3.779,17
24,ws,healthy,1,28.527,3.779,19
24,ws,healthy,2,49.630,3.779,21
24,ws,healthy,3,75.154,3.779,19
24,ws,healthy,4,100.613,3.779,18
24,ws,healthy,5,125.983,3.779,17
24,ws,healthy,6,149.628,3.779,17
24,ws,healthy,7,174.921,3.779,16
24,ws,healthy,8,200.337,3.779,19
24,ws,healthy,9,223.564,3.779,19
24,ws,healthy,10,248.950,3.779,17
24,ws,healthy,11,271.174,3.779,19
24,ws,healthy,12,292.912,3.779,17
24,ws,healthy,13,316.434,3.779,19
24,ws,healthy,14,340.267,3.779,18
24,ws,healthy,15,365.643,3.779,20
24,ws,healthy,16,390.992,3.779,19
24,ws,healthy,17,416.169,3.779,17
24,ws,healthy,18,439.555,3.779,17
24,ws,healthy,19,464.909,3.779,18
24,ws,healthy,20,487.763,3.779,16
24,ws,healthy,21,513.088,3.779,18
24,ws,healthy,22,534.539,3.779,20
24,ws,healthy,23,558.706,3.779,19
24,ws,healthy,24,581.349,3.779,20
24,ws,healthy,25,604.097,3.779,18
24,ws,healthy,26,629.378,3.779,17
24,ws,healthy,27,650.124,3.779,19
24,ws,healthy,28,673.901,3.779,19
24,ws,healthy,29,698.647,3.779,15
24,ws,healthy,30,723.933,3.779,18
24,ws,healthy,31,749.412,3.779,19
24,ws,healthy,32,769.981,3.779,18
24,ws,healthy,33,795.423,3.779,18
24,ws,healthy,34,819.172,3.779,20
24,ws,healthy,35,840.626,3.779,19
24,ws,healthy,36,866.007,3.779,18
24,ws,healthy,37,890.604,3.779,19
24,ws,healthy,38,916.172,3.779,16
24,ws,healthy,39,941.471,3.779,20
24,ws,healthy,40,966.049,3.779,20
24,ws,healthy,41,991.278,3.779,19
24,ws,healthy,42,1016.175,3.779,20
24,ws,healthy,43,1041.348,3.779,17
24,ws,healthy,44,1065.989,3.779,17
24,ws,healthy,45,1091.174,3.779,15
24,ws,healthy,46,1116.388,3.779,18
24,ws,healthy,47,1141.617,3.779,19
24,ws,healthy,48,1166.061,3.779,20
24,ws,healthy,49,1191.523,3.779,19
24,ws,healthy,50,1216.875,3.779,19
24,ws,healthy,51,1241.432,3.779,19
24,ws,healthy,52,1266.664,3.779,18
24,ws,healthy,53,1292.035,3.779,17
24,ws,healthy,54,1315.165,3.779,17
24,ws,healthy,55,1335.966,3.779,19
24,ws,healthy,56,1361.295,3.779,18
24,ws,healthy,57,1382.409,3.779,18
24,ws,healthy,58,1403.306,3.779,18
24,ws,healthy,59,1428.661,3.779,18
25,ws,healthy,0,4.850,4.148,17
25,ws,healthy,1,29.169,4.148,19
25,ws,healthy,2,52.404,4.148,21
25,ws,healthy,3,78.055,4.148,19
25,ws,healthy,4,102.251,4.148,18
25,ws,healthy,5,127.546,4.148,17
25,ws,healthy,6,152.464,4.148,17
25,ws,healthy,7,174.450,4.148,16
25,ws,healthy,8,199.771,4.148,19
25,ws,healthy,9,225.143,4.148,19
25,ws,healthy,10,250.549,4.148,17
25,ws,healthy,11,275.947,4.148,19
25,ws,healthy,12,299.780,4.148,17
25,ws,healthy,13,325.347,4.148,19
25,ws,healthy,14,350.658,4.148,18
25,ws,healthy,15,376.045,4.148,20
25,ws,healthy,16,398.739,4.148,19
25,ws,healthy,17,423.261,4.148,17
25,ws,healthy,18,448.710,4.148,17
25,ws,healthy,19,473.977,4.148,18
25,ws,healthy,20,499.647,4.148,16
25,ws,healthy,21,525.257,4.148,18
25,ws,healthy,22,546.403,4.148,20
25,ws,healthy,23,572.045,4.148,19
25,ws,healthy,24,597.689,4.148,20
25,ws,healthy,25,619.389,4.148,18
25,ws,healthy,26,644.733,4.148,17
25,ws,healthy,27,669.358,4.148,19
25,ws,healthy,28,695.146,4.148,19
25,ws,healthy,29,720.428,4.148,15
25,ws,healthy,30,745.959,4.148,18
25,ws,healthy,31,769.359,4.148,19
25,ws,healthy,32,794.764,4.148,18
25,ws,healthy,33,820.406,4.148,18
25,ws,healthy,34,844.895,4.148,20
25,ws,healthy,35,869.350,4.148,19
25,ws,healthy,36,891.513,4.148,18
25,ws,healthy,37,917.211,4.148,19
25,ws,healthy,38,942.484,4.148,16
25,ws,healthy,39,966.083,4.148,20
25,ws,healthy,40,991.500,4.148,20
25,ws,healthy,41,1017.227,4.148,19
25,ws,healthy,42,1042.962,4.148,20
25,ws,healthy,43,1068.375,4.148,17
25,ws,healthy,44,1093.765,4.148,17
25,ws,healthy,45,1119.506,4.148,15
25,ws,healthy,46,1144.932,4.148,18
25,ws,healthy,47,1169.516,4.148,19
25,ws,healthy,48,1194.930,4.148,20
25,ws,healthy,49,1215.868,4.148,19
25,ws,healthy,50,1241.280,4.148,19
25,ws,healthy,51,1266.698,4.148,19
25,ws,healthy,52,1288.222,4.148,18
25,ws,healthy,53,1309.771,4.148,17
25,ws,healthy,54,1335.150,4.148,17
25,ws,healthy,55,1360.528,4.148,19
25,ws,healthy,56,1381.401,4.148,18
25,ws,healthy,57,1407.158,4.148,18
25,ws,healthy,58,1432.619,4.148,18
25,ws,healthy,59,1453.371,4.148,18
26,ws,healthy,0,4.469,3.841,17
26,ws,healthy,1,29.936,3.841,19
26,ws,healthy,2,52.571,3.841,21
26,ws,healthy,3,73.105,3.841,19
26,ws,healthy,4,98.426,3.841,18
26,ws,healthy,5,121.063,3.841,17
26,ws,healthy,6,146.507,3.841,17
26,ws,healthy,7,171.675,3.841,16
26,ws,healthy,8,197.158,3.841,19
26,ws,healthy,9,222.831,3.841,19
26,ws,healthy,10,247.251,3.841,17
26,ws,healthy,11,268.089,3.841,19
26,ws,healthy,12,293.421,3.841,17
26,ws,healthy,13,314.764,3.841,19
26,ws,healthy,14,340.156,3.841,18
26,ws,healthy,15,363.806,3.841,20
26,ws,healthy,16,389.324,3.841,19
26,ws,healthy,17,414.698,3.841,17
26,ws,healthy,18,436.982,3.841,17
26,ws,healthy,19,462.366,3.841,18
26,ws,healthy,20,487.691,3.841,16
26,ws,healthy,21,511.653,3.841,18
26,ws,healthy,22,537.143,3.841,20
26,ws,healthy,23,562.706,3.841,19
26,ws,healthy,24,587.827,3.841,20
26,ws,healthy,25,612.742,3.841,18
26,ws,healthy,26,637.229,3.841,17
26,ws,healthy,27,661.886,3.841,19
26,ws,healthy,28,687.129,3.841,19
26,ws,healthy,29,712.490,3.841,15
26,ws,healthy,30,737.928,3.841,18
26,ws,healthy,31,763.261,3.841,19
26,ws,healthy,32,788.983,3.841,18
26,ws,healthy,33,813.920,3.841,18
26,ws,healthy,34,835.568,3.841,20
26,ws,healthy,35,858.915,3.841,19
26,ws,healthy,36,883.983,3.841,18
26,ws,healthy,37,909.537,3.841,19
26,ws,healthy,38,934.058,3.841,16
26,ws,healthy,39,959.435,3.841,20
26,ws,healthy,40,984.901,3.841,20
26,ws,healthy,41,1010.234,3.841,19
26,ws,healthy,42,1035.782,3.841,20
26,ws,healthy,43,1061.077,3.841,17
26,ws,healthy,44,1086.445,3.841,17
26,ws,healthy,45,1112.006,3.841,15
26,ws,healthy,46,1137.610,3.841,18
26,ws,healthy,47,1163.068,3.841,19
26,ws,healthy,48,1188.423,3.841,20
26,ws,healthy,49,1212.777,3.841,19
26,ws,healthy,50,1238.242,3.841,19
26,ws,healthy,51,1263.571,3.841,19
26,ws,healthy,52,1287.803,3.841,18
26,ws,healthy,53,1313.403,3.841,17
26,ws,healthy,54,1338.732,3.841,17
26,ws,healthy,55,1361.522,3.841,19
26,ws,healthy,56,1386.066,3.841,18
26,ws,healthy,57,1411.404,3.841,18
26,ws,healthy,58,1435.718,3.841,18
26,ws,healthy,59,1461.155,3.841,18
27,ws,healthy,0,5.102,4.454,17
27,ws,healthy,1,30.737,4.454,19
27,ws,healthy,2,56.095,4.454,21
27,ws,healthy,3,81.719,4.454,19
27,ws,healthy,4,106.043,4.454,18
27,ws,healthy,5,130.398,4.454,17
27,ws,healthy,6,156.324,4.454,17
27,ws,healthy,7,181.152,4.454,16
27,ws,healthy,8,202.003,4.454,19
27,ws,healthy,9,226.132,4.454,19
27,ws,healthy,10,250.915,4.454,17
27,ws,healthy,11,275.471,4.454,19
27,ws,healthy,12,299.360,4.454,17
27,ws,healthy,13,324.691,4.454,19
27,ws,healthy,14,349.847,4.454,18
27,ws,healthy,15,374.850,4.454,20
27,ws,healthy,16,400.232,4.454,19
27,ws,healthy,17,425.560,4.454,17
27,ws,healthy,18,450.318,4.454,17
27,ws,healthy,19,475.721,4.454,18
27,ws,healthy,20,499.972,4.454,16
27,ws,healthy,21,525.244,4.454,18
27,ws,healthy,22,550.602,4.454,20
27,ws,healthy,23,575.968,4.454,19
27,ws,healthy,24,600.790,4.454,20
27,ws,healthy,25,625.380,4.454,18
27,ws,healthy,26,651.136,4.454,17
27,ws,healthy,27,672.708,4.454,19
27,ws,healthy,28,698.175,4.454,19
27,ws,healthy,29,720.575,4.454,15
27,ws,healthy,30,741.466,4.454,18
27,ws,healthy,31,767.044,4.454,19
27,ws,healthy,32,792.459,4.454,18
27,ws,healthy,33,817.760,4.454,18
27,ws,healthy,34,843.134,4.454,20
27,ws,healthy,35,868.509,4.454,19
27,ws,healthy,36,893.914,4.454,18
27,ws,healthy,37,919.332,4.454,19
27,ws,healthy,38,944.661,4.454,16
27,ws,healthy,39,970.108,4.454,20
27,ws,healthy,40,990.826,4.454,20
27,ws,healthy,41,1016.391,4.454,19
27,ws,healthy,42,1039.150,4.454,20
27,ws,healthy,43,1064.528,4.454,17
27,ws,healthy,44,1089.941,4.454,17
27,ws,healthy,45,1115.276,4.454,15
27,ws,healthy,46,1138.536,4.454,18
27,ws,healthy,47,1163.930,4.454,19
27,ws,healthy,48,1189.259,4.454,20
27,ws,healthy,49,1212.515,4.454,19
27,ws,healthy,50,1233.790,4.454,19
27,ws,healthy,51,1259.592,4.454,19
27,ws,healthy,52,1284.354,4.454,18
27,ws,healthy,53,1308.684,4.454,17
27,ws,healthy,54,1334.150,4.454,17
27,ws,healthy,55,1358.594,4.454,19
27,ws,healthy,56,1381.173,4.454,18
27,ws,healthy,57,1406.337,4.454,18
27,ws,healthy,58,1427.432,4.454,18
27,ws,healthy,59,1452.803,4.454,18
28,ws,healthy,0,5.352,4.385,17
28,ws,healthy,1,26.964,4.385,19
28,ws,healthy,2,50.339,4.385,21
28,ws,healthy,3,75.685,4.385,19
28,ws,healthy,4,101.024,4.385,18
28,ws,healthy,5,126.483,4.385,17
28,ws,healthy,6,152.176,4.385,17
28,ws,healthy,7,177.363,4.385,16
28,ws,healthy,8,202.603,4.385,19
28,ws,healthy,9,227.787,4.385,19
28,ws,healthy,10,249.250,4.385,17
28,ws,healthy,11,270.304,4.385,19
28,ws,healthy,12,295.285,4.385,17
28,ws,healthy,13,320.489,4.385,19
28,ws,healthy,14,346.056,4.385,18
28,ws,healthy,15,369.298,4.385,20
28,ws,healthy,16,394.802,4.385,19
28,ws,healthy,17,420.101,4.385,17
28,ws,healthy,18,445.335,4.385,17
28,ws,healthy,19,470.698,4.385,18
28,ws,healthy,20,495.833,4.385,16
28,ws,healthy,21,521.104,4.385,18
28,ws,healthy,22,546.538,4.385,20
28,ws,healthy,23,571.792,4.385,19
28,ws,healthy,24,595.357,4.385,20
28,ws,healthy,25,620.081,4.385,18
28,ws,healthy,26,645.595,4.385,17
28,ws,healthy,27,668.536,4.385,19
28,ws,healthy,28,693.924,4.385,19
28,ws,healthy,29,719.337,4.385,15
28,ws,healthy,30,745.052,4.385,18
28,ws,healthy,31,769.494,4.385,19
28,ws,healthy,32,794.405,4.385,18
28,ws,healthy,33,819.771,4.385,18
28,ws,healthy,34,845.121,4.385,20
28,ws,healthy,35,865.872,4.385,19
28,ws,healthy,36,891.340,4.385,18
28,ws,healthy,37,916.688,4.385,19
28,ws,healthy,38,942.037,4.385,16
28,ws,healthy,39,964.802,4.385,20
28,ws,healthy,40,990.453,4.385,20
28,ws,healthy,41,1015.771,4.385,19
28,ws,healthy,42,1041.515,4.385,20
28,ws,healthy,43,1062.253,4.385,17
28,ws,healthy,44,1087.665,4.385,17
28,ws,healthy,45,1113.175,4.385,15
28,ws,healthy,46,1134.911,4.385,18
28,ws,healthy,47,1160.467,4.385,19
28,ws,healthy,48,1185.952,4.385,20
28,ws,healthy,49,1211.763,4.385,19
28,ws,healthy,50,1237.369,4.385,19
28,ws,healthy,51,1262.821,4.385,19
28,ws,healthy,52,1284.778,4.385,18
28,ws,healthy,53,1308.346,4.385,17
28,ws,healthy,54,1332.071,4.385,17
28,ws,healthy,55,1357.482,4.385,19
28,ws,healthy,56,1382.725,4.385,18
28,ws,healthy,57,1408.328,4.385,18
28,ws,healthy,58,1433.735,4.385,18
28,ws,healthy,59,1459.458,4.385,18
29,ws,healthy,0,4.641,3.908,17
29,ws,healthy,1,30.317,3.908,19
29,ws,healthy,2,52.653,3.908,21
29,ws,healthy,3,76.190,3.908,19
29,ws,healthy,4,99.965,3.908,18
29,ws,healthy,5,125.630,3.908,17
29,ws,healthy,6,151.259,3.908,17
29,ws,healthy,7,176.000,3.908,16
29,ws,healthy,8,201.553,3.908,19
29,ws,healthy,9,226.000,3.908,19
29,ws,healthy,10,251.812,3.908,17
29,ws,healthy,11,276.052,3.908,19
29,ws,healthy,12,300.773,3.908,17
29,ws,healthy,13,326.214,3.908,19
29,ws,healthy,14,351.989,3.908,18
29,ws,healthy,15,377.507,3.908,20
29,ws,healthy,16,401.484,3.908,19
29,ws,healthy,17,426.968,3.908,17
29,ws,healthy,18,450.193,3.908,17
29,ws,healthy,19,475.530,3.908,18
29,ws,healthy,20,499.211,3.908,16
29,ws,healthy,21,524.537,3.908,18
29,ws,healthy,22,549.877,3.908,20
29,ws,healthy,23,574.061,3.908,19
29,ws,healthy,24,599.819,3.908,20
29,ws,healthy,25,625.225,3.908,18
29,ws,healthy,26,650.598,3.908,17
29,ws,healthy,27,674.085,3.908,19
29,ws,healthy,28,699.421,3.908,19
29,ws,healthy,29,722.532,3.908,15
29,ws,healthy,30,747.964,3.908,18
29,ws,healthy,31,773.374,3.908,19
29,ws,healthy,32,798.736,3.908,18
29,ws,healthy,33,824.151,3.908,18
29,ws,healthy,34,849.814,3.908,20
29,ws,healthy,35,875.178,3.908,19
29,ws,healthy,36,900.499,3.908,18
29,ws,healthy,37,926.096,3.908,19
29,ws,healthy,38,951.461,3.908,16
29,ws,healthy,39,977.089,3.908,20
29,ws,healthy,40,1001.068,3.908,20
29,ws,healthy,41,1026.455,3.908,19
29,ws,healthy,42,1051.378,3.908,20
29,ws,healthy,43,1076.720,3.908,17
29,ws,healthy,44,1101.984,3.908,17
29,ws,healthy,45,1127.182,3.908,15
29,ws,healthy,46,1152.518,3.908,18
29,ws,healthy,47,1176.987,3.908,19
29,ws,healthy,48,1201.785,3.908,20
29,ws,healthy,49,1227.128,3.908,19
29,ws,healthy,50,1251.407,3.908,19
29,ws,healthy,51,1276.906,3.908,19
29,ws,healthy,52,1301.931,3.908,18
29,ws,healthy,53,1327.666,3.908,17
29,ws,healthy,54,1350.507,3.908,17
29,ws,healthy,55,1375.878,3.908,19
29,ws,healthy,56,1401.399,3.908,18
29,ws,healthy,57,1423.522,3.908,18
29,ws,healthy,58,1449.164,3.908,18
29,ws,healthy,59,1473.218,3.908,18
