run_id,transport,mode,token_index,recv_ms,conn_setup_ms,bytes
0,sse,weak,0,58.331,9.799,17
0,sse,weak,1,95.696,9.799,19
0,sse,weak,2,133.733,9.799,21
0,sse,weak,3,168.851,9.799,19
0,sse,weak,4,203.207,9.799,18
0,sse,weak,5,238.890,9.799,17
0,sse,weak,6,282.505,9.799,17
0,sse,weak,7,319.151,9.799,16
0,sse,weak,8,356.277,9.799,19
0,sse,weak,9,400.087,9.799,19
0,sse,weak,10,439.827,9.799,17
0,sse,weak,11,485.979,9.799,19
0,sse,weak,12,521.833,9.799,17
0,sse,weak,13,565.757,9.799,19
0,sse,weak,14,604.915,9.799,18
0,sse,weak,15,641.582,9.799,20
0,sse,weak,16,689.693,9.799,19
0,sse,weak,17,722.980,9.799,17
0,sse,weak,18,760.658,9.799,17
0,sse,weak,19,810.396,9.799,18
0,sse,weak,20,850.147,9.799,16
0,sse,weak,21,889.823,9.799,18
0,sse,weak,22,925.768,9.799,20
0,sse,weak,23,961.859,9.799,19
0,sse,weak,24,999.138,9.799,20
0,sse,weak,25,1034.478,9.799,18
0,sse,weak,26,1073.837,9.799,17
0,sse,weak,27,1120.947,9.799,19
0,sse,weak,28,1158.263,9.799,19
0,sse,weak,29,1199.148,9.799,15
0,sse,weak,30,1233.133,9.799,18
0,sse,weak,31,1272.259,9.799,19
0,sse,weak,32,1317.451,9.799,18
0,sse,weak,33,1352.538,9.799,18
0,sse,weak,34,1397.946,9.799,20
0,sse,weak,35,1444.512,9.799,19
0,sse,weak,36,1481.403,9.799,18
0,sse,weak,37,1529.393,9.799,19
0,sse,weak,38,1573.603,9.799,16
0,sse,weak,39,1606.964,9.799,20
0,sse,weak,40,1652.626,9.799,19
0,sse,weak,41,1697.376,9.799,20
0,sse,weak,42,1745.092,9.799,17
0,sse,weak,43,1777.526,9.799,17
0,sse,weak,44,1820.238,9.799,15
0,sse,weak,45,1862.675,9.799,18
0,sse,weak,46,1904.431,9.799,19
0,sse,weak,47,1944.833,9.799,20
0,sse,weak,48,1996.211,9.799,19
0,sse,weak,49,2028.235,9.799,19
0,sse,weak,50,2068.583,9.799,19
0,sse,weak,51,2108.349,9.799,18
0,sse,weak,52,2142.370,9.799,17
0,sse,weak,53,2179.389,9.799,17
0,sse,weak,54,2224.157,9.799,19
0,sse,weak,55,2257.773,9.799,18
0,sse,weak,56,2289.291,9.799,18
0,sse,weak,57,2325.497,9.799,18
0,sse,weak,58,2363.684,9.799,18
1,sse,weak,0,53.744,12.580,17
1,sse,weak,1,96.327,12.580,19
1,sse,weak,2,147.331,12.580,21
1,sse,weak,3,186.774,12.580,19
1,sse,weak,4,219.863,12.580,18
1,sse,weak,5,264.755,12.580,17
1,sse,weak,6,310.591,12.580,17
1,sse,weak,7,343.676,12.580,16
1,sse,weak,8,382.978,12.580,19
1,sse,weak,9,424.478,12.580,19
1,sse,weak,10,462.780,12.580,17
1,sse,weak,11,502.982,12.580,19
1,sse,weak,12,552.692,12.580,17
1,sse,weak,13,585.771,12.580,19
1,sse,weak,14,634.539,12.580,18
1,sse,weak,15,666.094,12.580,20
1,sse,weak,16,711.564,12.580,19
1,sse,weak,17,757.091,12.580,17
1,sse,weak,18,788.744,12.580,17
1,sse,weak,19,837.098,12.580,18
1,sse,weak,20,873.721,12.580,16
1,sse,weak,21,905.989,12.580,18
1,sse,weak,22,943.903,12.580,20
1,sse,weak,23,988.078,12.580,19
1,sse,weak,24,1033.402,12.580,20
1,sse,weak,25,1068.679,12.580,18
1,sse,weak,26,1113.243,12.580,17
1,sse,weak,27,1158.165,12.580,19
1,sse,weak,28,1197.734,12.580,19
1,sse,weak,29,1241.347,12.580,15
1,sse,weak,30,1285.667,12.580,18
1,sse,weak,31,1335.685,12.580,19
1,sse,weak,32,1371.752,12.580,18
1,sse,weak,33,1413.245,12.580,18
1,sse,weak,34,1454.816,12.580,20
1,sse,weak,35,1491.042,12.580,19
1,sse,weak,36,1538.325,12.580,18
1,sse,weak,37,1578.276,12.580,19
1,sse,weak,38,1617.892,12.580,16
1,sse,weak,39,1663.873,12.580,20
1,sse,weak,40,1706.244,12.580,20
1,sse,weak,41,1754.109,12.580,19
1,sse,weak,42,1788.844,12.580,20
1,sse,weak,43,1826.800,12.580,17
1,sse,weak,44,1864.749,12.580,17
1,sse,weak,45,1899.562,12.580,15
1,sse,weak,46,1950.706,12.580,18
1,sse,weak,47,1999.065,12.580,19
1,sse,weak,48,2035.866,12.580,20
1,sse,weak,49,2069.607,12.580,19
1,sse,weak,50,2114.895,12.580,19
1,sse,weak,51,2153.693,12.580,19
1,sse,weak,52,2198.572,12.580,18
1,sse,weak,53,2230.735,12.580,17
1,sse,weak,54,2264.860,12.580,17
1,sse,weak,55,2298.868,12.580,19
1,sse,weak,56,2340.060,12.580,18
1,sse,weak,57,2374.130,12.580,18
1,sse,weak,58,2424.230,12.580,18
1,sse,weak,59,2466.094,12.580,18
2,sse,weak,0,40.562,6.718,17
2,sse,weak,1,84.082,6.718,19
2,sse,weak,2,123.723,6.718,21
2,sse,weak,3,172.275,6.718,19
2,sse,weak,4,209.158,6.718,18
2,sse,weak,5,246.902,6.718,17
2,sse,weak,6,286.512,6.718,17
2,sse,weak,7,323.436,6.718,16
2,sse,weak,8,363.516,6.718,19
2,sse,weak,9,401.318,6.718,19
2,sse,weak,10,437.552,6.718,17
2,sse,weak,11,478.301,6.718,19
2,sse,weak,12,510.388,6.718,17
2,sse,weak,13,548.591,6.718,19
2,sse,weak,14,589.648,6.718,18
2,sse,weak,15,630.922,6.718,20
2,sse,weak,16,662.922,6.718,19
2,sse,weak,17,703.681,6.718,17
2,sse,weak,18,749.120,6.718,17
2,sse,weak,19,798.461,6.718,18
2,sse,weak,20,835.520,6.718,16
2,sse,weak,21,876.528,6.718,18
2,sse,weak,22,920.718,6.718,20
2,sse,weak,23,959.556,6.718,19
2,sse,weak,24,1002.468,6.718,20
2,sse,weak,25,1043.913,6.718,18
2,sse,weak,26,1090.527,6.718,17
2,sse,weak,27,1122.831,6.718,19
2,sse,weak,28,1167.935,6.718,19
2,sse,weak,29,1201.397,6.718,15
2,sse,weak,30,1245.336,6.718,18
2,sse,weak,31,1294.387,6.718,19
2,sse,weak,32,1336.609,6.718,18
2,sse,weak,33,1370.487,6.718,18
2,sse,weak,34,1420.937,6.718,20
2,sse,weak,35,1461.856,6.718,19
2,sse,weak,36,1505.138,6.718,18
2,sse,weak,37,1551.178,6.718,19
2,sse,weak,38,1601.430,6.718,16
2,sse,weak,39,1635.724,6.718,20
2,sse,weak,40,1684.502,6.718,20
2,sse,weak,41,1723.045,6.718,19
2,sse,weak,42,1756.369,6.718,20
2,sse,weak,43,1804.337,6.718,17
2,sse,weak,44,1853.117,6.718,17
2,sse,weak,45,1887.199,6.718,15
2,sse,weak,46,1937.143,6.718,18
2,sse,weak,47,1983.002,6.718,19
2,sse,weak,48,2019.197,6.718,20
2,sse,weak,49,2066.086,6.718,19
2,sse,weak,50,2116.874,6.718,19
2,sse,weak,51,2152.424,6.718,19
2,sse,weak,52,2194.150,6.718,18
2,sse,weak,53,2233.799,6.718,17
2,sse,weak,54,2279.811,6.718,17
2,sse,weak,55,2315.716,6.718,19
2,sse,weak,56,2355.872,6.718,18
2,sse,weak,57,2389.238,6.718,18
2,sse,weak,58,2425.311,6.718,18
2,sse,weak,59,2457.968,6.718,18
3,sse,weak,0,46.340,13.759,17
3,sse,weak,1,86.384,13.759,19
3,sse,weak,2,127.022,13.759,21
3,sse,weak,3,158.718,13.759,19
3,sse,weak,4,203.487,13.759,18
3,sse,weak,5,242.010,13.759,17
3,sse,weak,6,288.286,13.759,17
3,sse,weak,7,336.839,13.759,16
3,sse,weak,8,368.601,13.759,19
3,sse,weak,9,408.033,13.759,19
3,sse,weak,10,445.339,13.759,19
3,sse,weak,11,490.354,13.759,17
3,sse,weak,12,533.514,13.759,19
3,sse,weak,13,571.040,13.759,18
3,sse,weak,14,619.949,13.759,20
3,sse,weak,15,661.830,13.759,19
3,sse,weak,16,707.974,13.759,17
3,sse,weak,17,741.821,13.759,17
3,sse,weak,18,784.848,13.759,18
3,sse,weak,19,827.091,13.759,16
3,sse,weak,20,858.072,13.759,18
3,sse,weak,21,900.392,13.759,20
3,sse,weak,22,949.187,13.759,19
3,sse,weak,23,991.729,13.759,20
3,sse,weak,24,1034.523,13.759,18
3,sse,weak,25,1082.885,13.759,17
3,sse,weak,26,1129.000,13.759,19
3,sse,weak,27,1180.109,13.759,19
3,sse,weak,28,1226.363,13.759,15
3,sse,weak,29,1271.770,13.759,18
3,sse,weak,30,1307.789,13.759,19
3,sse,weak,31,1348.541,13.759,18
3,sse,weak,32,1396.871,13.759,18
3,sse,weak,33,1432.114,13.759,20
3,sse,weak,34,1470.400,13.759,19
3,sse,weak,35,1504.995,13.759,18
3,sse,weak,36,1547.597,13.759,19
3,sse,weak,37,1579.631,13.759,16
3,sse,weak,38,1622.105,13.759,20
3,sse,weak,39,1665.245,13.759,20
3,sse,weak,40,1700.242,13.759,19
3,sse,weak,41,1736.029,13.759,20
3,sse,weak,42,1784.369,13.759,17
3,sse,weak,43,1826.151,13.759,17
3,sse,weak,44,1861.407,13.759,15
3,sse,weak,45,1903.700,13.759,18
3,sse,weak,46,1947.898,13.759,19
3,sse,weak,47,1983.835,13.759,20
3,sse,weak,48,2018.037,13.759,19
3,sse,weak,49,2049.653,13.759,19
3,sse,weak,50,2096.591,13.759,19
3,sse,weak,51,2129.959,13.759,18
3,sse,weak,52,2166.835,13.759,17
3,sse,weak,53,2208.170,13.759,17
3,sse,weak,54,2243.002,13.759,19
3,sse,weak,55,2289.383,13.759,18
3,sse,weak,56,2328.472,13.759,18
3,sse,weak,57,2376.013,13.759,18
3,sse,weak,58,2425.493,13.759,18
4,sse,weak,0,58.149,12.292,17
4,sse,weak,1,90.404,12.292,19
4,sse,weak,2,140.984,12.292,21
4,sse,weak,3,180.102,12.292,19
4,sse,weak,4,219.157,12.292,18
4,sse,weak,5,254.993,12.292,17
4,sse,weak,6,298.635,12.292,17
4,sse,weak,7,336.419,12.292,16
4,sse,weak,8,378.513,12.292,19
4,sse,weak,9,409.818,12.292,19
4,sse,weak,10,445.585,12.292,17
4,sse,weak,11,483.021,12.292,19
4,sse,weak,12,523.969,12.292,17
4,sse,weak,13,567.825,12.292,19
4,sse,weak,14,618.711,12.292,18
4,sse,weak,15,662.196,12.292,20
4,sse,weak,16,704.927,12.292,19
4,sse,weak,17,737.684,12.292,17
4,sse,weak,18,784.617,12.292,17
4,sse,weak,19,835.272,12.292,18
4,sse,weak,20,869.380,12.292,16
4,sse,weak,21,920.485,12.292,18
4,sse,weak,22,960.950,12.292,20
4,sse,weak,23,1005.601,12.292,19
4,sse,weak,24,1040.094,12.292,20
4,sse,weak,25,1077.640,12.292,18
4,sse,weak,26,1120.027,12.292,17
4,sse,weak,27,1169.313,12.292,19
4,sse,weak,28,1218.519,12.292,19
4,sse,weak,29,1266.724,12.292,15
4,sse,weak,30,1315.707,12.292,18
4,sse,weak,31,1348.532,12.292,19
4,sse,weak,32,1397.969,12.292,18
4,sse,weak,33,1434.634,12.292,20
4,sse,weak,34,1479.603,12.292,19
4,sse,weak,35,1510.881,12.292,18
4,sse,weak,36,1551.592,12.292,19
4,sse,weak,37,1585.855,12.292,16
4,sse,weak,38,1634.189,12.292,20
4,sse,weak,39,1673.506,12.292,20
4,sse,weak,40,1708.176,12.292,19
4,sse,weak,41,1750.651,12.292,20
4,sse,weak,42,1801.251,12.292,17
4,sse,weak,43,1837.368,12.292,17
4,sse,weak,44,1876.248,12.292,15
4,sse,weak,45,1925.647,12.292,18
4,sse,weak,46,1957.594,12.292,19
4,sse,weak,47,2008.590,12.292,20
4,sse,weak,48,2056.765,12.292,19
4,sse,weak,49,2104.915,12.292,19
4,sse,weak,50,2147.571,12.292,19
4,sse,weak,51,2194.152,12.292,18
4,sse,weak,52,2237.117,12.292,17
4,sse,weak,53,2281.312,12.292,17
4,sse,weak,54,2331.860,12.292,19
4,sse,weak,55,2371.671,12.292,18
4,sse,weak,56,2416.459,12.292,18
4,sse,weak,57,2459.603,12.292,18
4,sse,weak,58,2505.258,12.292,18
5,sse,weak,0,85.532,13.448,19
5,sse,weak,1,118.115,13.448,21
5,sse,weak,2,155.260,13.448,19
5,sse,weak,3,198.984,13.448,18
5,sse,weak,4,231.263,13.448,17
5,sse,weak,5,273.302,13.448,17
5,sse,weak,6,320.902,13.448,16
5,sse,weak,7,366.800,13.448,19
5,sse,weak,8,411.095,13.448,19
5,sse,weak,9,457.788,13.448,17
5,sse,weak,10,492.387,13.448,19
5,sse,weak,11,527.385,13.448,17
5,sse,weak,12,575.563,13.448,19
5,sse,weak,13,623.087,13.448,18
5,sse,weak,14,662.218,13.448,20
5,sse,weak,15,703.157,13.448,19
5,sse,weak,16,734.360,13.448,17
5,sse,weak,17,777.096,13.448,17
5,sse,weak,18,822.129,13.448,18
5,sse,weak,19,868.422,13.448,16
5,sse,weak,20,902.579,13.448,18
5,sse,weak,21,937.353,13.448,20
5,sse,weak,22,980.059,13.448,19
5,sse,weak,23,1027.067,13.448,20
5,sse,weak,24,1071.570,13.448,18
5,sse,weak,25,1112.605,13.448,17
5,sse,weak,26,1157.424,13.448,19
5,sse,weak,27,1190.806,13.448,19
5,sse,weak,28,1228.239,13.448,15
5,sse,weak,29,1274.081,13.448,18
5,sse,weak,30,1316.258,13.448,19
5,sse,weak,31,1355.160,13.448,18
5,sse,weak,32,1406.203,13.448,18
5,sse,weak,33,1442.183,13.448,20
5,sse,weak,34,1481.584,13.448,19
5,sse,weak,35,1529.077,13.448,18
5,sse,weak,36,1575.656,13.448,19
5,sse,weak,37,1606.610,13.448,16
5,sse,weak,38,1637.176,13.448,20
5,sse,weak,39,1686.061,13.448,20
5,sse,weak,40,1720.898,13.448,19
5,sse,weak,41,1768.908,13.448,20
5,sse,weak,42,1810.799,13.448,17
5,sse,weak,43,1850.176,13.448,17
5,sse,weak,44,1885.854,13.448,15
5,sse,weak,45,1923.370,13.448,18
5,sse,weak,46,1962.631,13.448,19
5,sse,weak,47,1999.331,13.448,20
5,sse,weak,48,2034.785,13.448,19
5,sse,weak,49,2082.372,13.448,19
5,sse,weak,50,2116.195,13.448,19
5,sse,weak,51,2150.889,13.448,18
5,sse,weak,52,2197.185,13.448,17
5,sse,weak,53,2239.006,13.448,17
5,sse,weak,54,2284.006,13.448,19
5,sse,weak,55,2325.500,13.448,18
5,sse,weak,56,2358.447,13.448,18
5,sse,weak,57,2408.869,13.448,18
5,sse,weak,58,2447.032,13.448,18
6,sse,weak,0,62.052,20.012,17
6,sse,weak,1,112.705,20.012,19
6,sse,weak,2,146.090,20.012,21
6,sse,weak,3,186.148,20.012,19
6,sse,weak,4,219.575,20.012,18
6,sse,weak,5,251.005,20.012,17
6,sse,weak,6,294.928,20.012,17
6,sse,weak,7,340.538,20.012,16
6,sse,weak,8,381.630,20.012,19
6,sse,weak,9,430.883,20.012,19
6,sse,weak,10,472.025,20.012,17
6,sse,weak,11,514.845,20.012,19
6,sse,weak,12,563.611,20.012,17
6,sse,weak,13,601.527,20.012,19
6,sse,weak,14,647.484,20.012,18
6,sse,weak,15,692.100,20.012,20
6,sse,weak,16,734.471,20.012,19
6,sse,weak,17,777.020,20.012,17
6,sse,weak,18,816.265,20.012,17
6,sse,weak,19,858.188,20.012,18
6,sse,weak,20,909.194,20.012,16
6,sse,weak,21,944.239,20.012,18
6,sse,weak,22,983.462,20.012,20
6,sse,weak,23,1025.947,20.012,19
6,sse,weak,24,1066.234,20.012,20
6,sse,weak,25,1105.218,20.012,18
6,sse,weak,26,1139.664,20.012,17
6,sse,weak,27,1177.576,20.012,19
6,sse,weak,28,1214.963,20.012,19
6,sse,weak,29,1249.478,20.012,15
6,sse,weak,30,1292.772,20.012,18
6,sse,weak,31,1339.962,20.012,19
6,sse,weak,32,1374.968,20.012,18
6,sse,weak,33,1410.066,20.012,18
6,sse,weak,34,1454.859,20.012,20
6,sse,weak,35,1498.604,20.012,19
6,sse,weak,36,1531.296,20.012,18
6,sse,weak,37,1569.914,20.012,19
6,sse,weak,38,1608.300,20.012,16
6,sse,weak,39,1642.298,20.012,20
6,sse,weak,40,1680.549,20.012,20
6,sse,weak,41,1730.478,20.012,19
6,sse,weak,42,1775.159,20.012,20
6,sse,weak,43,1816.344,20.012,17
6,sse,weak,44,1860.032,20.012,17
6,sse,weak,45,1899.036,20.012,15
6,sse,weak,46,1939.509,20.012,18
6,sse,weak,47,1986.931,20.012,19
6,sse,weak,48,2023.566,20.012,20
6,sse,weak,49,2057.576,20.012,19
6,sse,weak,50,2096.194,20.012,19
6,sse,weak,51,2136.679,20.012,19
6,sse,weak,52,2187.275,20.012,18
6,sse,weak,53,2229.477,20.012,17
6,sse,weak,54,2266.765,20.012,17
6,sse,weak,55,2302.481,20.012,19
6,sse,weak,56,2352.494,20.012,18
6,sse,weak,57,2394.031,20.012,18
6,sse,weak,58,2429.020,20.012,18
6,sse,weak,59,2470.466,20.012,18
7,sse,weak,0,57.274,13.691,17
7,sse,weak,1,101.946,13.691,19
7,sse,weak,2,138.084,13.691,21
7,sse,weak,3,174.824,13.691,19
7,sse,weak,4,224.313,13.691,18
7,sse,weak,5,265.941,13.691,17
7,sse,weak,6,314.014,13.691,16
7,sse,weak,7,355.682,13.691,19
7,sse,weak,8,400.302,13.691,19
7,sse,weak,9,432.745,13.691,17
7,sse,weak,10,468.795,13.691,19
7,sse,weak,11,509.524,13.691,17
7,sse,weak,12,543.160,13.691,19
7,sse,weak,13,577.640,13.691,18
7,sse,weak,14,618.549,13.691,20
7,sse,weak,15,667.717,13.691,19
7,sse,weak,16,718.468,13.691,17
7,sse,weak,17,751.774,13.691,17
7,sse,weak,18,799.841,13.691,18
7,sse,weak,19,838.544,13.691,16
7,sse,weak,20,874.499,13.691,18
7,sse,weak,21,918.550,13.691,20
7,sse,weak,22,966.983,13.691,19
7,sse,weak,23,1002.818,13.691,20
7,sse,weak,24,1035.719,13.691,18
7,sse,weak,25,1067.902,13.691,17
7,sse,weak,26,1112.800,13.691,19
7,sse,weak,27,1162.415,13.691,19
7,sse,weak,28,1202.266,13.691,15
7,sse,weak,29,1240.405,13.691,18
7,sse,weak,30,1278.360,13.691,19
7,sse,weak,31,1318.652,13.691,18
7,sse,weak,32,1350.070,13.691,18
7,sse,weak,33,1382.312,13.691,20
7,sse,weak,34,1420.845,13.691,19
7,sse,weak,35,1465.193,13.691,18
7,sse,weak,36,1498.020,13.691,19
7,sse,weak,37,1533.591,13.691,16
7,sse,weak,38,1572.701,13.691,20
7,sse,weak,39,1606.599,13.691,20
7,sse,weak,40,1657.523,13.691,19
7,sse,weak,41,1708.136,13.691,20
7,sse,weak,42,1758.397,13.691,17
7,sse,weak,43,1797.423,13.691,17
7,sse,weak,44,1830.213,13.691,15
7,sse,weak,45,1872.113,13.691,18
7,sse,weak,46,1917.683,13.691,19
7,sse,weak,47,1962.652,13.691,20
7,sse,weak,48,2004.225,13.691,19
7,sse,weak,49,2046.223,13.691,19
7,sse,weak,50,2091.485,13.691,19
7,sse,weak,51,2127.652,13.691,18
7,sse,weak,52,2178.289,13.691,17
7,sse,weak,53,2212.635,13.691,17
7,sse,weak,54,2256.302,13.691,19
7,sse,weak,55,2302.981,13.691,18
7,sse,weak,56,2336.705,13.691,18
7,sse,weak,57,2372.199,13.691,18
7,sse,weak,58,2413.062,13.691,18
8,sse,weak,0,54.524,11.684,17
8,sse,weak,1,98.652,11.684,19
8,sse,weak,2,136.229,11.684,21
8,sse,weak,3,168.915,11.684,19
8,sse,weak,4,214.902,11.684,18
8,sse,weak,5,265.014,11.684,17
8,sse,weak,6,305.275,11.684,17
8,sse,weak,7,343.500,11.684,16
8,sse,weak,8,384.792,11.684,19
8,sse,weak,9,423.937,11.684,19
8,sse,weak,10,470.111,11.684,17
8,sse,weak,11,506.379,11.684,19
8,sse,weak,12,550.094,11.684,17
8,sse,weak,13,592.117,11.684,19
8,sse,weak,14,638.319,11.684,18
8,sse,weak,15,671.000,11.684,20
8,sse,weak,16,714.563,11.684,19
8,sse,weak,17,765.233,11.684,17
8,sse,weak,18,811.288,11.684,17
8,sse,weak,19,852.214,11.684,18
8,sse,weak,20,893.635,11.684,16
8,sse,weak,21,939.966,11.684,18
8,sse,weak,22,990.074,11.684,20
8,sse,weak,23,1026.341,11.684,19
8,sse,weak,24,1058.874,11.684,20
8,sse,weak,25,1091.205,11.684,18
8,sse,weak,26,1140.161,11.684,17
8,sse,weak,27,1181.890,11.684,19
8,sse,weak,28,1222.614,11.684,19
8,sse,weak,29,1271.530,11.684,15
8,sse,weak,30,1318.480,11.684,18
8,sse,weak,31,1368.076,11.684,19
8,sse,weak,32,1404.982,11.684,18
8,sse,weak,33,1441.059,11.684,18
8,sse,weak,34,1480.519,11.684,20
8,sse,weak,35,1527.080,11.684,19
8,sse,weak,36,1562.339,11.684,18
8,sse,weak,37,1600.751,11.684,19
8,sse,weak,38,1648.692,11.684,16
8,sse,weak,39,1689.373,11.684,20
8,sse,weak,40,1739.954,11.684,20
8,sse,weak,41,1785.392,11.684,19
8,sse,weak,42,1817.782,11.684,20
8,sse,weak,43,1868.463,11.684,17
8,sse,weak,44,1912.270,11.684,17
8,sse,weak,45,1946.195,11.684,15
8,sse,weak,46,1989.328,11.684,18
8,sse,weak,47,2035.884,11.684,19
8,sse,weak,48,2075.730,11.684,20
8,sse,weak,49,2122.877,11.684,19
8,sse,weak,50,2158.767,11.684,19
8,sse,weak,51,2198.206,11.684,19
8,sse,weak,52,2247.150,11.684,18
8,sse,weak,53,2293.576,11.684,17
8,sse,weak,54,2338.802,11.684,17
8,sse,weak,55,2387.382,11.684,19
8,sse,weak,56,2437.705,11.684,18
8,sse,weak,57,2482.665,11.684,18
8,sse,weak,58,2530.640,11.684,18
8,sse,weak,59,2568.368,11.684,18
9,sse,weak,0,49.115,13.436,17
9,sse,weak,1,93.862,13.436,19
9,sse,weak,2,129.945,13.436,21
9,sse,weak,3,171.682,13.436,19
9,sse,weak,4,203.877,13.436,18
9,sse,weak,5,238.475,13.436,17
9,sse,weak,6,283.781,13.436,17
9,sse,weak,7,325.041,13.436,16
9,sse,weak,8,367.276,13.436,19
9,sse,weak,9,407.816,13.436,19
9,sse,weak,10,453.375,13.436,17
9,sse,weak,11,496.916,13.436,19
9,sse,weak,12,537.872,13.436,17
9,sse,weak,13,584.297,13.436,19
9,sse,weak,14,634.179,13.436,18
9,sse,weak,15,673.555,13.436,20
9,sse,weak,16,706.923,13.436,19
9,sse,weak,17,739.597,13.436,17
9,sse,weak,18,779.766,13.436,17
9,sse,weak,19,830.400,13.436,18
9,sse,weak,20,878.416,13.436,16
9,sse,weak,21,914.483,13.436,18
9,sse,weak,22,954.380,13.436,20
9,sse,weak,23,992.966,13.436,19
9,sse,weak,24,1031.543,13.436,20
9,sse,weak,25,1070.946,13.436,18
9,sse,weak,26,1109.542,13.436,17
9,sse,weak,27,1160.113,13.436,19
9,sse,weak,28,1198.073,13.436,19
9,sse,weak,29,1240.350,13.436,15
9,sse,weak,30,1279.340,13.436,18
9,sse,weak,31,1317.900,13.436,19
9,sse,weak,32,1358.159,13.436,18
9,sse,weak,33,1392.559,13.436,18
9,sse,weak,34,1433.242,13.436,20
9,sse,weak,35,1474.329,13.436,19
9,sse,weak,36,1521.081,13.436,18
9,sse,weak,37,1553.178,13.436,19
9,sse,weak,38,1588.766,13.436,16
9,sse,weak,39,1628.346,13.436,20
9,sse,weak,40,1668.085,13.436,20
9,sse,weak,41,1699.076,13.436,19
9,sse,weak,42,1733.439,13.436,20
9,sse,weak,43,1777.716,13.436,17
9,sse,weak,44,1817.118,13.436,17
9,sse,weak,45,1850.628,13.436,15
9,sse,weak,46,1899.518,13.436,18
9,sse,weak,47,1943.614,13.436,19
9,sse,weak,48,1976.259,13.436,20
9,sse,weak,49,2017.790,13.436,19
9,sse,weak,50,2067.460,13.436,19
9,sse,weak,51,2106.812,13.436,19
9,sse,weak,52,2151.371,13.436,18
9,sse,weak,53,2184.340,13.436,17
9,sse,weak,54,2217.409,13.436,17
9,sse,weak,55,2258.251,13.436,19
9,sse,weak,56,2307.867,13.436,18
9,sse,weak,57,2346.205,13.436,18
9,sse,weak,58,2384.578,13.436,18
9,sse,weak,59,2432.009,13.436,18
10,sse,weak,0,63.206,14.190,17
10,sse,weak,1,103.462,14.190,19
10,sse,weak,2,154.669,14.190,21
10,sse,weak,3,199.018,14.190,19
10,sse,weak,4,243.336,14.190,18
10,sse,weak,5,282.918,14.190,17
10,sse,weak,6,327.738,14.190,17
10,sse,weak,7,377.706,14.190,16
10,sse,weak,8,419.366,14.190,19
10,sse,weak,9,468.004,14.190,19
10,sse,weak,10,518.917,14.190,17
10,sse,weak,11,569.659,14.190,19
10,sse,weak,12,615.189,14.190,17
10,sse,weak,13,654.932,14.190,19
10,sse,weak,14,704.869,14.190,18
10,sse,weak,15,748.987,14.190,20
10,sse,weak,16,784.790,14.190,19
10,sse,weak,17,831.310,14.190,17
10,sse,weak,18,863.339,14.190,17
10,sse,weak,19,907.096,14.190,18
10,sse,weak,20,949.563,14.190,16
10,sse,weak,21,984.400,14.190,18
10,sse,weak,22,1019.176,14.190,20
10,sse,weak,23,1062.257,14.190,19
10,sse,weak,24,1094.917,14.190,20
10,sse,weak,25,1127.432,14.190,18
10,sse,weak,26,1168.584,14.190,17
10,sse,weak,27,1202.121,14.190,19
10,sse,weak,28,1236.493,14.190,19
10,sse,weak,29,1272.925,14.190,15
10,sse,weak,30,1314.928,14.190,18
10,sse,weak,31,1351.708,14.190,19
10,sse,weak,32,1401.293,14.190,18
10,sse,weak,33,1437.327,14.190,18
10,sse,weak,34,1487.293,14.190,20
10,sse,weak,35,1526.801,14.190,19
10,sse,weak,36,1560.644,14.190,18
10,sse,weak,37,1600.410,14.190,19
10,sse,weak,38,1631.945,14.190,16
10,sse,weak,39,1671.518,14.190,20
10,sse,weak,40,1708.133,14.190,19
10,sse,weak,41,1741.950,14.190,20
10,sse,weak,42,1784.745,14.190,17
10,sse,weak,43,1829.016,14.190,17
10,sse,weak,44,1878.009,14.190,15
10,sse,weak,45,1925.922,14.190,18
10,sse,weak,46,1968.089,14.190,19
10,sse,weak,47,2012.156,14.190,20
10,sse,weak,48,2059.115,14.190,19
10,sse,weak,49,2092.079,14.190,19
10,sse,weak,50,2134.165,14.190,19
10,sse,weak,51,2185.127,14.190,18
10,sse,weak,52,2218.174,14.190,17
10,sse,weak,53,2251.187,14.190,17
10,sse,weak,54,2288.480,14.190,19
10,sse,weak,55,2332.332,14.190,18
10,sse,weak,56,2382.994,14.190,18
10,sse,weak,57,2416.647,14.190,18
10,sse,weak,58,2452.328,14.190,18
11,sse,weak,0,61.560,15.764,17
11,sse,weak,1,103.211,15.764,19
11,sse,weak,2,153.906,15.764,21
11,sse,weak,3,193.920,15.764,19
11,sse,weak,4,231.131,15.764,18
11,sse,weak,5,271.400,15.764,17
11,sse,weak,6,303.655,15.764,17
11,sse,weak,7,342.653,15.764,16
11,sse,weak,8,384.719,15.764,19
11,sse,weak,9,429.809,15.764,19
11,sse,weak,10,476.126,15.764,17
11,sse,weak,11,511.518,15.764,19
11,sse,weak,12,549.679,15.764,17
11,sse,weak,13,585.637,15.764,19
11,sse,weak,14,635.350,15.764,18
11,sse,weak,15,667.931,15.764,20
11,sse,weak,16,714.342,15.764,19
11,sse,weak,17,761.846,15.764,17
11,sse,weak,18,802.228,15.764,17
11,sse,weak,19,842.547,15.764,18
11,sse,weak,20,874.404,15.764,16
11,sse,weak,21,909.809,15.764,18
11,sse,weak,22,949.328,15.764,20
11,sse,weak,23,988.896,15.764,19
11,sse,weak,24,1021.974,15.764,20
11,sse,weak,25,1071.930,15.764,18
11,sse,weak,26,1122.033,15.764,17
11,sse,weak,27,1167.857,15.764,19
11,sse,weak,28,1215.537,15.764,15
11,sse,weak,29,1252.242,15.764,18
11,sse,weak,30,1294.883,15.764,19
11,sse,weak,31,1330.237,15.764,18
11,sse,weak,32,1374.217,15.764,18
11,sse,weak,33,1425.147,15.764,20
11,sse,weak,34,1473.154,15.764,19
11,sse,weak,35,1508.516,15.764,18
11,sse,weak,36,1553.404,15.764,19
11,sse,weak,37,1591.202,15.764,16
11,sse,weak,38,1641.670,15.764,20
11,sse,weak,39,1685.312,15.764,20
11,sse,weak,40,1726.018,15.764,19
11,sse,weak,41,1761.569,15.764,20
11,sse,weak,42,1802.320,15.764,17
11,sse,weak,43,1842.534,15.764,17
11,sse,weak,44,1879.571,15.764,15
11,sse,weak,45,1923.445,15.764,18
11,sse,weak,46,1960.945,15.764,19
11,sse,weak,47,1994.282,15.764,20
11,sse,weak,48,2032.270,15.764,19
11,sse,weak,49,2068.811,15.764,19
11,sse,weak,50,2100.542,15.764,19
11,sse,weak,51,2141.843,15.764,18
11,sse,weak,52,2186.630,15.764,17
11,sse,weak,53,2226.929,15.764,17
11,sse,weak,54,2260.031,15.764,19
11,sse,weak,55,2304.493,15.764,18
11,sse,weak,56,2340.966,15.764,18
11,sse,weak,57,2377.255,15.764,18
11,sse,weak,58,2414.606,15.764,18
12,sse,weak,0,60.130,13.391,17
12,sse,weak,1,93.460,13.391,19
12,sse,weak,2,134.682,13.391,21
12,sse,weak,3,171.452,13.391,19
12,sse,weak,4,207.759,13.391,18
12,sse,weak,5,247.509,13.391,17
12,sse,weak,6,294.085,13.391,17
12,sse,weak,7,344.359,13.391,16
12,sse,weak,8,392.709,13.391,19
12,sse,weak,9,440.053,13.391,19
12,sse,weak,10,489.381,13.391,17
12,sse,weak,11,529.042,13.391,19
12,sse,weak,12,571.399,13.391,17
12,sse,weak,13,606.825,13.391,19
12,sse,weak,14,648.657,13.391,18
12,sse,weak,15,682.444,13.391,20
12,sse,weak,16,730.594,13.391,19
12,sse,weak,17,773.218,13.391,17
12,sse,weak,18,807.598,13.391,17
12,sse,weak,19,849.118,13.391,18
12,sse,weak,20,896.503,13.391,16
12,sse,weak,21,927.839,13.391,18
12,sse,weak,22,965.504,13.391,20
12,sse,weak,23,999.069,13.391,19
12,sse,weak,24,1042.402,13.391,20
12,sse,weak,25,1080.068,13.391,18
12,sse,weak,26,1123.050,13.391,17
12,sse,weak,27,1173.464,13.391,19
12,sse,weak,28,1223.258,13.391,19
12,sse,weak,29,1261.530,13.391,15
12,sse,weak,30,1309.726,13.391,18
12,sse,weak,31,1359.517,13.391,19
12,sse,weak,32,1402.799,13.391,18
12,sse,weak,33,1439.252,13.391,18
12,sse,weak,34,1486.931,13.391,20
12,sse,weak,35,1530.063,13.391,19
12,sse,weak,36,1575.858,13.391,18
12,sse,weak,37,1614.195,13.391,19
12,sse,weak,38,1662.401,13.391,16
12,sse,weak,39,1703.383,13.391,20
12,sse,weak,40,1744.449,13.391,20
12,sse,weak,41,1786.325,13.391,19
12,sse,weak,42,1831.606,13.391,20
12,sse,weak,43,1870.535,13.391,17
12,sse,weak,44,1904.436,13.391,17
12,sse,weak,45,1949.504,13.391,15
12,sse,weak,46,1984.608,13.391,18
12,sse,weak,47,2029.438,13.391,19
12,sse,weak,48,2067.817,13.391,20
12,sse,weak,49,2111.357,13.391,19
12,sse,weak,50,2150.964,13.391,19
12,sse,weak,51,2182.928,13.391,19
12,sse,weak,52,2221.507,13.391,18
12,sse,weak,53,2267.260,13.391,17
12,sse,weak,54,2312.100,13.391,17
12,sse,weak,55,2347.416,13.391,19
12,sse,weak,56,2385.618,13.391,18
12,sse,weak,57,2421.621,13.391,18
12,sse,weak,58,2460.273,13.391,18
13,sse,weak,0,54.099,12.997,17
13,sse,weak,1,93.981,12.997,19
13,sse,weak,2,126.615,12.997,21
13,sse,weak,3,163.061,12.997,19
13,sse,weak,4,207.087,12.997,18
13,sse,weak,5,243.339,12.997,17
13,sse,weak,6,283.755,12.997,17
13,sse,weak,7,330.896,12.997,16
13,sse,weak,8,366.755,12.997,19
13,sse,weak,9,404.721,12.997,19
13,sse,weak,10,450.106,12.997,17
13,sse,weak,11,497.746,12.997,19
13,sse,weak,12,540.422,12.997,17
13,sse,weak,13,587.312,12.997,19
13,sse,weak,14,637.203,12.997,18
13,sse,weak,15,683.098,12.997,20
13,sse,weak,16,716.053,12.997,17
13,sse,weak,17,748.453,12.997,17
13,sse,weak,18,799.077,12.997,18
13,sse,weak,19,832.875,12.997,16
13,sse,weak,20,874.350,12.997,18
13,sse,weak,21,913.474,12.997,20
13,sse,weak,22,957.321,12.997,19
13,sse,weak,23,998.158,12.997,20
13,sse,weak,24,1035.040,12.997,18
13,sse,weak,25,1069.281,12.997,17
13,sse,weak,26,1108.701,12.997,19
13,sse,weak,27,1153.518,12.997,19
13,sse,weak,28,1200.728,12.997,15
13,sse,weak,29,1236.458,12.997,18
13,sse,weak,30,1279.152,12.997,19
13,sse,weak,31,1327.800,12.997,18
13,sse,weak,32,1362.047,12.997,18
13,sse,weak,33,1394.422,12.997,20
13,sse,weak,34,1429.409,12.997,19
13,sse,weak,35,1472.905,12.997,18
13,sse,weak,36,1504.981,12.997,19
13,sse,weak,37,1538.755,12.997,16
13,sse,weak,38,1574.059,12.997,20
13,sse,weak,39,1607.592,12.997,20
13,sse,weak,40,1639.903,12.997,19
13,sse,weak,41,1686.975,12.997,20
13,sse,weak,42,1730.832,12.997,17
13,sse,weak,43,1765.290,12.997,17
13,sse,weak,44,1813.071,12.997,15
13,sse,weak,45,1860.224,12.997,18
13,sse,weak,46,1904.155,12.997,19
13,sse,weak,47,1951.856,12.997,20
13,sse,weak,48,2001.795,12.997,19
13,sse,weak,49,2033.597,12.997,19
13,sse,weak,50,2071.199,12.997,19
13,sse,weak,51,2111.259,12.997,18
13,sse,weak,52,2151.086,12.997,17
13,sse,weak,53,2201.777,12.997,17
13,sse,weak,54,2250.718,12.997,19
13,sse,weak,55,2290.670,12.997,18
13,sse,weak,56,2329.423,12.997,18
13,sse,weak,57,2372.083,12.997,18
13,sse,weak,58,2411.851,12.997,18
14,sse,weak,0,59.097,13.596,17
14,sse,weak,1,98.228,13.596,19
14,sse,weak,2,147.158,13.596,21
14,sse,weak,3,183.410,13.596,19
14,sse,weak,4,227.498,13.596,18
14,sse,weak,5,266.781,13.596,17
14,sse,weak,6,313.366,13.596,17
14,sse,weak,7,362.585,13.596,16
14,sse,weak,8,395.765,13.596,19
14,sse,weak,9,432.155,13.596,19
14,sse,weak,10,465.228,13.596,17
14,sse,weak,11,507.478,13.596,19
14,sse,weak,12,542.859,13.596,17
14,sse,weak,13,589.945,13.596,19
14,sse,weak,14,629.052,13.596,18
14,sse,weak,15,666.171,13.596,20
14,sse,weak,16,709.257,13.596,19
14,sse,weak,17,760.119,13.596,17
14,sse,weak,18,807.156,13.596,17
14,sse,weak,19,855.965,13.596,18
14,sse,weak,20,899.301,13.596,16
14,sse,weak,21,942.202,13.596,18
14,sse,weak,22,986.434,13.596,20
14,sse,weak,23,1023.133,13.596,19
14,sse,weak,24,1070.716,13.596,20
14,sse,weak,25,1117.574,13.596,18
14,sse,weak,26,1150.038,13.596,17
14,sse,weak,27,1193.547,13.596,19
14,sse,weak,28,1239.705,13.596,19
14,sse,weak,29,1275.350,13.596,15
14,sse,weak,30,1308.719,13.596,18
14,sse,weak,31,1354.027,13.596,19
14,sse,weak,32,1389.181,13.596,18
14,sse,weak,33,1425.209,13.596,18
14,sse,weak,34,1458.015,13.596,20
14,sse,weak,35,1502.894,13.596,19
14,sse,weak,36,1535.013,13.596,18
14,sse,weak,37,1571.634,13.596,16
14,sse,weak,38,1621.187,13.596,20
14,sse,weak,39,1660.515,13.596,20
14,sse,weak,40,1698.213,13.596,19
14,sse,weak,41,1730.112,13.596,20
14,sse,weak,42,1780.070,13.596,17
14,sse,weak,43,1813.341,13.596,17
14,sse,weak,44,1862.481,13.596,15
14,sse,weak,45,1905.216,13.596,18
14,sse,weak,46,1936.859,13.596,19
14,sse,weak,47,1969.281,13.596,20
14,sse,weak,48,2012.944,13.596,19
14,sse,weak,49,2059.256,13.596,19
14,sse,weak,50,2110.329,13.596,19
14,sse,weak,51,2146.535,13.596,18
14,sse,weak,52,2187.931,13.596,17
14,sse,weak,53,2231.815,13.596,17
14,sse,weak,54,2275.935,13.596,19
14,sse,weak,55,2307.210,13.596,18
14,sse,weak,56,2341.667,13.596,18
14,sse,weak,57,2375.599,13.596,18
15,sse,weak,0,67.750,23.239,17
15,sse,weak,1,115.284,23.239,19
15,sse,weak,2,154.391,23.239,21
15,sse,weak,3,188.308,23.239,19
15,sse,weak,4,226.343,23.239,18
15,sse,weak,5,257.826,23.239,17
15,sse,weak,6,289.928,23.239,17
15,sse,weak,7,333.727,23.239,16
15,sse,weak,8,370.976,23.239,19
15,sse,weak,9,415.660,23.239,19
15,sse,weak,10,460.642,23.239,17
15,sse,weak,11,498.403,23.239,19
15,sse,weak,12,542.412,23.239,17
15,sse,weak,13,588.463,23.239,19
15,sse,weak,14,624.547,23.239,18
15,sse,weak,15,671.627,23.239,20
15,sse,weak,16,708.147,23.239,19
15,sse,weak,17,739.770,23.239,17
15,sse,weak,18,789.655,23.239,17
15,sse,weak,19,840.433,23.239,18
15,sse,weak,20,874.003,23.239,16
15,sse,weak,21,910.263,23.239,18
15,sse,weak,22,955.351,23.239,20
15,sse,weak,23,1000.258,23.239,19
15,sse,weak,24,1036.509,23.239,20
15,sse,weak,25,1081.688,23.239,18
15,sse,weak,26,1130.416,23.239,17
15,sse,weak,27,1163.447,23.239,19
15,sse,weak,28,1212.527,23.239,19
15,sse,weak,29,1258.360,23.239,15
15,sse,weak,30,1304.340,23.239,18
15,sse,weak,31,1340.797,23.239,19
15,sse,weak,32,1377.144,23.239,18
15,sse,weak,33,1409.990,23.239,18
15,sse,weak,34,1453.828,23.239,20
15,sse,weak,35,1498.081,23.239,19
15,sse,weak,36,1549.322,23.239,18
15,sse,weak,37,1595.181,23.239,19
15,sse,weak,38,1631.883,23.239,16
15,sse,weak,39,1678.962,23.239,20
15,sse,weak,40,1720.626,23.239,20
15,sse,weak,41,1765.024,23.239,19
15,sse,weak,42,1804.399,23.239,20
15,sse,weak,43,1852.525,23.239,17
15,sse,weak,44,1887.582,23.239,17
15,sse,weak,45,1935.893,23.239,15
15,sse,weak,46,1969.431,23.239,18
15,sse,weak,47,2017.615,23.239,19
15,sse,weak,48,2056.100,23.239,20
15,sse,weak,49,2105.731,23.239,19
15,sse,weak,50,2152.875,23.239,19
15,sse,weak,51,2200.103,23.239,19
15,sse,weak,52,2245.308,23.239,18
15,sse,weak,53,2293.207,23.239,17
15,sse,weak,54,2337.430,23.239,17
15,sse,weak,55,2373.815,23.239,19
15,sse,weak,56,2418.094,23.239,18
15,sse,weak,57,2465.124,23.239,18
15,sse,weak,58,2501.062,23.239,18
15,sse,weak,59,2552.146,23.239,18
16,sse,weak,0,54.163,15.082,17
16,sse,weak,1,94.557,15.082,19
16,sse,weak,2,140.670,15.082,21
16,sse,weak,3,187.511,15.082,19
16,sse,weak,4,224.832,15.082,18
16,sse,weak,5,256.037,15.082,17
16,sse,weak,6,290.827,15.082,17
16,sse,weak,7,338.271,15.082,16
16,sse,weak,8,386.197,15.082,19
16,sse,weak,9,418.128,15.082,19
16,sse,weak,10,468.679,15.082,17
16,sse,weak,11,519.791,15.082,19
16,sse,weak,12,562.190,15.082,17
16,sse,weak,13,601.862,15.082,19
16,sse,weak,14,634.880,15.082,18
16,sse,weak,15,669.027,15.082,20
16,sse,weak,16,704.966,15.082,19
16,sse,weak,17,749.674,15.082,17
16,sse,weak,18,785.187,15.082,17
16,sse,weak,19,820.190,15.082,18
16,sse,weak,20,851.819,15.082,16
16,sse,weak,21,896.657,15.082,18
16,sse,weak,22,944.029,15.082,20
16,sse,weak,23,984.074,15.082,19
16,sse,weak,24,1019.001,15.082,20
16,sse,weak,25,1058.319,15.082,18
16,sse,weak,26,1101.596,15.082,17
16,sse,weak,27,1135.463,15.082,19
16,sse,weak,28,1178.574,15.082,19
16,sse,weak,29,1217.581,15.082,15
16,sse,weak,30,1265.062,15.082,18
16,sse,weak,31,1303.885,15.082,19
16,sse,weak,32,1352.822,15.082,18
16,sse,weak,33,1403.351,15.082,18
16,sse,weak,34,1441.584,15.082,20
16,sse,weak,35,1490.215,15.082,19
16,sse,weak,36,1531.334,15.082,18
16,sse,weak,37,1567.466,15.082,19
16,sse,weak,38,1612.170,15.082,16
16,sse,weak,39,1659.795,15.082,20
16,sse,weak,40,1703.517,15.082,20
16,sse,weak,41,1748.341,15.082,19
16,sse,weak,42,1781.114,15.082,20
16,sse,weak,43,1826.666,15.082,17
16,sse,weak,44,1863.505,15.082,17
16,sse,weak,45,1907.852,15.082,15
16,sse,weak,46,1957.430,15.082,18
16,sse,weak,47,1993.439,15.082,19
16,sse,weak,48,2032.923,15.082,20
16,sse,weak,49,2065.850,15.082,19
16,sse,weak,50,2101.072,15.082,19
16,sse,weak,51,2135.353,15.082,19
16,sse,weak,52,2174.908,15.082,18
16,sse,weak,53,2224.991,15.082,17
16,sse,weak,54,2274.424,15.082,17
16,sse,weak,55,2308.089,15.082,19
16,sse,weak,56,2346.744,15.082,18
16,sse,weak,57,2381.124,15.082,18
16,sse,weak,58,2412.488,15.082,18
16,sse,weak,59,2456.012,15.082,18
17,sse,weak,0,48.772,11.892,17
17,sse,weak,1,95.833,11.892,19
17,sse,weak,2,132.666,11.892,21
17,sse,weak,3,168.273,11.892,19
17,sse,weak,4,208.598,11.892,18
17,sse,weak,5,257.913,11.892,17
17,sse,weak,6,294.670,11.892,17
17,sse,weak,7,328.927,11.892,16
17,sse,weak,8,361.132,11.892,19
17,sse,weak,9,402.544,11.892,19
17,sse,weak,10,445.417,11.892,17
17,sse,weak,11,476.799,11.892,19
17,sse,weak,12,512.756,11.892,17
17,sse,weak,13,550.731,11.892,19
17,sse,weak,14,588.809,11.892,18
17,sse,weak,15,637.993,11.892,20
17,sse,weak,16,688.184,11.892,19
17,sse,weak,17,731.305,11.892,17
17,sse,weak,18,768.863,11.892,17
17,sse,weak,19,815.536,11.892,18
17,sse,weak,20,850.689,11.892,16
17,sse,weak,21,892.138,11.892,18
17,sse,weak,22,936.694,11.892,20
17,sse,weak,23,981.141,11.892,19
17,sse,weak,24,1021.532,11.892,20
17,sse,weak,25,1072.387,11.892,18
17,sse,weak,26,1104.521,11.892,17
17,sse,weak,27,1149.174,11.892,19
17,sse,weak,28,1191.434,11.892,15
17,sse,weak,29,1229.246,11.892,18
17,sse,weak,30,1267.636,11.892,19
17,sse,weak,31,1300.673,11.892,18
17,sse,weak,32,1333.309,11.892,18
17,sse,weak,33,1379.054,11.892,20
17,sse,weak,34,1411.582,11.892,19
17,sse,weak,35,1455.830,11.892,18
17,sse,weak,36,1489.094,11.892,19
17,sse,weak,37,1536.402,11.892,16
17,sse,weak,38,1585.142,11.892,20
17,sse,weak,39,1630.126,11.892,20
17,sse,weak,40,1670.530,11.892,19
17,sse,weak,41,1717.247,11.892,20
17,sse,weak,42,1752.865,11.892,17
17,sse,weak,43,1794.914,11.892,17
17,sse,weak,44,1842.586,11.892,15
17,sse,weak,45,1889.801,11.892,18
17,sse,weak,46,1929.024,11.892,19
17,sse,weak,47,1975.098,11.892,20
17,sse,weak,48,2016.778,11.892,19
17,sse,weak,49,2067.495,11.892,19
17,sse,weak,50,2107.607,11.892,19
17,sse,weak,51,2148.784,11.892,18
17,sse,weak,52,2198.677,11.892,17
17,sse,weak,53,2233.502,11.892,17
17,sse,weak,54,2269.757,11.892,19
17,sse,weak,55,2307.106,11.892,18
17,sse,weak,56,2352.628,11.892,18
17,sse,weak,57,2388.791,11.892,18
17,sse,weak,58,2432.267,11.892,18
18,sse,weak,0,57.099,13.373,17
18,sse,weak,1,104.896,13.373,19
18,sse,weak,2,144.663,13.373,21
18,sse,weak,3,195.569,13.373,19
18,sse,weak,4,237.710,13.373,18
18,sse,weak,5,278.522,13.373,17
18,sse,weak,6,314.333,13.373,17
18,sse,weak,7,351.048,13.373,16
18,sse,weak,8,392.701,13.373,19
18,sse,weak,9,438.272,13.373,19
18,sse,weak,10,477.457,13.373,17
18,sse,weak,11,517.986,13.373,19
18,sse,weak,12,554.058,13.373,17
18,sse,weak,13,594.940,13.373,19
18,sse,weak,14,643.121,13.373,18
18,sse,weak,15,682.233,13.373,20
18,sse,weak,16,720.715,13.373,19
18,sse,weak,17,756.442,13.373,17
18,sse,weak,18,807.129,13.373,17
18,sse,weak,19,844.941,13.373,18
18,sse,weak,20,885.252,13.373,16
18,sse,weak,21,933.755,13.373,18
18,sse,weak,22,971.520,13.373,20
18,sse,weak,23,1010.308,13.373,19
18,sse,weak,24,1045.687,13.373,20
18,sse,weak,25,1083.156,13.373,18
18,sse,weak,26,1126.139,13.373,17
18,sse,weak,27,1172.085,13.373,19
18,sse,weak,28,1219.903,13.373,19
18,sse,weak,29,1258.533,13.373,15
18,sse,weak,30,1308.070,13.373,18
18,sse,weak,31,1358.516,13.373,19
18,sse,weak,32,1409.249,13.373,18
18,sse,weak,33,1441.169,13.373,18
18,sse,weak,34,1484.888,13.373,20
18,sse,weak,35,1531.069,13.373,19
18,sse,weak,36,1581.277,13.373,18
18,sse,weak,37,1617.909,13.373,19
18,sse,weak,38,1652.298,13.373,16
18,sse,weak,39,1690.327,13.373,20
18,sse,weak,40,1733.255,13.373,20
18,sse,weak,41,1778.558,13.373,19
18,sse,weak,42,1825.379,13.373,20
18,sse,weak,43,1859.567,13.373,17
18,sse,weak,44,1896.758,13.373,17
18,sse,weak,45,1943.838,13.373,15
18,sse,weak,46,1979.615,13.373,18
18,sse,weak,47,2030.796,13.373,19
18,sse,weak,48,2067.386,13.373,20
18,sse,weak,49,2105.994,13.373,19
18,sse,weak,50,2138.782,13.373,19
18,sse,weak,51,2178.696,13.373,19
18,sse,weak,52,2227.349,13.373,18
18,sse,weak,53,2274.410,13.373,17
18,sse,weak,54,2306.422,13.373,17
18,sse,weak,55,2343.310,13.373,19
18,sse,weak,56,2392.268,13.373,18
18,sse,weak,57,2437.805,13.373,18
18,sse,weak,58,2474.212,13.373,18
18,sse,weak,59,2525.000,13.373,18
19,sse,weak,0,64.373,13.406,17
19,sse,weak,1,106.548,13.406,19
19,sse,weak,2,151.222,13.406,21
19,sse,weak,3,188.254,13.406,19
19,sse,weak,4,235.578,13.406,18
19,sse,weak,5,276.608,13.406,17
19,sse,weak,6,315.743,13.406,17
19,sse,weak,7,353.811,13.406,16
19,sse,weak,8,396.129,13.406,19
19,sse,weak,9,444.677,13.406,19
19,sse,weak,10,482.821,13.406,17
19,sse,weak,11,517.641,13.406,19
19,sse,weak,12,555.871,13.406,17
19,sse,weak,13,600.079,13.406,19
19,sse,weak,14,650.208,13.406,18
19,sse,weak,15,697.845,13.406,20
19,sse,weak,16,733.098,13.406,19
19,sse,weak,17,781.039,13.406,17
19,sse,weak,18,820.280,13.406,17
19,sse,weak,19,851.496,13.406,18
19,sse,weak,20,887.850,13.406,16
19,sse,weak,21,938.890,13.406,18
19,sse,weak,22,974.566,13.406,20
19,sse,weak,23,1007.297,13.406,19
19,sse,weak,24,1040.810,13.406,20
19,sse,weak,25,1075.282,13.406,18
19,sse,weak,26,1108.248,13.406,17
19,sse,weak,27,1151.037,13.406,19
19,sse,weak,28,1185.697,13.406,19
19,sse,weak,29,1219.645,13.406,15
19,sse,weak,30,1251.741,13.406,18
19,sse,weak,31,1293.554,13.406,19
19,sse,weak,32,1339.585,13.406,18
19,sse,weak,33,1390.661,13.406,18
19,sse,weak,34,1427.344,13.406,20
19,sse,weak,35,1478.274,13.406,19
19,sse,weak,36,1525.540,13.406,18
19,sse,weak,37,1569.594,13.406,19
19,sse,weak,38,1605.331,13.406,16
19,sse,weak,39,1649.414,13.406,20
19,sse,weak,40,1694.053,13.406,20
19,sse,weak,41,1742.301,13.406,19
19,sse,weak,42,1788.265,13.406,20
19,sse,weak,43,1837.298,13.406,17
19,sse,weak,44,1874.714,13.406,17
19,sse,weak,45,1923.277,13.406,15
19,sse,weak,46,1966.262,13.406,18
19,sse,weak,47,2004.283,13.406,19
19,sse,weak,48,2043.673,13.406,20
19,sse,weak,49,2093.508,13.406,19
19,sse,weak,50,2132.134,13.406,19
19,sse,weak,51,2167.458,13.406,19
19,sse,weak,52,2200.215,13.406,18
19,sse,weak,53,2246.748,13.406,17
19,sse,weak,54,2290.935,13.406,17
19,sse,weak,55,2336.123,13.406,19
19,sse,weak,56,2368.484,13.406,18
19,sse,weak,57,2418.711,13.406,18
19,sse,weak,58,2450.645,13.406,18
19,sse,weak,59,2490.608,13.406,18
20,sse,weak,0,53.832,15.519,17
20,sse,weak,1,94.130,15.519,19
20,sse,weak,2,135.398,15.519,21
20,sse,weak,3,179.058,15.519,19
20,sse,weak,4,213.110,15.519,18
20,sse,weak,5,263.761,15.519,17
20,sse,weak,6,295.070,15.519,17
20,sse,weak,7,329.126,15.519,16
20,sse,weak,8,365.071,15.519,19
20,sse,weak,9,403.096,15.519,19
20,sse,weak,10,442.346,15.519,17
20,sse,weak,11,482.204,15.519,19
20,sse,weak,12,533.274,15.519,17
20,sse,weak,13,576.839,15.519,19
20,sse,weak,14,612.873,15.519,18
20,sse,weak,15,646.286,15.519,20
20,sse,weak,16,685.471,15.519,19
20,sse,weak,17,731.036,15.519,17
20,sse,weak,18,780.861,15.519,17
20,sse,weak,19,820.761,15.519,18
20,sse,weak,20,862.256,15.519,16
20,sse,weak,21,903.568,15.519,18
20,sse,weak,22,954.084,15.519,20
20,sse,weak,23,993.905,15.519,19
20,sse,weak,24,1043.007,15.519,20
20,sse,weak,25,1078.824,15.519,18
20,sse,weak,26,1124.574,15.519,17
20,sse,weak,27,1161.828,15.519,19
20,sse,weak,28,1194.467,15.519,19
20,sse,weak,29,1227.381,15.519,15
20,sse,weak,30,1264.360,15.519,18
20,sse,weak,31,1307.744,15.519,19
20,sse,weak,32,1354.811,15.519,18
20,sse,weak,33,1403.390,15.519,18
20,sse,weak,34,1438.889,15.519,20
20,sse,weak,35,1480.012,15.519,19
20,sse,weak,36,1512.484,15.519,18
20,sse,weak,37,1560.420,15.519,16
20,sse,weak,38,1597.112,15.519,20
20,sse,weak,39,1645.047,15.519,20
20,sse,weak,40,1679.095,15.519,19
20,sse,weak,41,1713.305,15.519,20
20,sse,weak,42,1762.573,15.519,17
20,sse,weak,43,1794.531,15.519,17
20,sse,weak,44,1841.598,15.519,15
20,sse,weak,45,1879.208,15.519,19
20,sse,weak,46,1921.626,15.519,20
20,sse,weak,47,1963.235,15.519,19
20,sse,weak,48,2013.825,15.519,19
20,sse,weak,49,2057.759,15.519,19
20,sse,weak,50,2104.356,15.519,18
20,sse,weak,51,2137.856,15.519,17
20,sse,weak,52,2183.239,15.519,17
20,sse,weak,53,2222.543,15.519,19
20,sse,weak,54,2263.500,15.519,18
20,sse,weak,55,2299.624,15.519,18
20,sse,weak,56,2338.962,15.519,18
20,sse,weak,57,2380.557,15.519,18
21,sse,weak,0,46.759,13.277,17
21,sse,weak,1,85.371,13.277,19
21,sse,weak,2,135.191,13.277,21
21,sse,weak,3,176.127,13.277,19
21,sse,weak,4,223.416,13.277,18
21,sse,weak,5,266.624,13.277,17
21,sse,weak,6,301.766,13.277,17
21,sse,weak,7,336.974,13.277,16
21,sse,weak,8,383.475,13.277,19
21,sse,weak,9,433.763,13.277,19
21,sse,weak,10,484.643,13.277,17
21,sse,weak,11,518.772,13.277,19
21,sse,weak,12,569.442,13.277,17
21,sse,weak,13,600.769,13.277,19
21,sse,weak,14,632.153,13.277,18
21,sse,weak,15,676.082,13.277,20
21,sse,weak,16,723.130,13.277,19
21,sse,weak,17,757.085,13.277,17
21,sse,weak,18,806.951,13.277,17
21,sse,weak,19,852.108,13.277,18
21,sse,weak,20,903.536,13.277,16
21,sse,weak,21,944.539,13.277,18
21,sse,weak,22,977.369,13.277,20
21,sse,weak,23,1013.201,13.277,19
21,sse,weak,24,1061.107,13.277,20
21,sse,weak,25,1097.597,13.277,18
21,sse,weak,26,1143.254,13.277,17
21,sse,weak,27,1190.003,13.277,19
21,sse,weak,28,1231.038,13.277,19
21,sse,weak,29,1274.666,13.277,15
21,sse,weak,30,1311.639,13.277,18
21,sse,weak,31,1346.244,13.277,19
21,sse,weak,32,1387.260,13.277,18
21,sse,weak,33,1426.691,13.277,18
21,sse,weak,34,1464.680,13.277,20
21,sse,weak,35,1505.906,13.277,19
21,sse,weak,36,1546.384,13.277,18
21,sse,weak,37,1581.397,13.277,19
21,sse,weak,38,1631.833,13.277,16
21,sse,weak,39,1666.820,13.277,20
21,sse,weak,40,1713.161,13.277,20
21,sse,weak,41,1750.012,13.277,19
21,sse,weak,42,1794.236,13.277,20
21,sse,weak,43,1836.597,13.277,17
21,sse,weak,44,1887.449,13.277,17
21,sse,weak,45,1927.139,13.277,15
21,sse,weak,46,1960.414,13.277,18
21,sse,weak,47,1999.705,13.277,19
21,sse,weak,48,2039.914,13.277,20
21,sse,weak,49,2079.871,13.277,19
21,sse,weak,50,2117.571,13.277,19
21,sse,weak,51,2154.295,13.277,19
21,sse,weak,52,2202.408,13.277,18
21,sse,weak,53,2238.039,13.277,17
21,sse,weak,54,2270.940,13.277,17
21,sse,weak,55,2319.366,13.277,19
21,sse,weak,56,2351.896,13.277,18
21,sse,weak,57,2397.087,13.277,18
21,sse,weak,58,2435.391,13.277,18
21,sse,weak,59,2478.087,13.277,18
22,sse,weak,0,57.569,14.150,17
22,sse,weak,1,101.373,14.150,19
22,sse,weak,2,147.078,14.150,21
22,sse,weak,3,185.871,14.150,19
22,sse,weak,4,230.768,14.150,18
22,sse,weak,5,272.223,14.150,17
22,sse,weak,6,307.452,14.150,17
22,sse,weak,7,350.490,14.150,16
22,sse,weak,8,398.919,14.150,19
22,sse,weak,9,443.727,14.150,19
22,sse,weak,10,482.313,14.150,17
22,sse,weak,11,527.770,14.150,19
22,sse,weak,12,572.967,14.150,17
22,sse,weak,13,619.443,14.150,19
22,sse,weak,14,654.993,14.150,18
22,sse,weak,15,703.786,14.150,20
22,sse,weak,16,737.998,14.150,19
22,sse,weak,17,772.089,14.150,17
22,sse,weak,18,815.202,14.150,17
22,sse,weak,19,849.012,14.150,18
22,sse,weak,20,888.261,14.150,16
22,sse,weak,21,937.713,14.150,18
22,sse,weak,22,980.751,14.150,20
22,sse,weak,23,1016.442,14.150,19
22,sse,weak,24,1050.662,14.150,20
22,sse,weak,25,1101.332,14.150,18
22,sse,weak,26,1141.267,14.150,17
22,sse,weak,27,1173.345,14.150,19
22,sse,weak,28,1219.116,14.150,19
22,sse,weak,29,1260.639,14.150,15
22,sse,weak,30,1296.338,14.150,18
22,sse,weak,31,1338.937,14.150,19
22,sse,weak,32,1373.299,14.150,18
22,sse,weak,33,1407.084,14.150,18
22,sse,weak,34,1442.666,14.150,20
22,sse,weak,35,1483.091,14.150,19
22,sse,weak,36,1529.193,14.150,18
22,sse,weak,37,1568.624,14.150,19
22,sse,weak,38,1613.499,14.150,16
22,sse,weak,39,1661.468,14.150,20
22,sse,weak,40,1695.001,14.150,20
22,sse,weak,41,1732.846,14.150,19
22,sse,weak,42,1763.925,14.150,20
22,sse,weak,43,1796.408,14.150,17
22,sse,weak,44,1836.271,14.150,17
22,sse,weak,45,1875.073,14.150,15
22,sse,weak,46,1923.009,14.150,18
22,sse,weak,47,1971.132,14.150,19
22,sse,weak,48,2022.272,14.150,20
22,sse,weak,49,2071.289,14.150,19
22,sse,weak,50,2115.511,14.150,19
22,sse,weak,51,2152.607,14.150,19
22,sse,weak,52,2200.791,14.150,18
22,sse,weak,53,2239.045,14.150,17
22,sse,weak,54,2285.893,14.150,17
22,sse,weak,55,2318.056,14.150,19
22,sse,weak,56,2354.212,14.150,18
22,sse,weak,57,2387.666,14.150,18
22,sse,weak,58,2437.774,14.150,18
22,sse,weak,59,2476.497,14.150,18
23,sse,weak,0,60.744,13.441,17
23,sse,weak,1,95.700,13.441,19
23,sse,weak,2,129.489,13.441,21
23,sse,weak,3,170.400,13.441,19
23,sse,weak,4,204.899,13.441,18
23,sse,weak,5,250.589,13.441,17
23,sse,weak,6,289.775,13.441,17
23,sse,weak,7,337.232,13.441,16
23,sse,weak,8,386.214,13.441,19
23,sse,weak,9,427.759,13.441,17
23,sse,weak,10,469.523,13.441,19
23,sse,weak,11,513.707,13.441,17
23,sse,weak,12,550.234,13.441,19
23,sse,weak,13,586.663,13.441,18
23,sse,weak,14,632.460,13.441,19
23,sse,weak,15,675.083,13.441,17
23,sse,weak,16,719.583,13.441,17
23,sse,weak,17,757.346,13.441,18
23,sse,weak,18,807.398,13.441,16
23,sse,weak,19,843.654,13.441,18
23,sse,weak,20,877.053,13.441,20
23,sse,weak,21,910.542,13.441,19
23,sse,weak,22,953.570,13.441,20
23,sse,weak,23,991.775,13.441,18
23,sse,weak,24,1036.327,13.441,17
23,sse,weak,25,1073.817,13.441,19
23,sse,weak,26,1111.263,13.441,19
23,sse,weak,27,1153.907,13.441,15
23,sse,weak,28,1185.119,13.441,18
23,sse,weak,29,1228.504,13.441,19
23,sse,weak,30,1278.113,13.441,18
23,sse,weak,31,1321.280,13.441,18
23,sse,weak,32,1370.313,13.441,19
23,sse,weak,33,1420.038,13.441,18
23,sse,weak,34,1451.366,13.441,19
23,sse,weak,35,1483.475,13.441,16
23,sse,weak,36,1515.615,13.441,20
23,sse,weak,37,1549.813,13.441,20
23,sse,weak,38,1587.366,13.441,19
23,sse,weak,39,1638.624,13.441,20
23,sse,weak,40,1675.485,13.441,17
23,sse,weak,41,1712.635,13.441,17
23,sse,weak,42,1763.044,13.441,15
23,sse,weak,43,1795.907,13.441,18
23,sse,weak,44,1836.364,13.441,19
23,sse,weak,45,1873.546,13.441,20
23,sse,weak,46,1911.543,13.441,19
23,sse,weak,47,1945.168,13.441,19
23,sse,weak,48,1988.396,13.441,19
23,sse,weak,49,2020.619,13.441,18
23,sse,weak,50,2055.488,13.441,17
23,sse,weak,51,2103.440,13.441,17
23,sse,weak,52,2150.855,13.441,19
23,sse,weak,53,2185.903,13.441,18
23,sse,weak,54,2233.353,13.441,18
23,sse,weak,55,2279.030,13.441,18
23,sse,weak,56,2323.803,13.441,18
24,sse,weak,0,46.389,13.386,17
24,sse,weak,1,90.689,13.386,19
24,sse,weak,2,141.866,13.386,21
24,sse,weak,3,181.851,13.386,19
24,sse,weak,4,230.123,13.386,18
24,sse,weak,5,278.378,13.386,17
24,sse,weak,6,324.811,13.386,17
24,sse,weak,7,372.819,13.386,16
24,sse,weak,8,407.352,13.386,19
24,sse,weak,9,455.237,13.386,19
24,sse,weak,10,505.372,13.386,17
24,sse,weak,11,537.149,13.386,19
24,sse,weak,12,586.465,13.386,17
24,sse,weak,13,627.890,13.386,19
24,sse,weak,14,669.240,13.386,18
24,sse,weak,15,700.646,13.386,20
24,sse,weak,16,746.379,13.386,19
24,sse,weak,17,792.096,13.386,17
24,sse,weak,18,840.285,13.386,17
24,sse,weak,19,872.193,13.386,18
24,sse,weak,20,907.690,13.386,16
24,sse,weak,21,940.605,13.386,18
24,sse,weak,22,987.338,13.386,20
24,sse,weak,23,1034.278,13.386,19
24,sse,weak,24,1074.696,13.386,20
24,sse,weak,25,1106.379,13.386,18
24,sse,weak,26,1150.696,13.386,17
24,sse,weak,27,1191.615,13.386,19
24,sse,weak,28,1227.414,13.386,19
24,sse,weak,29,1261.745,13.386,15
24,sse,weak,30,1293.164,13.386,18
24,sse,weak,31,1339.620,13.386,19
24,sse,weak,32,1386.116,13.386,18
24,sse,weak,33,1435.309,13.386,18
24,sse,weak,34,1472.300,13.386,20
24,sse,weak,35,1513.157,13.386,19
24,sse,weak,36,1545.142,13.386,18
24,sse,weak,37,1593.619,13.386,19
24,sse,weak,38,1635.943,13.386,16
24,sse,weak,39,1669.439,13.386,20
24,sse,weak,40,1708.034,13.386,20
24,sse,weak,41,1756.211,13.386,19
24,sse,weak,42,1806.509,13.386,20
24,sse,weak,43,1840.511,13.386,17
24,sse,weak,44,1872.977,13.386,17
24,sse,weak,45,1917.120,13.386,15
24,sse,weak,46,1954.036,13.386,18
24,sse,weak,47,1998.572,13.386,19
24,sse,weak,48,2032.376,13.386,20
24,sse,weak,49,2082.004,13.386,19
24,sse,weak,50,2113.801,13.386,19
24,sse,weak,51,2164.411,13.386,19
24,sse,weak,52,2213.984,13.386,18
24,sse,weak,53,2254.406,13.386,17
24,sse,weak,54,2294.802,13.386,17
24,sse,weak,55,2337.532,13.386,19
24,sse,weak,56,2375.099,13.386,18
24,sse,weak,57,2415.473,13.386,18
24,sse,weak,58,2461.329,13.386,18
24,sse,weak,59,2494.882,13.386,18
25,sse,weak,0,57.485,25.686,17
25,sse,weak,1,100.516,25.686,19
25,sse,weak,2,143.014,25.686,21
25,sse,weak,3,179.335,25.686,19
25,sse,weak,4,220.003,25.686,18
25,sse,weak,5,262.754,25.686,17
25,sse,weak,6,302.380,25.686,17
25,sse,weak,7,333.981,25.686,16
25,sse,weak,8,373.627,25.686,19
25,sse,weak,9,419.897,25.686,17
25,sse,weak,10,454.437,25.686,19
25,sse,weak,11,503.454,25.686,17
25,sse,weak,12,535.262,25.686,19
25,sse,weak,13,582.846,25.686,18
25,sse,weak,14,617.793,25.686,20
25,sse,weak,15,653.599,25.686,19
25,sse,weak,16,691.101,25.686,17
25,sse,weak,17,730.910,25.686,17
25,sse,weak,18,773.400,25.686,18
25,sse,weak,19,807.510,25.686,16
25,sse,weak,20,849.093,25.686,18
25,sse,weak,21,890.668,25.686,20
25,sse,weak,22,938.062,25.686,19
25,sse,weak,23,988.102,25.686,20
25,sse,weak,24,1028.040,25.686,18
25,sse,weak,25,1064.966,25.686,17
25,sse,weak,26,1107.521,25.686,19
25,sse,weak,27,1156.822,25.686,19
25,sse,weak,28,1204.043,25.686,15
25,sse,weak,29,1248.380,25.686,18
25,sse,weak,30,1293.341,25.686,19
25,sse,weak,31,1327.287,25.686,18
25,sse,weak,32,1376.439,25.686,18
25,sse,weak,33,1427.111,25.686,20
25,sse,weak,34,1464.671,25.686,19
25,sse,weak,35,1496.699,25.686,18
25,sse,weak,36,1527.987,25.686,19
25,sse,weak,37,1567.798,25.686,16
25,sse,weak,38,1612.951,25.686,20
25,sse,weak,39,1663.700,25.686,20
25,sse,weak,40,1695.644,25.686,19
25,sse,weak,41,1737.352,25.686,20
25,sse,weak,42,1777.397,25.686,17
25,sse,weak,43,1813.094,25.686,17
25,sse,weak,44,1855.692,25.686,15
25,sse,weak,45,1905.294,25.686,18
25,sse,weak,46,1938.498,25.686,19
25,sse,weak,47,1986.718,25.686,20
25,sse,weak,48,2027.558,25.686,19
25,sse,weak,49,2062.166,25.686,19
25,sse,weak,50,2111.202,25.686,19
25,sse,weak,51,2152.668,25.686,18
25,sse,weak,52,2203.536,25.686,17
25,sse,weak,53,2238.549,25.686,17
25,sse,weak,54,2285.768,25.686,19
25,sse,weak,55,2321.182,25.686,18
25,sse,weak,56,2361.339,25.686,18
25,sse,weak,57,2399.822,25.686,18
25,sse,weak,58,2450.003,25.686,18
26,sse,weak,0,53.297,13.578,17
26,sse,weak,1,102.464,13.578,19
26,sse,weak,2,145.060,13.578,21
26,sse,weak,3,181.902,13.578,19
26,sse,weak,4,223.820,13.578,18
26,sse,weak,5,270.004,13.578,17
26,sse,weak,6,304.468,13.578,17
26,sse,weak,7,354.237,13.578,16
26,sse,weak,8,391.774,13.578,19
26,sse,weak,9,440.500,13.578,19
26,sse,weak,10,476.468,13.578,17
26,sse,weak,11,514.987,13.578,19
26,sse,weak,12,557.419,13.578,17
26,sse,weak,13,593.012,13.578,19
26,sse,weak,14,633.922,13.578,18
26,sse,weak,15,668.355,13.578,20
26,sse,weak,16,703.208,13.578,19
26,sse,weak,17,740.244,13.578,17
26,sse,weak,18,788.573,13.578,17
26,sse,weak,19,834.235,13.578,18
26,sse,weak,20,876.439,13.578,16
26,sse,weak,21,915.929,13.578,18
26,sse,weak,22,965.868,13.578,20
26,sse,weak,23,1008.247,13.578,19
26,sse,weak,24,1042.286,13.578,20
26,sse,weak,25,1088.816,13.578,18
26,sse,weak,26,1127.620,13.578,17
26,sse,weak,27,1161.664,13.578,19
26,sse,weak,28,1208.186,13.578,19
26,sse,weak,29,1244.656,13.578,15
26,sse,weak,30,1287.505,13.578,18
26,sse,weak,31,1322.184,13.578,19
26,sse,weak,32,1367.638,13.578,18
26,sse,weak,33,1414.429,13.578,18
26,sse,weak,34,1458.159,13.578,20
26,sse,weak,35,1489.766,13.578,19
26,sse,weak,36,1522.860,13.578,18
26,sse,weak,37,1559.873,13.578,19
26,sse,weak,38,1592.165,13.578,16
26,sse,weak,39,1639.054,13.578,20
26,sse,weak,40,1676.433,13.578,20
26,sse,weak,41,1725.553,13.578,19
26,sse,weak,42,1774.275,13.578,20
26,sse,weak,43,1823.726,13.578,17
26,sse,weak,44,1855.503,13.578,17
26,sse,weak,45,1899.024,13.578,15
26,sse,weak,46,1946.886,13.578,18
26,sse,weak,47,1983.833,13.578,19
26,sse,weak,48,2024.701,13.578,20
26,sse,weak,49,2066.286,13.578,19
26,sse,weak,50,2100.903,13.578,19
26,sse,weak,51,2147.459,13.578,19
26,sse,weak,52,2193.720,13.578,18
26,sse,weak,53,2232.486,13.578,17
26,sse,weak,54,2270.795,13.578,17
26,sse,weak,55,2314.810,13.578,19
26,sse,weak,56,2363.009,13.578,18
26,sse,weak,57,2410.008,13.578,18
26,sse,weak,58,2460.899,13.578,18
26,sse,weak,59,2499.829,13.578,18
27,sse,weak,0,45.680,13.150,17
27,sse,weak,1,96.697,13.150,19
27,sse,weak,2,134.238,13.150,21
27,sse,weak,3,167.398,13.150,19
27,sse,weak,4,199.946,13.150,18
27,sse,weak,5,242.123,13.150,17
27,sse,weak,6,288.467,13.150,17
27,sse,weak,7,326.250,13.150,16
27,sse,weak,8,366.561,13.150,19
27,sse,weak,9,413.755,13.150,19
27,sse,weak,10,447.097,13.150,17
27,sse,weak,11,479.059,13.150,19
27,sse,weak,12,521.509,13.150,17
27,sse,weak,13,567.361,13.150,19
27,sse,weak,14,599.680,13.150,18
27,sse,weak,15,642.820,13.150,20
27,sse,weak,16,681.727,13.150,19
27,sse,weak,17,717.985,13.150,17
27,sse,weak,18,751.914,13.150,17
27,sse,weak,19,789.631,13.150,18
27,sse,weak,20,840.142,13.150,16
27,sse,weak,21,872.338,13.150,18
27,sse,weak,22,911.974,13.150,20
27,sse,weak,23,961.319,13.150,19
27,sse,weak,24,1006.368,13.150,20
27,sse,weak,25,1045.415,13.150,18
27,sse,weak,26,1087.706,13.150,17
27,sse,weak,27,1138.345,13.150,19
27,sse,weak,28,1173.721,13.150,19
27,sse,weak,29,1205.521,13.150,15
27,sse,weak,30,1247.198,13.150,18
27,sse,weak,31,1293.195,13.150,19
27,sse,weak,32,1342.177,13.150,18
27,sse,weak,33,1390.526,13.150,18
27,sse,weak,34,1432.445,13.150,20
27,sse,weak,35,1467.746,13.150,19
27,sse,weak,36,1504.005,13.150,18
27,sse,weak,37,1544.189,13.150,19
27,sse,weak,38,1590.643,13.150,16
27,sse,weak,39,1638.559,13.150,20
27,sse,weak,40,1684.973,13.150,20
27,sse,weak,41,1733.107,13.150,19
27,sse,weak,42,1779.363,13.150,20
27,sse,weak,43,1811.524,13.150,17
27,sse,weak,44,1848.507,13.150,17
27,sse,weak,45,1890.512,13.150,15
27,sse,weak,46,1927.989,13.150,18
27,sse,weak,47,1963.297,13.150,19
27,sse,weak,48,2012.826,13.150,20
27,sse,weak,49,2053.049,13.150,19
27,sse,weak,50,2102.295,13.150,19
27,sse,weak,51,2136.955,13.150,19
27,sse,weak,52,2171.768,13.150,18
27,sse,weak,53,2215.989,13.150,17
27,sse,weak,54,2248.134,13.150,17
27,sse,weak,55,2294.850,13.150,19
27,sse,weak,56,2345.928,13.150,18
27,sse,weak,57,2381.350,13.150,18
27,sse,weak,58,2427.197,13.150,18
27,sse,weak,59,2474.384,13.150,18
28,sse,weak,0,51.602,16.135,17
28,sse,weak,1,100.626,16.135,19
28,sse,weak,2,138.077,16.135,21
28,sse,weak,3,186.191,16.135,19
28,sse,weak,4,236.745,16.135,18
28,sse,weak,5,269.906,16.135,17
28,sse,weak,6,315.286,16.135,17
28,sse,weak,7,350.643,16.135,16
28,sse,weak,8,390.336,16.135,19
28,sse,weak,9,425.943,16.135,19
28,sse,weak,10,457.100,16.135,17
28,sse,weak,11,501.303,16.135,19
28,sse,weak,12,540.153,16.135,17
28,sse,weak,13,586.252,16.135,19
28,sse,weak,14,635.821,16.135,18
28,sse,weak,15,679.302,16.135,20
28,sse,weak,16,728.602,16.135,19
28,sse,weak,17,767.008,16.135,17
28,sse,weak,18,799.180,16.135,17
28,sse,weak,19,846.107,16.135,18
28,sse,weak,20,894.365,16.135,16
28,sse,weak,21,935.188,16.135,18
28,sse,weak,22,978.027,16.135,20
28,sse,weak,23,1024.052,16.135,19
28,sse,weak,24,1057.995,16.135,20
28,sse,weak,25,1104.712,16.135,18
28,sse,weak,26,1144.401,16.135,17
28,sse,weak,27,1190.078,16.135,19
28,sse,weak,28,1232.822,16.135,19
28,sse,weak,29,1264.535,16.135,15
28,sse,weak,30,1298.077,16.135,18
28,sse,weak,31,1339.727,16.135,19
28,sse,weak,32,1383.149,16.135,18
28,sse,weak,33,1427.742,16.135,18
28,sse,weak,34,1473.595,16.135,20
28,sse,weak,35,1505.843,16.135,19
28,sse,weak,36,1556.053,16.135,18
28,sse,weak,37,1601.494,16.135,19
28,sse,weak,38,1639.331,16.135,16
28,sse,weak,39,1678.631,16.135,20
28,sse,weak,40,1727.077,16.135,20
28,sse,weak,41,1758.737,16.135,19
28,sse,weak,42,1808.135,16.135,20
28,sse,weak,43,1857.824,16.135,17
28,sse,weak,44,1893.910,16.135,17
28,sse,weak,45,1941.174,16.135,15
28,sse,weak,46,1984.125,16.135,18
28,sse,weak,47,2016.081,16.135,19
28,sse,weak,48,2050.120,16.135,20
28,sse,weak,49,2096.462,16.135,19
28,sse,weak,50,2130.205,16.135,19
28,sse,weak,51,2165.171,16.135,19
28,sse,weak,52,2203.680,16.135,18
28,sse,weak,53,2245.483,16.135,17
28,sse,weak,54,2276.515,16.135,17
28,sse,weak,55,2310.053,16.135,19
28,sse,weak,56,2352.803,16.135,18
28,sse,weak,57,2390.565,16.135,18
28,sse,weak,58,2437.862,16.135,18
28,sse,weak,59,2471.379,16.135,18
29,sse,weak,0,45.071,13.290,17
29,sse,weak,1,89.236,13.290,19
29,sse,weak,2,123.550,13.290,21
29,sse,weak,3,156.643,13.290,19
29,sse,weak,4,196.438,13.290,18
29,sse,weak,5,228.390,13.290,17
29,sse,weak,6,268.127,13.290,17
29,sse,weak,7,316.895,13.290,19
29,sse,weak,8,360.205,13.290,19
29,sse,weak,9,403.131,13.290,17
29,sse,weak,10,434.577,13.290,19
29,sse,weak,11,480.225,13.290,17
29,sse,weak,12,523.313,13.290,19
29,sse,weak,13,564.807,13.290,18
29,sse,weak,14,598.626,13.290,20
29,sse,weak,15,644.516,13.290,19
29,sse,weak,16,690.232,13.290,17
29,sse,weak,17,738.091,13.290,17
29,sse,weak,18,770.512,13.290,18
29,sse,weak,19,820.241,13.290,16
29,sse,weak,20,854.474,13.290,18
29,sse,weak,21,899.225,13.290,20
29,sse,weak,22,942.303,13.290,19
29,sse,weak,23,973.804,13.290,20
29,sse,weak,24,1011.225,13.290,18
29,sse,weak,25,1042.615,13.290,17
29,sse,weak,26,1085.986,13.290,19
29,sse,weak,27,1128.671,13.290,19
29,sse,weak,28,1165.679,13.290,15
29,sse,weak,29,1197.388,13.290,18
29,sse,weak,30,1244.085,13.290,19
29,sse,weak,31,1293.293,13.290,18
29,sse,weak,32,1334.226,13.290,18
29,sse,weak,33,1373.746,13.290,20
29,sse,weak,34,1419.279,13.290,19
29,sse,weak,35,1450.923,13.290,18
29,sse,weak,36,1493.682,13.290,19
29,sse,weak,37,1532.194,13.290,16
29,sse,weak,38,1567.372,13.290,20
29,sse,weak,39,1605.022,13.290,20
29,sse,weak,40,1651.970,13.290,19
29,sse,weak,41,1695.283,13.290,20
29,sse,weak,42,1744.450,13.290,17
29,sse,weak,43,1789.557,13.290,17
29,sse,weak,44,1837.460,13.290,15
29,sse,weak,45,1876.172,13.290,18
29,sse,weak,46,1909.811,13.290,19
29,sse,weak,47,1946.547,13.290,20
29,sse,weak,48,1979.138,13.290,19
29,sse,weak,49,2020.222,13.290,19
29,sse,weak,50,2071.390,13.290,19
29,sse,weak,51,2108.530,13.290,18
29,sse,weak,52,2145.284,13.290,17
29,sse,weak,53,2183.534,13.290,17
29,sse,weak,54,2232.325,13.290,19
29,sse,weak,55,2272.859,13.290,18
29,sse,weak,56,2308.478,13.290,18
29,sse,weak,57,2349.546,13.290,18
29,sse,weak,58,2397.514,13.290,18
0,ws,weak,0,53.734,4.268,17
0,ws,weak,1,86.104,4.268,19
0,ws,weak,2,124.394,4.268,21
0,ws,weak,3,163.073,4.268,19
0,ws,weak,4,195.860,4.268,18
0,ws,weak,5,244.428,4.268,17
0,ws,weak,6,284.220,4.268,17
0,ws,weak,7,323.191,4.268,16
0,ws,weak,8,369.455,4.268,19
0,ws,weak,9,413.429,4.268,19
0,ws,weak,10,452.204,4.268,17
0,ws,weak,11,491.869,4.268,19
0,ws,weak,12,524.419,4.268,17
0,ws,weak,13,562.208,4.268,19
0,ws,weak,14,611.598,4.268,18
0,ws,weak,15,648.038,4.268,20
0,ws,weak,16,688.863,4.268,19
0,ws,weak,17,730.498,4.268,17
0,ws,weak,18,776.914,4.268,17
0,ws,weak,19,821.207,4.268,18
0,ws,weak,20,867.305,4.268,16
0,ws,weak,21,912.211,4.268,18
0,ws,weak,22,956.597,4.268,20
0,ws,weak,23,991.826,4.268,19
0,ws,weak,24,1033.292,4.268,20
0,ws,weak,25,1079.837,4.268,18
0,ws,weak,26,1120.759,4.268,17
0,ws,weak,27,1166.394,4.268,19
0,ws,weak,28,1199.463,4.268,19
0,ws,weak,29,1246.341,4.268,15
0,ws,weak,30,1293.679,4.268,18
0,ws,weak,31,1327.558,4.268,19
0,ws,weak,32,1364.070,4.268,18
0,ws,weak,33,1411.498,4.268,18
0,ws,weak,34,1460.204,4.268,20
0,ws,weak,35,1503.262,4.268,19
0,ws,weak,36,1545.300,4.268,18
0,ws,weak,37,1580.737,4.268,19
0,ws,weak,38,1626.391,4.268,16
0,ws,weak,39,1663.517,4.268,20
0,ws,weak,40,1701.514,4.268,20
0,ws,weak,41,1735.475,4.268,19
0,ws,weak,42,1779.651,4.268,20
0,ws,weak,43,1827.076,4.268,17
0,ws,weak,44,1859.565,4.268,17
0,ws,weak,45,1892.986,4.268,15
0,ws,weak,46,1938.024,4.268,18
0,ws,weak,47,1969.338,4.268,19
0,ws,weak,48,2013.431,4.268,20
0,ws,weak,49,2058.082,4.268,19
0,ws,weak,50,2099.920,4.268,19
0,ws,weak,51,2132.125,4.268,19
0,ws,weak,52,2177.811,4.268,18
0,ws,weak,53,2217.836,4.268,17
0,ws,weak,54,2263.632,4.268,17
0,ws,weak,55,2297.973,4.268,19
0,ws,weak,56,2332.913,4.268,18
0,ws,weak,57,2370.518,4.268,18
0,ws,weak,58,2417.849,4.268,18
0,ws,weak,59,2455.683,4.268,18
1,ws,weak,0,72.905,5.086,19
1,ws,weak,1,114.141,5.086,21
1,ws,weak,2,159.281,5.086,19
1,ws,weak,3,208.645,5.086,18
1,ws,weak,4,247.287,5.086,17
1,ws,weak,5,291.804,5.086,17
1,ws,weak,6,340.195,5.086,16
1,ws,weak,7,380.632,5.086,19
1,ws,weak,8,423.872,5.086,19
1,ws,weak,9,464.438,5.086,17
1,ws,weak,10,502.048,5.086,19
1,ws,weak,11,541.897,5.086,17
1,ws,weak,12,589.143,5.086,19
1,ws,weak,13,634.477,5.086,18
1,ws,weak,14,680.692,5.086,20
1,ws,weak,15,720.303,5.086,19
1,ws,weak,16,758.856,5.086,17
1,ws,weak,17,790.755,5.086,17
1,ws,weak,18,827.495,5.086,18
1,ws,weak,19,877.346,5.086,16
1,ws,weak,20,920.451,5.086,18
1,ws,weak,21,965.527,5.086,20
1,ws,weak,22,1002.762,5.086,19
1,ws,weak,23,1034.215,5.086,20
1,ws,weak,24,1071.815,5.086,18
1,ws,weak,25,1116.845,5.086,17
1,ws,weak,26,1159.507,5.086,19
1,ws,weak,27,1208.623,5.086,19
1,ws,weak,28,1256.116,5.086,15
1,ws,weak,29,1291.121,5.086,18
1,ws,weak,30,1328.958,5.086,19
1,ws,weak,31,1374.428,5.086,18
1,ws,weak,32,1406.020,5.086,18
1,ws,weak,33,1456.125,5.086,20
1,ws,weak,34,1495.337,5.086,18
1,ws,weak,35,1531.820,5.086,19
1,ws,weak,36,1572.671,5.086,16
1,ws,weak,37,1615.171,5.086,20
1,ws,weak,38,1651.846,5.086,20
1,ws,weak,39,1692.666,5.086,19
1,ws,weak,40,1725.325,5.086,20
1,ws,weak,41,1774.096,5.086,17
1,ws,weak,42,1811.342,5.086,17
1,ws,weak,43,1855.022,5.086,15
1,ws,weak,44,1904.103,5.086,18
1,ws,weak,45,1939.951,5.086,19
1,ws,weak,46,1983.129,5.086,20
1,ws,weak,47,2032.655,5.086,19
1,ws,weak,48,2077.913,5.086,19
1,ws,weak,49,2116.494,5.086,19
1,ws,weak,50,2163.263,5.086,18
1,ws,weak,51,2208.398,5.086,17
1,ws,weak,52,2242.062,5.086,17
1,ws,weak,53,2279.036,5.086,19
1,ws,weak,54,2328.432,5.086,18
1,ws,weak,55,2361.824,5.086,18
1,ws,weak,56,2404.604,5.086,18
1,ws,weak,57,2446.956,5.086,18
2,ws,weak,0,51.066,4.572,17
2,ws,weak,1,101.404,4.572,19
2,ws,weak,2,149.707,4.572,21
2,ws,weak,3,198.448,4.572,19
2,ws,weak,4,243.293,4.572,18
2,ws,weak,5,283.568,4.572,17
2,ws,weak,6,319.216,4.572,17
2,ws,weak,7,366.742,4.572,16
2,ws,weak,8,407.761,4.572,19
2,ws,weak,9,440.181,4.572,19
2,ws,weak,10,484.678,4.572,17
2,ws,weak,11,528.337,4.572,19
2,ws,weak,12,576.965,4.572,17
2,ws,weak,13,614.102,4.572,19
2,ws,weak,14,660.670,4.572,18
2,ws,weak,15,695.984,4.572,20
2,ws,weak,16,737.466,4.572,19
2,ws,weak,17,768.494,4.572,17
2,ws,weak,18,802.873,4.572,17
2,ws,weak,19,846.154,4.572,18
2,ws,weak,20,894.048,4.572,16
2,ws,weak,21,933.628,4.572,18
2,ws,weak,22,983.438,4.572,20
2,ws,weak,23,1021.444,4.572,19
2,ws,weak,24,1054.365,4.572,20
2,ws,weak,25,1102.612,4.572,18
2,ws,weak,26,1138.260,4.572,17
2,ws,weak,27,1179.722,4.572,19
2,ws,weak,28,1216.739,4.572,19
2,ws,weak,29,1259.725,4.572,15
2,ws,weak,30,1294.202,4.572,19
2,ws,weak,31,1334.948,4.572,18
2,ws,weak,32,1368.921,4.572,18
2,ws,weak,33,1419.580,4.572,20
2,ws,weak,34,1454.520,4.572,19
2,ws,weak,35,1496.316,4.572,18
2,ws,weak,36,1547.227,4.572,19
2,ws,weak,37,1597.491,4.572,16
2,ws,weak,38,1635.742,4.572,20
2,ws,weak,39,1681.754,4.572,20
2,ws,weak,40,1730.354,4.572,19
2,ws,weak,41,1775.371,4.572,20
2,ws,weak,42,1824.065,4.572,17
2,ws,weak,43,1865.699,4.572,17
2,ws,weak,44,1916.018,4.572,15
2,ws,weak,45,1965.080,4.572,18
2,ws,weak,46,2000.584,4.572,19
2,ws,weak,47,2039.958,4.572,20
2,ws,weak,48,2090.523,4.572,19
2,ws,weak,49,2137.454,4.572,19
2,ws,weak,50,2183.131,4.572,19
2,ws,weak,51,2222.789,4.572,18
2,ws,weak,52,2271.418,4.572,17
2,ws,weak,53,2306.131,4.572,17
2,ws,weak,54,2350.281,4.572,19
2,ws,weak,55,2382.022,4.572,18
2,ws,weak,56,2413.496,4.572,18
2,ws,weak,57,2457.871,4.572,18
2,ws,weak,58,2493.812,4.572,18
3,ws,weak,0,41.148,4.593,17
3,ws,weak,1,91.389,4.593,19
3,ws,weak,2,140.927,4.593,21
3,ws,weak,3,191.219,4.593,19
3,ws,weak,4,233.249,4.593,18
3,ws,weak,5,277.888,4.593,17
3,ws,weak,6,327.362,4.593,17
3,ws,weak,7,371.037,4.593,16
3,ws,weak,8,408.478,4.593,19
3,ws,weak,9,447.031,4.593,19
3,ws,weak,10,484.310,4.593,17
3,ws,weak,11,527.612,4.593,19
3,ws,weak,12,562.862,4.593,17
3,ws,weak,13,605.250,4.593,19
3,ws,weak,14,653.597,4.593,18
3,ws,weak,15,702.103,4.593,20
3,ws,weak,16,746.111,4.593,19
3,ws,weak,17,787.245,4.593,17
3,ws,weak,18,822.196,4.593,17
3,ws,weak,19,853.286,4.593,18
3,ws,weak,20,900.355,4.593,16
3,ws,weak,21,946.139,4.593,18
3,ws,weak,22,976.798,4.593,20
3,ws,weak,23,1017.755,4.593,19
3,ws,weak,24,1048.866,4.593,20
3,ws,weak,25,1099.226,4.593,18
3,ws,weak,26,1135.161,4.593,17
3,ws,weak,27,1181.374,4.593,19
3,ws,weak,28,1218.080,4.593,19
3,ws,weak,29,1264.023,4.593,15
3,ws,weak,30,1308.335,4.593,18
3,ws,weak,31,1349.603,4.593,18
3,ws,weak,32,1398.121,4.593,18
3,ws,weak,33,1432.844,4.593,20
3,ws,weak,34,1475.426,4.593,19
3,ws,weak,35,1511.455,4.593,18
3,ws,weak,36,1549.706,4.593,19
3,ws,weak,37,1596.115,4.593,16
3,ws,weak,38,1646.253,4.593,20
3,ws,weak,39,1687.438,4.593,20
3,ws,weak,40,1726.773,4.593,19
3,ws,weak,41,1760.639,4.593,20
3,ws,weak,42,1800.986,4.593,17
3,ws,weak,43,1843.323,4.593,17
3,ws,weak,44,1891.414,4.593,15
3,ws,weak,45,1941.184,4.593,18
3,ws,weak,46,1974.744,4.593,19
3,ws,weak,47,2013.168,4.593,20
3,ws,weak,48,2058.382,4.593,19
3,ws,weak,49,2095.894,4.593,19
3,ws,weak,50,2143.765,4.593,19
3,ws,weak,51,2184.576,4.593,18
3,ws,weak,52,2218.345,4.593,17
3,ws,weak,53,2251.261,4.593,19
3,ws,weak,54,2283.665,4.593,18
3,ws,weak,55,2325.973,4.593,18
3,ws,weak,56,2363.275,4.593,18
3,ws,weak,57,2399.142,4.593,18
4,ws,weak,0,37.883,5.187,17
4,ws,weak,1,80.827,5.187,19
4,ws,weak,2,117.779,5.187,21
4,ws,weak,3,150.017,5.187,19
4,ws,weak,4,189.892,5.187,18
4,ws,weak,5,234.914,5.187,17
4,ws,weak,6,283.651,5.187,17
4,ws,weak,7,327.101,5.187,16
4,ws,weak,8,359.896,5.187,19
4,ws,weak,9,410.748,5.187,19
4,ws,weak,10,455.094,5.187,17
4,ws,weak,11,492.380,5.187,19
4,ws,weak,12,526.569,5.187,17
4,ws,weak,13,560.456,5.187,19
4,ws,weak,14,595.848,5.187,18
4,ws,weak,15,643.243,5.187,20
4,ws,weak,16,680.599,5.187,19
4,ws,weak,17,725.940,5.187,17
4,ws,weak,18,756.571,5.187,17
4,ws,weak,19,789.291,5.187,18
4,ws,weak,20,825.686,5.187,16
4,ws,weak,21,860.816,5.187,18
4,ws,weak,22,891.965,5.187,20
4,ws,weak,23,927.698,5.187,19
4,ws,weak,24,963.471,5.187,20
4,ws,weak,25,1010.186,5.187,18
4,ws,weak,26,1050.389,5.187,17
4,ws,weak,27,1101.222,5.187,19
4,ws,weak,28,1150.121,5.187,19
4,ws,weak,29,1197.046,5.187,15
4,ws,weak,30,1234.037,5.187,18
4,ws,weak,31,1272.144,5.187,19
4,ws,weak,32,1308.345,5.187,18
4,ws,weak,33,1340.635,5.187,18
4,ws,weak,34,1375.575,5.187,20
4,ws,weak,35,1410.043,5.187,19
4,ws,weak,36,1458.236,5.187,18
4,ws,weak,37,1491.722,5.187,19
4,ws,weak,38,1542.440,5.187,16
4,ws,weak,39,1591.232,5.187,20
4,ws,weak,40,1627.546,5.187,20
4,ws,weak,41,1665.614,5.187,19
4,ws,weak,42,1701.697,5.187,20
4,ws,weak,43,1740.724,5.187,17
4,ws,weak,44,1774.084,5.187,17
4,ws,weak,45,1812.636,5.187,15
4,ws,weak,46,1857.219,5.187,18
4,ws,weak,47,1907.605,5.187,19
4,ws,weak,48,1941.066,5.187,20
4,ws,weak,49,1984.458,5.187,19
4,ws,weak,50,2027.989,5.187,19
4,ws,weak,51,2066.667,5.187,19
4,ws,weak,52,2111.109,5.187,18
4,ws,weak,53,2149.698,5.187,17
4,ws,weak,54,2196.880,5.187,17
4,ws,weak,55,2245.668,5.187,18
4,ws,weak,56,2294.516,5.187,18
4,ws,weak,57,2326.903,5.187,18
4,ws,weak,58,2358.540,5.187,18
5,ws,weak,0,51.241,4.917,17
5,ws,weak,1,98.972,4.917,19
5,ws,weak,2,130.208,4.917,21
5,ws,weak,3,171.090,4.917,19
5,ws,weak,4,218.038,4.917,18
5,ws,weak,5,263.518,4.917,17
5,ws,weak,6,305.218,4.917,17
5,ws,weak,7,346.031,4.917,16
5,ws,weak,8,382.605,4.917,19
5,ws,weak,9,418.882,4.917,19
5,ws,weak,10,462.547,4.917,17
5,ws,weak,11,496.698,4.917,19
5,ws,weak,12,527.885,4.917,17
5,ws,weak,13,572.279,4.917,19
5,ws,weak,14,612.380,4.917,18
5,ws,weak,15,647.307,4.917,20
5,ws,weak,16,695.331,4.917,19
5,ws,weak,17,732.344,4.917,17
5,ws,weak,18,780.625,4.917,17
5,ws,weak,19,818.261,4.917,18
5,ws,weak,20,858.437,4.917,16
5,ws,weak,21,899.434,4.917,18
5,ws,weak,22,932.403,4.917,20
5,ws,weak,23,977.936,4.917,19
5,ws,weak,24,1027.168,4.917,20
5,ws,weak,25,1070.570,4.917,18
5,ws,weak,26,1114.978,4.917,17
5,ws,weak,27,1161.054,4.917,19
5,ws,weak,28,1207.873,4.917,19
5,ws,weak,29,1258.972,4.917,15
5,ws,weak,30,1309.242,4.917,18
5,ws,weak,31,1352.877,4.917,19
5,ws,weak,32,1384.218,4.917,18
5,ws,weak,33,1418.984,4.917,18
5,ws,weak,34,1451.393,4.917,20
5,ws,weak,35,1492.830,4.917,19
5,ws,weak,36,1538.855,4.917,18
5,ws,weak,37,1575.648,4.917,19
5,ws,weak,38,1615.730,4.917,16
5,ws,weak,39,1649.922,4.917,20
5,ws,weak,40,1686.328,4.917,20
5,ws,weak,41,1734.117,4.917,19
5,ws,weak,42,1767.032,4.917,20
5,ws,weak,43,1807.462,4.917,17
5,ws,weak,44,1843.223,4.917,17
5,ws,weak,45,1880.370,4.917,15
5,ws,weak,46,1914.406,4.917,18
5,ws,weak,47,1961.366,4.917,19
5,ws,weak,48,1998.133,4.917,20
5,ws,weak,49,2035.431,4.917,19
5,ws,weak,50,2081.752,4.917,19
5,ws,weak,51,2113.371,4.917,19
5,ws,weak,52,2154.894,4.917,18
5,ws,weak,53,2187.588,4.917,17
5,ws,weak,54,2233.724,4.917,17
5,ws,weak,55,2282.092,4.917,19
5,ws,weak,56,2325.024,4.917,18
5,ws,weak,57,2373.089,4.917,18
5,ws,weak,58,2404.768,4.917,18
5,ws,weak,59,2451.664,4.917,18
6,ws,weak,0,41.514,5.271,17
6,ws,weak,1,78.892,5.271,19
6,ws,weak,2,127.832,5.271,21
6,ws,weak,3,158.610,5.271,19
6,ws,weak,4,201.927,5.271,18
6,ws,weak,5,244.443,5.271,17
6,ws,weak,6,278.189,5.271,17
6,ws,weak,7,325.923,5.271,16
6,ws,weak,8,361.060,5.271,19
6,ws,weak,9,396.135,5.271,19
6,ws,weak,10,427.953,5.271,17
6,ws,weak,11,460.270,5.271,19
6,ws,weak,12,497.564,5.271,17
6,ws,weak,13,539.245,5.271,19
6,ws,weak,14,585.288,5.271,18
6,ws,weak,15,626.225,5.271,20
6,ws,weak,16,674.838,5.271,19
6,ws,weak,17,720.085,5.271,17
6,ws,weak,18,760.970,5.271,17
6,ws,weak,19,808.496,5.271,18
6,ws,weak,20,848.902,5.271,16
6,ws,weak,21,895.355,5.271,18
6,ws,weak,22,942.581,5.271,20
6,ws,weak,23,988.939,5.271,19
6,ws,weak,24,1020.067,5.271,20
6,ws,weak,25,1058.799,5.271,18
6,ws,weak,26,1104.190,5.271,17
6,ws,weak,27,1141.597,5.271,19
6,ws,weak,28,1192.634,5.271,19
6,ws,weak,29,1226.851,5.271,15
6,ws,weak,30,1260.527,5.271,18
6,ws,weak,31,1310.388,5.271,19
6,ws,weak,32,1343.104,5.271,18
6,ws,weak,33,1375.414,5.271,18
6,ws,weak,34,1415.426,5.271,20
6,ws,weak,35,1451.955,5.271,19
6,ws,weak,36,1502.280,5.271,18
6,ws,weak,37,1537.340,5.271,19
6,ws,weak,38,1570.895,5.271,16
6,ws,weak,39,1608.500,5.271,20
6,ws,weak,40,1657.865,5.271,20
6,ws,weak,41,1696.809,5.271,19
6,ws,weak,42,1746.650,5.271,20
6,ws,weak,43,1782.868,5.271,17
6,ws,weak,44,1816.073,5.271,17
6,ws,weak,45,1857.247,5.271,15
6,ws,weak,46,1896.487,5.271,18
6,ws,weak,47,1934.056,5.271,19
6,ws,weak,48,1978.262,5.271,20
6,ws,weak,49,2024.096,5.271,19
6,ws,weak,50,2072.819,5.271,19
6,ws,weak,51,2119.334,5.271,19
6,ws,weak,52,2168.807,5.271,18
6,ws,weak,53,2208.331,5.271,17
6,ws,weak,54,2247.072,5.271,17
6,ws,weak,55,2286.278,5.271,19
6,ws,weak,56,2330.125,5.271,18
6,ws,weak,57,2368.388,5.271,18
6,ws,weak,58,2409.956,5.271,18
6,ws,weak,59,2459.692,5.271,18
7,ws,weak,0,42.209,3.817,17
7,ws,weak,1,73.742,3.817,19
7,ws,weak,2,111.303,3.817,21
7,ws,weak,3,158.615,3.817,19
7,ws,weak,4,205.979,3.817,18
7,ws,weak,5,237.587,3.817,17
7,ws,weak,6,281.702,3.817,16
7,ws,weak,7,324.790,3.817,19
7,ws,weak,8,369.950,3.817,19
7,ws,weak,9,416.568,3.817,17
7,ws,weak,10,455.939,3.817,19
7,ws,weak,11,492.858,3.817,17
7,ws,weak,12,541.609,3.817,19
7,ws,weak,13,577.960,3.817,18
7,ws,weak,14,620.282,3.817,20
7,ws,weak,15,658.308,3.817,19
7,ws,weak,16,689.685,3.817,17
7,ws,weak,17,735.945,3.817,17
7,ws,weak,18,779.199,3.817,18
7,ws,weak,19,827.858,3.817,16
7,ws,weak,20,872.561,3.817,18
7,ws,weak,21,913.280,3.817,20
7,ws,weak,22,956.159,3.817,19
7,ws,weak,23,987.755,3.817,20
7,ws,weak,24,1026.572,3.817,18
7,ws,weak,25,1061.866,3.817,17
7,ws,weak,26,1102.526,3.817,19
7,ws,weak,27,1138.894,3.817,19
7,ws,weak,28,1189.048,3.817,15
7,ws,weak,29,1228.182,3.817,18
7,ws,weak,30,1269.362,3.817,19
7,ws,weak,31,1316.853,3.817,18
7,ws,weak,32,1353.182,3.817,18
7,ws,weak,33,1386.338,3.817,20
7,ws,weak,34,1417.461,3.817,19
7,ws,weak,35,1460.734,3.817,18
7,ws,weak,36,1504.468,3.817,19
7,ws,weak,37,1544.523,3.817,16
7,ws,weak,38,1583.252,3.817,20
7,ws,weak,39,1626.721,3.817,20
7,ws,weak,40,1671.318,3.817,19
7,ws,weak,41,1704.545,3.817,20
7,ws,weak,42,1748.887,3.817,17
7,ws,weak,43,1792.970,3.817,17
7,ws,weak,44,1828.802,3.817,15
7,ws,weak,45,1874.513,3.817,18
7,ws,weak,46,1917.116,3.817,19
7,ws,weak,47,1956.823,3.817,20
7,ws,weak,48,2006.968,3.817,19
7,ws,weak,49,2048.803,3.817,19
7,ws,weak,50,2083.530,3.817,19
7,ws,weak,51,2115.253,3.817,18
7,ws,weak,52,2157.467,3.817,17
7,ws,weak,53,2203.277,3.817,17
7,ws,weak,54,2241.735,3.817,19
7,ws,weak,55,2279.352,3.817,18
7,ws,weak,56,2324.208,3.817,18
7,ws,weak,57,2359.095,3.817,18
7,ws,weak,58,2392.819,3.817,18
8,ws,weak,0,48.548,5.428,17
8,ws,weak,1,95.799,5.428,19
8,ws,weak,2,134.117,5.428,21
8,ws,weak,3,174.051,5.428,19
8,ws,weak,4,213.757,5.428,18
8,ws,weak,5,259.109,5.428,17
8,ws,weak,6,306.805,5.428,17
8,ws,weak,7,345.777,5.428,16
8,ws,weak,8,381.955,5.428,19
8,ws,weak,9,429.462,5.428,19
8,ws,weak,10,467.567,5.428,17
8,ws,weak,11,515.488,5.428,19
8,ws,weak,12,566.462,5.428,17
8,ws,weak,13,604.729,5.428,19
8,ws,weak,14,646.299,5.428,18
8,ws,weak,15,697.349,5.428,20
8,ws,weak,16,747.870,5.428,19
8,ws,weak,17,793.628,5.428,17
8,ws,weak,18,841.414,5.428,17
8,ws,weak,19,889.198,5.428,18
8,ws,weak,20,924.902,5.428,16
8,ws,weak,21,966.496,5.428,18
8,ws,weak,22,998.196,5.428,20
8,ws,weak,23,1037.766,5.428,19
8,ws,weak,24,1070.355,5.428,20
8,ws,weak,25,1117.286,5.428,18
8,ws,weak,26,1154.709,5.428,17
8,ws,weak,27,1189.852,5.428,19
8,ws,weak,28,1223.141,5.428,19
8,ws,weak,29,1262.928,5.428,15
8,ws,weak,30,1298.999,5.428,18
8,ws,weak,31,1339.255,5.428,19
8,ws,weak,32,1380.729,5.428,18
8,ws,weak,33,1427.652,5.428,18
8,ws,weak,34,1467.314,5.428,20
8,ws,weak,35,1500.886,5.428,19
8,ws,weak,36,1541.782,5.428,18
8,ws,weak,37,1573.844,5.428,19
8,ws,weak,38,1608.657,5.428,16
8,ws,weak,39,1652.473,5.428,20
8,ws,weak,40,1686.858,5.428,20
8,ws,weak,41,1733.105,5.428,19
8,ws,weak,42,1778.558,5.428,20
8,ws,weak,43,1822.523,5.428,17
8,ws,weak,44,1864.990,5.428,17
8,ws,weak,45,1915.546,5.428,15
8,ws,weak,46,1955.790,5.428,18
8,ws,weak,47,1996.659,5.428,19
8,ws,weak,48,2028.311,5.428,20
8,ws,weak,49,2070.487,5.428,19
8,ws,weak,50,2110.470,5.428,19
8,ws,weak,51,2156.976,5.428,19
8,ws,weak,52,2193.324,5.428,18
8,ws,weak,53,2239.269,5.428,17
8,ws,weak,54,2284.079,5.428,17
8,ws,weak,55,2329.884,5.428,19
8,ws,weak,56,2376.777,5.428,18
8,ws,weak,57,2422.612,5.428,18
8,ws,weak,58,2454.200,5.428,18
8,ws,weak,59,2504.668,5.428,18
9,ws,weak,0,39.902,4.599,17
9,ws,weak,1,88.763,4.599,19
9,ws,weak,2,126.170,4.599,21
9,ws,weak,3,176.040,4.599,19
9,ws,weak,4,218.149,4.599,18
9,ws,weak,5,263.189,4.599,17
9,ws,weak,6,300.463,4.599,17
9,ws,weak,7,344.321,4.599,16
9,ws,weak,8,376.571,4.599,19
9,ws,weak,9,420.229,4.599,19
9,ws,weak,10,451.808,4.599,17
9,ws,weak,11,496.897,4.599,19
9,ws,weak,12,531.779,4.599,17
9,ws,weak,13,568.135,4.599,19
9,ws,weak,14,606.924,4.599,18
9,ws,weak,15,650.412,4.599,20
9,ws,weak,16,694.463,4.599,19
9,ws,weak,17,732.827,4.599,17
9,ws,weak,18,781.776,4.599,17
9,ws,weak,19,831.652,4.599,18
9,ws,weak,20,875.245,4.599,16
9,ws,weak,21,910.322,4.599,18
9,ws,weak,22,958.218,4.599,20
9,ws,weak,23,989.155,4.599,19
9,ws,weak,24,1026.824,4.599,20
9,ws,weak,25,1069.683,4.599,18
9,ws,weak,26,1113.966,4.599,17
9,ws,weak,27,1163.407,4.599,19
9,ws,weak,28,1211.721,4.599,19
9,ws,weak,29,1247.972,4.599,15
9,ws,weak,30,1281.778,4.599,18
9,ws,weak,31,1317.013,4.599,19
9,ws,weak,32,1351.416,4.599,18
9,ws,weak,33,1383.228,4.599,18
9,ws,weak,34,1427.544,4.599,20
9,ws,weak,35,1462.453,4.599,19
9,ws,weak,36,1498.608,4.599,18
9,ws,weak,37,1532.505,4.599,19
9,ws,weak,38,1577.355,4.599,16
9,ws,weak,39,1615.174,4.599,20
9,ws,weak,40,1663.060,4.599,20
9,ws,weak,41,1713.766,4.599,19
9,ws,weak,42,1764.354,4.599,20
9,ws,weak,43,1805.688,4.599,17
9,ws,weak,44,1847.980,4.599,17
9,ws,weak,45,1894.985,4.599,15
9,ws,weak,46,1945.987,4.599,18
9,ws,weak,47,1983.720,4.599,19
9,ws,weak,48,2016.798,4.599,20
9,ws,weak,49,2048.115,4.599,19
9,ws,weak,50,2096.004,4.599,19
9,ws,weak,51,2130.282,4.599,18
9,ws,weak,52,2181.335,4.599,17
9,ws,weak,53,2225.031,4.599,17
9,ws,weak,54,2261.353,4.599,19
9,ws,weak,55,2311.970,4.599,18
9,ws,weak,56,2349.168,4.599,18
9,ws,weak,57,2392.185,4.599,18
9,ws,weak,58,2433.011,4.599,18
10,ws,weak,0,38.117,4.459,17
10,ws,weak,1,88.015,4.459,19
10,ws,weak,2,121.137,4.459,21
10,ws,weak,3,156.442,4.459,19
10,ws,weak,4,187.834,4.459,18
10,ws,weak,5,235.953,4.459,17
10,ws,weak,6,274.261,4.459,17
10,ws,weak,7,319.444,4.459,16
10,ws,weak,8,353.109,4.459,19
10,ws,weak,9,401.128,4.459,17
10,ws,weak,10,433.226,4.459,19
10,ws,weak,11,471.237,4.459,17
10,ws,weak,12,505.541,4.459,19
10,ws,weak,13,546.096,4.459,18
10,ws,weak,14,586.749,4.459,20
10,ws,weak,15,632.544,4.459,19
10,ws,weak,16,674.305,4.459,17
10,ws,weak,17,720.576,4.459,17
10,ws,weak,18,754.641,4.459,18
10,ws,weak,19,804.089,4.459,16
10,ws,weak,20,838.230,4.459,18
10,ws,weak,21,880.303,4.459,20
10,ws,weak,22,922.956,4.459,19
10,ws,weak,23,970.699,4.459,20
10,ws,weak,24,1018.064,4.459,18
10,ws,weak,25,1051.412,4.459,17
10,ws,weak,26,1093.435,4.459,19
10,ws,weak,27,1137.004,4.459,19
10,ws,weak,28,1177.037,4.459,15
10,ws,weak,29,1217.147,4.459,18
10,ws,weak,30,1260.671,4.459,19
10,ws,weak,31,1302.647,4.459,18
10,ws,weak,32,1346.477,4.459,18
10,ws,weak,33,1380.851,4.459,20
10,ws,weak,34,1431.407,4.459,19
10,ws,weak,35,1470.605,4.459,18
10,ws,weak,36,1505.094,4.459,19
10,ws,weak,37,1550.250,4.459,16
10,ws,weak,38,1595.276,4.459,20
10,ws,weak,39,1628.753,4.459,20
10,ws,weak,40,1667.696,4.459,19
10,ws,weak,41,1715.657,4.459,20
10,ws,weak,42,1747.412,4.459,17
10,ws,weak,43,1785.621,4.459,17
10,ws,weak,44,1820.244,4.459,15
10,ws,weak,45,1863.970,4.459,18
10,ws,weak,46,1913.853,4.459,19
10,ws,weak,47,1961.887,4.459,20
10,ws,weak,48,2012.353,4.459,19
10,ws,weak,49,2062.443,4.459,19
10,ws,weak,50,2102.177,4.459,19
10,ws,weak,51,2153.054,4.459,18
10,ws,weak,52,2194.578,4.459,17
10,ws,weak,53,2243.835,4.459,17
10,ws,weak,54,2278.456,4.459,19
10,ws,weak,55,2329.082,4.459,18
10,ws,weak,56,2372.509,4.459,18
10,ws,weak,57,2414.312,4.459,18
10,ws,weak,58,2459.294,4.459,18
11,ws,weak,0,48.540,4.549,17
11,ws,weak,1,93.609,4.549,19
11,ws,weak,2,133.926,4.549,21
11,ws,weak,3,178.415,4.549,19
11,ws,weak,4,226.979,4.549,18
11,ws,weak,5,264.338,4.549,17
11,ws,weak,6,309.809,4.549,17
11,ws,weak,7,343.467,4.549,16
11,ws,weak,8,383.279,4.549,19
11,ws,weak,9,434.336,4.549,19
11,ws,weak,10,466.443,4.549,17
11,ws,weak,11,514.039,4.549,19
11,ws,weak,12,559.562,4.549,17
11,ws,weak,13,601.813,4.549,19
11,ws,weak,14,642.920,4.549,18
11,ws,weak,15,674.702,4.549,20
11,ws,weak,16,714.953,4.549,19
11,ws,weak,17,748.235,4.549,17
11,ws,weak,18,788.831,4.549,17
11,ws,weak,19,820.928,4.549,18
11,ws,weak,20,858.391,4.549,16
11,ws,weak,21,905.775,4.549,18
11,ws,weak,22,944.015,4.549,20
11,ws,weak,23,984.448,4.549,19
11,ws,weak,24,1023.014,4.549,20
11,ws,weak,25,1057.996,4.549,18
11,ws,weak,26,1103.359,4.549,17
11,ws,weak,27,1144.877,4.549,19
11,ws,weak,28,1188.897,4.549,19
11,ws,weak,29,1236.200,4.549,15
11,ws,weak,30,1281.779,4.549,18
11,ws,weak,31,1321.879,4.549,19
11,ws,weak,32,1357.160,4.549,18
11,ws,weak,33,1401.004,4.549,18
11,ws,weak,34,1451.133,4.549,20
11,ws,weak,35,1487.080,4.549,19
11,ws,weak,36,1530.125,4.549,18
11,ws,weak,37,1576.962,4.549,19
11,ws,weak,38,1627.845,4.549,16
11,ws,weak,39,1678.493,4.549,20
11,ws,weak,40,1713.428,4.549,20
11,ws,weak,41,1755.248,4.549,19
11,ws,weak,42,1802.831,4.549,20
11,ws,weak,43,1837.965,4.549,17
11,ws,weak,44,1880.919,4.549,17
11,ws,weak,45,1915.797,4.549,15
11,ws,weak,46,1957.837,4.549,18
11,ws,weak,47,1997.557,4.549,19
11,ws,weak,48,2038.250,4.549,20
11,ws,weak,49,2088.721,4.549,19
11,ws,weak,50,2133.010,4.549,19
11,ws,weak,51,2170.451,4.549,19
11,ws,weak,52,2217.933,4.549,18
11,ws,weak,53,2254.107,4.549,17
11,ws,weak,54,2304.899,4.549,17
11,ws,weak,55,2339.057,4.549,19
11,ws,weak,56,2373.158,4.549,18
11,ws,weak,57,2404.835,4.549,18
11,ws,weak,58,2436.101,4.549,18
11,ws,weak,59,2481.875,4.549,18
12,ws,weak,0,41.121,5.193,17
12,ws,weak,1,88.159,5.193,19
12,ws,weak,2,126.108,5.193,21
12,ws,weak,3,169.593,5.193,19
12,ws,weak,4,208.495,5.193,18
12,ws,weak,5,243.626,5.193,17
12,ws,weak,6,286.213,5.193,17
12,ws,weak,7,327.717,5.193,16
12,ws,weak,8,372.265,5.193,19
12,ws,weak,9,418.058,5.193,19
12,ws,weak,10,452.558,5.193,17
12,ws,weak,11,502.277,5.193,19
12,ws,weak,12,545.242,5.193,17
12,ws,weak,13,581.830,5.193,19
12,ws,weak,14,626.031,5.193,18
12,ws,weak,15,668.391,5.193,20
12,ws,weak,16,699.742,5.193,19
12,ws,weak,17,750.454,5.193,17
12,ws,weak,18,799.848,5.193,17
12,ws,weak,19,832.370,5.193,18
12,ws,weak,20,877.654,5.193,16
12,ws,weak,21,927.356,5.193,18
12,ws,weak,22,972.092,5.193,20
12,ws,weak,23,1004.189,5.193,19
12,ws,weak,24,1046.293,5.193,20
12,ws,weak,25,1091.744,5.193,18
12,ws,weak,26,1126.587,5.193,17
12,ws,weak,27,1170.836,5.193,19
12,ws,weak,28,1218.853,5.193,19
12,ws,weak,29,1257.802,5.193,15
12,ws,weak,30,1298.891,5.193,18
12,ws,weak,31,1346.550,5.193,19
12,ws,weak,32,1396.342,5.193,18
12,ws,weak,33,1437.924,5.193,18
12,ws,weak,34,1475.186,5.193,20
12,ws,weak,35,1509.541,5.193,19
12,ws,weak,36,1551.848,5.193,18
12,ws,weak,37,1600.856,5.193,19
12,ws,weak,38,1643.013,5.193,16
12,ws,weak,39,1688.757,5.193,20
12,ws,weak,40,1732.623,5.193,20
12,ws,weak,41,1771.301,5.193,19
12,ws,weak,42,1805.507,5.193,20
12,ws,weak,43,1845.951,5.193,17
12,ws,weak,44,1891.233,5.193,17
12,ws,weak,45,1935.106,5.193,15
12,ws,weak,46,1979.366,5.193,18
12,ws,weak,47,2023.900,5.193,19
12,ws,weak,48,2056.493,5.193,20
12,ws,weak,49,2094.542,5.193,19
12,ws,weak,50,2140.625,5.193,19
12,ws,weak,51,2191.759,5.193,19
12,ws,weak,52,2223.230,5.193,18
12,ws,weak,53,2259.802,5.193,17
12,ws,weak,54,2307.781,5.193,17
12,ws,weak,55,2340.801,5.193,19
12,ws,weak,56,2377.282,5.193,18
12,ws,weak,57,2423.205,5.193,18
12,ws,weak,58,2455.999,5.193,18
12,ws,weak,59,2504.048,5.193,18
13,ws,weak,0,46.902,4.486,17
13,ws,weak,1,92.518,4.486,19
13,ws,weak,2,133.933,4.486,21
13,ws,weak,3,165.636,4.486,19
13,ws,weak,4,206.695,4.486,18
13,ws,weak,5,239.887,4.486,17
13,ws,weak,6,277.943,4.486,17
13,ws,weak,7,326.118,4.486,16
13,ws,weak,8,369.697,4.486,19
13,ws,weak,9,401.271,4.486,19
13,ws,weak,10,435.211,4.486,17
13,ws,weak,11,483.874,4.486,19
13,ws,weak,12,519.946,4.486,17
13,ws,weak,13,551.266,4.486,19
13,ws,weak,14,602.257,4.486,18
13,ws,weak,15,652.397,4.486,20
13,ws,weak,16,698.968,4.486,19
13,ws,weak,17,743.064,4.486,17
13,ws,weak,18,785.230,4.486,17
13,ws,weak,19,827.813,4.486,18
13,ws,weak,20,863.398,4.486,16
13,ws,weak,21,911.945,4.486,18
13,ws,weak,22,943.654,4.486,20
13,ws,weak,23,977.279,4.486,19
13,ws,weak,24,1026.062,4.486,20
13,ws,weak,25,1069.415,4.486,18
13,ws,weak,26,1109.646,4.486,17
13,ws,weak,27,1154.807,4.486,19
13,ws,weak,28,1187.413,4.486,19
13,ws,weak,29,1227.915,4.486,15
13,ws,weak,30,1269.693,4.486,18
13,ws,weak,31,1311.942,4.486,18
13,ws,weak,32,1355.168,4.486,18
13,ws,weak,33,1387.586,4.486,20
13,ws,weak,34,1420.199,4.486,19
13,ws,weak,35,1468.693,4.486,18
13,ws,weak,36,1503.227,4.486,19
13,ws,weak,37,1540.656,4.486,16
13,ws,weak,38,1577.324,4.486,20
13,ws,weak,39,1614.227,4.486,20
13,ws,weak,40,1646.779,4.486,19
13,ws,weak,41,1694.503,4.486,20
13,ws,weak,42,1727.978,4.486,17
13,ws,weak,43,1778.536,4.486,17
13,ws,weak,44,1816.212,4.486,15
13,ws,weak,45,1859.674,4.486,18
13,ws,weak,46,1909.831,4.486,19
13,ws,weak,47,1941.150,4.486,20
13,ws,weak,48,1972.875,4.486,19
13,ws,weak,49,2007.998,4.486,19
13,ws,weak,50,2046.818,4.486,19
13,ws,weak,51,2083.488,4.486,18
13,ws,weak,52,2120.259,4.486,17
13,ws,weak,53,2153.189,4.486,17
13,ws,weak,54,2194.753,4.486,19
13,ws,weak,55,2240.546,4.486,18
13,ws,weak,56,2274.871,4.486,18
13,ws,weak,57,2307.061,4.486,18
13,ws,weak,58,2353.272,4.486,18
14,ws,weak,0,53.815,3.882,17
14,ws,weak,1,91.901,3.882,19
14,ws,weak,2,126.893,3.882,21
14,ws,weak,3,172.456,3.882,19
14,ws,weak,4,211.969,3.882,18
14,ws,weak,5,246.341,3.882,17
14,ws,weak,6,296.328,3.882,17
14,ws,weak,7,332.666,3.882,16
14,ws,weak,8,373.592,3.882,19
14,ws,weak,9,414.753,3.882,19
14,ws,weak,10,453.478,3.882,17
14,ws,weak,11,498.038,3.882,19
14,ws,weak,12,543.150,3.882,17
14,ws,weak,13,577.529,3.882,19
14,ws,weak,14,618.753,3.882,18
14,ws,weak,15,664.742,3.882,20
14,ws,weak,16,698.127,3.882,19
14,ws,weak,17,734.326,3.882,17
14,ws,weak,18,772.416,3.882,17
14,ws,weak,19,812.068,3.882,18
14,ws,weak,20,845.770,3.882,16
14,ws,weak,21,888.718,3.882,18
14,ws,weak,22,927.251,3.882,20
14,ws,weak,23,978.358,3.882,19
14,ws,weak,24,1018.830,3.882,20
14,ws,weak,25,1065.451,3.882,18
14,ws,weak,26,1097.696,3.882,17
14,ws,weak,27,1138.778,3.882,19
14,ws,weak,28,1171.130,3.882,19
14,ws,weak,29,1215.265,3.882,15
14,ws,weak,30,1254.080,3.882,18
14,ws,weak,31,1304.910,3.882,19
14,ws,weak,32,1344.971,3.882,18
14,ws,weak,33,1382.943,3.882,18
14,ws,weak,34,1417.648,3.882,20
14,ws,weak,35,1452.667,3.882,19
14,ws,weak,36,1496.861,3.882,18
14,ws,weak,37,1535.100,3.882,19
14,ws,weak,38,1568.914,3.882,16
14,ws,weak,39,1604.765,3.882,20
14,ws,weak,40,1653.950,3.882,20
14,ws,weak,41,1687.377,3.882,19
14,ws,weak,42,1731.137,3.882,20
14,ws,weak,43,1776.647,3.882,17
14,ws,weak,44,1810.695,3.882,17
14,ws,weak,45,1841.334,3.882,15
14,ws,weak,46,1872.704,3.882,18
14,ws,weak,47,1913.257,3.882,19
14,ws,weak,48,1961.251,3.882,20
14,ws,weak,49,1999.022,3.882,19
14,ws,weak,50,2031.799,3.882,19
14,ws,weak,51,2071.668,3.882,19
14,ws,weak,52,2105.827,3.882,18
14,ws,weak,53,2154.401,3.882,17
14,ws,weak,54,2203.828,3.882,17
14,ws,weak,55,2235.351,3.882,19
14,ws,weak,56,2272.583,3.882,18
14,ws,weak,57,2321.847,3.882,18
14,ws,weak,58,2362.756,3.882,18
14,ws,weak,59,2398.179,3.882,18
15,ws,weak,0,37.558,5.137,17
15,ws,weak,1,70.195,5.137,19
15,ws,weak,2,111.662,5.137,21
15,ws,weak,3,147.840,5.137,19
15,ws,weak,4,187.736,5.137,18
15,ws,weak,5,234.259,5.137,17
15,ws,weak,6,273.920,5.137,17
15,ws,weak,7,316.538,5.137,16
15,ws,weak,8,360.903,5.137,19
15,ws,weak,9,404.497,5.137,19
15,ws,weak,10,451.339,5.137,17
15,ws,weak,11,500.749,5.137,19
15,ws,weak,12,545.302,5.137,17
15,ws,weak,13,585.473,5.137,19
15,ws,weak,14,619.406,5.137,18
15,ws,weak,15,655.581,5.137,20
15,ws,weak,16,702.818,5.137,19
15,ws,weak,17,739.720,5.137,17
15,ws,weak,18,787.352,5.137,17
15,ws,weak,19,823.649,5.137,18
15,ws,weak,20,859.314,5.137,16
15,ws,weak,21,892.029,5.137,18
15,ws,weak,22,934.951,5.137,20
15,ws,weak,23,971.613,5.137,19
15,ws,weak,24,1005.640,5.137,20
15,ws,weak,25,1037.890,5.137,18
15,ws,weak,26,1085.154,5.137,17
15,ws,weak,27,1124.603,5.137,19
15,ws,weak,28,1166.464,5.137,19
15,ws,weak,29,1200.477,5.137,15
15,ws,weak,30,1233.113,5.137,18
15,ws,weak,31,1279.791,5.137,19
15,ws,weak,32,1328.279,5.137,18
15,ws,weak,33,1374.018,5.137,18
15,ws,weak,34,1416.156,5.137,20
15,ws,weak,35,1462.775,5.137,19
15,ws,weak,36,1510.906,5.137,18
15,ws,weak,37,1544.602,5.137,19
15,ws,weak,38,1585.684,5.137,16
15,ws,weak,39,1635.512,5.137,20
15,ws,weak,40,1668.334,5.137,20
15,ws,weak,41,1712.906,5.137,19
15,ws,weak,42,1753.746,5.137,20
15,ws,weak,43,1802.173,5.137,17
15,ws,weak,44,1845.200,5.137,17
15,ws,weak,45,1895.199,5.137,15
15,ws,weak,46,1929.184,5.137,18
15,ws,weak,47,1962.276,5.137,19
15,ws,weak,48,2005.933,5.137,20
15,ws,weak,49,2039.814,5.137,19
15,ws,weak,50,2076.118,5.137,19
15,ws,weak,51,2111.746,5.137,19
15,ws,weak,52,2146.178,5.137,18
15,ws,weak,53,2188.069,5.137,17
15,ws,weak,54,2224.274,5.137,17
15,ws,weak,55,2269.869,5.137,19
15,ws,weak,56,2311.406,5.137,18
15,ws,weak,57,2348.761,5.137,18
15,ws,weak,58,2396.702,5.137,18
15,ws,weak,59,2433.382,5.137,18
16,ws,weak,0,39.611,1.766,17
16,ws,weak,1,84.444,1.766,19
16,ws,weak,2,125.353,1.766,21
16,ws,weak,3,172.766,1.766,19
16,ws,weak,4,217.688,1.766,18
16,ws,weak,5,263.951,1.766,17
16,ws,weak,6,312.543,1.766,17
16,ws,weak,7,344.021,1.766,16
16,ws,weak,8,390.814,1.766,19
16,ws,weak,9,423.116,1.766,19
16,ws,weak,10,464.713,1.766,17
16,ws,weak,11,498.533,1.766,19
16,ws,weak,12,537.402,1.766,17
16,ws,weak,13,584.336,1.766,19
16,ws,weak,14,628.521,1.766,18
16,ws,weak,15,679.106,1.766,20
16,ws,weak,16,723.398,1.766,19
16,ws,weak,17,758.616,1.766,17
16,ws,weak,18,790.458,1.766,17
16,ws,weak,19,835.508,1.766,18
16,ws,weak,20,874.335,1.766,16
16,ws,weak,21,913.296,1.766,18
16,ws,weak,22,946.903,1.766,20
16,ws,weak,23,992.914,1.766,19
16,ws,weak,24,1038.367,1.766,20
16,ws,weak,25,1080.587,1.766,18
16,ws,weak,26,1127.365,1.766,17
16,ws,weak,27,1165.864,1.766,19
16,ws,weak,28,1199.336,1.766,19
16,ws,weak,29,1236.996,1.766,15
16,ws,weak,30,1279.354,1.766,18
16,ws,weak,31,1314.257,1.766,19
16,ws,weak,32,1348.105,1.766,18
16,ws,weak,33,1389.516,1.766,20
16,ws,weak,34,1435.968,1.766,19
16,ws,weak,35,1483.689,1.766,18
16,ws,weak,36,1529.434,1.766,19
16,ws,weak,37,1575.081,1.766,16
16,ws,weak,38,1617.991,1.766,20
16,ws,weak,39,1666.018,1.766,20
16,ws,weak,40,1708.410,1.766,19
16,ws,weak,41,1745.057,1.766,20
16,ws,weak,42,1789.681,1.766,17
16,ws,weak,43,1831.029,1.766,17
16,ws,weak,44,1882.080,1.766,15
16,ws,weak,45,1927.148,1.766,18
16,ws,weak,46,1958.276,1.766,19
16,ws,weak,47,1995.302,1.766,20
16,ws,weak,48,2040.487,1.766,19
16,ws,weak,49,2083.131,1.766,19
16,ws,weak,50,2125.131,1.766,19
16,ws,weak,51,2173.362,1.766,18
16,ws,weak,52,2219.629,1.766,17
16,ws,weak,53,2253.308,1.766,17
16,ws,weak,54,2288.645,1.766,19
16,ws,weak,55,2336.956,1.766,18
16,ws,weak,56,2387.338,1.766,18
16,ws,weak,57,2426.351,1.766,18
16,ws,weak,58,2471.096,1.766,18
17,ws,weak,0,53.455,4.678,17
17,ws,weak,1,98.443,4.678,19
17,ws,weak,2,134.491,4.678,21
17,ws,weak,3,180.935,4.678,19
17,ws,weak,4,214.434,4.678,18
17,ws,weak,5,265.116,4.678,17
17,ws,weak,6,310.723,4.678,17
17,ws,weak,7,356.422,4.678,16
17,ws,weak,8,398.358,4.678,19
17,ws,weak,9,439.574,4.678,19
17,ws,weak,10,483.398,4.678,17
17,ws,weak,11,525.320,4.678,19
17,ws,weak,12,559.745,4.678,17
17,ws,weak,13,603.997,4.678,19
17,ws,weak,14,646.172,4.678,18
17,ws,weak,15,696.021,4.678,20
17,ws,weak,16,747.071,4.678,19
17,ws,weak,17,785.707,4.678,17
17,ws,weak,18,819.100,4.678,17
17,ws,weak,19,853.460,4.678,18
17,ws,weak,20,893.445,4.678,16
17,ws,weak,21,935.744,4.678,18
17,ws,weak,22,972.418,4.678,20
17,ws,weak,23,1016.420,4.678,19
17,ws,weak,24,1053.412,4.678,20
17,ws,weak,25,1100.552,4.678,18
17,ws,weak,26,1136.856,4.678,17
17,ws,weak,27,1179.891,4.678,19
17,ws,weak,28,1219.132,4.678,19
17,ws,weak,29,1256.726,4.678,15
17,ws,weak,30,1300.906,4.678,18
17,ws,weak,31,1335.963,4.678,19
17,ws,weak,32,1384.769,4.678,18
17,ws,weak,33,1419.146,4.678,18
17,ws,weak,34,1470.056,4.678,20
17,ws,weak,35,1513.446,4.678,19
17,ws,weak,36,1556.082,4.678,18
17,ws,weak,37,1603.998,4.678,19
17,ws,weak,38,1636.305,4.678,16
17,ws,weak,39,1686.321,4.678,20
17,ws,weak,40,1725.094,4.678,20
17,ws,weak,41,1765.017,4.678,19
17,ws,weak,42,1811.011,4.678,20
17,ws,weak,43,1858.418,4.678,17
17,ws,weak,44,1899.574,4.678,17
17,ws,weak,45,1949.699,4.678,15
17,ws,weak,46,1983.094,4.678,18
17,ws,weak,47,2031.418,4.678,19
17,ws,weak,48,2075.779,4.678,20
17,ws,weak,49,2115.647,4.678,19
17,ws,weak,50,2148.493,4.678,19
17,ws,weak,51,2183.503,4.678,19
17,ws,weak,52,2220.531,4.678,18
17,ws,weak,53,2262.155,4.678,17
17,ws,weak,54,2298.538,4.678,17
17,ws,weak,55,2335.328,4.678,19
17,ws,weak,56,2375.019,4.678,18
17,ws,weak,57,2419.300,4.678,18
17,ws,weak,58,2456.832,4.678,18
17,ws,weak,59,2489.658,4.678,18
18,ws,weak,0,46.946,3.116,17
18,ws,weak,1,78.668,3.116,19
18,ws,weak,2,119.117,3.116,21
18,ws,weak,3,160.468,3.116,19
18,ws,weak,4,194.887,3.116,18
18,ws,weak,5,232.028,3.116,17
18,ws,weak,6,266.169,3.116,17
18,ws,weak,7,300.774,3.116,16
18,ws,weak,8,337.403,3.116,19
18,ws,weak,9,371.008,3.116,19
18,ws,weak,10,407.897,3.116,17
18,ws,weak,11,440.902,3.116,19
18,ws,weak,12,487.777,3.116,17
18,ws,weak,13,519.070,3.116,19
18,ws,weak,14,564.832,3.116,18
18,ws,weak,15,611.586,3.116,20
18,ws,weak,16,649.374,3.116,19
18,ws,weak,17,693.040,3.116,17
18,ws,weak,18,735.513,3.116,17
18,ws,weak,19,775.697,3.116,18
18,ws,weak,20,809.522,3.116,16
18,ws,weak,21,848.475,3.116,18
18,ws,weak,22,889.369,3.116,20
18,ws,weak,23,939.740,3.116,19
18,ws,weak,24,971.045,3.116,20
18,ws,weak,25,1015.397,3.116,18
18,ws,weak,26,1062.814,3.116,17
18,ws,weak,27,1101.861,3.116,19
18,ws,weak,28,1138.787,3.116,19
18,ws,weak,29,1176.097,3.116,15
18,ws,weak,30,1214.258,3.116,18
18,ws,weak,31,1264.935,3.116,19
18,ws,weak,32,1303.085,3.116,18
18,ws,weak,33,1351.716,3.116,18
18,ws,weak,34,1400.991,3.116,20
18,ws,weak,35,1448.941,3.116,19
18,ws,weak,36,1492.725,3.116,18
18,ws,weak,37,1536.484,3.116,19
18,ws,weak,38,1586.246,3.116,16
18,ws,weak,39,1630.013,3.116,20
18,ws,weak,40,1666.642,3.116,20
18,ws,weak,41,1713.710,3.116,19
18,ws,weak,42,1753.466,3.116,20
18,ws,weak,43,1797.720,3.116,17
18,ws,weak,44,1841.574,3.116,17
18,ws,weak,45,1891.023,3.116,15
18,ws,weak,46,1926.374,3.116,18
18,ws,weak,47,1961.148,3.116,19
18,ws,weak,48,2011.298,3.116,20
18,ws,weak,49,2043.604,3.116,19
18,ws,weak,50,2082.896,3.116,19
18,ws,weak,51,2131.395,3.116,19
18,ws,weak,52,2171.025,3.116,18
18,ws,weak,53,2217.521,3.116,17
18,ws,weak,54,2248.747,3.116,17
18,ws,weak,55,2299.444,3.116,19
18,ws,weak,56,2339.435,3.116,18
18,ws,weak,57,2382.885,3.116,18
18,ws,weak,58,2427.982,3.116,18
19,ws,weak,0,53.616,4.554,17
19,ws,weak,1,89.077,4.554,19
19,ws,weak,2,125.613,4.554,21
19,ws,weak,3,168.177,4.554,19
19,ws,weak,4,214.023,4.554,18
19,ws,weak,5,252.105,4.554,17
19,ws,weak,6,300.063,4.554,17
19,ws,weak,7,341.110,4.554,16
19,ws,weak,8,376.713,4.554,19
19,ws,weak,9,415.940,4.554,19
19,ws,weak,10,455.269,4.554,17
19,ws,weak,11,499.475,4.554,19
19,ws,weak,12,542.655,4.554,17
19,ws,weak,13,578.131,4.554,19
19,ws,weak,14,609.472,4.554,18
19,ws,weak,15,657.486,4.554,20
19,ws,weak,16,690.224,4.554,19
19,ws,weak,17,721.473,4.554,17
19,ws,weak,18,763.365,4.554,17
19,ws,weak,19,809.439,4.554,18
19,ws,weak,20,849.265,4.554,16
19,ws,weak,21,892.169,4.554,18
19,ws,weak,22,941.812,4.554,20
19,ws,weak,23,977.352,4.554,19
19,ws,weak,24,1019.221,4.554,20
19,ws,weak,25,1059.108,4.554,18
19,ws,weak,26,1097.416,4.554,17
19,ws,weak,27,1146.792,4.554,19
19,ws,weak,28,1196.264,4.554,19
19,ws,weak,29,1239.235,4.554,15
19,ws,weak,30,1272.855,4.554,18
19,ws,weak,31,1315.498,4.554,19
19,ws,weak,32,1346.837,4.554,18
19,ws,weak,33,1382.540,4.554,18
19,ws,weak,34,1417.429,4.554,20
19,ws,weak,35,1467.733,4.554,19
19,ws,weak,36,1502.329,4.554,18
19,ws,weak,37,1543.735,4.554,19
19,ws,weak,38,1574.994,4.554,16
19,ws,weak,39,1622.679,4.554,20
19,ws,weak,40,1665.224,4.554,20
19,ws,weak,41,1712.687,4.554,19
19,ws,weak,42,1762.178,4.554,20
19,ws,weak,43,1811.577,4.554,17
19,ws,weak,44,1849.138,4.554,17
19,ws,weak,45,1890.288,4.554,15
19,ws,weak,46,1922.654,4.554,18
19,ws,weak,47,1971.953,4.554,19
19,ws,weak,48,2014.816,4.554,20
19,ws,weak,49,2047.472,4.554,19
19,ws,weak,50,2085.658,4.554,19
19,ws,weak,51,2136.501,4.554,19
19,ws,weak,52,2186.562,4.554,18
19,ws,weak,53,2234.579,4.554,17
19,ws,weak,54,2268.071,4.554,17
19,ws,weak,55,2314.083,4.554,19
19,ws,weak,56,2348.345,4.554,18
19,ws,weak,57,2385.779,4.554,18
19,ws,weak,58,2427.207,4.554,18
19,ws,weak,59,2459.452,4.554,18
20,ws,weak,0,39.801,4.340,17
20,ws,weak,1,90.334,4.340,19
20,ws,weak,2,130.448,4.340,21
20,ws,weak,3,168.194,4.340,19
20,ws,weak,4,215.321,4.340,18
20,ws,weak,5,248.136,4.340,17
20,ws,weak,6,287.782,4.340,17
20,ws,weak,7,332.683,4.340,16
20,ws,weak,8,378.828,4.340,19
20,ws,weak,9,413.259,4.340,19
20,ws,weak,10,458.322,4.340,17
20,ws,weak,11,492.443,4.340,19
20,ws,weak,12,535.338,4.340,17
20,ws,weak,13,582.533,4.340,19
20,ws,weak,14,628.525,4.340,18
20,ws,weak,15,668.065,4.340,20
20,ws,weak,16,711.692,4.340,19
20,ws,weak,17,760.903,4.340,17
20,ws,weak,18,807.497,4.340,17
20,ws,weak,19,839.920,4.340,18
20,ws,weak,20,884.618,4.340,16
20,ws,weak,21,928.780,4.340,18
20,ws,weak,22,979.258,4.340,20
20,ws,weak,23,1019.449,4.340,19
20,ws,weak,24,1067.916,4.340,20
20,ws,weak,25,1113.743,4.340,18
20,ws,weak,26,1163.534,4.340,17
20,ws,weak,27,1199.124,4.340,19
20,ws,weak,28,1239.057,4.340,19
20,ws,weak,29,1278.524,4.340,15
20,ws,weak,30,1328.132,4.340,18
20,ws,weak,31,1369.985,4.340,19
20,ws,weak,32,1404.231,4.340,18
20,ws,weak,33,1454.648,4.340,18
20,ws,weak,34,1500.206,4.340,20
20,ws,weak,35,1535.032,4.340,19
20,ws,weak,36,1565.629,4.340,18
20,ws,weak,37,1598.515,4.340,19
20,ws,weak,38,1639.674,4.340,16
20,ws,weak,39,1677.238,4.340,20
20,ws,weak,40,1708.779,4.340,20
20,ws,weak,41,1754.259,4.340,19
20,ws,weak,42,1787.293,4.340,20
20,ws,weak,43,1828.629,4.340,17
20,ws,weak,44,1861.278,4.340,17
20,ws,weak,45,1901.544,4.340,15
20,ws,weak,46,1950.792,4.340,18
20,ws,weak,47,1991.094,4.340,19
20,ws,weak,48,2029.531,4.340,20
20,ws,weak,49,2072.644,4.340,19
20,ws,weak,50,2121.774,4.340,19
20,ws,weak,51,2153.773,4.340,19
20,ws,weak,52,2202.629,4.340,18
20,ws,weak,53,2244.935,4.340,17
20,ws,weak,54,2291.110,4.340,17
20,ws,weak,55,2329.966,4.340,19
20,ws,weak,56,2378.237,4.340,18
20,ws,weak,57,2414.842,4.340,18
20,ws,weak,58,2454.580,4.340,18
20,ws,weak,59,2494.235,4.340,18
21,ws,weak,0,53.200,4.881,17
21,ws,weak,1,101.211,4.881,21
21,ws,weak,2,141.569,4.881,19
21,ws,weak,3,174.082,4.881,18
21,ws,weak,4,205.102,4.881,17
21,ws,weak,5,250.050,4.881,17
21,ws,weak,6,282.535,4.881,16
21,ws,weak,7,324.376,4.881,19
21,ws,weak,8,365.541,4.881,19
21,ws,weak,9,412.429,4.881,17
21,ws,weak,10,462.904,4.881,19
21,ws,weak,11,511.426,4.881,17
21,ws,weak,12,554.101,4.881,19
21,ws,weak,13,589.488,4.881,18
21,ws,weak,14,639.072,4.881,20
21,ws,weak,15,680.886,4.881,19
21,ws,weak,16,726.918,4.881,17
21,ws,weak,17,759.139,4.881,17
21,ws,weak,18,803.465,4.881,18
21,ws,weak,19,851.399,4.881,16
21,ws,weak,20,896.220,4.881,18
21,ws,weak,21,932.791,4.881,20
21,ws,weak,22,966.269,4.881,19
21,ws,weak,23,1006.324,4.881,20
21,ws,weak,24,1049.342,4.881,18
21,ws,weak,25,1082.256,4.881,17
21,ws,weak,26,1115.656,4.881,19
21,ws,weak,27,1147.896,4.881,19
21,ws,weak,28,1184.645,4.881,18
21,ws,weak,29,1221.447,4.881,19
21,ws,weak,30,1267.597,4.881,18
21,ws,weak,31,1318.555,4.881,18
21,ws,weak,32,1366.706,4.881,20
21,ws,weak,33,1400.291,4.881,19
21,ws,weak,34,1432.396,4.881,18
21,ws,weak,35,1468.965,4.881,19
21,ws,weak,36,1502.944,4.881,16
21,ws,weak,37,1534.729,4.881,20
21,ws,weak,38,1574.449,4.881,20
21,ws,weak,39,1607.201,4.881,19
21,ws,weak,40,1648.123,4.881,20
21,ws,weak,41,1695.553,4.881,17
21,ws,weak,42,1732.283,4.881,17
21,ws,weak,43,1770.444,4.881,15
21,ws,weak,44,1817.962,4.881,18
21,ws,weak,45,1865.883,4.881,19
21,ws,weak,46,1906.828,4.881,20
21,ws,weak,47,1944.286,4.881,19
21,ws,weak,48,1980.420,4.881,19
21,ws,weak,49,2027.926,4.881,18
21,ws,weak,50,2063.555,4.881,17
21,ws,weak,51,2101.964,4.881,17
21,ws,weak,52,2149.591,4.881,19
21,ws,weak,53,2191.481,4.881,18
21,ws,weak,54,2242.529,4.881,18
21,ws,weak,55,2292.343,4.881,18
21,ws,weak,56,2326.397,4.881,18
22,ws,weak,0,46.570,4.743,17
22,ws,weak,1,82.690,4.743,19
22,ws,weak,2,123.560,4.743,21
22,ws,weak,3,171.549,4.743,19
22,ws,weak,4,203.954,4.743,18
22,ws,weak,5,241.632,4.743,17
22,ws,weak,6,289.772,4.743,17
22,ws,weak,7,335.605,4.743,16
22,ws,weak,8,382.262,4.743,19
22,ws,weak,9,413.626,4.743,19
22,ws,weak,10,451.202,4.743,17
22,ws,weak,11,488.196,4.743,19
22,ws,weak,12,534.617,4.743,17
22,ws,weak,13,583.654,4.743,19
22,ws,weak,14,620.798,4.743,18
22,ws,weak,15,653.349,4.743,20
22,ws,weak,16,702.321,4.743,19
22,ws,weak,17,739.941,4.743,17
22,ws,weak,18,772.887,4.743,17
22,ws,weak,19,805.759,4.743,18
22,ws,weak,20,851.014,4.743,16
22,ws,weak,21,890.161,4.743,18
22,ws,weak,22,928.941,4.743,20
22,ws,weak,23,964.732,4.743,19
22,ws,weak,24,1011.613,4.743,20
22,ws,weak,25,1044.301,4.743,18
22,ws,weak,26,1085.557,4.743,17
22,ws,weak,27,1128.974,4.743,19
22,ws,weak,28,1174.549,4.743,19
22,ws,weak,29,1211.012,4.743,15
22,ws,weak,30,1242.823,4.743,18
22,ws,weak,31,1284.059,4.743,19
22,ws,weak,32,1320.840,4.743,18
22,ws,weak,33,1369.614,4.743,18
22,ws,weak,34,1417.369,4.743,20
22,ws,weak,35,1461.300,4.743,19
22,ws,weak,36,1492.509,4.743,18
22,ws,weak,37,1531.168,4.743,19
22,ws,weak,38,1573.527,4.743,16
22,ws,weak,39,1615.140,4.743,20
22,ws,weak,40,1648.461,4.743,20
22,ws,weak,41,1679.927,4.743,19
22,ws,weak,42,1729.298,4.743,20
22,ws,weak,43,1770.434,4.743,17
22,ws,weak,44,1817.290,4.743,17
22,ws,weak,45,1867.923,4.743,15
22,ws,weak,46,1907.691,4.743,18
22,ws,weak,47,1945.573,4.743,19
22,ws,weak,48,1989.961,4.743,20
22,ws,weak,49,2025.874,4.743,19
22,ws,weak,50,2070.832,4.743,19
22,ws,weak,51,2112.195,4.743,19
22,ws,weak,52,2150.178,4.743,18
22,ws,weak,53,2185.294,4.743,17
22,ws,weak,54,2234.417,4.743,17
22,ws,weak,55,2274.865,4.743,19
22,ws,weak,56,2309.147,4.743,18
22,ws,weak,57,2356.698,4.743,18
22,ws,weak,58,2395.063,4.743,18
22,ws,weak,59,2428.857,4.743,18
23,ws,weak,0,49.359,4.545,17
23,ws,weak,1,80.931,4.545,19
23,ws,weak,2,121.088,4.545,21
23,ws,weak,3,170.391,4.545,19
23,ws,weak,4,208.028,4.545,18
23,ws,weak,5,257.280,4.545,17
23,ws,weak,6,289.192,4.545,17
23,ws,weak,7,337.324,4.545,16
23,ws,weak,8,382.209,4.545,19
23,ws,weak,9,415.047,4.545,19
23,ws,weak,10,463.597,4.545,17
23,ws,weak,11,511.631,4.545,19
23,ws,weak,12,546.825,4.545,17
23,ws,weak,13,580.421,4.545,19
23,ws,weak,14,620.204,4.545,18
23,ws,weak,15,663.551,4.545,20
23,ws,weak,16,699.496,4.545,19
23,ws,weak,17,744.199,4.545,17
23,ws,weak,18,790.874,4.545,17
23,ws,weak,19,831.746,4.545,18
23,ws,weak,20,881.171,4.545,16
23,ws,weak,21,913.116,4.545,18
23,ws,weak,22,964.047,4.545,20
23,ws,weak,23,999.889,4.545,19
23,ws,weak,24,1045.600,4.545,20
23,ws,weak,25,1079.160,4.545,18
23,ws,weak,26,1120.221,4.545,17
23,ws,weak,27,1155.336,4.545,19
23,ws,weak,28,1201.472,4.545,19
23,ws,weak,29,1246.338,4.545,15
23,ws,weak,30,1280.876,4.545,18
23,ws,weak,31,1320.722,4.545,19
23,ws,weak,32,1363.578,4.545,18
23,ws,weak,33,1412.046,4.545,18
23,ws,weak,34,1458.233,4.545,20
23,ws,weak,35,1505.163,4.545,19
23,ws,weak,36,1541.945,4.545,18
23,ws,weak,37,1584.848,4.545,19
23,ws,weak,38,1633.462,4.545,16
23,ws,weak,39,1666.832,4.545,20
23,ws,weak,40,1713.822,4.545,20
23,ws,weak,41,1752.769,4.545,19
23,ws,weak,42,1787.485,4.545,20
23,ws,weak,43,1824.830,4.545,17
23,ws,weak,44,1856.484,4.545,17
23,ws,weak,45,1897.411,4.545,15
23,ws,weak,46,1947.947,4.545,18
23,ws,weak,47,1997.637,4.545,19
23,ws,weak,48,2037.253,4.545,20
23,ws,weak,49,2075.390,4.545,19
23,ws,weak,50,2113.482,4.545,19
23,ws,weak,51,2149.505,4.545,19
23,ws,weak,52,2185.146,4.545,18
23,ws,weak,53,2219.580,4.545,17
23,ws,weak,54,2269.677,4.545,17
23,ws,weak,55,2309.507,4.545,19
23,ws,weak,56,2360.060,4.545,18
23,ws,weak,57,2397.292,4.545,18
23,ws,weak,58,2446.872,4.545,18
23,ws,weak,59,2497.264,4.545,18
24,ws,weak,0,36.550,4.546,17
24,ws,weak,1,76.476,4.546,19
24,ws,weak,2,111.214,4.546,21
24,ws,weak,3,155.521,4.546,19
24,ws,weak,4,200.534,4.546,18
24,ws,weak,5,242.279,4.546,17
24,ws,weak,6,293.335,4.546,17
24,ws,weak,7,326.951,4.546,16
24,ws,weak,8,370.587,4.546,19
24,ws,weak,9,413.855,4.546,19
24,ws,weak,10,457.753,4.546,17
24,ws,weak,11,494.184,4.546,19
24,ws,weak,12,531.700,4.546,17
24,ws,weak,13,579.825,4.546,19
24,ws,weak,14,622.414,4.546,18
24,ws,weak,15,665.898,4.546,20
24,ws,weak,16,700.882,4.546,19
24,ws,weak,17,746.257,4.546,17
24,ws,weak,18,778.771,4.546,17
24,ws,weak,19,829.192,4.546,18
24,ws,weak,20,869.036,4.546,16
24,ws,weak,21,917.136,4.546,18
24,ws,weak,22,955.878,4.546,20
24,ws,weak,23,1000.583,4.546,19
24,ws,weak,24,1035.082,4.546,20
24,ws,weak,25,1076.393,4.546,18
24,ws,weak,26,1121.036,4.546,17
24,ws,weak,27,1169.975,4.546,19
24,ws,weak,28,1213.510,4.546,19
24,ws,weak,29,1257.989,4.546,15
24,ws,weak,30,1300.758,4.546,18
24,ws,weak,31,1344.003,4.546,19
24,ws,weak,32,1380.956,4.546,18
24,ws,weak,33,1421.147,4.546,18
24,ws,weak,34,1454.861,4.546,20
24,ws,weak,35,1491.344,4.546,19
24,ws,weak,36,1528.075,4.546,18
24,ws,weak,37,1562.681,4.546,19
24,ws,weak,38,1612.689,4.546,16
24,ws,weak,39,1654.405,4.546,20
24,ws,weak,40,1688.144,4.546,20
24,ws,weak,41,1738.145,4.546,19
24,ws,weak,42,1784.285,4.546,20
24,ws,weak,43,1824.336,4.546,17
24,ws,weak,44,1871.472,4.546,17
24,ws,weak,45,1920.323,4.546,15
24,ws,weak,46,1960.983,4.546,18
24,ws,weak,47,1997.525,4.546,19
24,ws,weak,48,2039.510,4.546,20
24,ws,weak,49,2080.330,4.546,19
24,ws,weak,50,2123.803,4.546,19
24,ws,weak,51,2155.849,4.546,19
24,ws,weak,52,2195.220,4.546,18
24,ws,weak,53,2233.483,4.546,17
24,ws,weak,54,2277.598,4.546,17
24,ws,weak,55,2313.226,4.546,19
24,ws,weak,56,2363.014,4.546,18
24,ws,weak,57,2398.312,4.546,18
24,ws,weak,58,2436.406,4.546,18
24,ws,weak,59,2486.795,4.546,18
25,ws,weak,0,43.252,5.224,17
25,ws,weak,1,89.639,5.224,19
25,ws,weak,2,126.137,5.224,21
25,ws,weak,3,173.067,5.224,19
25,ws,weak,4,207.830,5.224,18
25,ws,weak,5,239.046,5.224,17
25,ws,weak,6,272.200,5.224,17
25,ws,weak,7,321.489,5.224,16
25,ws,weak,8,368.886,5.224,19
25,ws,weak,9,419.758,5.224,19
25,ws,weak,10,459.906,5.224,17
25,ws,weak,11,502.742,5.224,19
25,ws,weak,12,546.930,5.224,17
25,ws,weak,13,590.880,5.224,19
25,ws,weak,14,624.401,5.224,18
25,ws,weak,15,661.438,5.224,20
25,ws,weak,16,693.963,5.224,19
25,ws,weak,17,737.426,5.224,17
25,ws,weak,18,774.229,5.224,17
25,ws,weak,19,817.523,5.224,18
25,ws,weak,20,867.840,5.224,16
25,ws,weak,21,904.804,5.224,18
25,ws,weak,22,944.796,5.224,20
25,ws,weak,23,983.039,5.224,19
25,ws,weak,24,1026.220,5.224,20
25,ws,weak,25,1076.618,5.224,18
25,ws,weak,26,1117.163,5.224,17
25,ws,weak,27,1155.008,5.224,19
25,ws,weak,28,1195.818,5.224,19
25,ws,weak,29,1232.638,5.224,15
25,ws,weak,30,1264.272,5.224,18
25,ws,weak,31,1309.236,5.224,19
25,ws,weak,32,1354.784,5.224,18
25,ws,weak,33,1402.591,5.224,18
25,ws,weak,34,1443.373,5.224,20
25,ws,weak,35,1487.905,5.224,19
25,ws,weak,36,1534.481,5.224,18
25,ws,weak,37,1577.035,5.224,19
25,ws,weak,38,1613.148,5.224,16
25,ws,weak,39,1654.780,5.224,20
25,ws,weak,40,1697.871,5.224,20
25,ws,weak,41,1736.966,5.224,19
25,ws,weak,42,1780.893,5.224,20
25,ws,weak,43,1816.554,5.224,17
25,ws,weak,44,1864.225,5.224,17
25,ws,weak,45,1915.290,5.224,15
25,ws,weak,46,1952.317,5.224,18
25,ws,weak,47,1992.050,5.224,19
25,ws,weak,48,2023.646,5.224,20
25,ws,weak,49,2068.874,5.224,19
25,ws,weak,50,2100.941,5.224,19
25,ws,weak,51,2151.424,5.224,19
25,ws,weak,52,2189.273,5.224,18
25,ws,weak,53,2222.880,5.224,17
25,ws,weak,54,2255.859,5.224,17
25,ws,weak,55,2302.189,5.224,19
25,ws,weak,56,2338.364,5.224,18
25,ws,weak,57,2375.167,5.224,18
25,ws,weak,58,2415.857,5.224,18
25,ws,weak,59,2466.465,5.224,18
26,ws,weak,0,49.897,4.200,17
26,ws,weak,1,97.041,4.200,19
26,ws,weak,2,148.107,4.200,21
26,ws,weak,3,194.957,4.200,19
26,ws,weak,4,244.488,4.200,18
26,ws,weak,5,292.218,4.200,17
26,ws,weak,6,331.749,4.200,17
26,ws,weak,7,382.562,4.200,16
26,ws,weak,8,422.699,4.200,19
26,ws,weak,9,454.540,4.200,19
26,ws,weak,10,505.429,4.200,17
26,ws,weak,11,546.830,4.200,19
26,ws,weak,12,592.278,4.200,17
26,ws,weak,13,638.313,4.200,19
26,ws,weak,14,672.498,4.200,18
26,ws,weak,15,711.475,4.200,20
26,ws,weak,16,758.576,4.200,19
26,ws,weak,17,794.460,4.200,17
26,ws,weak,18,839.779,4.200,17
26,ws,weak,19,876.260,4.200,18
26,ws,weak,20,920.371,4.200,16
26,ws,weak,21,966.678,4.200,18
26,ws,weak,22,1012.411,4.200,20
26,ws,weak,23,1054.735,4.200,19
26,ws,weak,24,1086.488,4.200,20
26,ws,weak,25,1130.117,4.200,18
26,ws,weak,26,1175.853,4.200,17
26,ws,weak,27,1216.947,4.200,19
26,ws,weak,28,1253.167,4.200,19
26,ws,weak,29,1292.218,4.200,15
26,ws,weak,30,1340.921,4.200,18
26,ws,weak,31,1391.325,4.200,19
26,ws,weak,32,1431.368,4.200,18
26,ws,weak,33,1481.542,4.200,18
26,ws,weak,34,1517.023,4.200,20
26,ws,weak,35,1560.621,4.200,19
26,ws,weak,36,1603.048,4.200,18
26,ws,weak,37,1637.485,4.200,19
26,ws,weak,38,1683.902,4.200,16
26,ws,weak,39,1723.710,4.200,20
26,ws,weak,40,1760.060,4.200,20
26,ws,weak,41,1806.062,4.200,19
26,ws,weak,42,1844.615,4.200,20
26,ws,weak,43,1879.470,4.200,17
26,ws,weak,44,1913.125,4.200,17
26,ws,weak,45,1950.250,4.200,15
26,ws,weak,46,1985.842,4.200,18
26,ws,weak,47,2018.634,4.200,19
26,ws,weak,48,2062.624,4.200,20
26,ws,weak,49,2102.824,4.200,19
26,ws,weak,50,2142.125,4.200,19
26,ws,weak,51,2187.876,4.200,19
26,ws,weak,52,2233.678,4.200,18
26,ws,weak,53,2267.871,4.200,17
26,ws,weak,54,2316.783,4.200,17
26,ws,weak,55,2350.348,4.200,19
26,ws,weak,56,2397.818,4.200,18
26,ws,weak,57,2447.575,4.200,18
26,ws,weak,58,2492.478,4.200,18
26,ws,weak,59,2531.281,4.200,18
27,ws,weak,0,38.123,3.843,17
27,ws,weak,1,73.486,3.843,19
27,ws,weak,2,115.761,3.843,21
27,ws,weak,3,151.171,3.843,19
27,ws,weak,4,196.986,3.843,18
27,ws,weak,5,227.611,3.843,17
27,ws,weak,6,271.132,3.843,17
27,ws,weak,7,316.677,3.843,16
27,ws,weak,8,366.452,3.843,19
27,ws,weak,9,408.195,3.843,19
27,ws,weak,10,453.291,3.843,17
27,ws,weak,11,501.593,3.843,19
27,ws,weak,12,542.247,3.843,17
27,ws,weak,13,587.361,3.843,19
27,ws,weak,14,630.759,3.843,18
27,ws,weak,15,676.323,3.843,20
27,ws,weak,16,724.234,3.843,19
27,ws,weak,17,765.707,3.843,17
27,ws,weak,18,812.990,3.843,17
27,ws,weak,19,863.636,3.843,18
27,ws,weak,20,914.674,3.843,16
27,ws,weak,21,950.323,3.843,18
27,ws,weak,22,985.534,3.843,20
27,ws,weak,23,1023.023,3.843,19
27,ws,weak,24,1056.157,3.843,20
27,ws,weak,25,1103.455,3.843,18
27,ws,weak,26,1148.264,3.843,17
27,ws,weak,27,1179.680,3.843,19
27,ws,weak,28,1210.967,3.843,19
27,ws,weak,29,1252.916,3.843,15
27,ws,weak,30,1286.774,3.843,18
27,ws,weak,31,1337.125,3.843,19
27,ws,weak,32,1381.224,3.843,18
27,ws,weak,33,1413.391,3.843,18
27,ws,weak,34,1462.995,3.843,20
27,ws,weak,35,1508.659,3.843,19
27,ws,weak,36,1558.150,3.843,18
27,ws,weak,37,1605.508,3.843,19
27,ws,weak,38,1637.555,3.843,16
27,ws,weak,39,1681.873,3.843,20
27,ws,weak,40,1728.388,3.843,20
27,ws,weak,41,1767.419,3.843,19
27,ws,weak,42,1807.213,3.843,20
27,ws,weak,43,1848.555,3.843,17
27,ws,weak,44,1885.434,3.843,17
27,ws,weak,45,1926.272,3.843,15
27,ws,weak,46,1959.400,3.843,18
27,ws,weak,47,1997.854,3.843,19
27,ws,weak,48,2028.328,3.843,20
27,ws,weak,49,2061.753,3.843,19
27,ws,weak,50,2107.191,3.843,19
27,ws,weak,51,2147.406,3.843,19
27,ws,weak,52,2180.750,3.843,18
27,ws,weak,53,2227.125,3.843,17
27,ws,weak,54,2263.587,3.843,17
27,ws,weak,55,2303.703,3.843,19
27,ws,weak,56,2343.671,3.843,18
27,ws,weak,57,2387.955,3.843,18
27,ws,weak,58,2426.797,3.843,18
27,ws,weak,59,2461.916,3.843,18
28,ws,weak,0,49.309,4.889,17
28,ws,weak,1,90.529,4.889,19
28,ws,weak,2,132.287,4.889,21
28,ws,weak,3,174.969,4.889,19
28,ws,weak,4,214.244,4.889,18
28,ws,weak,5,255.980,4.889,17
28,ws,weak,6,299.302,4.889,17
28,ws,weak,7,344.971,4.889,16
28,ws,weak,8,385.012,4.889,19
28,ws,weak,9,428.187,4.889,17
28,ws,weak,10,470.815,4.889,19
28,ws,weak,11,503.224,4.889,17
28,ws,weak,12,539.648,4.889,19
28,ws,weak,13,572.840,4.889,18
28,ws,weak,14,615.759,4.889,20
28,ws,weak,15,652.226,4.889,19
28,ws,weak,16,690.147,4.889,17
28,ws,weak,17,725.946,4.889,17
28,ws,weak,18,762.240,4.889,18
28,ws,weak,19,811.624,4.889,16
28,ws,weak,20,861.269,4.889,18
28,ws,weak,21,895.141,4.889,20
28,ws,weak,22,936.713,4.889,19
28,ws,weak,23,985.360,4.889,20
28,ws,weak,24,1029.124,4.889,18
28,ws,weak,25,1070.917,4.889,17
28,ws,weak,26,1117.384,4.889,19
28,ws,weak,27,1161.084,4.889,19
28,ws,weak,28,1210.195,4.889,15
28,ws,weak,29,1256.654,4.889,18
28,ws,weak,30,1298.344,4.889,19
28,ws,weak,31,1347.634,4.889,18
28,ws,weak,32,1397.623,4.889,18
28,ws,weak,33,1448.650,4.889,20
28,ws,weak,34,1490.908,4.889,19
28,ws,weak,35,1541.222,4.889,18
28,ws,weak,36,1589.771,4.889,19
28,ws,weak,37,1622.413,4.889,16
28,ws,weak,38,1668.564,4.889,20
28,ws,weak,39,1705.579,4.889,20
28,ws,weak,40,1741.183,4.889,19
28,ws,weak,41,1775.493,4.889,20
28,ws,weak,42,1812.657,4.889,17
28,ws,weak,43,1848.372,4.889,17
28,ws,weak,44,1894.115,4.889,15
28,ws,weak,45,1932.842,4.889,18
28,ws,weak,46,1974.260,4.889,19
28,ws,weak,47,2012.434,4.889,20
28,ws,weak,48,2061.029,4.889,19
28,ws,weak,49,2103.230,4.889,19
28,ws,weak,50,2153.256,4.889,19
28,ws,weak,51,2197.452,4.889,18
28,ws,weak,52,2237.544,4.889,17
28,ws,weak,53,2285.353,4.889,17
28,ws,weak,54,2328.612,4.889,19
28,ws,weak,55,2365.943,4.889,18
28,ws,weak,56,2411.026,4.889,18
28,ws,weak,57,2447.378,4.889,18
28,ws,weak,58,2489.623,4.889,18
29,ws,weak,0,48.639,5.155,17
29,ws,weak,1,83.267,5.155,19
29,ws,weak,2,120.290,5.155,21
29,ws,weak,3,162.872,5.155,19
29,ws,weak,4,211.647,5.155,18
29,ws,weak,5,261.840,5.155,17
29,ws,weak,6,302.624,5.155,17
29,ws,weak,7,347.216,5.155,16
29,ws,weak,8,380.193,5.155,19
29,ws,weak,9,417.618,5.155,19
29,ws,weak,10,464.681,5.155,17
29,ws,weak,11,496.131,5.155,19
29,ws,weak,12,533.070,5.155,17
29,ws,weak,13,583.179,5.155,19
29,ws,weak,14,615.775,5.155,18
29,ws,weak,15,661.418,5.155,20
29,ws,weak,16,696.296,5.155,19
29,ws,weak,17,738.894,5.155,17
29,ws,weak,18,778.493,5.155,17
29,ws,weak,19,814.995,5.155,18
29,ws,weak,20,848.821,5.155,16
29,ws,weak,21,889.794,5.155,18
29,ws,weak,22,937.134,5.155,20
29,ws,weak,23,970.812,5.155,19
29,ws,weak,24,1021.000,5.155,20
29,ws,weak,25,1055.909,5.155,18
29,ws,weak,26,1105.388,5.155,17
29,ws,weak,27,1137.574,5.155,19
29,ws,weak,28,1179.610,5.155,19
29,ws,weak,29,1214.835,5.155,15
29,ws,weak,30,1261.091,5.155,18
29,ws,weak,31,1309.583,5.155,19
29,ws,weak,32,1344.111,5.155,18
29,ws,weak,33,1378.150,5.155,18
29,ws,weak,34,1419.412,5.155,20
29,ws,weak,35,1458.913,5.155,19
29,ws,weak,36,1495.387,5.155,18
29,ws,weak,37,1529.634,5.155,19
29,ws,weak,38,1565.365,5.155,16
29,ws,weak,39,1615.545,5.155,20
29,ws,weak,40,1658.989,5.155,20
29,ws,weak,41,1699.992,5.155,19
29,ws,weak,42,1733.708,5.155,20
29,ws,weak,43,1766.017,5.155,17
29,ws,weak,44,1815.905,5.155,17
29,ws,weak,45,1855.235,5.155,15
29,ws,weak,46,1900.124,5.155,18
29,ws,weak,47,1948.351,5.155,19
29,ws,weak,48,1993.786,5.155,20
29,ws,weak,49,2031.171,5.155,19
29,ws,weak,50,2067.030,5.155,19
29,ws,weak,51,2105.238,5.155,19
29,ws,weak,52,2149.503,5.155,18
29,ws,weak,53,2190.624,5.155,17
29,ws,weak,54,2238.416,5.155,17
29,ws,weak,55,2278.413,5.155,19
29,ws,weak,56,2314.708,5.155,18
29,ws,weak,57,2347.363,5.155,18
29,ws,weak,58,2394.843,5.155,18
29,ws,weak,59,2434.855,5.155,18
