run_id,transport,mode,token_index,recv_ms,conn_setup_ms,bytes
0,sse,groq-healthy,0,327.057,13.062,14
0,sse,groq-healthy,1,327.294,13.062,14
0,sse,groq-healthy,2,327.419,13.062,19
0,sse,groq-healthy,3,327.637,13.062,21
0,sse,groq-healthy,4,327.847,13.062,19
0,sse,groq-healthy,5,328.064,13.062,18
0,sse,groq-healthy,6,328.273,13.062,17
0,sse,groq-healthy,7,328.522,13.062,17
0,sse,groq-healthy,8,328.870,13.062,13
0,sse,groq-healthy,9,329.106,13.062,15
0,sse,groq-healthy,10,329.315,13.062,13
0,sse,groq-healthy,11,329.555,13.062,13
0,sse,groq-healthy,12,329.790,13.062,17
0,sse,groq-healthy,13,329.931,13.062,19
0,sse,groq-healthy,14,330.119,13.062,17
0,sse,groq-healthy,15,330.333,13.062,19
0,sse,groq-healthy,16,330.527,13.062,16
0,sse,groq-healthy,17,330.750,13.062,13
0,sse,groq-healthy,18,330.933,13.062,16
0,sse,groq-healthy,19,331.215,13.062,19
0,sse,groq-healthy,20,333.599,13.062,14
0,sse,groq-healthy,21,384.297,13.062,17
0,sse,groq-healthy,22,384.582,13.062,18
0,sse,groq-healthy,23,384.825,13.062,17
0,sse,groq-healthy,24,415.817,13.062,18
0,sse,groq-healthy,25,416.101,13.062,18
0,sse,groq-healthy,26,416.363,13.062,17
0,sse,groq-healthy,27,416.603,13.062,19
0,sse,groq-healthy,28,416.864,13.062,13
0,sse,groq-healthy,29,417.248,13.062,17
0,sse,groq-healthy,30,417.394,13.062,19
0,sse,groq-healthy,31,417.570,13.062,16
0,sse,groq-healthy,32,417.784,13.062,19
0,sse,groq-healthy,33,418.046,13.062,18
0,sse,groq-healthy,34,418.213,13.062,16
0,sse,groq-healthy,35,420.162,13.062,18
0,sse,groq-healthy,36,420.345,13.062,17
0,sse,groq-healthy,37,420.521,13.062,20
0,sse,groq-healthy,38,420.686,13.062,19
0,sse,groq-healthy,39,420.932,13.062,16
0,sse,groq-healthy,40,424.425,13.062,13
0,sse,groq-healthy,41,424.696,13.062,16
0,sse,groq-healthy,42,424.939,13.062,16
0,sse,groq-healthy,43,425.161,13.062,15
0,sse,groq-healthy,44,427.295,13.062,17
0,sse,groq-healthy,45,427.583,13.062,15
0,sse,groq-healthy,46,427.824,13.062,15
0,sse,groq-healthy,47,428.030,13.062,14
0,sse,groq-healthy,48,506.734,13.062,14
0,sse,groq-healthy,49,506.963,13.062,18
0,sse,groq-healthy,50,506.991,13.062,16
0,sse,groq-healthy,51,507.118,13.062,16
0,sse,groq-healthy,52,507.236,13.062,16
0,sse,groq-healthy,53,507.478,13.062,14
0,sse,groq-healthy,54,507.676,13.062,16
0,sse,groq-healthy,55,507.821,13.062,13
0,sse,groq-healthy,56,507.986,13.062,17
0,sse,groq-healthy,57,509.136,13.062,18
0,sse,groq-healthy,58,509.298,13.062,13
0,sse,groq-healthy,59,509.512,13.062,17
0,sse,groq-healthy,60,512.738,13.062,17
0,sse,groq-healthy,61,512.943,13.062,16
0,sse,groq-healthy,62,513.166,13.062,13
0,sse,groq-healthy,63,513.412,13.062,14
0,sse,groq-healthy,64,513.788,13.062,14
0,sse,groq-healthy,65,513.984,13.062,18
0,sse,groq-healthy,66,514.217,13.062,14
0,sse,groq-healthy,67,514.429,13.062,16
0,sse,groq-healthy,68,519.481,13.062,14
0,sse,groq-healthy,69,520.160,13.062,15
0,sse,groq-healthy,70,520.410,13.062,13
0,sse,groq-healthy,71,520.658,13.062,16
0,sse,groq-healthy,72,520.838,13.062,16
0,sse,groq-healthy,73,521.079,13.062,17
0,sse,groq-healthy,74,521.442,13.062,13
0,sse,groq-healthy,75,521.679,13.062,16
0,sse,groq-healthy,76,599.079,13.062,16
0,sse,groq-healthy,77,599.330,13.062,16
0,sse,groq-healthy,78,599.359,13.062,14
0,sse,groq-healthy,79,599.491,13.062,16
0,sse,groq-healthy,80,599.735,13.062,15
0,sse,groq-healthy,81,599.975,13.062,19
0,sse,groq-healthy,82,600.147,13.062,18
0,sse,groq-healthy,83,600.324,13.062,16
0,sse,groq-healthy,84,600.602,13.062,19
0,sse,groq-healthy,85,605.439,13.062,14
0,sse,groq-healthy,86,605.678,13.062,17
0,sse,groq-healthy,87,605.916,13.062,13
0,sse,groq-healthy,88,606.117,13.062,16
0,sse,groq-healthy,89,606.338,13.062,15
0,sse,groq-healthy,90,606.685,13.062,14
0,sse,groq-healthy,91,606.894,13.062,18
0,sse,groq-healthy,92,607.161,13.062,18
0,sse,groq-healthy,93,608.425,13.062,19
0,sse,groq-healthy,94,608.649,13.062,18
0,sse,groq-healthy,95,608.845,13.062,17
0,sse,groq-healthy,96,609.064,13.062,16
0,sse,groq-healthy,97,611.930,13.062,13
0,sse,groq-healthy,98,612.164,13.062,15
0,sse,groq-healthy,99,612.402,13.062,14
0,sse,groq-healthy,100,612.615,13.062,14
0,sse,groq-healthy,101,612.968,13.062,19
0,sse,groq-healthy,102,613.206,13.062,18
0,sse,groq-healthy,103,613.463,13.062,16
0,sse,groq-healthy,104,613.630,13.062,18
0,sse,groq-healthy,105,694.184,13.062,17
0,sse,groq-healthy,106,694.361,13.062,13
0,sse,groq-healthy,107,694.385,13.062,15
0,sse,groq-healthy,108,694.516,13.062,17
0,sse,groq-healthy,109,694.784,13.062,13
0,sse,groq-healthy,110,694.913,13.062,19
0,sse,groq-healthy,111,695.039,13.062,17
0,sse,groq-healthy,112,695.177,13.062,13
0,sse,groq-healthy,113,695.508,13.062,15
0,sse,groq-healthy,114,695.674,13.062,13
0,sse,groq-healthy,115,695.834,13.062,17
0,sse,groq-healthy,116,695.996,13.062,17
0,sse,groq-healthy,117,696.208,13.062,19
0,sse,groq-healthy,118,696.384,13.062,17
0,sse,groq-healthy,119,696.553,13.062,17
0,sse,groq-healthy,120,696.741,13.062,16
0,sse,groq-healthy,121,698.051,13.062,16
0,sse,groq-healthy,122,698.185,13.062,14
0,sse,groq-healthy,123,698.335,13.062,15
0,sse,groq-healthy,124,698.495,13.062,20
0,sse,groq-healthy,125,698.696,13.062,13
1,sse,groq-healthy,0,293.862,15.277,15
1,sse,groq-healthy,1,294.083,15.277,16
1,sse,groq-healthy,2,294.272,15.277,20
1,sse,groq-healthy,3,294.474,15.277,14
1,sse,groq-healthy,4,294.683,15.277,17
1,sse,groq-healthy,5,294.857,15.277,15
1,sse,groq-healthy,6,294.961,15.277,17
1,sse,groq-healthy,7,295.101,15.277,17
1,sse,groq-healthy,8,296.934,15.277,13
1,sse,groq-healthy,9,300.588,15.277,15
1,sse,groq-healthy,10,300.668,15.277,21
1,sse,groq-healthy,11,304.898,15.277,18
1,sse,groq-healthy,12,304.999,15.277,19
1,sse,groq-healthy,13,305.419,15.277,18
1,sse,groq-healthy,14,305.581,15.277,15
1,sse,groq-healthy,15,311.192,15.277,14
1,sse,groq-healthy,16,311.311,15.277,16
1,sse,groq-healthy,17,311.408,15.277,16
1,sse,groq-healthy,18,311.495,15.277,14
1,sse,groq-healthy,19,315.966,15.277,18
1,sse,groq-healthy,20,316.036,15.277,17
1,sse,groq-healthy,21,320.729,15.277,21
1,sse,groq-healthy,22,320.804,15.277,18
1,sse,groq-healthy,23,321.592,15.277,20
1,sse,groq-healthy,24,325.530,15.277,18
1,sse,groq-healthy,25,325.614,15.277,16
1,sse,groq-healthy,26,330.654,15.277,18
1,sse,groq-healthy,27,334.950,15.277,18
1,sse,groq-healthy,28,335.042,15.277,16
1,sse,groq-healthy,29,339.363,15.277,18
1,sse,groq-healthy,30,343.509,15.277,18
1,sse,groq-healthy,31,347.749,15.277,15
1,sse,groq-healthy,32,351.733,15.277,15
1,sse,groq-healthy,33,351.822,15.277,16
1,sse,groq-healthy,34,356.596,15.277,17
1,sse,groq-healthy,35,360.480,15.277,16
1,sse,groq-healthy,36,364.953,15.277,19
1,sse,groq-healthy,37,365.040,15.277,16
1,sse,groq-healthy,38,366.231,15.277,13
1,sse,groq-healthy,39,366.314,15.277,15
1,sse,groq-healthy,40,370.089,15.277,14
1,sse,groq-healthy,41,370.209,15.277,16
1,sse,groq-healthy,42,370.387,15.277,16
1,sse,groq-healthy,43,370.497,15.277,17
1,sse,groq-healthy,44,371.322,15.277,18
1,sse,groq-healthy,45,371.401,15.277,19
1,sse,groq-healthy,46,371.861,15.277,18
1,sse,groq-healthy,47,371.956,15.277,17
1,sse,groq-healthy,48,380.936,15.277,19
1,sse,groq-healthy,49,384.624,15.277,16
1,sse,groq-healthy,50,384.760,15.277,19
1,sse,groq-healthy,51,385.656,15.277,18
1,sse,groq-healthy,52,386.242,15.277,18
1,sse,groq-healthy,53,386.761,15.277,14
1,sse,groq-healthy,54,386.861,15.277,15
1,sse,groq-healthy,55,404.811,15.277,20
1,sse,groq-healthy,56,404.891,15.277,16
1,sse,groq-healthy,57,404.989,15.277,14
1,sse,groq-healthy,58,405.117,15.277,15
1,sse,groq-healthy,59,405.214,15.277,19
1,sse,groq-healthy,60,409.792,15.277,16
1,sse,groq-healthy,61,409.894,15.277,16
1,sse,groq-healthy,62,414.076,15.277,16
1,sse,groq-healthy,63,416.209,15.277,14
1,sse,groq-healthy,64,420.754,15.277,15
1,sse,groq-healthy,65,424.559,15.277,16
1,sse,groq-healthy,66,424.716,15.277,15
1,sse,groq-healthy,67,429.324,15.277,14
1,sse,groq-healthy,68,432.885,15.277,15
1,sse,groq-healthy,69,436.983,15.277,16
1,sse,groq-healthy,70,441.112,15.277,13
1,sse,groq-healthy,71,441.278,15.277,18
1,sse,groq-healthy,72,445.679,15.277,19
1,sse,groq-healthy,73,445.772,15.277,14
1,sse,groq-healthy,74,449.852,15.277,17
1,sse,groq-healthy,75,449.965,15.277,15
1,sse,groq-healthy,76,450.052,15.277,17
1,sse,groq-healthy,77,450.122,15.277,18
1,sse,groq-healthy,78,453.806,15.277,17
1,sse,groq-healthy,79,453.880,15.277,15
1,sse,groq-healthy,80,457.797,15.277,19
1,sse,groq-healthy,81,457.882,15.277,19
1,sse,groq-healthy,82,461.856,15.277,17
1,sse,groq-healthy,83,466.256,15.277,13
1,sse,groq-healthy,84,466.319,15.277,15
1,sse,groq-healthy,85,466.963,15.277,14
1,sse,groq-healthy,86,467.097,15.277,16
1,sse,groq-healthy,87,467.553,15.277,16
1,sse,groq-healthy,88,468.372,15.277,17
1,sse,groq-healthy,89,468.620,15.277,19
1,sse,groq-healthy,90,472.804,15.277,18
1,sse,groq-healthy,91,472.911,15.277,17
1,sse,groq-healthy,92,477.460,15.277,15
1,sse,groq-healthy,93,477.587,15.277,14
1,sse,groq-healthy,94,478.257,15.277,13
1,sse,groq-healthy,95,478.379,15.277,18
1,sse,groq-healthy,96,478.851,15.277,19
1,sse,groq-healthy,97,478.991,15.277,16
1,sse,groq-healthy,98,484.268,15.277,19
1,sse,groq-healthy,99,484.377,15.277,18
1,sse,groq-healthy,100,484.950,15.277,18
1,sse,groq-healthy,101,485.073,15.277,20
1,sse,groq-healthy,102,489.644,15.277,15
1,sse,groq-healthy,103,494.944,15.277,16
1,sse,groq-healthy,104,498.305,15.277,13
1,sse,groq-healthy,105,498.579,15.277,19
1,sse,groq-healthy,106,503.484,15.277,18
1,sse,groq-healthy,107,503.613,15.277,18
1,sse,groq-healthy,108,503.774,15.277,17
1,sse,groq-healthy,109,507.820,15.277,19
1,sse,groq-healthy,110,511.228,15.277,16
1,sse,groq-healthy,111,515.692,15.277,16
1,sse,groq-healthy,112,519.437,15.277,17
1,sse,groq-healthy,113,523.601,15.277,16
1,sse,groq-healthy,114,523.765,15.277,17
1,sse,groq-healthy,115,528.329,15.277,16
1,sse,groq-healthy,116,532.759,15.277,13
1,sse,groq-healthy,117,536.283,15.277,17
1,sse,groq-healthy,118,540.513,15.277,19
1,sse,groq-healthy,119,548.206,15.277,16
1,sse,groq-healthy,120,548.607,15.277,17
1,sse,groq-healthy,121,548.870,15.277,17
1,sse,groq-healthy,122,553.940,15.277,13
1,sse,groq-healthy,123,554.187,15.277,15
1,sse,groq-healthy,124,557.605,15.277,14
1,sse,groq-healthy,125,560.259,15.277,16
1,sse,groq-healthy,126,560.511,15.277,16
1,sse,groq-healthy,127,560.742,15.277,18
1,sse,groq-healthy,128,563.502,15.277,16
1,sse,groq-healthy,129,563.772,15.277,18
1,sse,groq-healthy,130,569.073,15.277,18
1,sse,groq-healthy,131,569.336,15.277,17
1,sse,groq-healthy,132,573.169,15.277,16
1,sse,groq-healthy,133,573.451,15.277,21
1,sse,groq-healthy,134,573.851,15.277,19
1,sse,groq-healthy,135,574.189,15.277,21
1,sse,groq-healthy,136,578.719,15.277,16
1,sse,groq-healthy,137,583.021,15.277,19
1,sse,groq-healthy,138,583.465,15.277,18
1,sse,groq-healthy,139,587.576,15.277,17
1,sse,groq-healthy,140,591.612,15.277,17
1,sse,groq-healthy,141,595.724,15.277,18
1,sse,groq-healthy,142,595.882,15.277,18
1,sse,groq-healthy,143,600.248,15.277,19
1,sse,groq-healthy,144,600.390,15.277,16
1,sse,groq-healthy,145,605.673,15.277,17
1,sse,groq-healthy,146,605.818,15.277,17
1,sse,groq-healthy,147,609.797,15.277,16
1,sse,groq-healthy,148,614.229,15.277,13
1,sse,groq-healthy,149,614.412,15.277,15
1,sse,groq-healthy,150,619.349,15.277,13
1,sse,groq-healthy,151,619.530,15.277,13
1,sse,groq-healthy,152,619.986,15.277,19
1,sse,groq-healthy,153,624.146,15.277,14
1,sse,groq-healthy,154,628.970,15.277,15
1,sse,groq-healthy,155,629.153,15.277,15
1,sse,groq-healthy,156,629.534,15.277,18
1,sse,groq-healthy,157,629.696,15.277,17
1,sse,groq-healthy,158,633.591,15.277,18
1,sse,groq-healthy,159,633.750,15.277,16
1,sse,groq-healthy,160,638.666,15.277,17
1,sse,groq-healthy,161,646.678,15.277,18
1,sse,groq-healthy,162,650.673,15.277,17
1,sse,groq-healthy,163,650.822,15.277,19
1,sse,groq-healthy,164,655.773,15.277,20
1,sse,groq-healthy,165,655.932,15.277,17
1,sse,groq-healthy,166,659.880,15.277,17
1,sse,groq-healthy,167,660.083,15.277,17
1,sse,groq-healthy,168,660.413,15.277,15
1,sse,groq-healthy,169,660.596,15.277,15
1,sse,groq-healthy,170,661.140,15.277,17
1,sse,groq-healthy,171,661.487,15.277,16
1,sse,groq-healthy,172,661.914,15.277,15
1,sse,groq-healthy,173,662.277,15.277,19
1,sse,groq-healthy,174,666.361,15.277,17
1,sse,groq-healthy,175,670.590,15.277,18
1,sse,groq-healthy,176,670.875,15.277,17
1,sse,groq-healthy,177,671.264,15.277,15
1,sse,groq-healthy,178,675.868,15.277,13
1,sse,groq-healthy,179,679.021,15.277,15
1,sse,groq-healthy,180,683.409,15.277,18
1,sse,groq-healthy,181,683.645,15.277,19
1,sse,groq-healthy,182,689.241,15.277,16
1,sse,groq-healthy,183,689.642,15.277,17
1,sse,groq-healthy,184,693.594,15.277,19
1,sse,groq-healthy,185,698.290,15.277,17
1,sse,groq-healthy,186,702.562,15.277,17
1,sse,groq-healthy,187,706.702,15.277,15
1,sse,groq-healthy,188,706.970,15.277,14
1,sse,groq-healthy,189,707.286,15.277,14
1,sse,groq-healthy,190,707.659,15.277,18
1,sse,groq-healthy,191,712.067,15.277,17
1,sse,groq-healthy,192,715.852,15.277,17
1,sse,groq-healthy,193,719.909,15.277,18
1,sse,groq-healthy,194,720.343,15.277,13
1,sse,groq-healthy,195,724.765,15.277,15
1,sse,groq-healthy,196,728.717,15.277,14
1,sse,groq-healthy,197,728.989,15.277,16
1,sse,groq-healthy,198,729.322,15.277,16
1,sse,groq-healthy,199,729.740,15.277,16
1,sse,groq-healthy,200,730.105,15.277,21
1,sse,groq-healthy,201,730.332,15.277,19
1,sse,groq-healthy,202,736.270,15.277,16
1,sse,groq-healthy,203,736.545,15.277,17
1,sse,groq-healthy,204,739.823,15.277,16
1,sse,groq-healthy,205,743.971,15.277,19
1,sse,groq-healthy,206,744.212,15.277,18
1,sse,groq-healthy,207,744.623,15.277,14
1,sse,groq-healthy,208,748.927,15.277,15
1,sse,groq-healthy,209,752.844,15.277,13
1,sse,groq-healthy,210,757.117,15.277,15
1,sse,groq-healthy,211,760.969,15.277,14
1,sse,groq-healthy,212,761.227,15.277,18
1,sse,groq-healthy,213,765.810,15.277,15
1,sse,groq-healthy,214,769.970,15.277,20
1,sse,groq-healthy,215,770.253,15.277,16
1,sse,groq-healthy,216,774.661,15.277,14
1,sse,groq-healthy,217,778.619,15.277,14
1,sse,groq-healthy,218,783.271,15.277,16
1,sse,groq-healthy,219,783.647,15.277,13
1,sse,groq-healthy,220,788.262,15.277,16
1,sse,groq-healthy,221,788.604,15.277,16
1,sse,groq-healthy,222,793.422,15.277,13
1,sse,groq-healthy,223,797.994,15.277,13
1,sse,groq-healthy,224,801.487,15.277,17
1,sse,groq-healthy,225,801.741,15.277,16
1,sse,groq-healthy,226,805.351,15.277,18
1,sse,groq-healthy,227,806.872,15.277,16
1,sse,groq-healthy,228,809.870,15.277,15
1,sse,groq-healthy,229,810.063,15.277,13
1,sse,groq-healthy,230,810.541,15.277,19
1,sse,groq-healthy,231,814.813,15.277,15
1,sse,groq-healthy,232,818.915,15.277,14
1,sse,groq-healthy,233,819.198,15.277,17
1,sse,groq-healthy,234,823.392,15.277,15
1,sse,groq-healthy,235,827.458,15.277,19
1,sse,groq-healthy,236,827.820,15.277,13
1,sse,groq-healthy,237,828.593,15.277,19
1,sse,groq-healthy,238,832.599,15.277,17
1,sse,groq-healthy,239,836.715,15.277,15
1,sse,groq-healthy,240,840.515,15.277,16
1,sse,groq-healthy,241,840.681,15.277,18
1,sse,groq-healthy,242,841.097,15.277,19
1,sse,groq-healthy,243,845.251,15.277,15
1,sse,groq-healthy,244,845.499,15.277,14
1,sse,groq-healthy,245,846.210,15.277,16
1,sse,groq-healthy,246,846.506,15.277,16
1,sse,groq-healthy,247,846.903,15.277,19
1,sse,groq-healthy,248,850.733,15.277,18
1,sse,groq-healthy,249,854.406,15.277,20
1,sse,groq-healthy,250,854.554,15.277,15
1,sse,groq-healthy,251,859.112,15.277,16
1,sse,groq-healthy,252,859.266,15.277,18
1,sse,groq-healthy,253,864.275,15.277,19
1,sse,groq-healthy,254,864.403,15.277,17
1,sse,groq-healthy,255,868.908,15.277,19
1,sse,groq-healthy,256,869.053,15.277,17
1,sse,groq-healthy,257,880.049,15.277,20
1,sse,groq-healthy,258,880.232,15.277,19
1,sse,groq-healthy,259,880.483,15.277,16
1,sse,groq-healthy,260,880.825,15.277,17
1,sse,groq-healthy,261,884.877,15.277,18
1,sse,groq-healthy,262,888.783,15.277,16
1,sse,groq-healthy,263,889.037,15.277,13
1,sse,groq-healthy,264,889.445,15.277,18
1,sse,groq-healthy,265,893.365,15.277,19
1,sse,groq-healthy,266,897.510,15.277,17
1,sse,groq-healthy,267,897.790,15.277,13
1,sse,groq-healthy,268,898.179,15.277,16
1,sse,groq-healthy,269,902.091,15.277,18
1,sse,groq-healthy,270,906.306,15.277,20
1,sse,groq-healthy,271,906.552,15.277,17
1,sse,groq-healthy,272,910.728,15.277,19
1,sse,groq-healthy,273,911.011,15.277,16
1,sse,groq-healthy,274,916.052,15.277,17
1,sse,groq-healthy,275,919.551,15.277,19
1,sse,groq-healthy,276,919.858,15.277,17
1,sse,groq-healthy,277,924.206,15.277,17
1,sse,groq-healthy,278,928.687,15.277,19
1,sse,groq-healthy,279,929.067,15.277,17
1,sse,groq-healthy,280,940.521,15.277,19
1,sse,groq-healthy,281,943.556,15.277,18
1,sse,groq-healthy,282,943.812,15.277,19
1,sse,groq-healthy,283,944.159,15.277,16
1,sse,groq-healthy,284,944.617,15.277,18
1,sse,groq-healthy,285,945.043,15.277,20
1,sse,groq-healthy,286,945.332,15.277,20
1,sse,groq-healthy,287,949.160,15.277,19
1,sse,groq-healthy,288,949.290,15.277,16
1,sse,groq-healthy,289,949.650,15.277,18
1,sse,groq-healthy,290,953.739,15.277,16
1,sse,groq-healthy,291,953.891,15.277,13
2,sse,groq-healthy,0,302.856,16.620,13
2,sse,groq-healthy,1,303.084,16.620,14
2,sse,groq-healthy,2,303.197,16.620,16
2,sse,groq-healthy,3,303.462,16.620,14
2,sse,groq-healthy,4,303.671,16.620,16
2,sse,groq-healthy,5,304.024,16.620,16
2,sse,groq-healthy,6,304.195,16.620,21
2,sse,groq-healthy,7,308.213,16.620,18
2,sse,groq-healthy,8,312.330,16.620,19
2,sse,groq-healthy,9,312.474,16.620,19
2,sse,groq-healthy,10,316.986,16.620,18
2,sse,groq-healthy,11,321.752,16.620,14
2,sse,groq-healthy,12,321.955,16.620,16
2,sse,groq-healthy,13,322.261,16.620,16
2,sse,groq-healthy,14,326.160,16.620,17
2,sse,groq-healthy,15,326.523,16.620,20
2,sse,groq-healthy,16,326.960,16.620,18
2,sse,groq-healthy,17,327.238,16.620,18
2,sse,groq-healthy,18,327.634,16.620,17
2,sse,groq-healthy,19,327.928,16.620,13
2,sse,groq-healthy,20,331.270,16.620,18
2,sse,groq-healthy,21,335.285,16.620,18
2,sse,groq-healthy,22,335.557,16.620,17
2,sse,groq-healthy,23,339.922,16.620,14
2,sse,groq-healthy,24,343.456,16.620,18
2,sse,groq-healthy,25,343.704,16.620,16
2,sse,groq-healthy,26,348.774,16.620,15
2,sse,groq-healthy,27,349.002,16.620,13
2,sse,groq-healthy,28,349.428,16.620,18
2,sse,groq-healthy,29,353.066,16.620,18
2,sse,groq-healthy,30,356.813,16.620,19
2,sse,groq-healthy,31,357.259,16.620,13
2,sse,groq-healthy,32,361.310,16.620,17
2,sse,groq-healthy,33,365.031,16.620,18
2,sse,groq-healthy,34,369.040,16.620,14
2,sse,groq-healthy,35,369.289,16.620,16
2,sse,groq-healthy,36,369.758,16.620,17
2,sse,groq-healthy,37,373.865,16.620,19
2,sse,groq-healthy,38,374.112,16.620,15
2,sse,groq-healthy,39,374.568,16.620,17
2,sse,groq-healthy,40,374.836,16.620,19
2,sse,groq-healthy,41,379.255,16.620,18
2,sse,groq-healthy,42,379.542,16.620,17
2,sse,groq-healthy,43,379.890,16.620,13
2,sse,groq-healthy,44,380.308,16.620,14
2,sse,groq-healthy,45,384.520,16.620,13
2,sse,groq-healthy,46,388.692,16.620,18
2,sse,groq-healthy,47,392.701,16.620,17
2,sse,groq-healthy,48,392.956,16.620,17
2,sse,groq-healthy,49,393.379,16.620,14
2,sse,groq-healthy,50,397.104,16.620,15
2,sse,groq-healthy,51,397.354,16.620,20
2,sse,groq-healthy,52,397.855,16.620,19
2,sse,groq-healthy,53,398.155,16.620,16
2,sse,groq-healthy,54,398.777,16.620,16
2,sse,groq-healthy,55,398.964,16.620,19
2,sse,groq-healthy,56,402.990,16.620,18
2,sse,groq-healthy,57,407.211,16.620,17
2,sse,groq-healthy,58,407.432,16.620,16
2,sse,groq-healthy,59,407.863,16.620,18
2,sse,groq-healthy,60,411.923,16.620,17
2,sse,groq-healthy,61,415.562,16.620,17
2,sse,groq-healthy,62,419.442,16.620,18
2,sse,groq-healthy,63,419.715,16.620,13
2,sse,groq-healthy,64,423.956,16.620,18
2,sse,groq-healthy,65,427.951,16.620,16
2,sse,groq-healthy,66,428.227,16.620,16
2,sse,groq-healthy,67,432.756,16.620,16
2,sse,groq-healthy,68,433.028,16.620,18
2,sse,groq-healthy,69,437.512,16.620,17
2,sse,groq-healthy,70,437.785,16.620,13
2,sse,groq-healthy,71,446.511,16.620,14
2,sse,groq-healthy,72,446.816,16.620,14
2,sse,groq-healthy,73,447.198,16.620,16
2,sse,groq-healthy,74,447.515,16.620,14
2,sse,groq-healthy,75,447.856,16.620,16
2,sse,groq-healthy,76,448.137,16.620,17
2,sse,groq-healthy,77,448.622,16.620,18
2,sse,groq-healthy,78,448.836,16.620,19
2,sse,groq-healthy,79,451.944,16.620,19
2,sse,groq-healthy,80,452.279,16.620,19
2,sse,groq-healthy,81,462.080,16.620,20
2,sse,groq-healthy,82,462.368,16.620,20
2,sse,groq-healthy,83,462.718,16.620,18
2,sse,groq-healthy,84,462.995,16.620,18
2,sse,groq-healthy,85,463.386,16.620,17
2,sse,groq-healthy,86,463.618,16.620,16
2,sse,groq-healthy,87,463.936,16.620,19
2,sse,groq-healthy,88,464.229,16.620,21
2,sse,groq-healthy,89,467.323,16.620,20
2,sse,groq-healthy,90,471.678,16.620,20
2,sse,groq-healthy,91,471.944,16.620,16
2,sse,groq-healthy,92,476.569,16.620,20
2,sse,groq-healthy,93,476.900,16.620,19
2,sse,groq-healthy,94,477.342,16.620,19
2,sse,groq-healthy,95,480.562,16.620,13
2,sse,groq-healthy,96,484.575,16.620,15
2,sse,groq-healthy,97,488.489,16.620,16
2,sse,groq-healthy,98,492.599,16.620,18
2,sse,groq-healthy,99,492.822,16.620,13
2,sse,groq-healthy,100,493.188,16.620,17
2,sse,groq-healthy,101,497.053,16.620,17
2,sse,groq-healthy,102,497.198,16.620,18
2,sse,groq-healthy,103,501.590,16.620,17
2,sse,groq-healthy,104,505.728,16.620,18
2,sse,groq-healthy,105,505.889,16.620,19
2,sse,groq-healthy,106,506.332,16.620,16
2,sse,groq-healthy,107,506.502,16.620,19
2,sse,groq-healthy,108,511.076,16.620,19
2,sse,groq-healthy,109,511.265,16.620,17
2,sse,groq-healthy,110,511.845,16.620,20
2,sse,groq-healthy,111,511.994,16.620,19
2,sse,groq-healthy,112,512.657,16.620,18
2,sse,groq-healthy,113,512.832,16.620,18
2,sse,groq-healthy,114,517.413,16.620,19
2,sse,groq-healthy,115,517.600,16.620,17
2,sse,groq-healthy,116,522.152,16.620,17
2,sse,groq-healthy,117,526.055,16.620,17
2,sse,groq-healthy,118,530.150,16.620,19
2,sse,groq-healthy,119,530.422,16.620,19
2,sse,groq-healthy,120,530.827,16.620,20
2,sse,groq-healthy,121,531.098,16.620,13
2,sse,groq-healthy,122,531.443,16.620,16
2,sse,groq-healthy,123,531.685,16.620,16
2,sse,groq-healthy,124,532.567,16.620,14
2,sse,groq-healthy,125,532.739,16.620,16
2,sse,groq-healthy,126,537.720,16.620,17
2,sse,groq-healthy,127,537.996,16.620,19
2,sse,groq-healthy,128,541.949,16.620,21
2,sse,groq-healthy,129,542.204,16.620,17
2,sse,groq-healthy,130,542.602,16.620,17
2,sse,groq-healthy,131,546.139,16.620,18
2,sse,groq-healthy,132,546.377,16.620,17
2,sse,groq-healthy,133,546.938,16.620,18
2,sse,groq-healthy,134,550.944,16.620,17
2,sse,groq-healthy,135,551.191,16.620,15
2,sse,groq-healthy,136,555.579,16.620,15
2,sse,groq-healthy,137,555.855,16.620,21
2,sse,groq-healthy,138,560.598,16.620,17
2,sse,groq-healthy,139,565.339,16.620,14
2,sse,groq-healthy,140,569.129,16.620,18
2,sse,groq-healthy,141,572.406,16.620,17
2,sse,groq-healthy,142,576.794,16.620,13
2,sse,groq-healthy,143,577.046,16.620,21
2,sse,groq-healthy,144,581.257,16.620,15
2,sse,groq-healthy,145,601.024,16.620,15
2,sse,groq-healthy,146,601.227,16.620,13
2,sse,groq-healthy,147,605.592,16.620,17
2,sse,groq-healthy,148,609.625,16.620,16
2,sse,groq-healthy,149,614.083,16.620,19
2,sse,groq-healthy,150,617.943,16.620,15
2,sse,groq-healthy,151,621.615,16.620,17
2,sse,groq-healthy,152,621.746,16.620,16
2,sse,groq-healthy,153,626.232,16.620,17
2,sse,groq-healthy,154,626.362,16.620,19
2,sse,groq-healthy,155,626.811,16.620,17
2,sse,groq-healthy,156,630.958,16.620,19
2,sse,groq-healthy,157,631.184,16.620,19
2,sse,groq-healthy,158,638.665,16.620,20
2,sse,groq-healthy,159,638.823,16.620,17
2,sse,groq-healthy,160,639.006,16.620,18
2,sse,groq-healthy,161,639.269,16.620,19
2,sse,groq-healthy,162,640.871,16.620,18
2,sse,groq-healthy,163,641.027,16.620,19
2,sse,groq-healthy,164,646.000,16.620,17
2,sse,groq-healthy,165,646.154,16.620,19
2,sse,groq-healthy,166,646.425,16.620,16
2,sse,groq-healthy,167,646.586,16.620,15
2,sse,groq-healthy,168,651.317,16.620,14
2,sse,groq-healthy,169,655.953,16.620,15
2,sse,groq-healthy,170,656.098,16.620,13
2,sse,groq-healthy,171,656.370,16.620,16
2,sse,groq-healthy,172,656.528,16.620,17
2,sse,groq-healthy,173,660.877,16.620,20
2,sse,groq-healthy,174,664.669,16.620,15
2,sse,groq-healthy,175,664.987,16.620,15
2,sse,groq-healthy,176,669.267,16.620,16
2,sse,groq-healthy,177,669.506,16.620,19
2,sse,groq-healthy,178,669.767,16.620,20
2,sse,groq-healthy,179,670.090,16.620,18
2,sse,groq-healthy,180,675.025,16.620,16
2,sse,groq-healthy,181,675.306,16.620,16
2,sse,groq-healthy,182,675.701,16.620,14
2,sse,groq-healthy,183,675.965,16.620,16
2,sse,groq-healthy,184,676.402,16.620,21
2,sse,groq-healthy,185,680.263,16.620,16
2,sse,groq-healthy,186,680.633,16.620,16
2,sse,groq-healthy,187,681.215,16.620,18
2,sse,groq-healthy,188,681.467,16.620,19
2,sse,groq-healthy,189,685.925,16.620,21
2,sse,groq-healthy,190,685.954,16.620,18
2,sse,groq-healthy,191,686.238,16.620,17
2,sse,groq-healthy,192,690.356,16.620,19
2,sse,groq-healthy,193,690.527,16.620,17
2,sse,groq-healthy,194,694.999,16.620,15
2,sse,groq-healthy,195,698.847,16.620,15
2,sse,groq-healthy,196,703.482,16.620,16
2,sse,groq-healthy,197,703.684,16.620,15
2,sse,groq-healthy,198,707.940,16.620,17
2,sse,groq-healthy,199,708.158,16.620,19
2,sse,groq-healthy,200,712.215,16.620,18
2,sse,groq-healthy,201,712.548,16.620,18
2,sse,groq-healthy,202,712.921,16.620,18
2,sse,groq-healthy,203,717.129,16.620,17
2,sse,groq-healthy,204,717.479,16.620,19
2,sse,groq-healthy,205,717.937,16.620,16
2,sse,groq-healthy,206,718.290,16.620,13
3,sse,groq-healthy,0,273.917,13.397,14
3,sse,groq-healthy,1,277.672,13.397,16
3,sse,groq-healthy,2,277.773,13.397,18
3,sse,groq-healthy,3,278.388,13.397,13
3,sse,groq-healthy,4,282.099,13.397,17
3,sse,groq-healthy,5,282.219,13.397,21
3,sse,groq-healthy,6,282.557,13.397,16
3,sse,groq-healthy,7,282.650,13.397,16
3,sse,groq-healthy,8,283.630,13.397,15
3,sse,groq-healthy,9,283.869,13.397,13
3,sse,groq-healthy,10,284.335,13.397,19
3,sse,groq-healthy,11,284.468,13.397,18
3,sse,groq-healthy,12,288.361,13.397,19
3,sse,groq-healthy,13,288.444,13.397,19
3,sse,groq-healthy,14,289.622,13.397,18
3,sse,groq-healthy,15,289.725,13.397,18
3,sse,groq-healthy,16,290.003,13.397,19
3,sse,groq-healthy,17,290.460,13.397,16
3,sse,groq-healthy,18,290.849,13.397,13
3,sse,groq-healthy,19,295.112,13.397,18
3,sse,groq-healthy,20,298.781,13.397,18
3,sse,groq-healthy,21,298.862,13.397,17
3,sse,groq-healthy,22,299.485,13.397,17
3,sse,groq-healthy,23,299.583,13.397,13
3,sse,groq-healthy,24,300.344,13.397,15
3,sse,groq-healthy,25,300.442,13.397,13
3,sse,groq-healthy,26,301.060,13.397,19
3,sse,groq-healthy,27,304.869,13.397,17
3,sse,groq-healthy,28,304.945,13.397,13
3,sse,groq-healthy,29,305.560,13.397,15
3,sse,groq-healthy,30,305.646,13.397,13
3,sse,groq-healthy,31,307.287,13.397,13
3,sse,groq-healthy,32,307.414,13.397,16
3,sse,groq-healthy,33,307.565,13.397,15
3,sse,groq-healthy,34,307.670,13.397,13
3,sse,groq-healthy,35,313.064,13.397,19
3,sse,groq-healthy,36,313.155,13.397,17
3,sse,groq-healthy,37,313.248,13.397,18
3,sse,groq-healthy,38,317.482,13.397,19
3,sse,groq-healthy,39,317.612,13.397,16
3,sse,groq-healthy,40,321.583,13.397,16
3,sse,groq-healthy,41,321.696,13.397,16
3,sse,groq-healthy,42,322.412,13.397,17
3,sse,groq-healthy,43,322.498,13.397,17
3,sse,groq-healthy,44,323.945,13.397,18
3,sse,groq-healthy,45,324.018,13.397,17
3,sse,groq-healthy,46,328.177,13.397,13
3,sse,groq-healthy,47,328.284,13.397,15
3,sse,groq-healthy,48,329.101,13.397,13
3,sse,groq-healthy,49,329.556,13.397,16
3,sse,groq-healthy,50,329.663,13.397,18
3,sse,groq-healthy,51,333.646,13.397,18
3,sse,groq-healthy,52,333.773,13.397,16
3,sse,groq-healthy,53,334.454,13.397,16
3,sse,groq-healthy,54,334.537,13.397,18
3,sse,groq-healthy,55,335.051,13.397,19
3,sse,groq-healthy,56,335.193,13.397,16
3,sse,groq-healthy,57,339.911,13.397,15
3,sse,groq-healthy,58,339.997,13.397,17
3,sse,groq-healthy,59,341.186,13.397,17
3,sse,groq-healthy,60,345.165,13.397,17
3,sse,groq-healthy,61,345.285,13.397,13
3,sse,groq-healthy,62,345.383,13.397,15
3,sse,groq-healthy,63,345.500,13.397,13
3,sse,groq-healthy,64,345.883,13.397,17
3,sse,groq-healthy,65,346.205,13.397,14
3,sse,groq-healthy,66,346.876,13.397,14
3,sse,groq-healthy,67,347.120,13.397,21
3,sse,groq-healthy,68,351.389,13.397,17
3,sse,groq-healthy,69,355.571,13.397,16
3,sse,groq-healthy,70,359.682,13.397,20
3,sse,groq-healthy,71,363.913,13.397,19
3,sse,groq-healthy,72,400.474,13.397,17
3,sse,groq-healthy,73,400.566,13.397,13
3,sse,groq-healthy,74,400.696,13.397,17
3,sse,groq-healthy,75,400.787,13.397,21
3,sse,groq-healthy,76,400.931,13.397,18
3,sse,groq-healthy,77,401.006,13.397,17
3,sse,groq-healthy,78,401.120,13.397,19
3,sse,groq-healthy,79,401.210,13.397,14
3,sse,groq-healthy,80,401.360,13.397,14
3,sse,groq-healthy,81,401.463,13.397,18
3,sse,groq-healthy,82,401.563,13.397,13
3,sse,groq-healthy,83,401.703,13.397,17
3,sse,groq-healthy,84,401.810,13.397,17
3,sse,groq-healthy,85,401.911,13.397,13
3,sse,groq-healthy,86,402.028,13.397,14
3,sse,groq-healthy,87,402.187,13.397,15
3,sse,groq-healthy,88,402.280,13.397,19
3,sse,groq-healthy,89,402.490,13.397,16
3,sse,groq-healthy,90,406.204,13.397,17
3,sse,groq-healthy,91,410.505,13.397,14
3,sse,groq-healthy,92,410.654,13.397,17
3,sse,groq-healthy,93,410.879,13.397,19
3,sse,groq-healthy,94,415.003,13.397,20
3,sse,groq-healthy,95,415.105,13.397,13
3,sse,groq-healthy,96,429.050,13.397,14
3,sse,groq-healthy,97,429.201,13.397,14
3,sse,groq-healthy,98,429.358,13.397,16
3,sse,groq-healthy,99,429.528,13.397,17
3,sse,groq-healthy,100,429.644,13.397,17
3,sse,groq-healthy,101,429.813,13.397,20
3,sse,groq-healthy,102,429.970,13.397,19
3,sse,groq-healthy,103,430.067,13.397,18
3,sse,groq-healthy,104,439.644,13.397,19
3,sse,groq-healthy,105,439.788,13.397,16
3,sse,groq-healthy,106,439.938,13.397,16
3,sse,groq-healthy,107,442.117,13.397,20
3,sse,groq-healthy,108,446.185,13.397,17
3,sse,groq-healthy,109,450.222,13.397,18
3,sse,groq-healthy,110,454.100,13.397,20
3,sse,groq-healthy,111,454.818,13.397,16
3,sse,groq-healthy,112,455.002,13.397,20
3,sse,groq-healthy,113,458.910,13.397,18
3,sse,groq-healthy,114,459.038,13.397,17
3,sse,groq-healthy,115,463.599,13.397,14
3,sse,groq-healthy,116,463.704,13.397,15
3,sse,groq-healthy,117,464.257,13.397,20
3,sse,groq-healthy,118,464.452,13.397,18
3,sse,groq-healthy,119,465.052,13.397,17
3,sse,groq-healthy,120,469.086,13.397,20
3,sse,groq-healthy,121,469.293,13.397,16
3,sse,groq-healthy,122,469.854,13.397,14
3,sse,groq-healthy,123,470.003,13.397,15
3,sse,groq-healthy,124,470.563,13.397,15
3,sse,groq-healthy,125,470.681,13.397,14
3,sse,groq-healthy,126,471.242,13.397,17
3,sse,groq-healthy,127,476.097,13.397,13
3,sse,groq-healthy,128,476.211,13.397,14
3,sse,groq-healthy,129,485.918,13.397,16
3,sse,groq-healthy,130,489.611,13.397,19
3,sse,groq-healthy,131,489.838,13.397,16
3,sse,groq-healthy,132,493.479,13.397,18
3,sse,groq-healthy,133,497.514,13.397,18
3,sse,groq-healthy,134,497.750,13.397,13
3,sse,groq-healthy,135,498.013,13.397,17
3,sse,groq-healthy,136,501.803,13.397,16
3,sse,groq-healthy,137,501.925,13.397,21
3,sse,groq-healthy,138,502.252,13.397,17
3,sse,groq-healthy,139,502.389,13.397,19
3,sse,groq-healthy,140,506.977,13.397,19
3,sse,groq-healthy,141,507.153,13.397,20
3,sse,groq-healthy,142,511.986,13.397,18
3,sse,groq-healthy,143,516.161,13.397,18
3,sse,groq-healthy,144,516.301,13.397,19
3,sse,groq-healthy,145,520.347,13.397,18
3,sse,groq-healthy,146,524.100,13.397,20
3,sse,groq-healthy,147,524.229,13.397,17
3,sse,groq-healthy,148,524.503,13.397,17
3,sse,groq-healthy,149,524.626,13.397,13
3,sse,groq-healthy,150,529.869,13.397,18
3,sse,groq-healthy,151,530.010,13.397,18
3,sse,groq-healthy,152,530.411,13.397,16
3,sse,groq-healthy,153,530.632,13.397,18
3,sse,groq-healthy,154,535.329,13.397,17
3,sse,groq-healthy,155,535.467,13.397,18
3,sse,groq-healthy,156,539.986,13.397,19
3,sse,groq-healthy,157,540.136,13.397,20
3,sse,groq-healthy,158,540.635,13.397,17
3,sse,groq-healthy,159,540.794,13.397,13
3,sse,groq-healthy,160,541.208,13.397,19
3,sse,groq-healthy,161,545.362,13.397,20
3,sse,groq-healthy,162,545.503,13.397,13
3,sse,groq-healthy,163,545.767,13.397,17
3,sse,groq-healthy,164,546.013,13.397,21
3,sse,groq-healthy,165,546.601,13.397,17
3,sse,groq-healthy,166,546.749,13.397,17
3,sse,groq-healthy,167,551.698,13.397,19
3,sse,groq-healthy,168,551.823,13.397,17
3,sse,groq-healthy,169,552.559,13.397,17
3,sse,groq-healthy,170,552.790,13.397,20
3,sse,groq-healthy,171,557.523,13.397,17
3,sse,groq-healthy,172,557.657,13.397,18
3,sse,groq-healthy,173,557.845,13.397,17
3,sse,groq-healthy,174,558.028,13.397,19
3,sse,groq-healthy,175,564.070,13.397,16
3,sse,groq-healthy,176,564.304,13.397,16
3,sse,groq-healthy,177,568.576,13.397,14
3,sse,groq-healthy,178,568.887,13.397,15
3,sse,groq-healthy,179,569.960,13.397,15
3,sse,groq-healthy,180,570.116,13.397,14
3,sse,groq-healthy,181,570.442,13.397,16
3,sse,groq-healthy,182,574.257,13.397,20
3,sse,groq-healthy,183,577.930,13.397,19
3,sse,groq-healthy,184,578.233,13.397,13
3,sse,groq-healthy,185,578.723,13.397,18
3,sse,groq-healthy,186,582.504,13.397,16
3,sse,groq-healthy,187,586.502,13.397,18
3,sse,groq-healthy,188,586.716,13.397,16
3,sse,groq-healthy,189,587.093,13.397,17
3,sse,groq-healthy,190,591.177,13.397,17
3,sse,groq-healthy,191,595.656,13.397,17
3,sse,groq-healthy,192,595.960,13.397,17
3,sse,groq-healthy,193,596.452,13.397,17
3,sse,groq-healthy,194,596.783,13.397,16
3,sse,groq-healthy,195,597.246,13.397,21
3,sse,groq-healthy,196,600.860,13.397,18
3,sse,groq-healthy,197,601.167,13.397,17
3,sse,groq-healthy,198,601.535,13.397,15
3,sse,groq-healthy,199,601.946,13.397,19
3,sse,groq-healthy,200,602.293,13.397,13
3,sse,groq-healthy,201,602.543,13.397,18
3,sse,groq-healthy,202,606.521,13.397,16
3,sse,groq-healthy,203,606.712,13.397,20
3,sse,groq-healthy,204,607.226,13.397,16
3,sse,groq-healthy,205,611.260,13.397,14
3,sse,groq-healthy,206,611.438,13.397,16
3,sse,groq-healthy,207,611.908,13.397,16
3,sse,groq-healthy,208,612.067,13.397,14
3,sse,groq-healthy,209,616.570,13.397,15
3,sse,groq-healthy,210,616.808,13.397,16
3,sse,groq-healthy,211,617.272,13.397,16
3,sse,groq-healthy,212,617.500,13.397,18
3,sse,groq-healthy,213,618.390,13.397,17
3,sse,groq-healthy,214,618.672,13.397,19
3,sse,groq-healthy,215,619.108,13.397,14
3,sse,groq-healthy,216,619.364,13.397,14
3,sse,groq-healthy,217,624.885,13.397,18
3,sse,groq-healthy,218,625.112,13.397,18
3,sse,groq-healthy,219,625.344,13.397,16
3,sse,groq-healthy,220,628.110,13.397,15
3,sse,groq-healthy,221,628.353,13.397,13
3,sse,groq-healthy,222,629.368,13.397,21
3,sse,groq-healthy,223,633.005,13.397,13
3,sse,groq-healthy,224,633.283,13.397,17
3,sse,groq-healthy,225,633.866,13.397,17
3,sse,groq-healthy,226,634.135,13.397,13
3,sse,groq-healthy,227,634.646,13.397,17
3,sse,groq-healthy,228,634.854,13.397,16
3,sse,groq-healthy,229,639.260,13.397,18
3,sse,groq-healthy,230,639.501,13.397,16
3,sse,groq-healthy,231,640.947,13.397,14
3,sse,groq-healthy,232,643.983,13.397,15
3,sse,groq-healthy,233,644.305,13.397,14
3,sse,groq-healthy,234,644.649,13.397,16
3,sse,groq-healthy,235,644.925,13.397,19
3,sse,groq-healthy,236,649.246,13.397,18
3,sse,groq-healthy,237,649.491,13.397,16
3,sse,groq-healthy,238,653.964,13.397,17
3,sse,groq-healthy,239,654.246,13.397,19
3,sse,groq-healthy,240,658.772,13.397,13
3,sse,groq-healthy,241,659.062,13.397,16
3,sse,groq-healthy,242,663.693,13.397,15
3,sse,groq-healthy,243,664.159,13.397,13
3,sse,groq-healthy,244,664.577,13.397,21
3,sse,groq-healthy,245,664.835,13.397,17
3,sse,groq-healthy,246,665.359,13.397,16
3,sse,groq-healthy,247,665.537,13.397,19
3,sse,groq-healthy,248,670.771,13.397,20
3,sse,groq-healthy,249,675.193,13.397,19
3,sse,groq-healthy,250,675.418,13.397,18
3,sse,groq-healthy,251,675.920,13.397,18
3,sse,groq-healthy,252,679.917,13.397,18
3,sse,groq-healthy,253,680.198,13.397,20
3,sse,groq-healthy,254,684.237,13.397,18
3,sse,groq-healthy,255,684.605,13.397,18
3,sse,groq-healthy,256,685.172,13.397,19
3,sse,groq-healthy,257,688.523,13.397,18
3,sse,groq-healthy,258,688.808,13.397,18
3,sse,groq-healthy,259,693.274,13.397,17
3,sse,groq-healthy,260,693.531,13.397,16
3,sse,groq-healthy,261,693.948,13.397,17
3,sse,groq-healthy,262,697.907,13.397,19
3,sse,groq-healthy,263,698.135,13.397,13
3,sse,groq-healthy,264,711.045,13.397,18
3,sse,groq-healthy,265,714.593,13.397,15
3,sse,groq-healthy,266,718.841,13.397,17
3,sse,groq-healthy,267,722.759,13.397,18
3,sse,groq-healthy,268,722.988,13.397,18
3,sse,groq-healthy,269,726.660,13.397,16
3,sse,groq-healthy,270,731.327,13.397,19
3,sse,groq-healthy,271,734.686,13.397,18
3,sse,groq-healthy,272,738.869,13.397,17
3,sse,groq-healthy,273,742.480,13.397,13
3,sse,groq-healthy,274,742.926,13.397,14
3,sse,groq-healthy,275,747.144,13.397,15
3,sse,groq-healthy,276,751.712,13.397,16
3,sse,groq-healthy,277,751.994,13.397,18
3,sse,groq-healthy,278,756.006,13.397,18
3,sse,groq-healthy,279,756.276,13.397,18
3,sse,groq-healthy,280,760.736,13.397,18
3,sse,groq-healthy,281,761.027,13.397,13
3,sse,groq-healthy,282,761.413,13.397,16
3,sse,groq-healthy,283,761.822,13.397,15
3,sse,groq-healthy,284,762.217,13.397,13
3,sse,groq-healthy,285,762.488,13.397,21
3,sse,groq-healthy,286,762.894,13.397,17
3,sse,groq-healthy,287,763.050,13.397,17
3,sse,groq-healthy,288,776.183,13.397,16
3,sse,groq-healthy,289,776.446,13.397,18
3,sse,groq-healthy,290,780.589,13.397,18
3,sse,groq-healthy,291,780.752,13.397,18
3,sse,groq-healthy,292,781.210,13.397,18
3,sse,groq-healthy,293,781.356,13.397,13
3,sse,groq-healthy,294,792.024,13.397,20
3,sse,groq-healthy,295,792.280,13.397,16
3,sse,groq-healthy,296,792.599,13.397,17
3,sse,groq-healthy,297,792.814,13.397,18
3,sse,groq-healthy,298,793.080,13.397,20
3,sse,groq-healthy,299,793.282,13.397,18
3,sse,groq-healthy,300,793.607,13.397,19
3,sse,groq-healthy,301,794.813,13.397,20
3,sse,groq-healthy,302,795.073,13.397,17
3,sse,groq-healthy,303,795.432,13.397,19
3,sse,groq-healthy,304,795.681,13.397,18
3,sse,groq-healthy,305,796.058,13.397,17
3,sse,groq-healthy,306,796.300,13.397,13
3,sse,groq-healthy,307,796.630,13.397,15
3,sse,groq-healthy,308,800.752,13.397,15
3,sse,groq-healthy,309,805.586,13.397,15
3,sse,groq-healthy,310,809.248,13.397,14
3,sse,groq-healthy,311,809.464,13.397,18
3,sse,groq-healthy,312,814.151,13.397,19
3,sse,groq-healthy,313,814.404,13.397,20
3,sse,groq-healthy,314,815.479,13.397,18
3,sse,groq-healthy,315,815.696,13.397,18
3,sse,groq-healthy,316,820.396,13.397,18
3,sse,groq-healthy,317,820.630,13.397,13
3,sse,groq-healthy,318,821.073,13.397,16
3,sse,groq-healthy,319,825.451,13.397,15
3,sse,groq-healthy,320,825.753,13.397,13
3,sse,groq-healthy,321,826.226,13.397,21
3,sse,groq-healthy,322,826.470,13.397,17
3,sse,groq-healthy,323,827.184,13.397,19
3,sse,groq-healthy,324,831.351,13.397,18
3,sse,groq-healthy,325,831.527,13.397,18
3,sse,groq-healthy,326,831.748,13.397,19
3,sse,groq-healthy,327,831.995,13.397,20
3,sse,groq-healthy,328,832.807,13.397,18
3,sse,groq-healthy,329,832.997,13.397,20
3,sse,groq-healthy,330,838.159,13.397,18
3,sse,groq-healthy,331,842.749,13.397,18
3,sse,groq-healthy,332,843.026,13.397,13
3,sse,groq-healthy,333,843.492,13.397,18
3,sse,groq-healthy,334,843.726,13.397,19
3,sse,groq-healthy,335,844.239,13.397,17
3,sse,groq-healthy,336,844.428,13.397,14
3,sse,groq-healthy,337,849.905,13.397,16
3,sse,groq-healthy,338,850.221,13.397,18
3,sse,groq-healthy,339,850.602,13.397,18
3,sse,groq-healthy,340,850.838,13.397,16
3,sse,groq-healthy,341,851.392,13.397,15
3,sse,groq-healthy,342,851.683,13.397,13
3,sse,groq-healthy,343,851.938,13.397,19
3,sse,groq-healthy,344,852.115,13.397,17
3,sse,groq-healthy,345,857.178,13.397,17
3,sse,groq-healthy,346,857.446,13.397,13
3,sse,groq-healthy,347,857.903,13.397,15
3,sse,groq-healthy,348,858.166,13.397,18
3,sse,groq-healthy,349,858.559,13.397,13
3,sse,groq-healthy,350,858.787,13.397,17
3,sse,groq-healthy,351,864.205,13.397,21
3,sse,groq-healthy,352,864.464,13.397,16
3,sse,groq-healthy,353,864.869,13.397,18
3,sse,groq-healthy,354,865.087,13.397,17
3,sse,groq-healthy,355,869.507,13.397,20
3,sse,groq-healthy,356,869.768,13.397,17
3,sse,groq-healthy,357,870.108,13.397,20
3,sse,groq-healthy,358,870.359,13.397,18
3,sse,groq-healthy,359,870.711,13.397,19
3,sse,groq-healthy,360,871.036,13.397,17
3,sse,groq-healthy,361,871.491,13.397,19
3,sse,groq-healthy,362,871.684,13.397,16
3,sse,groq-healthy,363,875.105,13.397,13
3,sse,groq-healthy,364,875.303,13.397,18
3,sse,groq-healthy,365,880.242,13.397,20
3,sse,groq-healthy,366,880.477,13.397,19
3,sse,groq-healthy,367,880.871,13.397,17
3,sse,groq-healthy,368,881.234,13.397,13
3,sse,groq-healthy,369,881.784,13.397,16
3,sse,groq-healthy,370,882.192,13.397,16
3,sse,groq-healthy,371,883.006,13.397,14
3,sse,groq-healthy,372,883.254,13.397,16
3,sse,groq-healthy,373,887.043,13.397,15
3,sse,groq-healthy,374,891.026,13.397,14
3,sse,groq-healthy,375,895.216,13.397,16
3,sse,groq-healthy,376,895.481,13.397,13
4,sse,groq-healthy,0,291.617,11.040,14
4,sse,groq-healthy,1,301.829,11.040,15
4,sse,groq-healthy,2,302.541,11.040,18
4,sse,groq-healthy,3,302.815,11.040,21
4,sse,groq-healthy,4,303.207,11.040,15
4,sse,groq-healthy,5,303.611,11.040,15
4,sse,groq-healthy,6,303.843,11.040,19
4,sse,groq-healthy,7,307.452,11.040,17
4,sse,groq-healthy,8,307.937,11.040,18
4,sse,groq-healthy,9,308.201,11.040,18
4,sse,groq-healthy,10,308.460,11.040,17
4,sse,groq-healthy,11,308.950,11.040,17
4,sse,groq-healthy,12,309.178,11.040,13
4,sse,groq-healthy,13,309.427,11.040,15
4,sse,groq-healthy,14,309.592,11.040,13
4,sse,groq-healthy,15,312.580,11.040,13
4,sse,groq-healthy,16,316.677,11.040,18
4,sse,groq-healthy,17,316.999,11.040,19
4,sse,groq-healthy,18,317.497,11.040,20
4,sse,groq-healthy,19,317.731,11.040,20
4,sse,groq-healthy,20,322.126,11.040,18
4,sse,groq-healthy,21,326.252,11.040,14
4,sse,groq-healthy,22,330.010,11.040,15
4,sse,groq-healthy,23,330.175,11.040,20
4,sse,groq-healthy,24,330.469,11.040,14
4,sse,groq-healthy,25,334.473,11.040,15
4,sse,groq-healthy,26,334.665,11.040,18
4,sse,groq-healthy,27,345.603,11.040,18
4,sse,groq-healthy,28,345.882,11.040,17
4,sse,groq-healthy,29,347.005,11.040,21
4,sse,groq-healthy,30,351.450,11.040,13
4,sse,groq-healthy,31,351.703,11.040,17
4,sse,groq-healthy,32,355.210,11.040,17
4,sse,groq-healthy,33,364.408,11.040,13
4,sse,groq-healthy,34,364.566,11.040,14
4,sse,groq-healthy,35,368.006,11.040,19
4,sse,groq-healthy,36,368.167,11.040,15
4,sse,groq-healthy,37,372.842,11.040,14
4,sse,groq-healthy,38,372.983,11.040,14
4,sse,groq-healthy,39,373.299,11.040,14
4,sse,groq-healthy,40,377.816,11.040,13
4,sse,groq-healthy,41,378.000,11.040,16
4,sse,groq-healthy,42,382.679,11.040,16
4,sse,groq-healthy,43,386.114,11.040,18
4,sse,groq-healthy,44,386.295,11.040,13
4,sse,groq-healthy,45,386.582,11.040,14
4,sse,groq-healthy,46,390.464,11.040,19
4,sse,groq-healthy,47,390.730,11.040,14
4,sse,groq-healthy,48,396.375,11.040,15
4,sse,groq-healthy,49,396.644,11.040,17
4,sse,groq-healthy,50,396.912,11.040,13
4,sse,groq-healthy,51,397.154,11.040,15
4,sse,groq-healthy,52,397.626,11.040,13
4,sse,groq-healthy,53,397.864,11.040,17
4,sse,groq-healthy,54,401.715,11.040,19
4,sse,groq-healthy,55,401.960,11.040,17
4,sse,groq-healthy,56,406.276,11.040,17
4,sse,groq-healthy,57,406.521,11.040,13
4,sse,groq-healthy,58,410.807,11.040,18
4,sse,groq-healthy,59,414.721,11.040,19
4,sse,groq-healthy,60,425.906,11.040,19
4,sse,groq-healthy,61,429.165,11.040,16
4,sse,groq-healthy,62,429.527,11.040,20
4,sse,groq-healthy,63,433.831,11.040,17
4,sse,groq-healthy,64,434.264,11.040,18
4,sse,groq-healthy,65,438.952,11.040,19
4,sse,groq-healthy,66,439.096,11.040,18
4,sse,groq-healthy,67,439.371,11.040,18
4,sse,groq-healthy,68,443.595,11.040,18
4,sse,groq-healthy,69,443.770,11.040,21
4,sse,groq-healthy,70,443.979,11.040,15
4,sse,groq-healthy,71,444.220,11.040,15
4,sse,groq-healthy,72,444.422,11.040,17
4,sse,groq-healthy,73,444.641,11.040,18
4,sse,groq-healthy,74,450.370,11.040,18
4,sse,groq-healthy,75,450.539,11.040,18
4,sse,groq-healthy,76,450.833,11.040,18
4,sse,groq-healthy,77,451.002,11.040,17
4,sse,groq-healthy,78,454.775,11.040,18
4,sse,groq-healthy,79,458.360,11.040,19
4,sse,groq-healthy,80,458.521,11.040,14
4,sse,groq-healthy,81,466.660,11.040,15
4,sse,groq-healthy,82,466.805,11.040,18
4,sse,groq-healthy,83,467.067,11.040,18
4,sse,groq-healthy,84,467.233,11.040,18
4,sse,groq-healthy,85,467.478,11.040,19
4,sse,groq-healthy,86,468.147,11.040,19
4,sse,groq-healthy,87,472.576,11.040,13
4,sse,groq-healthy,88,472.756,11.040,16
4,sse,groq-healthy,89,476.927,11.040,16
4,sse,groq-healthy,90,477.186,11.040,20
4,sse,groq-healthy,91,481.607,11.040,15
4,sse,groq-healthy,92,485.354,11.040,14
4,sse,groq-healthy,93,489.102,11.040,14
4,sse,groq-healthy,94,489.292,11.040,15
4,sse,groq-healthy,95,493.609,11.040,13
4,sse,groq-healthy,96,493.769,11.040,19
4,sse,groq-healthy,97,494.628,11.040,14
4,sse,groq-healthy,98,498.368,11.040,16
4,sse,groq-healthy,99,498.531,11.040,14
4,sse,groq-healthy,100,498.988,11.040,15
4,sse,groq-healthy,101,499.185,11.040,16
4,sse,groq-healthy,102,503.647,11.040,19
4,sse,groq-healthy,103,507.208,11.040,21
4,sse,groq-healthy,104,507.466,11.040,20
4,sse,groq-healthy,105,508.018,11.040,20
4,sse,groq-healthy,106,508.292,11.040,17
4,sse,groq-healthy,107,512.795,11.040,14
4,sse,groq-healthy,108,513.101,11.040,15
4,sse,groq-healthy,109,513.370,11.040,17
4,sse,groq-healthy,110,517.478,11.040,17
4,sse,groq-healthy,111,521.403,11.040,21
4,sse,groq-healthy,112,529.984,11.040,16
4,sse,groq-healthy,113,530.330,11.040,16
4,sse,groq-healthy,114,530.679,11.040,18
4,sse,groq-healthy,115,531.045,11.040,18
4,sse,groq-healthy,116,531.448,11.040,20
4,sse,groq-healthy,117,531.723,11.040,20
4,sse,groq-healthy,118,532.074,11.040,20
4,sse,groq-healthy,119,532.414,11.040,18
4,sse,groq-healthy,120,535.895,11.040,19
4,sse,groq-healthy,121,536.198,11.040,18
4,sse,groq-healthy,122,536.538,11.040,19
4,sse,groq-healthy,123,540.171,11.040,17
4,sse,groq-healthy,124,540.303,11.040,19
4,sse,groq-healthy,125,541.689,11.040,16
4,sse,groq-healthy,126,541.847,11.040,18
4,sse,groq-healthy,127,545.772,11.040,19
4,sse,groq-healthy,128,545.911,11.040,20
4,sse,groq-healthy,129,546.327,11.040,18
4,sse,groq-healthy,130,549.931,11.040,20
4,sse,groq-healthy,131,550.116,11.040,18
4,sse,groq-healthy,132,554.697,11.040,14
4,sse,groq-healthy,133,554.846,11.040,15
4,sse,groq-healthy,134,555.827,11.040,20
4,sse,groq-healthy,135,555.995,11.040,14
4,sse,groq-healthy,136,557.191,11.040,15
4,sse,groq-healthy,137,557.353,11.040,18
4,sse,groq-healthy,138,557.558,11.040,13
5,sse,groq-healthy,0,293.658,14.840,14
5,sse,groq-healthy,1,293.743,14.840,14
5,sse,groq-healthy,2,293.859,14.840,19
5,sse,groq-healthy,3,294.008,14.840,21
5,sse,groq-healthy,4,298.483,14.840,19
5,sse,groq-healthy,5,298.610,14.840,18
5,sse,groq-healthy,6,298.720,14.840,17
5,sse,groq-healthy,7,298.848,14.840,17
5,sse,groq-healthy,8,298.972,14.840,13
5,sse,groq-healthy,9,299.057,14.840,15
5,sse,groq-healthy,10,302.908,14.840,13
5,sse,groq-healthy,11,302.972,14.840,13
5,sse,groq-healthy,12,303.445,14.840,14
5,sse,groq-healthy,13,307.428,14.840,16
5,sse,groq-healthy,14,311.456,14.840,19
5,sse,groq-healthy,15,314.779,14.840,17
5,sse,groq-healthy,16,314.857,14.840,17
5,sse,groq-healthy,17,315.445,14.840,13
5,sse,groq-healthy,18,315.548,14.840,16
5,sse,groq-healthy,19,320.536,14.840,16
5,sse,groq-healthy,20,324.409,14.840,16
5,sse,groq-healthy,21,330.017,14.840,15
5,sse,groq-healthy,22,330.076,14.840,14
5,sse,groq-healthy,23,334.124,14.840,16
5,sse,groq-healthy,24,334.207,14.840,16
5,sse,groq-healthy,25,338.335,14.840,16
5,sse,groq-healthy,26,342.168,14.840,15
5,sse,groq-healthy,27,346.312,14.840,15
5,sse,groq-healthy,28,346.419,14.840,14
5,sse,groq-healthy,29,346.970,14.840,16
5,sse,groq-healthy,30,347.052,14.840,17
5,sse,groq-healthy,31,355.131,14.840,14
5,sse,groq-healthy,32,358.621,14.840,16
5,sse,groq-healthy,33,358.744,14.840,18
5,sse,groq-healthy,34,358.883,14.840,18
5,sse,groq-healthy,35,362.971,14.840,19
5,sse,groq-healthy,36,366.716,14.840,14
5,sse,groq-healthy,37,371.001,14.840,17
5,sse,groq-healthy,38,371.137,14.840,13
5,sse,groq-healthy,39,371.912,14.840,18
5,sse,groq-healthy,40,375.209,14.840,17
5,sse,groq-healthy,41,379.000,14.840,18
5,sse,groq-healthy,42,379.094,14.840,17
5,sse,groq-healthy,43,379.628,14.840,16
5,sse,groq-healthy,44,383.694,14.840,17
5,sse,groq-healthy,45,387.449,14.840,15
5,sse,groq-healthy,46,391.530,14.840,19
5,sse,groq-healthy,47,391.605,14.840,13
5,sse,groq-healthy,48,391.769,14.840,16
5,sse,groq-healthy,49,396.084,14.840,20
5,sse,groq-healthy,50,399.724,14.840,19
5,sse,groq-healthy,51,399.855,14.840,15
5,sse,groq-healthy,52,404.485,14.840,15
5,sse,groq-healthy,53,404.636,14.840,19
5,sse,groq-healthy,54,409.056,14.840,13
5,sse,groq-healthy,55,409.159,14.840,19
5,sse,groq-healthy,56,414.253,14.840,14
5,sse,groq-healthy,57,414.370,14.840,17
5,sse,groq-healthy,58,414.736,14.840,17
5,sse,groq-healthy,59,414.841,14.840,19
5,sse,groq-healthy,60,419.246,14.840,18
5,sse,groq-healthy,61,419.333,14.840,21
5,sse,groq-healthy,62,423.824,14.840,17
5,sse,groq-healthy,63,427.853,14.840,18
5,sse,groq-healthy,64,432.271,14.840,15
5,sse,groq-healthy,65,436.641,14.840,18
5,sse,groq-healthy,66,440.355,14.840,19
5,sse,groq-healthy,67,440.471,14.840,18
5,sse,groq-healthy,68,444.649,14.840,18
5,sse,groq-healthy,69,444.993,14.840,14
5,sse,groq-healthy,70,450.335,14.840,13
5,sse,groq-healthy,71,453.548,14.840,16
5,sse,groq-healthy,72,453.651,14.840,21
5,sse,groq-healthy,73,455.466,14.840,16
5,sse,groq-healthy,74,457.849,14.840,15
5,sse,groq-healthy,75,457.947,14.840,15
5,sse,groq-healthy,76,458.628,14.840,16
5,sse,groq-healthy,77,458.802,14.840,13
5,sse,groq-healthy,78,463.267,14.840,16
5,sse,groq-healthy,79,463.386,14.840,21
5,sse,groq-healthy,80,468.256,14.840,17
5,sse,groq-healthy,81,472.112,14.840,17
5,sse,groq-healthy,82,476.986,14.840,17
5,sse,groq-healthy,83,477.156,14.840,16
5,sse,groq-healthy,84,477.401,14.840,18
5,sse,groq-healthy,85,481.571,14.840,17
5,sse,groq-healthy,86,481.811,14.840,16
5,sse,groq-healthy,87,486.439,14.840,19
5,sse,groq-healthy,88,486.715,14.840,18
5,sse,groq-healthy,89,487.238,14.840,14
5,sse,groq-healthy,90,487.375,14.840,16
5,sse,groq-healthy,91,487.827,14.840,13
5,sse,groq-healthy,92,487.977,14.840,17
5,sse,groq-healthy,93,492.276,14.840,17
5,sse,groq-healthy,94,492.481,14.840,19
5,sse,groq-healthy,95,492.690,14.840,18
5,sse,groq-healthy,96,492.883,14.840,17
5,sse,groq-healthy,97,497.426,14.840,16
5,sse,groq-healthy,98,501.240,14.840,15
5,sse,groq-healthy,99,501.502,14.840,13
5,sse,groq-healthy,100,501.634,14.840,19
5,sse,groq-healthy,101,505.484,14.840,17
5,sse,groq-healthy,102,510.274,14.840,19
5,sse,groq-healthy,103,510.408,14.840,13
5,sse,groq-healthy,104,517.153,14.840,18
5,sse,groq-healthy,105,519.068,14.840,18
5,sse,groq-healthy,106,519.219,14.840,20
5,sse,groq-healthy,107,519.604,14.840,16
5,sse,groq-healthy,108,519.758,14.840,15
5,sse,groq-healthy,109,520.222,14.840,13
5,sse,groq-healthy,110,520.885,14.840,19
5,sse,groq-healthy,111,521.120,14.840,17
5,sse,groq-healthy,112,521.261,14.840,20
5,sse,groq-healthy,113,525.844,14.840,19
5,sse,groq-healthy,114,526.070,14.840,18
5,sse,groq-healthy,115,530.740,14.840,19
5,sse,groq-healthy,116,530.880,14.840,17
5,sse,groq-healthy,117,531.083,14.840,19
5,sse,groq-healthy,118,531.361,14.840,16
5,sse,groq-healthy,119,531.923,14.840,13
6,sse,groq-healthy,0,302.213,15.745,15
6,sse,groq-healthy,1,302.389,15.745,16
6,sse,groq-healthy,2,303.212,15.745,20
6,sse,groq-healthy,3,303.848,15.745,14
6,sse,groq-healthy,4,304.138,15.745,17
6,sse,groq-healthy,5,305.711,15.745,15
6,sse,groq-healthy,6,305.846,15.745,17
6,sse,groq-healthy,7,307.436,15.745,17
6,sse,groq-healthy,8,307.522,15.745,13
6,sse,groq-healthy,9,308.969,15.745,15
6,sse,groq-healthy,10,309.112,15.745,16
6,sse,groq-healthy,11,314.360,15.745,18
6,sse,groq-healthy,12,314.490,15.745,20
6,sse,groq-healthy,13,316.902,15.745,20
6,sse,groq-healthy,14,317.055,15.745,17
6,sse,groq-healthy,15,318.290,15.745,20
6,sse,groq-healthy,16,318.551,15.745,18
6,sse,groq-healthy,17,320.770,15.745,18
6,sse,groq-healthy,18,325.368,15.745,20
6,sse,groq-healthy,19,329.628,15.745,14
6,sse,groq-healthy,20,333.785,15.745,15
6,sse,groq-healthy,21,333.958,15.745,20
6,sse,groq-healthy,22,334.889,15.745,16
6,sse,groq-healthy,23,338.606,15.745,14
6,sse,groq-healthy,24,393.607,15.745,15
6,sse,groq-healthy,25,393.832,15.745,14
6,sse,groq-healthy,26,393.965,15.745,15
6,sse,groq-healthy,27,394.075,15.745,15
6,sse,groq-healthy,28,424.429,15.745,13
6,sse,groq-healthy,29,424.675,15.745,19
6,sse,groq-healthy,30,424.702,15.745,19
6,sse,groq-healthy,31,424.817,15.745,18
6,sse,groq-healthy,32,425.147,15.745,19
6,sse,groq-healthy,33,425.281,15.745,16
6,sse,groq-healthy,34,425.469,15.745,19
6,sse,groq-healthy,35,425.596,15.745,14
6,sse,groq-healthy,36,428.271,15.745,16
6,sse,groq-healthy,37,428.392,15.745,18
6,sse,groq-healthy,38,428.521,15.745,13
6,sse,groq-healthy,39,428.674,15.745,20
6,sse,groq-healthy,40,428.821,15.745,17
6,sse,groq-healthy,41,429.027,15.745,18
6,sse,groq-healthy,42,429.165,15.745,19
6,sse,groq-healthy,43,429.312,15.745,18
6,sse,groq-healthy,44,433.663,15.745,15
6,sse,groq-healthy,45,433.806,15.745,14
6,sse,groq-healthy,46,433.926,15.745,16
6,sse,groq-healthy,47,434.065,15.745,16
6,sse,groq-healthy,48,437.020,15.745,13
7,sse,groq-healthy,0,427.006,13.271,13
7,sse,groq-healthy,1,427.184,13.271,14
7,sse,groq-healthy,2,428.075,13.271,16
7,sse,groq-healthy,3,429.226,13.271,14
7,sse,groq-healthy,4,429.546,13.271,16
7,sse,groq-healthy,5,430.179,13.271,16
7,sse,groq-healthy,6,431.406,13.271,21
7,sse,groq-healthy,7,433.912,13.271,18
7,sse,groq-healthy,8,438.520,13.271,19
7,sse,groq-healthy,9,438.617,13.271,19
7,sse,groq-healthy,10,443.150,13.271,18
7,sse,groq-healthy,11,443.436,13.271,16
7,sse,groq-healthy,12,447.975,13.271,17
7,sse,groq-healthy,13,448.170,13.271,18
7,sse,groq-healthy,14,453.019,13.271,19
7,sse,groq-healthy,15,453.233,13.271,19
7,sse,groq-healthy,16,457.887,13.271,19
7,sse,groq-healthy,17,458.080,13.271,20
7,sse,groq-healthy,18,458.969,13.271,18
7,sse,groq-healthy,19,459.719,13.271,18
7,sse,groq-healthy,20,511.651,13.271,14
7,sse,groq-healthy,21,512.001,13.271,16
7,sse,groq-healthy,22,512.270,13.271,20
7,sse,groq-healthy,23,512.476,13.271,13
7,sse,groq-healthy,24,514.195,13.271,16
7,sse,groq-healthy,25,514.396,13.271,17
7,sse,groq-healthy,26,514.559,13.271,16
7,sse,groq-healthy,27,514.718,13.271,18
7,sse,groq-healthy,28,516.083,13.271,17
7,sse,groq-healthy,29,516.223,13.271,14
7,sse,groq-healthy,30,516.391,13.271,15
7,sse,groq-healthy,31,516.558,13.271,20
7,sse,groq-healthy,32,516.724,13.271,19
7,sse,groq-healthy,33,516.941,13.271,16
7,sse,groq-healthy,34,517.099,13.271,13
8,sse,groq-healthy,0,335.515,14.045,14
8,sse,groq-healthy,1,338.572,14.045,16
8,sse,groq-healthy,2,338.858,14.045,18
8,sse,groq-healthy,3,339.216,14.045,13
8,sse,groq-healthy,4,342.674,14.045,17
8,sse,groq-healthy,5,342.991,14.045,21
8,sse,groq-healthy,6,343.448,14.045,14
8,sse,groq-healthy,7,347.545,14.045,15
8,sse,groq-healthy,8,351.094,14.045,13
8,sse,groq-healthy,9,351.393,14.045,13
8,sse,groq-healthy,10,351.887,14.045,15
8,sse,groq-healthy,11,352.246,14.045,13
8,sse,groq-healthy,12,352.713,14.045,13
8,sse,groq-healthy,13,353.072,14.045,16
8,sse,groq-healthy,14,353.382,14.045,16
8,sse,groq-healthy,15,353.630,14.045,15
8,sse,groq-healthy,16,357.317,14.045,13
8,sse,groq-healthy,17,357.584,14.045,19
8,sse,groq-healthy,18,357.969,14.045,18
8,sse,groq-healthy,19,358.280,14.045,19
8,sse,groq-healthy,20,358.594,14.045,19
8,sse,groq-healthy,21,358.854,14.045,18
8,sse,groq-healthy,22,359.176,14.045,18
8,sse,groq-healthy,23,359.385,14.045,19
8,sse,groq-healthy,24,364.089,14.045,16
8,sse,groq-healthy,25,364.326,14.045,13
8,sse,groq-healthy,26,369.913,14.045,17
8,sse,groq-healthy,27,373.720,14.045,18
8,sse,groq-healthy,28,374.012,14.045,16
8,sse,groq-healthy,29,377.651,14.045,16
8,sse,groq-healthy,30,377.911,14.045,15
8,sse,groq-healthy,31,378.409,14.045,13
8,sse,groq-healthy,32,378.711,14.045,19
8,sse,groq-healthy,33,383.727,14.045,19
8,sse,groq-healthy,34,386.879,14.045,16
8,sse,groq-healthy,35,390.741,14.045,16
8,sse,groq-healthy,36,394.321,14.045,21
8,sse,groq-healthy,37,398.371,14.045,19
8,sse,groq-healthy,38,402.322,14.045,17
8,sse,groq-healthy,39,402.622,14.045,19
8,sse,groq-healthy,40,406.929,14.045,16
8,sse,groq-healthy,41,407.224,14.045,19
8,sse,groq-healthy,42,411.651,14.045,18
8,sse,groq-healthy,43,411.953,14.045,17
8,sse,groq-healthy,44,416.272,14.045,15
8,sse,groq-healthy,45,416.583,14.045,15
8,sse,groq-healthy,46,417.072,14.045,13
8,sse,groq-healthy,47,417.356,14.045,19
8,sse,groq-healthy,48,417.878,14.045,21
8,sse,groq-healthy,49,421.650,14.045,21
8,sse,groq-healthy,50,421.928,14.045,19
8,sse,groq-healthy,51,422.451,14.045,18
8,sse,groq-healthy,52,422.748,14.045,17
8,sse,groq-healthy,53,423.253,14.045,17
8,sse,groq-healthy,54,423.519,14.045,13
8,sse,groq-healthy,55,423.878,14.045,15
8,sse,groq-healthy,56,424.032,14.045,13
8,sse,groq-healthy,57,428.400,14.045,18
8,sse,groq-healthy,58,428.731,14.045,16
8,sse,groq-healthy,59,433.168,14.045,16
8,sse,groq-healthy,60,433.477,14.045,17
8,sse,groq-healthy,61,433.991,14.045,13
8,sse,groq-healthy,62,434.363,14.045,21
8,sse,groq-healthy,63,434.820,14.045,17
8,sse,groq-healthy,64,438.620,14.045,20
8,sse,groq-healthy,65,444.842,14.045,19
8,sse,groq-healthy,66,445.112,14.045,21
8,sse,groq-healthy,67,448.891,14.045,19
8,sse,groq-healthy,68,452.661,14.045,16
8,sse,groq-healthy,69,456.765,14.045,20
8,sse,groq-healthy,70,460.744,14.045,17
8,sse,groq-healthy,71,461.011,14.045,14
8,sse,groq-healthy,72,465.083,14.045,14
8,sse,groq-healthy,73,465.667,14.045,18
8,sse,groq-healthy,74,466.313,14.045,18
8,sse,groq-healthy,75,466.682,14.045,17
8,sse,groq-healthy,76,470.351,14.045,17
8,sse,groq-healthy,77,474.347,14.045,17
8,sse,groq-healthy,78,478.193,14.045,17
8,sse,groq-healthy,79,478.529,14.045,16
8,sse,groq-healthy,80,482.976,14.045,16
8,sse,groq-healthy,81,483.277,14.045,17
8,sse,groq-healthy,82,483.777,14.045,20
8,sse,groq-healthy,83,487.650,14.045,19
8,sse,groq-healthy,84,487.952,14.045,18
8,sse,groq-healthy,85,492.335,14.045,19
8,sse,groq-healthy,86,492.660,14.045,13
8,sse,groq-healthy,87,496.886,14.045,19
8,sse,groq-healthy,88,501.086,14.045,17
8,sse,groq-healthy,89,501.438,14.045,17
8,sse,groq-healthy,90,501.995,14.045,18
8,sse,groq-healthy,91,504.946,14.045,21
8,sse,groq-healthy,92,509.314,14.045,16
8,sse,groq-healthy,93,513.239,14.045,16
8,sse,groq-healthy,94,513.616,14.045,19
8,sse,groq-healthy,95,514.238,14.045,17
8,sse,groq-healthy,96,514.593,14.045,19
8,sse,groq-healthy,97,518.065,14.045,18
8,sse,groq-healthy,98,518.349,14.045,18
8,sse,groq-healthy,99,519.074,14.045,19
8,sse,groq-healthy,100,519.323,14.045,16
8,sse,groq-healthy,101,519.785,14.045,16
8,sse,groq-healthy,102,523.969,14.045,17
8,sse,groq-healthy,103,527.661,14.045,13
8,sse,groq-healthy,104,527.990,14.045,13
8,sse,groq-healthy,105,532.592,14.045,18
8,sse,groq-healthy,106,536.497,14.045,17
8,sse,groq-healthy,107,536.823,14.045,17
8,sse,groq-healthy,108,541.146,14.045,20
8,sse,groq-healthy,109,541.544,14.045,19
8,sse,groq-healthy,110,542.092,14.045,18
8,sse,groq-healthy,111,542.438,14.045,17
8,sse,groq-healthy,112,542.989,14.045,20
8,sse,groq-healthy,113,546.597,14.045,19
8,sse,groq-healthy,114,550.847,14.045,13
8,sse,groq-healthy,115,554.617,14.045,16
8,sse,groq-healthy,116,559.286,14.045,18
8,sse,groq-healthy,117,559.678,14.045,18
8,sse,groq-healthy,118,563.260,14.045,19
8,sse,groq-healthy,119,563.590,14.045,16
8,sse,groq-healthy,120,570.543,14.045,18
8,sse,groq-healthy,121,570.860,14.045,17
8,sse,groq-healthy,122,571.305,14.045,15
8,sse,groq-healthy,123,572.947,14.045,15
8,sse,groq-healthy,124,573.297,14.045,13
8,sse,groq-healthy,125,573.806,14.045,19
8,sse,groq-healthy,126,574.116,14.045,21
8,sse,groq-healthy,127,574.624,14.045,18
8,sse,groq-healthy,128,578.019,14.045,18
8,sse,groq-healthy,129,578.380,14.045,18
8,sse,groq-healthy,130,582.396,14.045,18
8,sse,groq-healthy,131,586.534,14.045,13
8,sse,groq-healthy,132,586.877,14.045,13
8,sse,groq-healthy,133,591.246,14.045,18
8,sse,groq-healthy,134,591.509,14.045,17
8,sse,groq-healthy,135,592.088,14.045,21
8,sse,groq-healthy,136,595.841,14.045,16
8,sse,groq-healthy,137,596.144,14.045,17
8,sse,groq-healthy,138,596.634,14.045,19
8,sse,groq-healthy,139,600.554,14.045,17
8,sse,groq-healthy,140,600.874,14.045,18
8,sse,groq-healthy,141,601.414,14.045,14
8,sse,groq-healthy,142,605.076,14.045,16
8,sse,groq-healthy,143,608.775,14.045,18
8,sse,groq-healthy,144,609.227,14.045,17
8,sse,groq-healthy,145,613.269,14.045,13
8,sse,groq-healthy,146,613.566,14.045,15
8,sse,groq-healthy,147,614.058,14.045,13
8,sse,groq-healthy,148,614.348,14.045,13
8,sse,groq-healthy,149,614.814,14.045,14
8,sse,groq-healthy,150,618.764,14.045,15
8,sse,groq-healthy,151,622.415,14.045,19
8,sse,groq-healthy,152,622.805,14.045,20
8,sse,groq-healthy,153,627.330,14.045,17
8,sse,groq-healthy,154,627.747,14.045,13
8,sse,groq-healthy,155,628.362,14.045,18
8,sse,groq-healthy,156,632.071,14.045,19
8,sse,groq-healthy,157,632.406,14.045,17
8,sse,groq-healthy,158,636.685,14.045,15
8,sse,groq-healthy,159,640.562,14.045,16
8,sse,groq-healthy,160,644.382,14.045,15
8,sse,groq-healthy,161,649.033,14.045,14
8,sse,groq-healthy,162,651.970,14.045,16
8,sse,groq-healthy,163,655.728,14.045,19
8,sse,groq-healthy,164,660.383,14.045,17
8,sse,groq-healthy,165,670.017,14.045,19
8,sse,groq-healthy,166,670.574,14.045,21
8,sse,groq-healthy,167,671.583,14.045,19
8,sse,groq-healthy,168,671.965,14.045,18
8,sse,groq-healthy,169,672.604,14.045,13
8,sse,groq-healthy,170,672.982,14.045,16
8,sse,groq-healthy,171,673.528,14.045,19
8,sse,groq-healthy,172,677.998,14.045,16
8,sse,groq-healthy,173,678.364,14.045,21
8,sse,groq-healthy,174,683.127,14.045,19
8,sse,groq-healthy,175,687.720,14.045,18
8,sse,groq-healthy,176,688.094,14.045,18
8,sse,groq-healthy,177,690.942,14.045,16
8,sse,groq-healthy,178,694.531,14.045,19
8,sse,groq-healthy,179,698.321,14.045,16
8,sse,groq-healthy,180,702.034,14.045,14
8,sse,groq-healthy,181,705.913,14.045,16
8,sse,groq-healthy,182,706.264,14.045,13
8,sse,groq-healthy,183,710.641,14.045,16
8,sse,groq-healthy,184,714.536,14.045,17
8,sse,groq-healthy,185,714.868,14.045,21
8,sse,groq-healthy,186,715.467,14.045,17
8,sse,groq-healthy,187,715.909,14.045,19
8,sse,groq-healthy,188,716.451,14.045,16
8,sse,groq-healthy,189,716.695,14.045,20
8,sse,groq-healthy,190,720.994,14.045,19
8,sse,groq-healthy,191,721.305,14.045,16
8,sse,groq-healthy,192,721.928,14.045,17
8,sse,groq-healthy,193,725.092,14.045,18
8,sse,groq-healthy,194,725.522,14.045,19
8,sse,groq-healthy,195,726.161,14.045,17
8,sse,groq-healthy,196,726.473,14.045,14
8,sse,groq-healthy,197,732.189,14.045,14
8,sse,groq-healthy,198,735.118,14.045,16
8,sse,groq-healthy,199,735.473,14.045,18
8,sse,groq-healthy,200,739.813,14.045,13
8,sse,groq-healthy,201,740.224,14.045,16
8,sse,groq-healthy,202,740.826,14.045,19
8,sse,groq-healthy,203,741.276,14.045,16
8,sse,groq-healthy,204,741.681,14.045,19
8,sse,groq-healthy,205,741.952,14.045,17
8,sse,groq-healthy,206,742.276,14.045,14
8,sse,groq-healthy,207,742.657,14.045,14
8,sse,groq-healthy,208,751.461,14.045,16
8,sse,groq-healthy,209,751.756,14.045,16
8,sse,groq-healthy,210,752.249,14.045,13
8,sse,groq-healthy,211,752.746,14.045,18
8,sse,groq-healthy,212,754.871,14.045,20
8,sse,groq-healthy,213,758.603,14.045,18
8,sse,groq-healthy,214,758.950,14.045,19
8,sse,groq-healthy,215,764.108,14.045,13
9,sse,groq-healthy,0,301.787,14.046,14
9,sse,groq-healthy,1,305.982,14.046,15
9,sse,groq-healthy,2,306.080,14.046,18
9,sse,groq-healthy,3,306.160,14.046,21
9,sse,groq-healthy,4,306.244,14.046,15
9,sse,groq-healthy,5,306.600,14.046,15
9,sse,groq-healthy,6,306.742,14.046,16
9,sse,groq-healthy,7,307.446,14.046,18
9,sse,groq-healthy,8,307.851,14.046,18
9,sse,groq-healthy,9,311.941,14.046,20
9,sse,groq-healthy,10,312.077,14.046,17
9,sse,groq-healthy,11,317.357,14.046,16
9,sse,groq-healthy,12,321.676,14.046,14
9,sse,groq-healthy,13,325.946,14.046,14
9,sse,groq-healthy,14,326.054,14.046,19
9,sse,groq-healthy,15,326.186,14.046,18
9,sse,groq-healthy,16,330.210,14.046,19
9,sse,groq-healthy,17,330.287,14.046,16
9,sse,groq-healthy,18,330.371,14.046,13
9,sse,groq-healthy,19,330.433,14.046,18
9,sse,groq-healthy,20,335.302,14.046,20
9,sse,groq-healthy,21,335.385,14.046,18
9,sse,groq-healthy,22,340.026,14.046,20
9,sse,groq-healthy,23,340.092,14.046,18
9,sse,groq-healthy,24,340.506,14.046,19
9,sse,groq-healthy,25,340.586,14.046,17
9,sse,groq-healthy,26,340.906,14.046,18
9,sse,groq-healthy,27,340.996,14.046,18
9,sse,groq-healthy,28,341.864,14.046,17
9,sse,groq-healthy,29,341.950,14.046,17
9,sse,groq-healthy,30,345.978,14.046,13
9,sse,groq-healthy,31,346.071,14.046,15
9,sse,groq-healthy,32,346.858,14.046,13
9,sse,groq-healthy,33,346.939,14.046,14
9,sse,groq-healthy,34,351.973,14.046,14
9,sse,groq-healthy,35,356.307,14.046,16
9,sse,groq-healthy,36,360.025,14.046,18
9,sse,groq-healthy,37,364.599,14.046,21
9,sse,groq-healthy,38,368.718,14.046,16
9,sse,groq-healthy,39,372.839,14.046,18
9,sse,groq-healthy,40,377.267,14.046,16
9,sse,groq-healthy,41,377.354,14.046,17
9,sse,groq-healthy,42,381.403,14.046,17
9,sse,groq-healthy,43,381.494,14.046,13
9,sse,groq-healthy,44,382.239,14.046,15
9,sse,groq-healthy,45,382.330,14.046,13
9,sse,groq-healthy,46,387.070,14.046,18
9,sse,groq-healthy,47,387.158,14.046,13
9,sse,groq-healthy,48,387.628,14.046,15
9,sse,groq-healthy,49,387.715,14.046,17
9,sse,groq-healthy,50,387.928,14.046,13
9,sse,groq-healthy,51,388.042,14.046,15
9,sse,groq-healthy,52,389.018,14.046,13
9,sse,groq-healthy,53,393.153,14.046,13
9,sse,groq-healthy,54,396.852,14.046,18
9,sse,groq-healthy,55,396.933,14.046,18
9,sse,groq-healthy,56,397.327,14.046,15
9,sse,groq-healthy,57,401.429,14.046,16
9,sse,groq-healthy,58,401.511,14.046,16
9,sse,groq-healthy,59,406.095,14.046,16
9,sse,groq-healthy,60,409.846,14.046,15
9,sse,groq-healthy,61,409.953,14.046,15
9,sse,groq-healthy,62,414.647,14.046,17
9,sse,groq-healthy,63,418.890,14.046,18
9,sse,groq-healthy,64,422.213,14.046,16
9,sse,groq-healthy,65,425.813,14.046,17
9,sse,groq-healthy,66,425.907,14.046,20
9,sse,groq-healthy,67,431.005,14.046,19
9,sse,groq-healthy,68,434.872,14.046,15
9,sse,groq-healthy,69,434.972,14.046,16
9,sse,groq-healthy,70,435.285,14.046,17
9,sse,groq-healthy,71,435.467,14.046,16
9,sse,groq-healthy,72,440.174,14.046,18
9,sse,groq-healthy,73,440.274,14.046,14
9,sse,groq-healthy,74,445.082,14.046,14
9,sse,groq-healthy,75,445.183,14.046,16
9,sse,groq-healthy,76,449.586,14.046,21
9,sse,groq-healthy,77,449.710,14.046,15
9,sse,groq-healthy,78,454.363,14.046,14
9,sse,groq-healthy,79,454.477,14.046,14
9,sse,groq-healthy,80,458.735,14.046,14
9,sse,groq-healthy,81,463.162,14.046,18
9,sse,groq-healthy,82,466.612,14.046,16
9,sse,groq-healthy,83,470.658,14.046,21
9,sse,groq-healthy,84,474.231,14.046,17
9,sse,groq-healthy,85,478.019,14.046,15
9,sse,groq-healthy,86,478.161,14.046,15
9,sse,groq-healthy,87,482.843,14.046,14
9,sse,groq-healthy,88,482.995,14.046,17
9,sse,groq-healthy,89,488.282,14.046,13
9,sse,groq-healthy,90,488.486,14.046,15
9,sse,groq-healthy,91,488.633,14.046,13
9,sse,groq-healthy,92,492.051,14.046,13
9,sse,groq-healthy,93,492.274,14.046,16
9,sse,groq-healthy,94,496.684,14.046,21
9,sse,groq-healthy,95,500.416,14.046,15
9,sse,groq-healthy,96,500.596,14.046,14
9,sse,groq-healthy,97,501.656,14.046,17
9,sse,groq-healthy,98,501.836,14.046,17
9,sse,groq-healthy,99,506.272,14.046,19
9,sse,groq-healthy,100,506.464,14.046,19
9,sse,groq-healthy,101,511.275,14.046,18
9,sse,groq-healthy,102,514.642,14.046,14
9,sse,groq-healthy,103,514.917,14.046,16
9,sse,groq-healthy,104,515.346,14.046,18
9,sse,groq-healthy,105,519.205,14.046,19
9,sse,groq-healthy,106,523.016,14.046,18
9,sse,groq-healthy,107,523.214,14.046,19
9,sse,groq-healthy,108,527.656,14.046,18
9,sse,groq-healthy,109,527.863,14.046,16
9,sse,groq-healthy,110,532.338,14.046,15
9,sse,groq-healthy,111,536.175,14.046,16
9,sse,groq-healthy,112,536.391,14.046,17
9,sse,groq-healthy,113,536.857,14.046,16
9,sse,groq-healthy,114,537.037,14.046,18
9,sse,groq-healthy,115,542.205,14.046,19
9,sse,groq-healthy,116,542.354,14.046,19
9,sse,groq-healthy,117,546.719,14.046,16
9,sse,groq-healthy,118,546.857,14.046,17
9,sse,groq-healthy,119,547.123,14.046,15
9,sse,groq-healthy,120,550.932,14.046,16
9,sse,groq-healthy,121,551.088,14.046,19
9,sse,groq-healthy,122,555.981,14.046,18
9,sse,groq-healthy,123,559.311,14.046,19
9,sse,groq-healthy,124,559.520,14.046,18
9,sse,groq-healthy,125,564.272,14.046,19
9,sse,groq-healthy,126,568.083,14.046,17
9,sse,groq-healthy,127,568.360,14.046,17
9,sse,groq-healthy,128,568.833,14.046,19
9,sse,groq-healthy,129,572.772,14.046,15
9,sse,groq-healthy,130,572.988,14.046,17
9,sse,groq-healthy,131,573.491,14.046,17
9,sse,groq-healthy,132,573.727,14.046,13
9,sse,groq-healthy,133,574.439,14.046,15
9,sse,groq-healthy,134,574.646,14.046,13
9,sse,groq-healthy,135,574.906,14.046,14
9,sse,groq-healthy,136,579.258,14.046,14
9,sse,groq-healthy,137,579.560,14.046,16
9,sse,groq-healthy,138,579.903,14.046,13
9,sse,groq-healthy,139,580.277,14.046,15
9,sse,groq-healthy,140,580.626,14.046,13
9,sse,groq-healthy,141,580.876,14.046,14
9,sse,groq-healthy,142,581.488,14.046,16
9,sse,groq-healthy,143,581.722,14.046,17
9,sse,groq-healthy,144,589.466,14.046,18
9,sse,groq-healthy,145,593.117,14.046,21
9,sse,groq-healthy,146,593.432,14.046,16
9,sse,groq-healthy,147,598.067,14.046,18
9,sse,groq-healthy,148,598.440,14.046,18
9,sse,groq-healthy,149,599.017,14.046,16
9,sse,groq-healthy,150,599.333,14.046,21
9,sse,groq-healthy,151,599.847,14.046,15
9,sse,groq-healthy,152,599.996,14.046,14
9,sse,groq-healthy,153,605.303,14.046,16
9,sse,groq-healthy,154,609.756,14.046,17
9,sse,groq-healthy,155,610.037,14.046,18
9,sse,groq-healthy,156,613.538,14.046,21
9,sse,groq-healthy,157,613.758,14.046,20
9,sse,groq-healthy,158,618.565,14.046,19
9,sse,groq-healthy,159,618.809,14.046,18
9,sse,groq-healthy,160,624.619,14.046,18
9,sse,groq-healthy,161,627.572,14.046,19
9,sse,groq-healthy,162,627.833,14.046,17
9,sse,groq-healthy,163,632.240,14.046,18
9,sse,groq-healthy,164,636.566,14.046,15
9,sse,groq-healthy,165,636.996,14.046,19
9,sse,groq-healthy,166,641.148,14.046,19
9,sse,groq-healthy,167,645.574,14.046,20
9,sse,groq-healthy,168,649.513,14.046,20
9,sse,groq-healthy,169,653.205,14.046,19
9,sse,groq-healthy,170,653.382,14.046,13
9,sse,groq-healthy,171,659.749,14.046,17
9,sse,groq-healthy,172,664.177,14.046,13
9,sse,groq-healthy,173,664.460,14.046,15
9,sse,groq-healthy,174,667.825,14.046,18
9,sse,groq-healthy,175,668.042,14.046,13
9,sse,groq-healthy,176,668.388,14.046,13
9,sse,groq-healthy,177,672.138,14.046,19
9,sse,groq-healthy,178,672.363,14.046,13
9,sse,groq-healthy,179,672.988,14.046,13
9,sse,groq-healthy,180,677.194,14.046,17
9,sse,groq-healthy,181,677.503,14.046,13
9,sse,groq-healthy,182,677.846,14.046,15
9,sse,groq-healthy,183,678.261,14.046,13
9,sse,groq-healthy,184,682.228,14.046,14
9,sse,groq-healthy,185,686.093,14.046,15
9,sse,groq-healthy,186,690.256,14.046,13
9,sse,groq-healthy,187,690.471,14.046,20
9,sse,groq-healthy,188,694.827,14.046,16
9,sse,groq-healthy,189,698.673,14.046,15
9,sse,groq-healthy,190,698.859,14.046,15
9,sse,groq-healthy,191,700.078,14.046,18
9,sse,groq-healthy,192,704.438,14.046,19
9,sse,groq-healthy,193,707.395,14.046,16
9,sse,groq-healthy,194,707.657,14.046,14
9,sse,groq-healthy,195,708.068,14.046,18
9,sse,groq-healthy,196,712.026,14.046,21
9,sse,groq-healthy,197,712.457,14.046,18
9,sse,groq-healthy,198,717.040,14.046,18
9,sse,groq-healthy,199,720.629,14.046,18
9,sse,groq-healthy,200,720.909,14.046,17
9,sse,groq-healthy,201,726.167,14.046,19
9,sse,groq-healthy,202,729.179,14.046,17
9,sse,groq-healthy,203,729.453,14.046,18
9,sse,groq-healthy,204,729.843,14.046,18
9,sse,groq-healthy,205,730.064,14.046,18
9,sse,groq-healthy,206,730.563,14.046,19
9,sse,groq-healthy,207,734.241,14.046,15
9,sse,groq-healthy,208,738.320,14.046,14
9,sse,groq-healthy,209,742.085,14.046,14
9,sse,groq-healthy,210,746.016,14.046,16
9,sse,groq-healthy,211,752.155,14.046,13
9,sse,groq-healthy,212,753.948,14.046,18
9,sse,groq-healthy,213,757.628,14.046,21
9,sse,groq-healthy,214,761.483,14.046,16
9,sse,groq-healthy,215,765.140,14.046,16
9,sse,groq-healthy,216,765.403,14.046,18
9,sse,groq-healthy,217,765.857,14.046,18
9,sse,groq-healthy,218,766.133,14.046,20
9,sse,groq-healthy,219,766.505,14.046,19
9,sse,groq-healthy,220,767.498,14.046,20
9,sse,groq-healthy,221,767.907,14.046,17
9,sse,groq-healthy,222,771.470,14.046,20
9,sse,groq-healthy,223,771.731,14.046,19
9,sse,groq-healthy,224,772.085,14.046,18
9,sse,groq-healthy,225,772.452,14.046,19
9,sse,groq-healthy,226,773.461,14.046,17
9,sse,groq-healthy,227,773.727,14.046,19
9,sse,groq-healthy,228,774.048,14.046,16
9,sse,groq-healthy,229,774.450,14.046,17
9,sse,groq-healthy,230,778.103,14.046,13
9,sse,groq-healthy,231,781.995,14.046,16
9,sse,groq-healthy,232,785.646,14.046,19
9,sse,groq-healthy,233,789.598,14.046,19
9,sse,groq-healthy,234,793.245,14.046,18
9,sse,groq-healthy,235,797.350,14.046,13
9,sse,groq-healthy,236,797.614,14.046,18
9,sse,groq-healthy,237,798.097,14.046,16
9,sse,groq-healthy,238,801.973,14.046,18
9,sse,groq-healthy,239,806.552,14.046,18
9,sse,groq-healthy,240,806.783,14.046,18
9,sse,groq-healthy,241,810.225,14.046,18
9,sse,groq-healthy,242,810.648,14.046,16
9,sse,groq-healthy,243,815.427,14.046,16
9,sse,groq-healthy,244,819.221,14.046,17
9,sse,groq-healthy,245,819.458,14.046,16
9,sse,groq-healthy,246,823.897,14.046,19
9,sse,groq-healthy,247,824.079,14.046,17
9,sse,groq-healthy,248,824.285,14.046,17
9,sse,groq-healthy,249,824.534,14.046,13
9,sse,groq-healthy,250,824.911,14.046,15
9,sse,groq-healthy,251,828.927,14.046,13
9,sse,groq-healthy,252,833.106,14.046,13
9,sse,groq-healthy,253,833.309,14.046,14
9,sse,groq-healthy,254,837.267,14.046,16
9,sse,groq-healthy,255,840.778,14.046,21
9,sse,groq-healthy,256,841.145,14.046,18
9,sse,groq-healthy,257,845.721,14.046,17
9,sse,groq-healthy,258,849.846,14.046,18
9,sse,groq-healthy,259,850.199,14.046,17
9,sse,groq-healthy,260,850.486,14.046,17
9,sse,groq-healthy,261,850.920,14.046,17
9,sse,groq-healthy,262,854.616,14.046,14
9,sse,groq-healthy,263,858.636,14.046,16
9,sse,groq-healthy,264,858.860,14.046,18
9,sse,groq-healthy,265,859.283,14.046,16
9,sse,groq-healthy,266,863.184,14.046,16
9,sse,groq-healthy,267,863.436,14.046,17
9,sse,groq-healthy,268,863.893,14.046,17
9,sse,groq-healthy,269,867.796,14.046,18
9,sse,groq-healthy,270,871.623,14.046,16
9,sse,groq-healthy,271,875.431,14.046,13
9,sse,groq-healthy,272,879.232,14.046,16
9,sse,groq-healthy,273,883.237,14.046,18
9,sse,groq-healthy,274,887.066,14.046,19
9,sse,groq-healthy,275,887.523,14.046,19
9,sse,groq-healthy,276,887.921,14.046,18
9,sse,groq-healthy,277,891.824,14.046,16
9,sse,groq-healthy,278,895.589,14.046,17
9,sse,groq-healthy,279,895.963,14.046,17
9,sse,groq-healthy,280,896.354,14.046,18
9,sse,groq-healthy,281,900.493,14.046,19
9,sse,groq-healthy,282,900.743,14.046,18
9,sse,groq-healthy,283,901.137,14.046,17
9,sse,groq-healthy,284,904.772,14.046,19
9,sse,groq-healthy,285,905.082,14.046,18
9,sse,groq-healthy,286,905.424,14.046,15
9,sse,groq-healthy,287,909.388,14.046,16
9,sse,groq-healthy,288,913.300,14.046,19
9,sse,groq-healthy,289,917.247,14.046,17
9,sse,groq-healthy,290,921.069,14.046,13
9,sse,groq-healthy,291,924.890,14.046,14
9,sse,groq-healthy,292,928.757,14.046,16
9,sse,groq-healthy,293,932.600,14.046,16
9,sse,groq-healthy,294,936.923,14.046,18
9,sse,groq-healthy,295,937.257,14.046,13
9,sse,groq-healthy,296,937.663,14.046,20
9,sse,groq-healthy,297,937.861,14.046,18
9,sse,groq-healthy,298,938.263,14.046,18
9,sse,groq-healthy,299,938.571,14.046,18
9,sse,groq-healthy,300,938.790,14.046,18
9,sse,groq-healthy,301,938.961,14.046,18
9,sse,groq-healthy,302,947.369,14.046,16
9,sse,groq-healthy,303,951.248,14.046,18
9,sse,groq-healthy,304,951.551,14.046,19
9,sse,groq-healthy,305,953.082,14.046,21
9,sse,groq-healthy,306,954.064,14.046,18
9,sse,groq-healthy,307,955.931,14.046,19
9,sse,groq-healthy,308,956.152,14.046,18
9,sse,groq-healthy,309,960.996,14.046,19
9,sse,groq-healthy,310,961.162,14.046,16
9,sse,groq-healthy,311,962.246,14.046,18
9,sse,groq-healthy,312,966.055,14.046,17
9,sse,groq-healthy,313,969.933,14.046,20
9,sse,groq-healthy,314,970.082,14.046,18
9,sse,groq-healthy,315,970.441,14.046,18
9,sse,groq-healthy,316,975.159,14.046,17
9,sse,groq-healthy,317,975.424,14.046,19
9,sse,groq-healthy,318,975.616,14.046,16
9,sse,groq-healthy,319,975.795,14.046,17
9,sse,groq-healthy,320,980.800,14.046,19
9,sse,groq-healthy,321,980.905,14.046,17
9,sse,groq-healthy,322,981.617,14.046,17
9,sse,groq-healthy,323,981.796,14.046,13
10,sse,groq-healthy,0,287.304,20.428,14
10,sse,groq-healthy,1,287.685,20.428,14
10,sse,groq-healthy,2,287.987,20.428,19
10,sse,groq-healthy,3,288.494,20.428,21
10,sse,groq-healthy,4,291.721,20.428,19
10,sse,groq-healthy,5,291.826,20.428,18
10,sse,groq-healthy,6,291.989,20.428,17
10,sse,groq-healthy,7,298.901,20.428,13
10,sse,groq-healthy,8,299.043,20.428,15
10,sse,groq-healthy,9,300.065,20.428,13
10,sse,groq-healthy,10,304.387,20.428,13
10,sse,groq-healthy,11,308.272,20.428,16
10,sse,groq-healthy,12,311.980,20.428,16
10,sse,groq-healthy,13,312.160,20.428,16
10,sse,groq-healthy,14,321.362,20.428,20
10,sse,groq-healthy,15,325.081,20.428,15
10,sse,groq-healthy,16,325.288,20.428,16
10,sse,groq-healthy,17,330.326,20.428,17
10,sse,groq-healthy,18,333.912,20.428,14
10,sse,groq-healthy,19,337.905,20.428,16
10,sse,groq-healthy,20,338.165,20.428,18
10,sse,groq-healthy,21,338.640,20.428,18
10,sse,groq-healthy,22,343.142,20.428,19
10,sse,groq-healthy,23,346.805,20.428,14
10,sse,groq-healthy,24,350.686,20.428,17
10,sse,groq-healthy,25,350.988,20.428,13
10,sse,groq-healthy,26,355.749,20.428,18
10,sse,groq-healthy,27,358.800,20.428,15
10,sse,groq-healthy,28,362.936,20.428,16
10,sse,groq-healthy,29,433.417,20.428,17
10,sse,groq-healthy,30,433.650,20.428,18
10,sse,groq-healthy,31,433.927,20.428,16
10,sse,groq-healthy,32,434.150,20.428,18
10,sse,groq-healthy,33,437.982,20.428,19
10,sse,groq-healthy,34,438.200,20.428,13
10,sse,groq-healthy,35,438.423,20.428,19
10,sse,groq-healthy,36,441.483,20.428,14
10,sse,groq-healthy,37,441.707,20.428,17
10,sse,groq-healthy,38,441.928,20.428,16
10,sse,groq-healthy,39,442.158,20.428,17
10,sse,groq-healthy,40,442.363,20.428,18
10,sse,groq-healthy,41,442.751,20.428,19
10,sse,groq-healthy,42,445.233,20.428,19
10,sse,groq-healthy,43,445.383,20.428,18
10,sse,groq-healthy,44,445.563,20.428,19
10,sse,groq-healthy,45,445.718,20.428,18
10,sse,groq-healthy,46,520.947,20.428,18
10,sse,groq-healthy,47,521.210,20.428,17
10,sse,groq-healthy,48,521.497,20.428,19
10,sse,groq-healthy,49,521.758,20.428,13
10,sse,groq-healthy,50,522.163,20.428,21
10,sse,groq-healthy,51,522.495,20.428,17
10,sse,groq-healthy,52,522.676,20.428,19
10,sse,groq-healthy,53,522.879,20.428,16
10,sse,groq-healthy,54,523.033,20.428,19
10,sse,groq-healthy,55,527.895,20.428,15
10,sse,groq-healthy,56,528.167,20.428,15
10,sse,groq-healthy,57,528.465,20.428,13
10,sse,groq-healthy,58,528.685,20.428,16
10,sse,groq-healthy,59,528.984,20.428,17
10,sse,groq-healthy,60,529.377,20.428,19
10,sse,groq-healthy,61,529.602,20.428,15
10,sse,groq-healthy,62,529.874,20.428,15
10,sse,groq-healthy,63,530.141,20.428,21
10,sse,groq-healthy,64,603.937,20.428,17
10,sse,groq-healthy,65,604.245,20.428,18
10,sse,groq-healthy,66,604.476,20.428,18
10,sse,groq-healthy,67,604.666,20.428,16
10,sse,groq-healthy,68,604.982,20.428,17
10,sse,groq-healthy,69,605.218,20.428,18
10,sse,groq-healthy,70,605.450,20.428,16
10,sse,groq-healthy,71,605.657,20.428,19
10,sse,groq-healthy,72,605.905,20.428,19
10,sse,groq-healthy,73,606.179,20.428,15
10,sse,groq-healthy,74,610.828,20.428,16
10,sse,groq-healthy,75,611.051,20.428,13
10,sse,groq-healthy,76,611.353,20.428,13
10,sse,groq-healthy,77,611.674,20.428,16
10,sse,groq-healthy,78,611.909,20.428,19
10,sse,groq-healthy,79,612.152,20.428,19
10,sse,groq-healthy,80,612.320,20.428,15
10,sse,groq-healthy,81,612.463,20.428,16
10,sse,groq-healthy,82,612.630,20.428,17
10,sse,groq-healthy,83,686.310,20.428,17
10,sse,groq-healthy,84,686.548,20.428,18
10,sse,groq-healthy,85,686.805,20.428,19
10,sse,groq-healthy,86,687.100,20.428,18
10,sse,groq-healthy,87,687.486,20.428,16
10,sse,groq-healthy,88,687.839,20.428,17
10,sse,groq-healthy,89,687.980,20.428,16
10,sse,groq-healthy,90,688.170,20.428,18
10,sse,groq-healthy,91,688.349,20.428,17
10,sse,groq-healthy,92,688.572,20.428,21
10,sse,groq-healthy,93,688.748,20.428,20
10,sse,groq-healthy,94,688.920,20.428,19
10,sse,groq-healthy,95,689.095,20.428,16
10,sse,groq-healthy,96,689.328,20.428,16
10,sse,groq-healthy,97,689.548,20.428,15
10,sse,groq-healthy,98,689.731,20.428,15
10,sse,groq-healthy,99,689.875,20.428,14
10,sse,groq-healthy,100,690.036,20.428,16
10,sse,groq-healthy,101,690.248,20.428,17
10,sse,groq-healthy,102,690.389,20.428,14
10,sse,groq-healthy,103,690.559,20.428,14
10,sse,groq-healthy,104,690.697,20.428,19
10,sse,groq-healthy,105,690.932,20.428,17
10,sse,groq-healthy,106,691.085,20.428,14
10,sse,groq-healthy,107,691.227,20.428,14
10,sse,groq-healthy,108,691.384,20.428,18
10,sse,groq-healthy,109,691.542,20.428,19
10,sse,groq-healthy,110,691.762,20.428,16
10,sse,groq-healthy,111,691.912,20.428,18
10,sse,groq-healthy,112,692.049,20.428,18
10,sse,groq-healthy,113,692.210,20.428,13
10,sse,groq-healthy,114,692.374,20.428,13
10,sse,groq-healthy,115,692.609,20.428,18
10,sse,groq-healthy,116,692.769,20.428,17
10,sse,groq-healthy,117,692.922,20.428,13
10,sse,groq-healthy,118,693.066,20.428,16
10,sse,groq-healthy,119,693.269,20.428,19
10,sse,groq-healthy,120,693.424,20.428,16
10,sse,groq-healthy,121,693.581,20.428,17
10,sse,groq-healthy,122,693.740,20.428,17
10,sse,groq-healthy,123,693.881,20.428,17
10,sse,groq-healthy,124,694.085,20.428,14
10,sse,groq-healthy,125,694.222,20.428,15
10,sse,groq-healthy,126,694.367,20.428,20
10,sse,groq-healthy,127,694.574,20.428,17
10,sse,groq-healthy,128,694.717,20.428,17
10,sse,groq-healthy,129,694.877,20.428,13
10,sse,groq-healthy,130,695.020,20.428,15
10,sse,groq-healthy,131,695.165,20.428,13
10,sse,groq-healthy,132,695.336,20.428,16
10,sse,groq-healthy,133,695.473,20.428,14
10,sse,groq-healthy,134,695.619,20.428,16
10,sse,groq-healthy,135,695.768,20.428,18
10,sse,groq-healthy,136,695.916,20.428,17
10,sse,groq-healthy,137,696.120,20.428,17
10,sse,groq-healthy,138,696.264,20.428,13
10,sse,groq-healthy,139,696.426,20.428,15
10,sse,groq-healthy,140,696.562,20.428,13
10,sse,groq-healthy,141,696.715,20.428,13
11,sse,groq-healthy,0,283.983,12.793,15
11,sse,groq-healthy,1,284.186,12.793,16
11,sse,groq-healthy,2,284.840,12.793,20
11,sse,groq-healthy,3,285.233,12.793,14
11,sse,groq-healthy,4,286.298,12.793,17
11,sse,groq-healthy,5,286.580,12.793,15
11,sse,groq-healthy,6,286.663,12.793,17
11,sse,groq-healthy,7,287.786,12.793,17
11,sse,groq-healthy,8,287.870,12.793,13
11,sse,groq-healthy,9,290.421,12.793,15
11,sse,groq-healthy,10,290.535,12.793,15
11,sse,groq-healthy,11,291.010,12.793,17
11,sse,groq-healthy,12,295.031,12.793,17
11,sse,groq-healthy,13,298.809,12.793,14
11,sse,groq-healthy,14,302.628,12.793,14
11,sse,groq-healthy,15,306.747,12.793,19
11,sse,groq-healthy,16,310.791,12.793,21
11,sse,groq-healthy,17,310.944,12.793,18
11,sse,groq-healthy,18,315.961,12.793,16
11,sse,groq-healthy,19,316.042,12.793,15
11,sse,groq-healthy,20,319.930,12.793,14
11,sse,groq-healthy,21,320.068,12.793,16
11,sse,groq-healthy,22,320.798,12.793,16
11,sse,groq-healthy,23,320.866,12.793,13
11,sse,groq-healthy,24,322.405,12.793,18
11,sse,groq-healthy,25,322.492,12.793,19
11,sse,groq-healthy,26,323.470,12.793,13
11,sse,groq-healthy,27,326.313,12.793,18
11,sse,groq-healthy,28,330.246,12.793,17
11,sse,groq-healthy,29,334.533,12.793,21
11,sse,groq-healthy,30,337.975,12.793,18
11,sse,groq-healthy,31,338.054,12.793,18
11,sse,groq-healthy,32,342.867,12.793,20
11,sse,groq-healthy,33,342.964,12.793,18
11,sse,groq-healthy,34,350.470,12.793,19
11,sse,groq-healthy,35,355.662,12.793,19
11,sse,groq-healthy,36,356.258,12.793,19
11,sse,groq-healthy,37,359.544,12.793,17
11,sse,groq-healthy,38,363.162,12.793,17
11,sse,groq-healthy,39,363.299,12.793,13
11,sse,groq-healthy,40,376.217,12.793,20
11,sse,groq-healthy,41,376.311,12.793,20
11,sse,groq-healthy,42,376.409,12.793,17
11,sse,groq-healthy,43,376.498,12.793,16
11,sse,groq-healthy,44,378.999,12.793,18
11,sse,groq-healthy,45,379.088,12.793,18
11,sse,groq-healthy,46,379.173,12.793,20
11,sse,groq-healthy,47,380.397,12.793,17
11,sse,groq-healthy,48,380.488,12.793,19
11,sse,groq-healthy,49,380.575,12.793,17
11,sse,groq-healthy,50,380.658,12.793,20
11,sse,groq-healthy,51,380.770,12.793,19
11,sse,groq-healthy,52,380.855,12.793,18
11,sse,groq-healthy,53,380.937,12.793,19
11,sse,groq-healthy,54,381.019,12.793,17
11,sse,groq-healthy,55,381.131,12.793,19
11,sse,groq-healthy,56,385.291,12.793,16
11,sse,groq-healthy,57,385.379,12.793,13
11,sse,groq-healthy,58,385.883,12.793,19
11,sse,groq-healthy,59,385.980,12.793,18
11,sse,groq-healthy,60,386.904,12.793,17
11,sse,groq-healthy,61,388.061,12.793,14
11,sse,groq-healthy,62,391.351,12.793,15
11,sse,groq-healthy,63,395.519,12.793,19
11,sse,groq-healthy,64,396.102,12.793,18
11,sse,groq-healthy,65,396.735,12.793,21
11,sse,groq-healthy,66,402.289,12.793,19
11,sse,groq-healthy,67,402.401,12.793,16
11,sse,groq-healthy,68,405.117,12.793,17
11,sse,groq-healthy,69,408.881,12.793,19
11,sse,groq-healthy,70,413.701,12.793,18
11,sse,groq-healthy,71,414.986,12.793,18
11,sse,groq-healthy,72,415.104,12.793,20
11,sse,groq-healthy,73,418.266,12.793,19
11,sse,groq-healthy,74,421.839,12.793,19
11,sse,groq-healthy,75,421.965,12.793,13
12,sse,groq-healthy,0,292.470,13.530,13
12,sse,groq-healthy,1,292.849,13.530,14
12,sse,groq-healthy,2,293.248,13.530,16
12,sse,groq-healthy,3,293.566,13.530,14
12,sse,groq-healthy,4,293.938,13.530,16
12,sse,groq-healthy,5,294.189,13.530,19
12,sse,groq-healthy,6,297.912,13.530,19
12,sse,groq-healthy,7,298.105,13.530,16
12,sse,groq-healthy,8,299.174,13.530,17
12,sse,groq-healthy,9,299.446,13.530,20
12,sse,groq-healthy,10,300.793,13.530,18
12,sse,groq-healthy,11,301.000,13.530,18
12,sse,groq-healthy,12,302.408,13.530,17
12,sse,groq-healthy,13,302.693,13.530,13
12,sse,groq-healthy,14,307.912,13.530,18
12,sse,groq-healthy,15,311.983,13.530,17
12,sse,groq-healthy,16,312.338,13.530,15
12,sse,groq-healthy,17,312.666,13.530,15
12,sse,groq-healthy,18,316.293,13.530,17
12,sse,groq-healthy,19,316.756,13.530,14
12,sse,groq-healthy,20,321.179,13.530,13
12,sse,groq-healthy,21,324.755,13.530,18
12,sse,groq-healthy,22,328.545,13.530,17
12,sse,groq-healthy,23,332.752,13.530,21
12,sse,groq-healthy,24,332.978,13.530,18
12,sse,groq-healthy,25,337.496,13.530,19
12,sse,groq-healthy,26,341.515,13.530,18
12,sse,groq-healthy,27,341.818,13.530,17
12,sse,groq-healthy,28,346.090,13.530,16
12,sse,groq-healthy,29,349.656,13.530,18
12,sse,groq-healthy,30,353.369,13.530,16
12,sse,groq-healthy,31,358.416,13.530,15
12,sse,groq-healthy,32,358.582,13.530,13
12,sse,groq-healthy,33,358.892,13.530,19
12,sse,groq-healthy,34,363.230,13.530,17
12,sse,groq-healthy,35,363.386,13.530,13
12,sse,groq-healthy,36,363.637,13.530,18
12,sse,groq-healthy,37,367.998,13.530,19
12,sse,groq-healthy,38,368.127,13.530,13
13,sse,groq-healthy,0,282.930,13.389,14
13,sse,groq-healthy,1,286.419,13.389,16
13,sse,groq-healthy,2,286.502,13.389,18
13,sse,groq-healthy,3,286.979,13.389,13
13,sse,groq-healthy,4,287.154,13.389,17
13,sse,groq-healthy,5,291.719,13.389,21
13,sse,groq-healthy,6,291.812,13.389,16
13,sse,groq-healthy,7,292.308,13.389,16
13,sse,groq-healthy,8,292.398,13.389,15
13,sse,groq-healthy,9,293.333,13.389,13
13,sse,groq-healthy,10,293.415,13.389,19
13,sse,groq-healthy,11,294.379,13.389,18
13,sse,groq-healthy,12,294.458,13.389,19
13,sse,groq-healthy,13,298.527,13.389,19
13,sse,groq-healthy,14,298.650,13.389,18
13,sse,groq-healthy,15,299.241,13.389,18
13,sse,groq-healthy,16,299.318,13.389,19
13,sse,groq-healthy,17,299.570,13.389,16
13,sse,groq-healthy,18,299.683,13.389,13
13,sse,groq-healthy,19,300.744,13.389,16
13,sse,groq-healthy,20,300.917,13.389,15
13,sse,groq-healthy,21,309.452,13.389,13
13,sse,groq-healthy,22,309.578,13.389,19
13,sse,groq-healthy,23,309.665,13.389,17
13,sse,groq-healthy,24,309.796,13.389,21
13,sse,groq-healthy,25,310.462,13.389,19
13,sse,groq-healthy,26,310.560,13.389,18
13,sse,groq-healthy,27,311.031,13.389,17
13,sse,groq-healthy,28,311.119,13.389,17
13,sse,groq-healthy,29,311.679,13.389,13
13,sse,groq-healthy,30,311.770,13.389,15
13,sse,groq-healthy,31,312.694,13.389,13
13,sse,groq-healthy,32,312.769,13.389,16
13,sse,groq-healthy,33,321.078,13.389,16
13,sse,groq-healthy,34,321.163,13.389,16
13,sse,groq-healthy,35,321.350,13.389,17
13,sse,groq-healthy,36,321.410,13.389,17
13,sse,groq-healthy,37,322.198,13.389,18
13,sse,groq-healthy,38,322.276,13.389,16
13,sse,groq-healthy,39,323.300,13.389,18
13,sse,groq-healthy,40,327.105,13.389,16
13,sse,groq-healthy,41,327.225,13.389,16
13,sse,groq-healthy,42,331.792,13.389,19
13,sse,groq-healthy,43,331.875,13.389,16
13,sse,groq-healthy,44,336.528,13.389,16
13,sse,groq-healthy,45,340.568,13.389,15
13,sse,groq-healthy,46,340.656,13.389,13
13,sse,groq-healthy,47,341.457,13.389,19
13,sse,groq-healthy,48,341.578,13.389,17
13,sse,groq-healthy,49,346.014,13.389,14
13,sse,groq-healthy,50,350.269,13.389,16
13,sse,groq-healthy,51,350.353,13.389,18
13,sse,groq-healthy,52,350.929,13.389,17
13,sse,groq-healthy,53,351.057,13.389,17
13,sse,groq-healthy,54,352.053,13.389,13
13,sse,groq-healthy,55,352.135,13.389,15
13,sse,groq-healthy,56,352.907,13.389,13
13,sse,groq-healthy,57,352.985,13.389,16
13,sse,groq-healthy,58,361.667,13.389,19
13,sse,groq-healthy,59,361.754,13.389,18
13,sse,groq-healthy,60,361.883,13.389,19
13,sse,groq-healthy,61,362.010,13.389,19
13,sse,groq-healthy,62,362.876,13.389,14
13,sse,groq-healthy,63,363.483,13.389,15
13,sse,groq-healthy,64,363.937,13.389,20
13,sse,groq-healthy,65,377.177,13.389,18
13,sse,groq-healthy,66,381.897,13.389,18
13,sse,groq-healthy,67,385.848,13.389,16
13,sse,groq-healthy,68,390.107,13.389,16
13,sse,groq-healthy,69,394.741,13.389,17
13,sse,groq-healthy,70,394.828,13.389,16
13,sse,groq-healthy,71,395.326,13.389,20
13,sse,groq-healthy,72,399.477,13.389,18
13,sse,groq-healthy,73,399.585,13.389,19
13,sse,groq-healthy,74,399.732,13.389,20
13,sse,groq-healthy,75,404.370,13.389,19
13,sse,groq-healthy,76,408.880,13.389,16
13,sse,groq-healthy,77,408.989,13.389,17
13,sse,groq-healthy,78,413.432,13.389,18
13,sse,groq-healthy,79,413.525,13.389,19
13,sse,groq-healthy,80,413.684,13.389,17
13,sse,groq-healthy,81,414.094,13.389,16
13,sse,groq-healthy,82,418.794,13.389,19
13,sse,groq-healthy,83,423.280,13.389,20
13,sse,groq-healthy,84,423.374,13.389,18
13,sse,groq-healthy,85,423.926,13.389,19
13,sse,groq-healthy,86,428.757,13.389,16
13,sse,groq-healthy,87,428.880,13.389,17
13,sse,groq-healthy,88,429.046,13.389,15
13,sse,groq-healthy,89,439.867,13.389,15
13,sse,groq-healthy,90,439.972,13.389,13
13,sse,groq-healthy,91,440.151,13.389,19
13,sse,groq-healthy,92,440.273,13.389,21
13,sse,groq-healthy,93,443.102,13.389,21
13,sse,groq-healthy,94,447.988,13.389,19
13,sse,groq-healthy,95,448.132,13.389,18
13,sse,groq-healthy,96,448.253,13.389,16
13,sse,groq-healthy,97,452.767,13.389,18
13,sse,groq-healthy,98,457.547,13.389,19
13,sse,groq-healthy,99,457.715,13.389,17
13,sse,groq-healthy,100,473.166,13.389,20
13,sse,groq-healthy,101,477.374,13.389,18
13,sse,groq-healthy,102,477.574,13.389,16
13,sse,groq-healthy,103,481.847,13.389,16
13,sse,groq-healthy,104,485.896,13.389,14
13,sse,groq-healthy,105,490.335,13.389,15
13,sse,groq-healthy,106,490.501,13.389,18
13,sse,groq-healthy,107,495.322,13.389,17
13,sse,groq-healthy,108,499.787,13.389,17
13,sse,groq-healthy,109,500.049,13.389,17
13,sse,groq-healthy,110,500.434,13.389,13
13,sse,groq-healthy,111,504.375,13.389,14
13,sse,groq-healthy,112,508.856,13.389,14
13,sse,groq-healthy,113,509.073,13.389,16
13,sse,groq-healthy,114,509.421,13.389,17
13,sse,groq-healthy,115,509.718,13.389,17
13,sse,groq-healthy,116,510.162,13.389,20
13,sse,groq-healthy,117,514.849,13.389,19
13,sse,groq-healthy,118,515.057,13.389,18
13,sse,groq-healthy,119,519.314,13.389,18
13,sse,groq-healthy,120,523.604,13.389,18
13,sse,groq-healthy,121,523.832,13.389,19
13,sse,groq-healthy,122,528.536,13.389,16
13,sse,groq-healthy,123,528.972,13.389,16
13,sse,groq-healthy,124,529.300,13.389,20
13,sse,groq-healthy,125,533.350,13.389,18
13,sse,groq-healthy,126,533.565,13.389,18
13,sse,groq-healthy,127,537.994,13.389,18
13,sse,groq-healthy,128,542.335,13.389,18
13,sse,groq-healthy,129,546.843,13.389,18
13,sse,groq-healthy,130,547.087,13.389,18
13,sse,groq-healthy,131,551.773,13.389,18
13,sse,groq-healthy,132,551.908,13.389,18
13,sse,groq-healthy,133,556.614,13.389,20
13,sse,groq-healthy,134,561.361,13.389,17
13,sse,groq-healthy,135,565.757,13.389,17
13,sse,groq-healthy,136,570.207,13.389,19
13,sse,groq-healthy,137,574.431,13.389,19
13,sse,groq-healthy,138,574.702,13.389,17
13,sse,groq-healthy,139,575.418,13.389,18
13,sse,groq-healthy,140,575.685,13.389,16
13,sse,groq-healthy,141,576.072,13.389,18
13,sse,groq-healthy,142,576.282,13.389,18
13,sse,groq-healthy,143,596.430,13.389,13
13,sse,groq-healthy,144,596.633,13.389,17
13,sse,groq-healthy,145,601.571,13.389,21
13,sse,groq-healthy,146,601.779,13.389,17
13,sse,groq-healthy,147,602.051,13.389,19
13,sse,groq-healthy,148,605.457,13.389,19
13,sse,groq-healthy,149,605.716,13.389,18
13,sse,groq-healthy,150,606.091,13.389,18
13,sse,groq-healthy,151,606.495,13.389,20
13,sse,groq-healthy,152,612.444,13.389,15
13,sse,groq-healthy,153,612.682,13.389,16
13,sse,groq-healthy,154,612.921,13.389,19
13,sse,groq-healthy,155,613.162,13.389,18
13,sse,groq-healthy,156,613.532,13.389,17
13,sse,groq-healthy,157,617.393,13.389,17
13,sse,groq-healthy,158,617.602,13.389,19
13,sse,groq-healthy,159,621.023,13.389,16
13,sse,groq-healthy,160,621.269,13.389,17
13,sse,groq-healthy,161,621.698,13.389,18
13,sse,groq-healthy,162,621.919,13.389,13
13,sse,groq-healthy,163,626.844,13.389,15
13,sse,groq-healthy,164,630.474,13.389,16
13,sse,groq-healthy,165,634.300,13.389,20
13,sse,groq-healthy,166,634.514,13.389,17
13,sse,groq-healthy,167,639.132,13.389,19
13,sse,groq-healthy,168,643.171,13.389,16
13,sse,groq-healthy,169,643.420,13.389,20
13,sse,groq-healthy,170,644.023,13.389,19
13,sse,groq-healthy,171,644.255,13.389,17
13,sse,groq-healthy,172,650.051,13.389,19
13,sse,groq-healthy,173,650.334,13.389,13
13,sse,groq-healthy,174,650.754,13.389,16
13,sse,groq-healthy,175,650.983,13.389,18
13,sse,groq-healthy,176,651.383,13.389,19
13,sse,groq-healthy,177,654.690,13.389,20
13,sse,groq-healthy,178,654.924,13.389,18
13,sse,groq-healthy,179,655.353,13.389,20
13,sse,groq-healthy,180,655.551,13.389,18
13,sse,groq-healthy,181,660.548,13.389,17
13,sse,groq-healthy,182,666.645,13.389,17
13,sse,groq-healthy,183,666.919,13.389,17
13,sse,groq-healthy,184,667.161,13.389,13
13,sse,groq-healthy,185,667.502,13.389,19
13,sse,groq-healthy,186,667.715,13.389,20
13,sse,groq-healthy,187,668.024,13.389,18
13,sse,groq-healthy,188,668.383,13.389,20
13,sse,groq-healthy,189,668.636,13.389,18
13,sse,groq-healthy,190,672.950,13.389,18
13,sse,groq-healthy,191,673.238,13.389,16
13,sse,groq-healthy,192,677.923,13.389,19
13,sse,groq-healthy,193,678.325,13.389,20
13,sse,groq-healthy,194,678.672,13.389,18
13,sse,groq-healthy,195,679.040,13.389,20
13,sse,groq-healthy,196,682.912,13.389,18
13,sse,groq-healthy,197,683.268,13.389,17
13,sse,groq-healthy,198,687.827,13.389,17
13,sse,groq-healthy,199,688.086,13.389,14
13,sse,groq-healthy,200,692.633,13.389,14
13,sse,groq-healthy,201,692.981,13.389,21
13,sse,groq-healthy,202,693.457,13.389,17
13,sse,groq-healthy,203,697.678,13.389,14
13,sse,groq-healthy,204,701.654,13.389,16
13,sse,groq-healthy,205,701.909,13.389,18
13,sse,groq-healthy,206,702.249,13.389,17
13,sse,groq-healthy,207,702.698,13.389,17
13,sse,groq-healthy,208,702.991,13.389,13
13,sse,groq-healthy,209,703.372,13.389,15
13,sse,groq-healthy,210,703.942,13.389,13
13,sse,groq-healthy,211,704.436,13.389,16
13,sse,groq-healthy,212,712.215,13.389,19
13,sse,groq-healthy,213,712.450,13.389,18
13,sse,groq-healthy,214,712.874,13.389,19
13,sse,groq-healthy,215,713.121,13.389,19
13,sse,groq-healthy,216,713.700,13.389,14
13,sse,groq-healthy,217,713.933,13.389,15
13,sse,groq-healthy,218,714.388,13.389,13
13,sse,groq-healthy,219,714.631,13.389,16
13,sse,groq-healthy,220,718.607,13.389,17
13,sse,groq-healthy,221,724.610,13.389,18
13,sse,groq-healthy,222,728.948,13.389,21
13,sse,groq-healthy,223,729.163,13.389,19
13,sse,groq-healthy,224,731.239,13.389,18
13,sse,groq-healthy,225,731.555,13.389,17
13,sse,groq-healthy,226,736.078,13.389,19
13,sse,groq-healthy,227,740.186,13.389,19
13,sse,groq-healthy,228,744.141,13.389,20
13,sse,groq-healthy,229,744.351,13.389,16
13,sse,groq-healthy,230,744.693,13.389,20
13,sse,groq-healthy,231,744.925,13.389,18
13,sse,groq-healthy,232,745.374,13.389,17
13,sse,groq-healthy,233,749.105,13.389,19
13,sse,groq-healthy,234,753.020,13.389,16
13,sse,groq-healthy,235,753.416,13.389,17
13,sse,groq-healthy,236,753.734,13.389,18
13,sse,groq-healthy,237,753.958,13.389,19
13,sse,groq-healthy,238,754.988,13.389,17
13,sse,groq-healthy,239,755.256,13.389,13
14,sse,groq-healthy,0,307.663,15.930,14
14,sse,groq-healthy,1,314.147,15.930,15
14,sse,groq-healthy,2,314.413,15.930,18
14,sse,groq-healthy,3,314.999,15.930,21
14,sse,groq-healthy,4,315.278,15.930,15
14,sse,groq-healthy,5,315.702,15.930,15
14,sse,groq-healthy,6,316.165,15.930,19
14,sse,groq-healthy,7,320.520,15.930,17
14,sse,groq-healthy,8,320.786,15.930,18
14,sse,groq-healthy,9,321.019,15.930,18
14,sse,groq-healthy,10,321.199,15.930,17
14,sse,groq-healthy,11,321.440,15.930,14
14,sse,groq-healthy,12,325.980,15.930,16
14,sse,groq-healthy,13,326.214,15.930,14
14,sse,groq-healthy,14,331.519,15.930,16
14,sse,groq-healthy,15,331.880,15.930,20
14,sse,groq-healthy,16,332.229,15.930,15
14,sse,groq-healthy,17,332.474,15.930,15
14,sse,groq-healthy,18,333.350,15.930,17
14,sse,groq-healthy,19,333.572,15.930,13
14,sse,groq-healthy,20,333.984,15.930,15
14,sse,groq-healthy,21,337.981,15.930,13
14,sse,groq-healthy,22,338.433,15.930,13
14,sse,groq-healthy,23,342.769,15.930,18
14,sse,groq-healthy,24,347.091,15.930,21
14,sse,groq-healthy,25,351.138,15.930,19
14,sse,groq-healthy,26,351.397,15.930,19
14,sse,groq-healthy,27,351.793,15.930,16
14,sse,groq-healthy,28,355.661,15.930,15
14,sse,groq-healthy,29,359.776,15.930,16
14,sse,groq-healthy,30,360.044,15.930,15
14,sse,groq-healthy,31,363.451,15.930,14
14,sse,groq-healthy,32,370.511,15.930,16
14,sse,groq-healthy,33,373.949,15.930,17
14,sse,groq-healthy,34,374.221,15.930,13
14,sse,groq-healthy,35,378.030,15.930,15
14,sse,groq-healthy,36,378.258,15.930,19
14,sse,groq-healthy,37,378.735,15.930,17
14,sse,groq-healthy,38,379.115,15.930,17
14,sse,groq-healthy,39,384.605,15.930,19
14,sse,groq-healthy,40,388.094,15.930,15
14,sse,groq-healthy,41,388.360,15.930,17
14,sse,groq-healthy,42,389.395,15.930,18
14,sse,groq-healthy,43,389.684,15.930,13
14,sse,groq-healthy,44,390.107,15.930,13
14,sse,groq-healthy,45,393.676,15.930,19
14,sse,groq-healthy,46,393.992,15.930,13
14,sse,groq-healthy,47,394.379,15.930,13
14,sse,groq-healthy,48,397.979,15.930,17
14,sse,groq-healthy,49,398.386,15.930,13
14,sse,groq-healthy,50,398.731,15.930,15
14,sse,groq-healthy,51,398.940,15.930,13
14,sse,groq-healthy,52,399.365,15.930,13
14,sse,groq-healthy,53,415.898,15.930,18
14,sse,groq-healthy,54,416.140,15.930,14
14,sse,groq-healthy,55,416.393,15.930,16
14,sse,groq-healthy,56,416.784,15.930,19
14,sse,groq-healthy,57,417.043,15.930,19
14,sse,groq-healthy,58,417.284,15.930,20
14,sse,groq-healthy,59,417.552,15.930,19
14,sse,groq-healthy,60,420.611,15.930,18
14,sse,groq-healthy,61,420.825,15.930,17
14,sse,groq-healthy,62,425.198,15.930,17
14,sse,groq-healthy,63,429.589,15.930,17
14,sse,groq-healthy,64,429.794,15.930,16
14,sse,groq-healthy,65,430.217,15.930,18
14,sse,groq-healthy,66,430.426,15.930,17
14,sse,groq-healthy,67,430.835,15.930,21
14,sse,groq-healthy,68,435.136,15.930,16
14,sse,groq-healthy,69,439.022,15.930,18
14,sse,groq-healthy,70,442.708,15.930,14
14,sse,groq-healthy,71,447.376,15.930,15
14,sse,groq-healthy,72,450.645,15.930,18
14,sse,groq-healthy,73,450.917,15.930,18
14,sse,groq-healthy,74,451.247,15.930,19
14,sse,groq-healthy,75,451.637,15.930,15
14,sse,groq-healthy,76,452.239,15.930,18
14,sse,groq-healthy,77,456.821,15.930,19
14,sse,groq-healthy,78,461.191,15.930,16
14,sse,groq-healthy,79,461.430,15.930,13
14,sse,groq-healthy,80,464.875,15.930,18
14,sse,groq-healthy,81,469.035,15.930,18
14,sse,groq-healthy,82,469.417,15.930,21
14,sse,groq-healthy,83,469.815,15.930,15
14,sse,groq-healthy,84,470.080,15.930,15
14,sse,groq-healthy,85,470.895,15.930,16
14,sse,groq-healthy,86,474.577,15.930,17
14,sse,groq-healthy,87,478.495,15.930,21
14,sse,groq-healthy,88,478.820,15.930,18
14,sse,groq-healthy,89,483.552,15.930,18
14,sse,groq-healthy,90,483.807,15.930,18
14,sse,groq-healthy,91,484.178,15.930,17
14,sse,groq-healthy,92,484.446,15.930,17
14,sse,groq-healthy,93,484.819,15.930,17
14,sse,groq-healthy,94,485.071,15.930,13
14,sse,groq-healthy,95,485.565,15.930,17
14,sse,groq-healthy,96,489.498,15.930,20
14,sse,groq-healthy,97,493.517,15.930,20
14,sse,groq-healthy,98,497.273,15.930,18
14,sse,groq-healthy,99,501.333,15.930,17
14,sse,groq-healthy,100,505.139,15.930,16
14,sse,groq-healthy,101,508.907,15.930,19
14,sse,groq-healthy,102,512.609,15.930,18
14,sse,groq-healthy,103,513.003,15.930,17
14,sse,groq-healthy,104,517.698,15.930,14
14,sse,groq-healthy,105,517.921,15.930,17
14,sse,groq-healthy,106,518.373,15.930,20
14,sse,groq-healthy,107,522.276,15.930,18
14,sse,groq-healthy,108,522.506,15.930,18
14,sse,groq-healthy,109,524.828,15.930,18
14,sse,groq-healthy,110,526.575,15.930,18
14,sse,groq-healthy,111,530.775,15.930,18
14,sse,groq-healthy,112,535.309,15.930,19
14,sse,groq-healthy,113,535.635,15.930,17
14,sse,groq-healthy,114,536.018,15.930,14
14,sse,groq-healthy,115,538.050,15.930,16
14,sse,groq-healthy,116,538.276,15.930,15
14,sse,groq-healthy,117,538.496,15.930,14
14,sse,groq-healthy,118,542.967,15.930,16
14,sse,groq-healthy,119,543.192,15.930,17
14,sse,groq-healthy,120,545.968,15.930,18
14,sse,groq-healthy,121,546.228,15.930,19
14,sse,groq-healthy,122,546.474,15.930,18
14,sse,groq-healthy,123,546.793,15.930,18
14,sse,groq-healthy,124,547.167,15.930,20
14,sse,groq-healthy,125,547.417,15.930,20
14,sse,groq-healthy,126,548.107,15.930,20
14,sse,groq-healthy,127,548.521,15.930,17
14,sse,groq-healthy,128,552.166,15.930,20
14,sse,groq-healthy,129,557.205,15.930,19
14,sse,groq-healthy,130,557.495,15.930,18
14,sse,groq-healthy,131,557.742,15.930,19
14,sse,groq-healthy,132,560.375,15.930,17
14,sse,groq-healthy,133,560.589,15.930,19
14,sse,groq-healthy,134,561.011,15.930,16
14,sse,groq-healthy,135,561.220,15.930,16
14,sse,groq-healthy,136,564.605,15.930,19
14,sse,groq-healthy,137,566.769,15.930,18
14,sse,groq-healthy,138,566.986,15.930,17
14,sse,groq-healthy,139,570.631,15.930,18
14,sse,groq-healthy,140,570.878,15.930,18
14,sse,groq-healthy,141,575.135,15.930,18
14,sse,groq-healthy,142,575.381,15.930,18
14,sse,groq-healthy,143,580.410,15.930,18
14,sse,groq-healthy,144,580.777,15.930,21
14,sse,groq-healthy,145,581.335,15.930,15
14,sse,groq-healthy,146,581.765,15.930,15
14,sse,groq-healthy,147,582.180,15.930,17
14,sse,groq-healthy,148,586.134,15.930,18
14,sse,groq-healthy,149,586.355,15.930,17
14,sse,groq-healthy,150,590.555,15.930,18
14,sse,groq-healthy,151,594.471,15.930,19
14,sse,groq-healthy,152,594.832,15.930,18
14,sse,groq-healthy,153,595.242,15.930,17
14,sse,groq-healthy,154,595.479,15.930,15
14,sse,groq-healthy,155,600.013,15.930,15
14,sse,groq-healthy,156,600.362,15.930,13
14,sse,groq-healthy,157,604.658,15.930,16
14,sse,groq-healthy,158,608.361,15.930,18
14,sse,groq-healthy,159,608.739,15.930,18
14,sse,groq-healthy,160,609.003,15.930,18
14,sse,groq-healthy,161,613.168,15.930,19
14,sse,groq-healthy,162,613.415,15.930,13
15,sse,groq-healthy,0,278.894,13.083,14
15,sse,groq-healthy,1,279.022,13.083,14
15,sse,groq-healthy,2,279.114,13.083,19
15,sse,groq-healthy,3,279.725,13.083,21
15,sse,groq-healthy,4,283.758,13.083,19
15,sse,groq-healthy,5,283.882,13.083,18
15,sse,groq-healthy,6,284.390,13.083,17
15,sse,groq-healthy,7,288.183,13.083,13
15,sse,groq-healthy,8,288.277,13.083,15
15,sse,groq-healthy,9,292.871,13.083,13
15,sse,groq-healthy,10,297.013,13.083,13
15,sse,groq-healthy,11,297.089,13.083,18
15,sse,groq-healthy,12,301.071,13.083,16
15,sse,groq-healthy,13,301.154,13.083,18
15,sse,groq-healthy,14,301.631,13.083,16
15,sse,groq-healthy,15,323.907,13.083,15
15,sse,groq-healthy,16,323.978,13.083,13
15,sse,groq-healthy,17,324.122,13.083,19
15,sse,groq-healthy,18,324.207,13.083,18
15,sse,groq-healthy,19,324.317,13.083,20
15,sse,groq-healthy,20,324.395,13.083,18
15,sse,groq-healthy,21,324.499,13.083,19
15,sse,groq-healthy,22,324.609,13.083,17
15,sse,groq-healthy,23,324.729,13.083,19
15,sse,groq-healthy,24,324.840,13.083,16
15,sse,groq-healthy,25,324.953,13.083,13
15,sse,groq-healthy,26,325.036,13.083,21
15,sse,groq-healthy,27,325.133,13.083,19
15,sse,groq-healthy,28,325.226,13.083,19
15,sse,groq-healthy,29,325.345,13.083,18
15,sse,groq-healthy,30,325.434,13.083,20
15,sse,groq-healthy,31,327.884,13.083,19
15,sse,groq-healthy,32,327.961,13.083,17
15,sse,groq-healthy,33,328.948,13.083,19
15,sse,groq-healthy,34,332.657,13.083,17
15,sse,groq-healthy,35,332.751,13.083,18
15,sse,groq-healthy,36,337.297,13.083,19
15,sse,groq-healthy,37,341.417,13.083,18
15,sse,groq-healthy,38,341.501,13.083,17
15,sse,groq-healthy,39,341.627,13.083,16
15,sse,groq-healthy,40,345.931,13.083,18
15,sse,groq-healthy,41,346.015,13.083,20
15,sse,groq-healthy,42,346.601,13.083,19
15,sse,groq-healthy,43,346.669,13.083,20
15,sse,groq-healthy,44,347.005,13.083,13
16,sse,groq-healthy,0,270.924,13.082,15
16,sse,groq-healthy,1,271.230,13.082,16
16,sse,groq-healthy,2,271.487,13.082,20
16,sse,groq-healthy,3,272.409,13.082,14
16,sse,groq-healthy,4,273.074,13.082,17
16,sse,groq-healthy,5,273.867,13.082,15
16,sse,groq-healthy,6,274.105,13.082,17
16,sse,groq-healthy,7,275.598,13.082,17
16,sse,groq-healthy,8,275.812,13.082,13
16,sse,groq-healthy,9,276.964,13.082,15
16,sse,groq-healthy,10,278.029,13.082,15
16,sse,groq-healthy,11,278.566,13.082,16
16,sse,groq-healthy,12,279.643,13.082,18
16,sse,groq-healthy,13,283.241,13.082,14
16,sse,groq-healthy,14,283.475,13.082,16
16,sse,groq-healthy,15,285.682,13.082,14
16,sse,groq-healthy,16,290.053,13.082,13
16,sse,groq-healthy,17,295.186,13.082,15
16,sse,groq-healthy,18,295.845,13.082,17
16,sse,groq-healthy,19,301.638,13.082,17
16,sse,groq-healthy,20,305.344,13.082,16
16,sse,groq-healthy,21,309.234,13.082,16
16,sse,groq-healthy,22,309.599,13.082,15
16,sse,groq-healthy,23,313.708,13.082,16
16,sse,groq-healthy,24,354.898,13.082,19
16,sse,groq-healthy,25,355.186,13.082,13
16,sse,groq-healthy,26,355.380,13.082,18
16,sse,groq-healthy,27,382.526,13.082,19
16,sse,groq-healthy,28,382.812,13.082,13
16,sse,groq-healthy,29,383.066,13.082,16
16,sse,groq-healthy,30,383.317,13.082,18
16,sse,groq-healthy,31,388.467,13.082,14
16,sse,groq-healthy,32,388.719,13.082,16
16,sse,groq-healthy,33,389.051,13.082,16
16,sse,groq-healthy,34,389.304,13.082,21
16,sse,groq-healthy,35,392.069,13.082,19
16,sse,groq-healthy,36,392.355,13.082,13
16,sse,groq-healthy,37,392.579,13.082,16
16,sse,groq-healthy,38,392.838,13.082,18
16,sse,groq-healthy,39,395.943,13.082,18
16,sse,groq-healthy,40,396.269,13.082,20
16,sse,groq-healthy,41,396.514,13.082,17
16,sse,groq-healthy,42,396.710,13.082,16
16,sse,groq-healthy,43,397.475,13.082,19
16,sse,groq-healthy,44,397.741,13.082,18
16,sse,groq-healthy,45,397.974,13.082,18
16,sse,groq-healthy,46,398.204,13.082,20
16,sse,groq-healthy,47,398.622,13.082,19
16,sse,groq-healthy,48,398.844,13.082,19
16,sse,groq-healthy,49,399.111,13.082,14
16,sse,groq-healthy,50,399.343,13.082,15
16,sse,groq-healthy,51,403.722,13.082,19
16,sse,groq-healthy,52,403.967,13.082,16
16,sse,groq-healthy,53,404.176,13.082,17
16,sse,groq-healthy,54,441.283,13.082,16
16,sse,groq-healthy,55,441.528,13.082,21
16,sse,groq-healthy,56,441.778,13.082,19
16,sse,groq-healthy,57,442.004,13.082,19
16,sse,groq-healthy,58,442.349,13.082,18
16,sse,groq-healthy,59,442.588,13.082,18
16,sse,groq-healthy,60,442.822,13.082,19
16,sse,groq-healthy,61,442.998,13.082,17
16,sse,groq-healthy,62,443.190,13.082,17
16,sse,groq-healthy,63,469.394,13.082,14
16,sse,groq-healthy,64,469.633,13.082,16
16,sse,groq-healthy,65,469.841,13.082,14
16,sse,groq-healthy,66,470.066,13.082,15
16,sse,groq-healthy,67,470.280,13.082,17
16,sse,groq-healthy,68,470.618,13.082,18
16,sse,groq-healthy,69,470.861,13.082,18
16,sse,groq-healthy,70,471.063,13.082,18
16,sse,groq-healthy,71,475.173,13.082,18
16,sse,groq-healthy,72,475.346,13.082,17
16,sse,groq-healthy,73,475.542,13.082,15
16,sse,groq-healthy,74,475.765,13.082,15
16,sse,groq-healthy,75,478.394,13.082,15
16,sse,groq-healthy,76,478.629,13.082,18
16,sse,groq-healthy,77,478.860,13.082,16
16,sse,groq-healthy,78,479.116,13.082,16
16,sse,groq-healthy,79,479.487,13.082,15
16,sse,groq-healthy,80,479.721,13.082,15
16,sse,groq-healthy,81,482.556,13.082,14
16,sse,groq-healthy,82,484.134,13.082,16
16,sse,groq-healthy,83,487.635,13.082,13
16,sse,groq-healthy,84,491.684,13.082,16
16,sse,groq-healthy,85,527.953,13.082,17
16,sse,groq-healthy,86,528.185,13.082,16
16,sse,groq-healthy,87,528.438,13.082,17
16,sse,groq-healthy,88,528.657,13.082,17
16,sse,groq-healthy,89,529.439,13.082,15
16,sse,groq-healthy,90,529.667,13.082,16
16,sse,groq-healthy,91,529.879,13.082,13
16,sse,groq-healthy,92,530.134,13.082,21
16,sse,groq-healthy,93,555.828,13.082,14
16,sse,groq-healthy,94,556.076,13.082,15
16,sse,groq-healthy,95,556.391,13.082,17
16,sse,groq-healthy,96,556.655,13.082,18
16,sse,groq-healthy,97,556.905,13.082,18
16,sse,groq-healthy,98,557.240,13.082,17
16,sse,groq-healthy,99,557.407,13.082,19
16,sse,groq-healthy,100,557.584,13.082,19
16,sse,groq-healthy,101,561.812,13.082,13
16,sse,groq-healthy,102,562.023,13.082,18
16,sse,groq-healthy,103,562.245,13.082,19
16,sse,groq-healthy,104,562.443,13.082,19
16,sse,groq-healthy,105,563.434,13.082,19
16,sse,groq-healthy,106,563.631,13.082,17
16,sse,groq-healthy,107,563.888,13.082,16
16,sse,groq-healthy,108,564.088,13.082,20
16,sse,groq-healthy,109,566.438,13.082,18
16,sse,groq-healthy,110,566.668,13.082,18
16,sse,groq-healthy,111,569.472,13.082,17
16,sse,groq-healthy,112,570.820,13.082,20
16,sse,groq-healthy,113,571.034,13.082,18
16,sse,groq-healthy,114,574.567,13.082,16
16,sse,groq-healthy,115,574.813,13.082,18
16,sse,groq-healthy,116,575.032,13.082,14
16,sse,groq-healthy,117,575.254,13.082,16
16,sse,groq-healthy,118,578.663,13.082,13
16,sse,groq-healthy,119,578.884,13.082,17
16,sse,groq-healthy,120,614.816,13.082,18
16,sse,groq-healthy,121,615.022,13.082,18
16,sse,groq-healthy,122,615.252,13.082,16
16,sse,groq-healthy,123,615.452,13.082,15
16,sse,groq-healthy,124,615.714,13.082,15
16,sse,groq-healthy,125,615.972,13.082,16
16,sse,groq-healthy,126,616.183,13.082,20
16,sse,groq-healthy,127,616.513,13.082,14
16,sse,groq-healthy,128,616.720,13.082,17
16,sse,groq-healthy,129,616.944,13.082,15
16,sse,groq-healthy,130,617.245,13.082,17
16,sse,groq-healthy,131,617.498,13.082,15
17,sse,groq-healthy,0,292.114,17.645,13
17,sse,groq-healthy,1,292.342,17.645,14
17,sse,groq-healthy,2,292.506,17.645,16
17,sse,groq-healthy,3,294.051,17.645,14
17,sse,groq-healthy,4,294.135,17.645,16
17,sse,groq-healthy,5,295.779,17.645,16
17,sse,groq-healthy,6,296.206,17.645,21
17,sse,groq-healthy,7,298.628,17.645,17
17,sse,groq-healthy,8,303.102,17.645,18
17,sse,groq-healthy,9,307.740,17.645,19
17,sse,groq-healthy,10,307.862,17.645,19
17,sse,groq-healthy,11,308.233,17.645,19
17,sse,groq-healthy,12,309.442,17.645,19
17,sse,groq-healthy,13,309.613,17.645,16
17,sse,groq-healthy,14,310.678,17.645,17
17,sse,groq-healthy,15,311.923,17.645,20
17,sse,groq-healthy,16,312.059,17.645,18
17,sse,groq-healthy,17,313.367,17.645,18
17,sse,groq-healthy,18,313.747,17.645,17
17,sse,groq-healthy,19,314.625,17.645,15
17,sse,groq-healthy,20,318.259,17.645,19
17,sse,groq-healthy,21,381.768,17.645,14
17,sse,groq-healthy,22,381.853,17.645,16
17,sse,groq-healthy,23,381.958,17.645,20
17,sse,groq-healthy,24,403.907,17.645,18
17,sse,groq-healthy,25,404.027,17.645,13
17,sse,groq-healthy,26,404.141,17.645,17
17,sse,groq-healthy,27,404.253,17.645,17
17,sse,groq-healthy,28,405.550,17.645,16
17,sse,groq-healthy,29,405.646,17.645,17
17,sse,groq-healthy,30,405.727,17.645,13
17,sse,groq-healthy,31,405.815,17.645,18
17,sse,groq-healthy,32,409.141,17.645,19
17,sse,groq-healthy,33,409.280,17.645,17
17,sse,groq-healthy,34,409.440,17.645,17
17,sse,groq-healthy,35,409.554,17.645,13
17,sse,groq-healthy,36,409.643,17.645,18
17,sse,groq-healthy,37,409.782,17.645,17
17,sse,groq-healthy,38,409.924,17.645,17
17,sse,groq-healthy,39,410.050,17.645,14
17,sse,groq-healthy,40,415.651,17.645,15
17,sse,groq-healthy,41,415.781,17.645,20
17,sse,groq-healthy,42,415.888,17.645,19
17,sse,groq-healthy,43,415.992,17.645,19
17,sse,groq-healthy,44,419.080,17.645,16
17,sse,groq-healthy,45,419.187,17.645,18
17,sse,groq-healthy,46,419.301,17.645,18
17,sse,groq-healthy,47,419.394,17.645,20
17,sse,groq-healthy,48,422.354,17.645,19
17,sse,groq-healthy,49,422.456,17.645,20
17,sse,groq-healthy,50,422.562,17.645,15
17,sse,groq-healthy,51,422.668,17.645,13
17,sse,groq-healthy,52,497.345,17.645,18
17,sse,groq-healthy,53,497.638,17.645,19
17,sse,groq-healthy,54,497.839,17.645,17
17,sse,groq-healthy,55,498.027,17.645,17
17,sse,groq-healthy,56,498.425,17.645,13
17,sse,groq-healthy,57,498.673,17.645,16
17,sse,groq-healthy,58,498.818,17.645,16
17,sse,groq-healthy,59,498.975,17.645,18
17,sse,groq-healthy,60,501.759,17.645,17
17,sse,groq-healthy,61,501.954,17.645,18
17,sse,groq-healthy,62,502.148,17.645,17
17,sse,groq-healthy,63,502.370,17.645,18
17,sse,groq-healthy,64,502.653,17.645,16
17,sse,groq-healthy,65,502.837,17.645,21
17,sse,groq-healthy,66,503.013,17.645,17
17,sse,groq-healthy,67,503.201,17.645,17
17,sse,groq-healthy,68,506.529,17.645,18
17,sse,groq-healthy,69,506.746,17.645,18
17,sse,groq-healthy,70,506.997,17.645,20
17,sse,groq-healthy,71,511.547,17.645,21
17,sse,groq-healthy,72,511.813,17.645,17
17,sse,groq-healthy,73,512.038,17.645,18
17,sse,groq-healthy,74,512.290,17.645,20
17,sse,groq-healthy,75,512.664,17.645,18
17,sse,groq-healthy,76,512.896,17.645,18
17,sse,groq-healthy,77,513.132,17.645,17
17,sse,groq-healthy,78,513.326,17.645,13
17,sse,groq-healthy,79,513.704,17.645,16
17,sse,groq-healthy,80,557.754,17.645,14
17,sse,groq-healthy,81,557.814,17.645,16
17,sse,groq-healthy,82,558.073,17.645,17
17,sse,groq-healthy,83,558.090,17.645,18
17,sse,groq-healthy,84,558.105,17.645,18
17,sse,groq-healthy,85,588.500,17.645,16
17,sse,groq-healthy,86,588.649,17.645,16
17,sse,groq-healthy,87,588.780,17.645,18
17,sse,groq-healthy,88,588.918,17.645,17
17,sse,groq-healthy,89,589.125,17.645,19
17,sse,groq-healthy,90,589.316,17.645,16
17,sse,groq-healthy,91,589.461,17.645,16
17,sse,groq-healthy,92,589.601,17.645,18
17,sse,groq-healthy,93,593.723,17.645,17
17,sse,groq-healthy,94,593.879,17.645,17
17,sse,groq-healthy,95,594.054,17.645,18
17,sse,groq-healthy,96,594.195,17.645,19
17,sse,groq-healthy,97,594.342,17.645,13
18,sse,groq-healthy,0,382.888,16.434,14
18,sse,groq-healthy,1,387.445,16.434,16
18,sse,groq-healthy,2,387.811,16.434,18
18,sse,groq-healthy,3,388.171,16.434,13
18,sse,groq-healthy,4,388.438,16.434,17
18,sse,groq-healthy,5,392.698,16.434,21
18,sse,groq-healthy,6,393.135,16.434,16
18,sse,groq-healthy,7,393.585,16.434,16
18,sse,groq-healthy,8,393.952,16.434,15
18,sse,groq-healthy,9,394.444,16.434,13
18,sse,groq-healthy,10,394.659,16.434,19
18,sse,groq-healthy,11,394.943,16.434,18
18,sse,groq-healthy,12,395.186,16.434,19
18,sse,groq-healthy,13,399.347,16.434,19
18,sse,groq-healthy,14,399.683,16.434,18
18,sse,groq-healthy,15,400.464,16.434,18
18,sse,groq-healthy,16,400.786,16.434,19
18,sse,groq-healthy,17,401.162,16.434,16
18,sse,groq-healthy,18,401.468,16.434,13
18,sse,groq-healthy,19,401.873,16.434,16
18,sse,groq-healthy,20,402.198,16.434,15
18,sse,groq-healthy,21,406.614,16.434,13
18,sse,groq-healthy,22,406.932,16.434,19
18,sse,groq-healthy,23,407.336,16.434,17
18,sse,groq-healthy,24,407.698,16.434,14
18,sse,groq-healthy,25,412.179,16.434,14
18,sse,groq-healthy,26,412.536,16.434,18
18,sse,groq-healthy,27,412.875,16.434,19
18,sse,groq-healthy,28,413.221,16.434,16
18,sse,groq-healthy,29,413.805,16.434,17
18,sse,groq-healthy,30,414.075,16.434,17
18,sse,groq-healthy,31,414.308,16.434,13
18,sse,groq-healthy,32,414.894,16.434,15
18,sse,groq-healthy,33,419.123,16.434,13
18,sse,groq-healthy,34,419.341,16.434,19
18,sse,groq-healthy,35,423.679,16.434,17
18,sse,groq-healthy,36,465.481,16.434,13
18,sse,groq-healthy,37,465.747,16.434,15
18,sse,groq-healthy,38,465.974,16.434,13
18,sse,groq-healthy,39,466.209,16.434,13
18,sse,groq-healthy,40,466.442,16.434,16
18,sse,groq-healthy,41,466.793,16.434,19
18,sse,groq-healthy,42,467.036,16.434,16
18,sse,groq-healthy,43,467.282,16.434,19
18,sse,groq-healthy,44,469.005,16.434,21
18,sse,groq-healthy,45,469.189,16.434,19
18,sse,groq-healthy,46,469.328,16.434,18
18,sse,groq-healthy,47,469.476,16.434,16
18,sse,groq-healthy,48,469.691,16.434,18
18,sse,groq-healthy,49,469.842,16.434,19
18,sse,groq-healthy,50,470.052,16.434,18
18,sse,groq-healthy,51,470.230,16.434,19
18,sse,groq-healthy,52,474.057,16.434,16
18,sse,groq-healthy,53,474.310,16.434,19
18,sse,groq-healthy,54,474.519,16.434,17
18,sse,groq-healthy,55,474.785,16.434,17
18,sse,groq-healthy,56,475.043,16.434,15
18,sse,groq-healthy,57,475.401,16.434,15
18,sse,groq-healthy,58,475.629,16.434,13
18,sse,groq-healthy,59,475.984,16.434,19
18,sse,groq-healthy,60,476.197,16.434,17
18,sse,groq-healthy,61,476.431,16.434,21
18,sse,groq-healthy,62,476.657,16.434,18
18,sse,groq-healthy,63,476.917,16.434,19
18,sse,groq-healthy,64,477.269,16.434,16
18,sse,groq-healthy,65,477.407,16.434,21
18,sse,groq-healthy,66,521.890,16.434,15
18,sse,groq-healthy,67,522.122,16.434,14
18,sse,groq-healthy,68,523.906,16.434,13
18,sse,groq-healthy,69,524.116,16.434,21
18,sse,groq-healthy,70,524.469,16.434,16
18,sse,groq-healthy,71,528.502,16.434,17
18,sse,groq-healthy,72,528.778,16.434,21
18,sse,groq-healthy,73,532.237,16.434,18
18,sse,groq-healthy,74,536.359,16.434,16
18,sse,groq-healthy,75,536.566,16.434,16
18,sse,groq-healthy,76,541.303,16.434,16
18,sse,groq-healthy,77,545.565,16.434,17
18,sse,groq-healthy,78,545.805,16.434,13
18,sse,groq-healthy,79,546.271,16.434,19
18,sse,groq-healthy,80,550.461,16.434,18
18,sse,groq-healthy,81,550.797,16.434,18
18,sse,groq-healthy,82,555.680,16.434,19
18,sse,groq-healthy,83,555.943,16.434,19
18,sse,groq-healthy,84,560.961,16.434,18
18,sse,groq-healthy,85,561.184,16.434,19
18,sse,groq-healthy,86,565.883,16.434,18
18,sse,groq-healthy,87,566.106,16.434,18
18,sse,groq-healthy,88,566.723,16.434,16
18,sse,groq-healthy,89,567.024,16.434,15
18,sse,groq-healthy,90,567.369,16.434,13
18,sse,groq-healthy,91,567.604,16.434,19
18,sse,groq-healthy,92,568.097,16.434,17
18,sse,groq-healthy,93,571.807,16.434,17
18,sse,groq-healthy,94,572.146,16.434,17
18,sse,groq-healthy,95,572.782,16.434,13
18,sse,groq-healthy,96,573.040,16.434,15
18,sse,groq-healthy,97,573.431,16.434,13
18,sse,groq-healthy,98,573.630,16.434,13
18,sse,groq-healthy,99,574.232,16.434,17
18,sse,groq-healthy,100,578.192,16.434,17
18,sse,groq-healthy,101,578.400,16.434,20
18,sse,groq-healthy,102,583.159,16.434,19
18,sse,groq-healthy,103,583.372,16.434,18
18,sse,groq-healthy,104,588.186,16.434,17
18,sse,groq-healthy,105,588.401,16.434,19
18,sse,groq-healthy,106,593.436,16.434,20
18,sse,groq-healthy,107,593.673,16.434,16
18,sse,groq-healthy,108,598.188,16.434,19
18,sse,groq-healthy,109,602.829,16.434,17
18,sse,groq-healthy,110,603.164,16.434,17
18,sse,groq-healthy,111,607.908,16.434,18
18,sse,groq-healthy,112,608.229,16.434,16
18,sse,groq-healthy,113,612.943,16.434,17
18,sse,groq-healthy,114,617.367,16.434,19
18,sse,groq-healthy,115,617.626,16.434,16
18,sse,groq-healthy,116,622.486,16.434,17
18,sse,groq-healthy,117,626.856,16.434,18
18,sse,groq-healthy,118,631.394,16.434,19
18,sse,groq-healthy,119,636.381,16.434,16
18,sse,groq-healthy,120,636.585,16.434,17
18,sse,groq-healthy,121,641.608,16.434,18
18,sse,groq-healthy,122,641.829,16.434,20
18,sse,groq-healthy,123,642.125,16.434,18
18,sse,groq-healthy,124,642.339,16.434,19
18,sse,groq-healthy,125,646.965,16.434,16
18,sse,groq-healthy,126,647.261,16.434,18
18,sse,groq-healthy,127,647.813,16.434,20
18,sse,groq-healthy,128,652.678,16.434,19
18,sse,groq-healthy,129,652.932,16.434,17
18,sse,groq-healthy,130,653.527,16.434,19
18,sse,groq-healthy,131,653.873,16.434,17
18,sse,groq-healthy,132,654.671,16.434,17
18,sse,groq-healthy,133,654.917,16.434,17
18,sse,groq-healthy,134,660.610,16.434,18
18,sse,groq-healthy,135,665.068,16.434,13
18,sse,groq-healthy,136,665.330,16.434,15
18,sse,groq-healthy,137,670.438,16.434,17
18,sse,groq-healthy,138,670.656,16.434,14
18,sse,groq-healthy,139,675.799,16.434,14
18,sse,groq-healthy,140,676.035,16.434,18
18,sse,groq-healthy,141,676.443,16.434,13
18,sse,groq-healthy,142,676.687,16.434,17
18,sse,groq-healthy,143,682.119,16.434,21
18,sse,groq-healthy,144,682.342,16.434,17
18,sse,groq-healthy,145,682.698,16.434,20
18,sse,groq-healthy,146,686.646,16.434,19
18,sse,groq-healthy,147,686.906,16.434,17
18,sse,groq-healthy,148,687.261,16.434,17
18,sse,groq-healthy,149,691.425,16.434,19
18,sse,groq-healthy,150,691.798,16.434,18
18,sse,groq-healthy,151,692.109,16.434,16
18,sse,groq-healthy,152,696.666,16.434,19
18,sse,groq-healthy,153,696.888,16.434,16
18,sse,groq-healthy,154,697.271,16.434,13
18,sse,groq-healthy,155,697.506,16.434,17
18,sse,groq-healthy,156,706.656,16.434,19
18,sse,groq-healthy,157,707.301,16.434,17
18,sse,groq-healthy,158,707.662,16.434,18
18,sse,groq-healthy,159,711.049,16.434,18
18,sse,groq-healthy,160,711.371,16.434,21
18,sse,groq-healthy,161,715.862,16.434,20
18,sse,groq-healthy,162,716.091,16.434,17
18,sse,groq-healthy,163,721.035,16.434,16
18,sse,groq-healthy,164,725.149,16.434,18
18,sse,groq-healthy,165,729.092,16.434,19
18,sse,groq-healthy,166,729.384,16.434,19
18,sse,groq-healthy,167,734.166,16.434,17
18,sse,groq-healthy,168,734.593,16.434,17
18,sse,groq-healthy,169,734.989,16.434,18
18,sse,groq-healthy,170,738.591,16.434,18
18,sse,groq-healthy,171,742.972,16.434,17
18,sse,groq-healthy,172,747.143,16.434,17
18,sse,groq-healthy,173,751.374,16.434,20
18,sse,groq-healthy,174,751.607,16.434,19
18,sse,groq-healthy,175,755.806,16.434,17
18,sse,groq-healthy,176,756.135,16.434,18
18,sse,groq-healthy,177,756.874,16.434,20
18,sse,groq-healthy,178,760.900,16.434,17
18,sse,groq-healthy,179,764.951,16.434,16
18,sse,groq-healthy,180,792.685,16.434,17
18,sse,groq-healthy,181,796.771,16.434,21
18,sse,groq-healthy,182,800.974,16.434,19
18,sse,groq-healthy,183,805.253,16.434,17
18,sse,groq-healthy,184,805.493,16.434,13
18,sse,groq-healthy,185,809.578,16.434,19
18,sse,groq-healthy,186,809.921,16.434,19
18,sse,groq-healthy,187,811.895,16.434,18
18,sse,groq-healthy,188,814.883,16.434,19
18,sse,groq-healthy,189,815.119,16.434,17
18,sse,groq-healthy,190,815.442,16.434,18
18,sse,groq-healthy,191,819.805,16.434,20
18,sse,groq-healthy,192,820.144,16.434,17
18,sse,groq-healthy,193,820.834,16.434,15
18,sse,groq-healthy,194,824.708,16.434,15
18,sse,groq-healthy,195,824.839,16.434,13
18,sse,groq-healthy,196,825.255,16.434,19
18,sse,groq-healthy,197,825.393,16.434,17
18,sse,groq-healthy,198,826.263,16.434,21
18,sse,groq-healthy,199,826.408,16.434,18
18,sse,groq-healthy,200,831.421,16.434,18
18,sse,groq-healthy,201,831.594,16.434,17
18,sse,groq-healthy,202,831.755,16.434,17
18,sse,groq-healthy,203,831.965,16.434,13
18,sse,groq-healthy,204,832.657,16.434,15
18,sse,groq-healthy,205,832.849,16.434,13
18,sse,groq-healthy,206,833.086,16.434,16
18,sse,groq-healthy,207,837.673,16.434,16
18,sse,groq-healthy,208,841.757,16.434,14
18,sse,groq-healthy,209,845.888,16.434,15
18,sse,groq-healthy,210,849.813,16.434,13
18,sse,groq-healthy,211,854.005,16.434,14
18,sse,groq-healthy,212,857.509,16.434,16
18,sse,groq-healthy,213,861.649,16.434,15
18,sse,groq-healthy,214,865.649,16.434,19
18,sse,groq-healthy,215,865.771,16.434,18
18,sse,groq-healthy,216,870.483,16.434,16
18,sse,groq-healthy,217,870.692,16.434,18
18,sse,groq-healthy,218,875.398,16.434,19
18,sse,groq-healthy,219,875.629,16.434,13
18,sse,groq-healthy,220,876.087,16.434,16
18,sse,groq-healthy,221,880.184,16.434,17
18,sse,groq-healthy,222,883.970,16.434,18
18,sse,groq-healthy,223,888.304,16.434,19
18,sse,groq-healthy,224,888.535,16.434,19
18,sse,groq-healthy,225,892.852,16.434,17
18,sse,groq-healthy,226,893.075,16.434,19
18,sse,groq-healthy,227,897.199,16.434,18
18,sse,groq-healthy,228,897.564,16.434,17
18,sse,groq-healthy,229,902.358,16.434,19
18,sse,groq-healthy,230,906.587,16.434,17
18,sse,groq-healthy,231,910.364,16.434,13
18,sse,groq-healthy,232,914.285,16.434,16
18,sse,groq-healthy,233,918.685,16.434,19
18,sse,groq-healthy,234,918.906,16.434,13
18,sse,groq-healthy,235,919.299,16.434,17
18,sse,groq-healthy,236,922.663,16.434,18
18,sse,groq-healthy,237,926.326,16.434,13
18,sse,groq-healthy,238,926.531,16.434,13
18,sse,groq-healthy,239,927.045,16.434,19
18,sse,groq-healthy,240,927.343,16.434,13
18,sse,groq-healthy,241,927.838,16.434,13
18,sse,groq-healthy,242,928.085,16.434,17
18,sse,groq-healthy,243,928.465,16.434,13
18,sse,groq-healthy,244,928.762,16.434,15
18,sse,groq-healthy,245,932.918,16.434,13
18,sse,groq-healthy,246,933.225,16.434,13
18,sse,groq-healthy,247,933.762,16.434,17
18,sse,groq-healthy,248,937.440,16.434,17
18,sse,groq-healthy,249,937.815,16.434,17
18,sse,groq-healthy,250,938.202,16.434,19
18,sse,groq-healthy,251,942.040,16.434,19
18,sse,groq-healthy,252,942.415,16.434,19
18,sse,groq-healthy,253,942.756,16.434,17
18,sse,groq-healthy,254,943.091,16.434,20
18,sse,groq-healthy,255,947.767,16.434,19
18,sse,groq-healthy,256,947.993,16.434,16
18,sse,groq-healthy,257,948.438,16.434,17
18,sse,groq-healthy,258,948.710,16.434,18
18,sse,groq-healthy,259,949.607,16.434,19
18,sse,groq-healthy,260,949.803,16.434,17
18,sse,groq-healthy,261,950.187,16.434,21
18,sse,groq-healthy,262,953.643,16.434,19
18,sse,groq-healthy,263,953.980,16.434,18
18,sse,groq-healthy,264,954.687,16.434,13
18,sse,groq-healthy,265,958.608,16.434,18
18,sse,groq-healthy,266,962.606,16.434,19
18,sse,groq-healthy,267,967.505,16.434,18
18,sse,groq-healthy,268,967.765,16.434,17
18,sse,groq-healthy,269,968.013,16.434,18
18,sse,groq-healthy,270,968.248,16.434,18
18,sse,groq-healthy,271,968.635,16.434,18
18,sse,groq-healthy,272,968.882,16.434,16
18,sse,groq-healthy,273,969.255,16.434,15
18,sse,groq-healthy,274,969.509,16.434,13
18,sse,groq-healthy,275,972.776,16.434,19
18,sse,groq-healthy,276,973.024,16.434,18
18,sse,groq-healthy,277,978.918,16.434,19
18,sse,groq-healthy,278,979.189,16.434,18
18,sse,groq-healthy,279,982.294,16.434,19
18,sse,groq-healthy,280,982.515,16.434,16
18,sse,groq-healthy,281,983.075,16.434,16
18,sse,groq-healthy,282,986.803,16.434,19
18,sse,groq-healthy,283,990.781,16.434,17
18,sse,groq-healthy,284,991.027,16.434,17
18,sse,groq-healthy,285,995.315,16.434,19
18,sse,groq-healthy,286,999.133,16.434,16
18,sse,groq-healthy,287,999.509,16.434,19
18,sse,groq-healthy,288,999.875,16.434,17
18,sse,groq-healthy,289,1000.090,16.434,18
18,sse,groq-healthy,290,1000.764,16.434,18
18,sse,groq-healthy,291,1004.542,16.434,19
18,sse,groq-healthy,292,1008.677,16.434,16
18,sse,groq-healthy,293,1008.890,16.434,17
18,sse,groq-healthy,294,1013.086,16.434,14
18,sse,groq-healthy,295,1016.750,16.434,14
18,sse,groq-healthy,296,1017.006,16.434,21
18,sse,groq-healthy,297,1017.558,16.434,17
18,sse,groq-healthy,298,1021.351,16.434,18
18,sse,groq-healthy,299,1021.585,16.434,18
18,sse,groq-healthy,300,1022.035,16.434,20
18,sse,groq-healthy,301,1026.065,16.434,15
18,sse,groq-healthy,302,1026.409,16.434,18
18,sse,groq-healthy,303,1026.843,16.434,17
18,sse,groq-healthy,304,1027.102,16.434,17
18,sse,groq-healthy,305,1027.740,16.434,16
18,sse,groq-healthy,306,1031.522,16.434,19
18,sse,groq-healthy,307,1031.722,16.434,17
18,sse,groq-healthy,308,1032.188,16.434,17
18,sse,groq-healthy,309,1036.252,16.434,17
18,sse,groq-healthy,310,1036.618,16.434,16
18,sse,groq-healthy,311,1041.828,16.434,19
18,sse,groq-healthy,312,1042.079,16.434,16
18,sse,groq-healthy,313,1042.358,16.434,13
18,sse,groq-healthy,314,1042.604,16.434,16
18,sse,groq-healthy,315,1042.925,16.434,18
18,sse,groq-healthy,316,1043.274,16.434,17
18,sse,groq-healthy,317,1047.310,16.434,18
18,sse,groq-healthy,318,1047.530,16.434,19
18,sse,groq-healthy,319,1048.149,16.434,19
18,sse,groq-healthy,320,1048.356,16.434,18
18,sse,groq-healthy,321,1048.730,16.434,13
18,sse,groq-healthy,322,1048.998,16.434,19
18,sse,groq-healthy,323,1050.584,16.434,20
18,sse,groq-healthy,324,1050.748,16.434,16
18,sse,groq-healthy,325,1058.041,16.434,18
18,sse,groq-healthy,326,1061.808,16.434,20
18,sse,groq-healthy,327,1061.966,16.434,18
18,sse,groq-healthy,328,1066.340,16.434,19
18,sse,groq-healthy,329,1066.648,16.434,16
18,sse,groq-healthy,330,1071.511,16.434,19
18,sse,groq-healthy,331,1075.100,16.434,17
18,sse,groq-healthy,332,1075.429,16.434,17
18,sse,groq-healthy,333,1079.742,16.434,13
19,sse,groq-healthy,0,295.125,21.247,14
19,sse,groq-healthy,1,299.570,21.247,15
19,sse,groq-healthy,2,299.656,21.247,18
19,sse,groq-healthy,3,300.187,21.247,21
19,sse,groq-healthy,4,300.293,21.247,15
19,sse,groq-healthy,5,301.148,21.247,15
19,sse,groq-healthy,6,301.723,21.247,16
19,sse,groq-healthy,7,302.250,21.247,18
19,sse,groq-healthy,8,302.382,21.247,17
19,sse,groq-healthy,9,310.875,21.247,16
19,sse,groq-healthy,10,318.270,21.247,14
19,sse,groq-healthy,11,318.405,21.247,16
19,sse,groq-healthy,12,318.532,21.247,17
19,sse,groq-healthy,13,318.669,21.247,18
19,sse,groq-healthy,14,318.783,21.247,19
19,sse,groq-healthy,15,318.885,21.247,16
19,sse,groq-healthy,16,319.027,21.247,13
19,sse,groq-healthy,17,319.108,21.247,19
19,sse,groq-healthy,18,325.193,21.247,16
19,sse,groq-healthy,19,325.252,21.247,16
19,sse,groq-healthy,20,335.927,21.247,18
19,sse,groq-healthy,21,336.040,21.247,20
19,sse,groq-healthy,22,339.621,21.247,17
19,sse,groq-healthy,23,343.545,21.247,17
19,sse,groq-healthy,24,343.632,21.247,13
19,sse,groq-healthy,25,344.873,21.247,17
19,sse,groq-healthy,26,344.969,21.247,17
19,sse,groq-healthy,27,349.012,21.247,18
19,sse,groq-healthy,28,353.288,21.247,19
19,sse,groq-healthy,29,353.380,21.247,18
19,sse,groq-healthy,30,353.519,21.247,19
19,sse,groq-healthy,31,358.613,21.247,17
19,sse,groq-healthy,32,358.741,21.247,17
19,sse,groq-healthy,33,358.889,21.247,19
19,sse,groq-healthy,34,362.514,21.247,18
19,sse,groq-healthy,35,366.356,21.247,19
19,sse,groq-healthy,36,370.661,21.247,20
19,sse,groq-healthy,37,373.865,21.247,19
19,sse,groq-healthy,38,378.188,21.247,19
19,sse,groq-healthy,39,381.733,21.247,19
19,sse,groq-healthy,40,381.836,21.247,18
19,sse,groq-healthy,41,382.519,21.247,16
19,sse,groq-healthy,42,382.671,21.247,19
19,sse,groq-healthy,43,388.076,21.247,16
19,sse,groq-healthy,44,388.174,21.247,17
19,sse,groq-healthy,45,420.591,21.247,14
19,sse,groq-healthy,46,420.701,21.247,15
19,sse,groq-healthy,47,420.820,21.247,18
19,sse,groq-healthy,48,431.770,21.247,21
19,sse,groq-healthy,49,431.900,21.247,15
19,sse,groq-healthy,50,432.055,21.247,15
19,sse,groq-healthy,51,432.219,21.247,17
19,sse,groq-healthy,52,432.384,21.247,19
19,sse,groq-healthy,53,432.557,21.247,17
19,sse,groq-healthy,54,432.687,21.247,18
19,sse,groq-healthy,55,432.790,21.247,18
19,sse,groq-healthy,56,435.503,21.247,17
19,sse,groq-healthy,57,435.626,21.247,14
19,sse,groq-healthy,58,435.761,21.247,16
19,sse,groq-healthy,59,435.863,21.247,18
19,sse,groq-healthy,60,435.992,21.247,18
19,sse,groq-healthy,61,439.456,21.247,16
19,sse,groq-healthy,62,439.558,21.247,18
19,sse,groq-healthy,63,439.676,21.247,17
19,sse,groq-healthy,64,439.768,21.247,17
19,sse,groq-healthy,65,439.965,21.247,13
19,sse,groq-healthy,66,440.061,21.247,15
19,sse,groq-healthy,67,440.205,21.247,13
19,sse,groq-healthy,68,440.326,21.247,16
19,sse,groq-healthy,69,440.878,21.247,13
19,sse,groq-healthy,70,440.997,21.247,15
19,sse,groq-healthy,71,441.132,21.247,13
19,sse,groq-healthy,72,441.240,21.247,16
19,sse,groq-healthy,73,441.447,21.247,19
19,sse,groq-healthy,74,445.383,21.247,19
19,sse,groq-healthy,75,445.480,21.247,17
19,sse,groq-healthy,76,448.751,21.247,14
19,sse,groq-healthy,77,452.563,21.247,16
19,sse,groq-healthy,78,453.418,21.247,19
19,sse,groq-healthy,79,457.053,21.247,18
19,sse,groq-healthy,80,460.867,21.247,17
19,sse,groq-healthy,81,465.229,21.247,18
19,sse,groq-healthy,82,465.382,21.247,14
19,sse,groq-healthy,83,469.364,21.247,14
19,sse,groq-healthy,84,473.384,21.247,15
19,sse,groq-healthy,85,473.512,21.247,19
19,sse,groq-healthy,86,473.851,21.247,19
19,sse,groq-healthy,87,478.020,21.247,16
19,sse,groq-healthy,88,478.153,21.247,13
19,sse,groq-healthy,89,478.440,21.247,17
19,sse,groq-healthy,90,479.082,21.247,17
19,sse,groq-healthy,91,483.431,21.247,13
19,sse,groq-healthy,92,483.566,21.247,15
19,sse,groq-healthy,93,483.713,21.247,13
19,sse,groq-healthy,94,528.235,21.247,17
19,sse,groq-healthy,95,528.507,21.247,17
19,sse,groq-healthy,96,528.719,21.247,18
19,sse,groq-healthy,97,528.963,21.247,20
19,sse,groq-healthy,98,529.204,21.247,20
19,sse,groq-healthy,99,529.423,21.247,18
19,sse,groq-healthy,100,531.642,21.247,18
19,sse,groq-healthy,101,531.929,21.247,18
19,sse,groq-healthy,102,532.179,21.247,18
19,sse,groq-healthy,103,532.401,21.247,18
19,sse,groq-healthy,104,532.787,21.247,18
19,sse,groq-healthy,105,533.025,21.247,21
19,sse,groq-healthy,106,533.255,21.247,15
19,sse,groq-healthy,107,533.425,21.247,15
19,sse,groq-healthy,108,533.591,21.247,16
19,sse,groq-healthy,109,533.755,21.247,19
19,sse,groq-healthy,110,536.152,21.247,14
19,sse,groq-healthy,111,536.347,21.247,16
19,sse,groq-healthy,112,536.554,21.247,15
19,sse,groq-healthy,113,536.764,21.247,15
19,sse,groq-healthy,114,536.985,21.247,13
19,sse,groq-healthy,115,537.262,21.247,19
19,sse,groq-healthy,116,541.125,21.247,15
19,sse,groq-healthy,117,541.527,21.247,17
19,sse,groq-healthy,118,545.523,21.247,18
19,sse,groq-healthy,119,549.291,21.247,13
19,sse,groq-healthy,120,549.537,21.247,14
19,sse,groq-healthy,121,549.935,21.247,19
19,sse,groq-healthy,122,550.185,21.247,13
19,sse,groq-healthy,123,553.418,21.247,13
19,sse,groq-healthy,124,557.335,21.247,17
19,sse,groq-healthy,125,557.486,21.247,13
19,sse,groq-healthy,126,557.608,21.247,15
19,sse,groq-healthy,127,561.188,21.247,13
19,sse,groq-healthy,128,563.152,21.247,13
19,sse,groq-healthy,129,563.323,21.247,18
19,sse,groq-healthy,130,567.825,21.247,16
19,sse,groq-healthy,131,567.956,21.247,18
19,sse,groq-healthy,132,569.453,21.247,19
19,sse,groq-healthy,133,569.656,21.247,19
19,sse,groq-healthy,134,573.685,21.247,20
19,sse,groq-healthy,135,577.937,21.247,19
19,sse,groq-healthy,136,578.155,21.247,19
19,sse,groq-healthy,137,578.694,21.247,19
19,sse,groq-healthy,138,582.935,21.247,20
19,sse,groq-healthy,139,624.220,21.247,18
19,sse,groq-healthy,140,624.445,21.247,17
19,sse,groq-healthy,141,624.680,21.247,17
19,sse,groq-healthy,142,624.988,21.247,20
19,sse,groq-healthy,143,625.242,21.247,18
19,sse,groq-healthy,144,625.619,21.247,18
19,sse,groq-healthy,145,625.838,21.247,19
19,sse,groq-healthy,146,626.046,21.247,17
19,sse,groq-healthy,147,626.258,21.247,16
19,sse,groq-healthy,148,626.408,21.247,16
19,sse,groq-healthy,149,626.578,21.247,17
19,sse,groq-healthy,150,626.719,21.247,14
19,sse,groq-healthy,151,626.928,21.247,14
19,sse,groq-healthy,152,627.082,21.247,18
19,sse,groq-healthy,153,627.230,21.247,17
19,sse,groq-healthy,154,627.483,21.247,19
19,sse,groq-healthy,155,629.724,21.247,18
19,sse,groq-healthy,156,629.949,21.247,17
19,sse,groq-healthy,157,634.587,21.247,17
19,sse,groq-healthy,158,634.808,21.247,16
19,sse,groq-healthy,159,636.208,21.247,20
19,sse,groq-healthy,160,639.206,21.247,19
19,sse,groq-healthy,161,639.569,21.247,19
19,sse,groq-healthy,162,644.067,21.247,16
19,sse,groq-healthy,163,644.406,21.247,20
19,sse,groq-healthy,164,645.007,21.247,16
19,sse,groq-healthy,165,648.992,21.247,15
19,sse,groq-healthy,166,649.211,21.247,13
19,sse,groq-healthy,167,650.251,21.247,19
19,sse,groq-healthy,168,653.375,21.247,17
19,sse,groq-healthy,169,657.496,21.247,21
19,sse,groq-healthy,170,657.751,21.247,17
19,sse,groq-healthy,171,662.112,21.247,15
19,sse,groq-healthy,172,665.870,21.247,19
19,sse,groq-healthy,173,666.221,21.247,20
19,sse,groq-healthy,174,670.834,21.247,18
19,sse,groq-healthy,175,679.709,21.247,18
19,sse,groq-healthy,176,680.054,21.247,20
19,sse,groq-healthy,177,681.952,21.247,16
19,sse,groq-healthy,178,686.192,21.247,19
19,sse,groq-healthy,179,690.026,21.247,18
19,sse,groq-healthy,180,690.400,21.247,19
19,sse,groq-healthy,181,690.840,21.247,18
19,sse,groq-healthy,182,691.110,21.247,16
19,sse,groq-healthy,183,695.819,21.247,21
19,sse,groq-healthy,184,699.822,21.247,15
19,sse,groq-healthy,185,700.052,21.247,15
19,sse,groq-healthy,186,700.650,21.247,19
19,sse,groq-healthy,187,704.750,21.247,16
19,sse,groq-healthy,188,704.989,21.247,20
19,sse,groq-healthy,189,710.699,21.247,20
19,sse,groq-healthy,190,710.962,21.247,16
19,sse,groq-healthy,191,715.631,21.247,19
19,sse,groq-healthy,192,716.009,21.247,15
19,sse,groq-healthy,193,720.893,21.247,16
19,sse,groq-healthy,194,725.081,21.247,20
19,sse,groq-healthy,195,729.322,21.247,17
19,sse,groq-healthy,196,733.569,21.247,17
19,sse,groq-healthy,197,737.830,21.247,13
19,sse,groq-healthy,198,738.237,21.247,15
19,sse,groq-healthy,199,744.619,21.247,13
19,sse,groq-healthy,200,744.828,21.247,13
0,ws,groq-healthy,0,279.476,5.162,14
0,ws,groq-healthy,1,280.471,5.162,14
0,ws,groq-healthy,2,280.557,5.162,19
0,ws,groq-healthy,3,280.706,5.162,21
0,ws,groq-healthy,4,284.521,5.162,19
0,ws,groq-healthy,5,284.647,5.162,18
0,ws,groq-healthy,6,284.778,5.162,17
0,ws,groq-healthy,7,285.077,5.162,17
0,ws,groq-healthy,8,285.774,5.162,13
0,ws,groq-healthy,9,285.871,5.162,15
0,ws,groq-healthy,10,289.853,5.162,13
0,ws,groq-healthy,11,290.036,5.162,13
1,ws,groq-healthy,0,284.105,5.308,15
1,ws,groq-healthy,1,284.501,5.308,16
1,ws,groq-healthy,2,285.025,5.308,20
1,ws,groq-healthy,3,285.422,5.308,14
1,ws,groq-healthy,4,285.731,5.308,17
1,ws,groq-healthy,5,286.114,5.308,15
1,ws,groq-healthy,6,286.345,5.308,17
1,ws,groq-healthy,7,286.599,5.308,17
1,ws,groq-healthy,8,286.790,5.308,13
1,ws,groq-healthy,9,289.126,5.308,15
1,ws,groq-healthy,10,289.332,5.308,16
1,ws,groq-healthy,11,294.593,5.308,18
1,ws,groq-healthy,12,294.859,5.308,18
1,ws,groq-healthy,13,298.582,5.308,20
1,ws,groq-healthy,14,298.913,5.308,20
1,ws,groq-healthy,15,299.277,5.308,20
1,ws,groq-healthy,16,299.573,5.308,17
1,ws,groq-healthy,17,301.046,5.308,20
1,ws,groq-healthy,18,301.401,5.308,18
1,ws,groq-healthy,19,304.965,5.308,19
1,ws,groq-healthy,20,305.274,5.308,17
1,ws,groq-healthy,21,305.999,5.308,19
1,ws,groq-healthy,22,306.249,5.308,16
1,ws,groq-healthy,23,306.652,5.308,13
1,ws,groq-healthy,24,306.869,5.308,20
1,ws,groq-healthy,25,307.211,5.308,19
1,ws,groq-healthy,26,311.535,5.308,17
1,ws,groq-healthy,27,311.788,5.308,21
1,ws,groq-healthy,28,312.357,5.308,19
1,ws,groq-healthy,29,316.739,5.308,19
1,ws,groq-healthy,30,317.033,5.308,18
1,ws,groq-healthy,31,317.494,5.308,15
1,ws,groq-healthy,32,321.395,5.308,14
1,ws,groq-healthy,33,321.679,5.308,16
1,ws,groq-healthy,34,322.073,5.308,16
1,ws,groq-healthy,35,322.344,5.308,13
1,ws,groq-healthy,36,322.740,5.308,18
1,ws,groq-healthy,37,323.010,5.308,17
1,ws,groq-healthy,38,327.393,5.308,21
1,ws,groq-healthy,39,327.701,5.308,16
1,ws,groq-healthy,40,332.756,5.308,18
1,ws,groq-healthy,41,336.692,5.308,19
1,ws,groq-healthy,42,336.942,5.308,18
1,ws,groq-healthy,43,337.319,5.308,17
1,ws,groq-healthy,44,340.756,5.308,19
1,ws,groq-healthy,45,344.707,5.308,15
1,ws,groq-healthy,46,348.481,5.308,15
1,ws,groq-healthy,47,352.534,5.308,17
1,ws,groq-healthy,48,356.806,5.308,14
1,ws,groq-healthy,49,357.080,5.308,16
1,ws,groq-healthy,50,357.516,5.308,17
1,ws,groq-healthy,51,357.779,5.308,16
1,ws,groq-healthy,52,358.135,5.308,13
1,ws,groq-healthy,53,358.388,5.308,15
1,ws,groq-healthy,54,358.739,5.308,13
1,ws,groq-healthy,55,358.903,5.308,14
1,ws,groq-healthy,56,442.329,5.308,14
1,ws,groq-healthy,57,442.577,5.308,16
1,ws,groq-healthy,58,442.845,5.308,16
1,ws,groq-healthy,59,443.088,5.308,17
1,ws,groq-healthy,60,443.462,5.308,18
1,ws,groq-healthy,61,443.777,5.308,19
1,ws,groq-healthy,62,444.046,5.308,19
1,ws,groq-healthy,63,444.374,5.308,20
1,ws,groq-healthy,64,444.712,5.308,20
1,ws,groq-healthy,65,444.898,5.308,18
1,ws,groq-healthy,66,445.073,5.308,18
1,ws,groq-healthy,67,445.226,5.308,14
1,ws,groq-healthy,68,445.474,5.308,15
1,ws,groq-healthy,69,445.641,5.308,20
1,ws,groq-healthy,70,445.817,5.308,17
1,ws,groq-healthy,71,445.987,5.308,22
1,ws,groq-healthy,72,446.241,5.308,16
1,ws,groq-healthy,73,528.635,5.308,18
1,ws,groq-healthy,74,528.821,5.308,14
1,ws,groq-healthy,75,529.092,5.308,16
1,ws,groq-healthy,76,529.403,5.308,16
1,ws,groq-healthy,77,529.688,5.308,18
1,ws,groq-healthy,78,530.133,5.308,16
1,ws,groq-healthy,79,530.358,5.308,15
1,ws,groq-healthy,80,530.612,5.308,19
1,ws,groq-healthy,81,530.859,5.308,13
1,ws,groq-healthy,82,531.290,5.308,21
1,ws,groq-healthy,83,531.507,5.308,17
1,ws,groq-healthy,84,531.696,5.308,18
1,ws,groq-healthy,85,531.887,5.308,20
1,ws,groq-healthy,86,532.061,5.308,19
1,ws,groq-healthy,87,570.681,5.308,17
1,ws,groq-healthy,88,570.990,5.308,17
1,ws,groq-healthy,89,571.269,5.308,14
1,ws,groq-healthy,90,571.526,5.308,15
1,ws,groq-healthy,91,612.360,5.308,14
1,ws,groq-healthy,92,612.649,5.308,16
1,ws,groq-healthy,93,612.912,5.308,16
1,ws,groq-healthy,94,613.177,5.308,19
1,ws,groq-healthy,95,613.545,5.308,18
1,ws,groq-healthy,96,613.872,5.308,16
1,ws,groq-healthy,97,614.142,5.308,14
1,ws,groq-healthy,98,614.410,5.308,17
1,ws,groq-healthy,99,614.677,5.308,15
1,ws,groq-healthy,100,655.498,5.308,17
1,ws,groq-healthy,101,655.732,5.308,13
1,ws,groq-healthy,102,655.997,5.308,15
1,ws,groq-healthy,103,656.332,5.308,14
1,ws,groq-healthy,104,656.603,5.308,16
1,ws,groq-healthy,105,656.894,5.308,16
1,ws,groq-healthy,106,657.166,5.308,17
1,ws,groq-healthy,107,657.461,5.308,19
1,ws,groq-healthy,108,657.789,5.308,20
1,ws,groq-healthy,109,658.225,5.308,20
1,ws,groq-healthy,110,658.526,5.308,19
1,ws,groq-healthy,111,658.807,5.308,18
1,ws,groq-healthy,112,659.028,5.308,16
1,ws,groq-healthy,113,659.205,5.308,19
1,ws,groq-healthy,114,659.382,5.308,18
1,ws,groq-healthy,115,659.556,5.308,18
1,ws,groq-healthy,116,659.741,5.308,19
1,ws,groq-healthy,117,659.938,5.308,18
1,ws,groq-healthy,118,660.124,5.308,18
1,ws,groq-healthy,119,660.387,5.308,17
1,ws,groq-healthy,120,660.564,5.308,16
1,ws,groq-healthy,121,660.751,5.308,19
1,ws,groq-healthy,122,660.931,5.308,20
1,ws,groq-healthy,123,661.181,5.308,20
1,ws,groq-healthy,124,661.332,5.308,17
1,ws,groq-healthy,125,661.492,5.308,15
1,ws,groq-healthy,126,661.635,5.308,16
1,ws,groq-healthy,127,661.796,5.308,20
1,ws,groq-healthy,128,662.003,5.308,14
1,ws,groq-healthy,129,662.151,5.308,17
1,ws,groq-healthy,130,662.298,5.308,15
1,ws,groq-healthy,131,662.453,5.308,17
1,ws,groq-healthy,132,662.633,5.308,17
1,ws,groq-healthy,133,662.802,5.308,13
1,ws,groq-healthy,134,662.964,5.308,15
1,ws,groq-healthy,135,663.118,5.308,19
1,ws,groq-healthy,136,663.321,5.308,18
1,ws,groq-healthy,137,663.497,5.308,17
1,ws,groq-healthy,138,663.650,5.308,21
1,ws,groq-healthy,139,663.806,5.308,18
1,ws,groq-healthy,140,663.959,5.308,17
1,ws,groq-healthy,141,664.120,5.308,19
1,ws,groq-healthy,142,664.323,5.308,18
1,ws,groq-healthy,143,664.480,5.308,18
1,ws,groq-healthy,144,664.643,5.308,15
1,ws,groq-healthy,145,664.809,5.308,14
1,ws,groq-healthy,146,665.003,5.308,16
1,ws,groq-healthy,147,665.154,5.308,16
1,ws,groq-healthy,148,665.307,5.308,16
1,ws,groq-healthy,149,665.452,5.308,18
1,ws,groq-healthy,150,665.610,5.308,18
1,ws,groq-healthy,151,665.817,5.308,19
1,ws,groq-healthy,152,665.969,5.308,18
1,ws,groq-healthy,153,666.126,5.308,18
1,ws,groq-healthy,154,666.327,5.308,19
1,ws,groq-healthy,155,666.495,5.308,16
1,ws,groq-healthy,156,666.722,5.308,21
1,ws,groq-healthy,157,666.885,5.308,17
1,ws,groq-healthy,158,667.056,5.308,19
1,ws,groq-healthy,159,667.208,5.308,13
1,ws,groq-healthy,160,667.370,5.308,16
1,ws,groq-healthy,161,667.520,5.308,20
1,ws,groq-healthy,162,667.686,5.308,20
1,ws,groq-healthy,163,667.842,5.308,17
1,ws,groq-healthy,164,668.043,5.308,13
1,ws,groq-healthy,165,668.194,5.308,15
1,ws,groq-healthy,166,668.356,5.308,14
1,ws,groq-healthy,167,668.509,5.308,16
1,ws,groq-healthy,168,668.662,5.308,16
1,ws,groq-healthy,169,668.803,5.308,17
1,ws,groq-healthy,170,668.945,5.308,21
1,ws,groq-healthy,171,669.080,5.308,17
1,ws,groq-healthy,172,669.265,5.308,14
1,ws,groq-healthy,173,669.405,5.308,15
1,ws,groq-healthy,174,669.540,5.308,16
1,ws,groq-healthy,175,669.677,5.308,18
1,ws,groq-healthy,176,669.822,5.308,19
1,ws,groq-healthy,177,669.966,5.308,18
1,ws,groq-healthy,178,670.101,5.308,18
1,ws,groq-healthy,179,670.238,5.308,20
1,ws,groq-healthy,180,670.382,5.308,17
1,ws,groq-healthy,181,670.525,5.308,16
1,ws,groq-healthy,182,670.701,5.308,14
1,ws,groq-healthy,183,670.837,5.308,16
1,ws,groq-healthy,184,670.982,5.308,17
1,ws,groq-healthy,185,671.125,5.308,18
1,ws,groq-healthy,186,671.265,5.308,19
1,ws,groq-healthy,187,671.403,5.308,16
1,ws,groq-healthy,188,671.548,5.308,13
2,ws,groq-healthy,0,277.816,5.210,13
2,ws,groq-healthy,1,277.951,5.210,14
2,ws,groq-healthy,2,278.111,5.210,16
2,ws,groq-healthy,3,278.369,5.210,14
2,ws,groq-healthy,4,278.479,5.210,16
2,ws,groq-healthy,5,279.343,5.210,16
2,ws,groq-healthy,6,279.489,5.210,18
2,ws,groq-healthy,7,280.137,5.210,18
2,ws,groq-healthy,8,280.245,5.210,20
2,ws,groq-healthy,9,284.193,5.210,18
2,ws,groq-healthy,10,288.451,5.210,18
2,ws,groq-healthy,11,288.540,5.210,18
2,ws,groq-healthy,12,293.306,5.210,20
2,ws,groq-healthy,13,293.401,5.210,16
2,ws,groq-healthy,14,297.839,5.210,21
2,ws,groq-healthy,15,301.650,5.210,18
2,ws,groq-healthy,16,305.751,5.210,19
2,ws,groq-healthy,17,305.855,5.210,18
2,ws,groq-healthy,18,310.149,5.210,19
2,ws,groq-healthy,19,310.233,5.210,17
2,ws,groq-healthy,20,310.738,5.210,17
2,ws,groq-healthy,21,314.783,5.210,18
2,ws,groq-healthy,22,314.873,5.210,19
2,ws,groq-healthy,23,315.971,5.210,16
2,ws,groq-healthy,24,316.047,5.210,13
2,ws,groq-healthy,25,317.094,5.210,17
2,ws,groq-healthy,26,317.226,5.210,17
2,ws,groq-healthy,27,321.587,5.210,18
2,ws,groq-healthy,28,326.150,5.210,19
2,ws,groq-healthy,29,326.235,5.210,19
2,ws,groq-healthy,30,330.255,5.210,19
2,ws,groq-healthy,31,330.343,5.210,19
2,ws,groq-healthy,32,330.751,5.210,16
2,ws,groq-healthy,33,330.844,5.210,17
2,ws,groq-healthy,34,331.606,5.210,20
2,ws,groq-healthy,35,331.703,5.210,18
2,ws,groq-healthy,36,332.961,5.210,18
2,ws,groq-healthy,37,333.074,5.210,17
2,ws,groq-healthy,38,336.565,5.210,14
2,ws,groq-healthy,39,340.548,5.210,15
2,ws,groq-healthy,40,340.655,5.210,20
2,ws,groq-healthy,41,341.128,5.210,19
2,ws,groq-healthy,42,345.275,5.210,16
2,ws,groq-healthy,43,345.401,5.210,17
2,ws,groq-healthy,44,345.740,5.210,19
2,ws,groq-healthy,45,349.857,5.210,18
2,ws,groq-healthy,46,349.965,5.210,17
2,ws,groq-healthy,47,350.437,5.210,13
2,ws,groq-healthy,48,350.543,5.210,14
2,ws,groq-healthy,49,355.588,5.210,17
2,ws,groq-healthy,50,355.700,5.210,15
2,ws,groq-healthy,51,427.809,5.210,19
2,ws,groq-healthy,52,427.962,5.210,13
2,ws,groq-healthy,53,428.142,5.210,19
2,ws,groq-healthy,54,428.309,5.210,19
2,ws,groq-healthy,55,431.906,5.210,19
2,ws,groq-healthy,56,432.080,5.210,16
2,ws,groq-healthy,57,432.247,5.210,17
2,ws,groq-healthy,58,432.443,5.210,18
2,ws,groq-healthy,59,432.649,5.210,16
2,ws,groq-healthy,60,432.830,5.210,14
2,ws,groq-healthy,61,432.996,5.210,16
2,ws,groq-healthy,62,433.156,5.210,17
2,ws,groq-healthy,63,433.383,5.210,16
2,ws,groq-healthy,64,437.292,5.210,18
2,ws,groq-healthy,65,437.506,5.210,18
2,ws,groq-healthy,66,437.670,5.210,17
2,ws,groq-healthy,67,510.107,5.210,20
2,ws,groq-healthy,68,510.493,5.210,18
2,ws,groq-healthy,69,510.830,5.210,16
2,ws,groq-healthy,70,511.123,5.210,18
2,ws,groq-healthy,71,511.502,5.210,17
2,ws,groq-healthy,72,511.831,5.210,18
2,ws,groq-healthy,73,514.563,5.210,18
2,ws,groq-healthy,74,514.792,5.210,16
2,ws,groq-healthy,75,515.057,5.210,19
2,ws,groq-healthy,76,515.336,5.210,18
2,ws,groq-healthy,77,515.568,5.210,18
2,ws,groq-healthy,78,519.232,5.210,19
2,ws,groq-healthy,79,519.469,5.210,16
2,ws,groq-healthy,80,519.711,5.210,13
2,ws,groq-healthy,81,519.996,5.210,17
2,ws,groq-healthy,82,520.363,5.210,14
2,ws,groq-healthy,83,520.633,5.210,15
2,ws,groq-healthy,84,520.883,5.210,20
2,ws,groq-healthy,85,521.055,5.210,18
2,ws,groq-healthy,86,521.211,5.210,18
2,ws,groq-healthy,87,591.408,5.210,17
2,ws,groq-healthy,88,591.701,5.210,17
2,ws,groq-healthy,89,591.953,5.210,20
2,ws,groq-healthy,90,592.254,5.210,16
2,ws,groq-healthy,91,600.817,5.210,16
2,ws,groq-healthy,92,601.085,5.210,16
2,ws,groq-healthy,93,601.357,5.210,18
2,ws,groq-healthy,94,601.672,5.210,17
2,ws,groq-healthy,95,601.958,5.210,14
2,ws,groq-healthy,96,602.232,5.210,16
2,ws,groq-healthy,97,602.558,5.210,18
2,ws,groq-healthy,98,602.731,5.210,16
2,ws,groq-healthy,99,602.956,5.210,14
2,ws,groq-healthy,100,603.144,5.210,16
2,ws,groq-healthy,101,603.316,5.210,14
2,ws,groq-healthy,102,603.491,5.210,19
2,ws,groq-healthy,103,603.661,5.210,17
2,ws,groq-healthy,104,603.825,5.210,17
2,ws,groq-healthy,105,683.092,5.210,18
2,ws,groq-healthy,106,683.401,5.210,14
2,ws,groq-healthy,107,683.686,5.210,15
2,ws,groq-healthy,108,683.973,5.210,16
2,ws,groq-healthy,109,684.287,5.210,15
2,ws,groq-healthy,110,684.671,5.210,16
2,ws,groq-healthy,111,684.948,5.210,16
2,ws,groq-healthy,112,685.095,5.210,13
2,ws,groq-healthy,113,685.255,5.210,16
2,ws,groq-healthy,114,685.521,5.210,17
2,ws,groq-healthy,115,685.696,5.210,13
2,ws,groq-healthy,116,685.899,5.210,19
2,ws,groq-healthy,117,686.066,5.210,19
2,ws,groq-healthy,118,686.261,5.210,19
2,ws,groq-healthy,119,686.432,5.210,16
2,ws,groq-healthy,120,686.701,5.210,17
2,ws,groq-healthy,121,686.844,5.210,17
2,ws,groq-healthy,122,686.997,5.210,21
2,ws,groq-healthy,123,687.220,5.210,18
2,ws,groq-healthy,124,687.371,5.210,19
2,ws,groq-healthy,125,687.530,5.210,18
2,ws,groq-healthy,126,687.666,5.210,19
2,ws,groq-healthy,127,687.817,5.210,16
2,ws,groq-healthy,128,688.054,5.210,16
2,ws,groq-healthy,129,688.201,5.210,18
2,ws,groq-healthy,130,688.345,5.210,14
2,ws,groq-healthy,131,688.568,5.210,15
2,ws,groq-healthy,132,688.755,5.210,20
2,ws,groq-healthy,133,688.892,5.210,16
2,ws,groq-healthy,134,689.036,5.210,15
2,ws,groq-healthy,135,689.180,5.210,15
2,ws,groq-healthy,136,689.316,5.210,19
2,ws,groq-healthy,137,689.466,5.210,18
2,ws,groq-healthy,138,689.605,5.210,19
2,ws,groq-healthy,139,689.732,5.210,18
2,ws,groq-healthy,140,689.874,5.210,16
2,ws,groq-healthy,141,690.092,5.210,19
2,ws,groq-healthy,142,690.252,5.210,16
2,ws,groq-healthy,143,690.422,5.210,17
2,ws,groq-healthy,144,690.597,5.210,14
2,ws,groq-healthy,145,690.758,5.210,16
2,ws,groq-healthy,146,690.922,5.210,19
2,ws,groq-healthy,147,691.112,5.210,19
2,ws,groq-healthy,148,691.257,5.210,16
2,ws,groq-healthy,149,691.397,5.210,17
2,ws,groq-healthy,150,691.584,5.210,17
2,ws,groq-healthy,151,691.797,5.210,16
2,ws,groq-healthy,152,691.953,5.210,18
2,ws,groq-healthy,153,692.114,5.210,17
2,ws,groq-healthy,154,692.270,5.210,20
2,ws,groq-healthy,155,692.414,5.210,18
2,ws,groq-healthy,156,692.627,5.210,17
2,ws,groq-healthy,157,692.774,5.210,20
2,ws,groq-healthy,158,692.927,5.210,13
2,ws,groq-healthy,159,693.079,5.210,16
2,ws,groq-healthy,160,693.311,5.210,18
2,ws,groq-healthy,161,693.459,5.210,19
2,ws,groq-healthy,162,693.611,5.210,18
2,ws,groq-healthy,163,693.772,5.210,18
2,ws,groq-healthy,164,693.938,5.210,17
2,ws,groq-healthy,165,694.069,5.210,18
2,ws,groq-healthy,166,694.274,5.210,17
2,ws,groq-healthy,167,694.446,5.210,18
2,ws,groq-healthy,168,694.585,5.210,19
2,ws,groq-healthy,169,694.770,5.210,14
2,ws,groq-healthy,170,694.906,5.210,16
2,ws,groq-healthy,171,695.067,5.210,15
2,ws,groq-healthy,172,695.236,5.210,16
2,ws,groq-healthy,173,695.504,5.210,16
2,ws,groq-healthy,174,695.665,5.210,19
2,ws,groq-healthy,175,695.826,5.210,15
2,ws,groq-healthy,176,696.046,5.210,16
2,ws,groq-healthy,177,696.302,5.210,17
2,ws,groq-healthy,178,696.509,5.210,13
2,ws,groq-healthy,179,696.670,5.210,15
2,ws,groq-healthy,180,696.850,5.210,16
2,ws,groq-healthy,181,697.007,5.210,18
2,ws,groq-healthy,182,697.152,5.210,13
2,ws,groq-healthy,183,697.376,5.210,16
2,ws,groq-healthy,184,697.510,5.210,14
2,ws,groq-healthy,185,697.651,5.210,16
2,ws,groq-healthy,186,697.872,5.210,17
2,ws,groq-healthy,187,698.015,5.210,19
2,ws,groq-healthy,188,698.157,5.210,18
2,ws,groq-healthy,189,698.297,5.210,18
2,ws,groq-healthy,190,698.437,5.210,19
2,ws,groq-healthy,191,698.565,5.210,19
2,ws,groq-healthy,192,698.693,5.210,16
2,ws,groq-healthy,193,698.824,5.210,16
2,ws,groq-healthy,194,698.954,5.210,18
2,ws,groq-healthy,195,699.082,5.210,17
2,ws,groq-healthy,196,699.269,5.210,15
2,ws,groq-healthy,197,699.410,5.210,19
2,ws,groq-healthy,198,699.539,5.210,18
2,ws,groq-healthy,199,699.673,5.210,18
2,ws,groq-healthy,200,699.848,5.210,19
2,ws,groq-healthy,201,699.973,5.210,16
2,ws,groq-healthy,202,700.100,5.210,16
2,ws,groq-healthy,203,700.217,5.210,21
2,ws,groq-healthy,204,700.356,5.210,18
2,ws,groq-healthy,205,700.529,5.210,17
2,ws,groq-healthy,206,700.661,5.210,17
2,ws,groq-healthy,207,700.790,5.210,14
2,ws,groq-healthy,208,700.919,5.210,16
2,ws,groq-healthy,209,701.045,5.210,16
2,ws,groq-healthy,210,701.168,5.210,14
2,ws,groq-healthy,211,701.309,5.210,14
2,ws,groq-healthy,212,701.476,5.210,16
2,ws,groq-healthy,213,701.689,5.210,18
2,ws,groq-healthy,214,701.920,5.210,15
2,ws,groq-healthy,215,702.086,5.210,14
2,ws,groq-healthy,216,702.267,5.210,13
2,ws,groq-healthy,217,702.495,5.210,21
2,ws,groq-healthy,218,702.664,5.210,18
2,ws,groq-healthy,219,702.894,5.210,17
2,ws,groq-healthy,220,703.042,5.210,16
2,ws,groq-healthy,221,705.176,5.210,20
2,ws,groq-healthy,222,708.843,5.210,19
2,ws,groq-healthy,223,708.996,5.210,19
2,ws,groq-healthy,224,709.937,5.210,20
2,ws,groq-healthy,225,710.085,5.210,13
3,ws,groq-healthy,0,423.695,5.116,14
3,ws,groq-healthy,1,424.117,5.116,16
3,ws,groq-healthy,2,424.407,5.116,18
3,ws,groq-healthy,3,424.824,5.116,13
3,ws,groq-healthy,4,425.090,5.116,17
3,ws,groq-healthy,5,425.353,5.116,21
3,ws,groq-healthy,6,425.531,5.116,16
3,ws,groq-healthy,7,425.774,5.116,16
3,ws,groq-healthy,8,425.997,5.116,15
3,ws,groq-healthy,9,426.240,5.116,13
3,ws,groq-healthy,10,426.437,5.116,19
3,ws,groq-healthy,11,426.649,5.116,18
3,ws,groq-healthy,12,426.833,5.116,19
3,ws,groq-healthy,13,427.091,5.116,19
3,ws,groq-healthy,14,427.243,5.116,18
3,ws,groq-healthy,15,427.438,5.116,18
3,ws,groq-healthy,16,427.642,5.116,19
3,ws,groq-healthy,17,427.855,5.116,16
3,ws,groq-healthy,18,428.033,5.116,13
3,ws,groq-healthy,19,428.253,5.116,16
3,ws,groq-healthy,20,428.449,5.116,15
3,ws,groq-healthy,21,428.607,5.116,13
3,ws,groq-healthy,22,428.819,5.116,19
3,ws,groq-healthy,23,428.994,5.116,17
3,ws,groq-healthy,24,429.193,5.116,21
3,ws,groq-healthy,25,429.380,5.116,19
3,ws,groq-healthy,26,429.525,5.116,18
3,ws,groq-healthy,27,429.710,5.116,17
3,ws,groq-healthy,28,429.862,5.116,17
3,ws,groq-healthy,29,430.053,5.116,13
3,ws,groq-healthy,30,430.200,5.116,15
3,ws,groq-healthy,31,430.436,5.116,13
3,ws,groq-healthy,32,430.585,5.116,16
3,ws,groq-healthy,33,433.614,5.116,21
3,ws,groq-healthy,34,437.326,5.116,15
3,ws,groq-healthy,35,441.271,5.116,14
3,ws,groq-healthy,36,441.418,5.116,17
3,ws,groq-healthy,37,445.970,5.116,18
3,ws,groq-healthy,38,446.122,5.116,16
3,ws,groq-healthy,39,446.408,5.116,19
3,ws,groq-healthy,40,450.913,5.116,18
3,ws,groq-healthy,41,451.166,5.116,18
3,ws,groq-healthy,42,455.409,5.116,19
3,ws,groq-healthy,43,459.209,5.116,18
3,ws,groq-healthy,44,459.454,5.116,18
3,ws,groq-healthy,45,464.278,5.116,16
3,ws,groq-healthy,46,467.452,5.116,15
3,ws,groq-healthy,47,467.856,5.116,13
3,ws,groq-healthy,48,468.572,5.116,21
3,ws,groq-healthy,49,468.851,5.116,17
3,ws,groq-healthy,50,473.188,5.116,14
3,ws,groq-healthy,51,477.457,5.116,18
3,ws,groq-healthy,52,477.746,5.116,15
3,ws,groq-healthy,53,478.140,5.116,14
3,ws,groq-healthy,54,478.406,5.116,17
3,ws,groq-healthy,55,482.586,5.116,19
3,ws,groq-healthy,56,486.484,5.116,18
3,ws,groq-healthy,57,486.763,5.116,17
3,ws,groq-healthy,58,491.642,5.116,19
3,ws,groq-healthy,59,501.766,5.116,16
3,ws,groq-healthy,60,502.430,5.116,15
3,ws,groq-healthy,61,502.748,5.116,13
3,ws,groq-healthy,62,503.166,5.116,17
3,ws,groq-healthy,63,503.559,5.116,17
3,ws,groq-healthy,64,503.845,5.116,16
3,ws,groq-healthy,65,508.237,5.116,19
3,ws,groq-healthy,66,508.485,5.116,18
3,ws,groq-healthy,67,512.829,5.116,16
3,ws,groq-healthy,68,513.089,5.116,14
3,ws,groq-healthy,69,517.500,5.116,15
3,ws,groq-healthy,70,517.752,5.116,19
3,ws,groq-healthy,71,518.221,5.116,17
3,ws,groq-healthy,72,518.544,5.116,18
3,ws,groq-healthy,73,519.666,5.116,19
3,ws,groq-healthy,74,519.915,5.116,17
3,ws,groq-healthy,75,523.830,5.116,17
3,ws,groq-healthy,76,524.183,5.116,18
3,ws,groq-healthy,77,528.975,5.116,18
3,ws,groq-healthy,78,529.250,5.116,18
3,ws,groq-healthy,79,533.864,5.116,18
3,ws,groq-healthy,80,537.265,5.116,13
3,ws,groq-healthy,81,537.535,5.116,16
3,ws,groq-healthy,82,537.920,5.116,17
3,ws,groq-healthy,83,538.240,5.116,13
3,ws,groq-healthy,84,538.967,5.116,17
3,ws,groq-healthy,85,539.243,5.116,17
3,ws,groq-healthy,86,539.646,5.116,20
3,ws,groq-healthy,87,543.535,5.116,19
3,ws,groq-healthy,88,543.785,5.116,19
3,ws,groq-healthy,89,548.690,5.116,20
3,ws,groq-healthy,90,549.047,5.116,16
3,ws,groq-healthy,91,549.431,5.116,19
3,ws,groq-healthy,92,549.836,5.116,18
3,ws,groq-healthy,93,550.155,5.116,16
3,ws,groq-healthy,94,550.527,5.116,15
3,ws,groq-healthy,95,550.932,5.116,13
3,ws,groq-healthy,96,551.111,5.116,21
3,ws,groq-healthy,97,559.149,5.116,17
3,ws,groq-healthy,98,563.047,5.116,15
3,ws,groq-healthy,99,563.514,5.116,15
3,ws,groq-healthy,100,563.899,5.116,13
3,ws,groq-healthy,101,564.190,5.116,21
3,ws,groq-healthy,102,568.673,5.116,17
3,ws,groq-healthy,103,572.303,5.116,18
3,ws,groq-healthy,104,576.108,5.116,18
3,ws,groq-healthy,105,576.356,5.116,16
3,ws,groq-healthy,106,576.980,5.116,19
3,ws,groq-healthy,107,577.222,5.116,16
3,ws,groq-healthy,108,581.889,5.116,19
3,ws,groq-healthy,109,586.224,5.116,16
3,ws,groq-healthy,110,586.473,5.116,17
3,ws,groq-healthy,111,587.054,5.116,18
3,ws,groq-healthy,112,593.232,5.116,14
3,ws,groq-healthy,113,596.906,5.116,15
3,ws,groq-healthy,114,597.253,5.116,20
3,ws,groq-healthy,115,597.941,5.116,17
3,ws,groq-healthy,116,598.250,5.116,19
3,ws,groq-healthy,117,602.527,5.116,18
3,ws,groq-healthy,118,602.771,5.116,17
3,ws,groq-healthy,119,603.188,5.116,13
3,ws,groq-healthy,120,603.477,5.116,14
3,ws,groq-healthy,121,604.233,5.116,13
3,ws,groq-healthy,122,604.521,5.116,17
3,ws,groq-healthy,123,604.971,5.116,13
3,ws,groq-healthy,124,605.257,5.116,15
3,ws,groq-healthy,125,613.124,5.116,13
3,ws,groq-healthy,126,613.379,5.116,13
3,ws,groq-healthy,127,613.804,5.116,16
3,ws,groq-healthy,128,617.624,5.116,18
3,ws,groq-healthy,129,617.988,5.116,21
3,ws,groq-healthy,130,623.296,5.116,14
3,ws,groq-healthy,131,626.892,5.116,14
3,ws,groq-healthy,132,630.076,5.116,18
3,ws,groq-healthy,133,630.480,5.116,18
3,ws,groq-healthy,134,631.296,5.116,18
3,ws,groq-healthy,135,634.812,5.116,13
3,ws,groq-healthy,136,638.841,5.116,17
3,ws,groq-healthy,137,639.119,5.116,13
3,ws,groq-healthy,138,639.452,5.116,15
3,ws,groq-healthy,139,639.927,5.116,13
3,ws,groq-healthy,140,640.279,5.116,13
3,ws,groq-healthy,141,640.589,5.116,18
3,ws,groq-healthy,142,645.559,5.116,17
3,ws,groq-healthy,143,645.841,5.116,19
3,ws,groq-healthy,144,649.931,5.116,18
3,ws,groq-healthy,145,650.179,5.116,18
3,ws,groq-healthy,146,650.543,5.116,18
3,ws,groq-healthy,147,654.580,5.116,16
3,ws,groq-healthy,148,658.789,5.116,18
3,ws,groq-healthy,149,659.086,5.116,19
3,ws,groq-healthy,150,659.595,5.116,16
3,ws,groq-healthy,151,659.863,5.116,17
3,ws,groq-healthy,152,660.936,5.116,18
3,ws,groq-healthy,153,664.265,5.116,19
3,ws,groq-healthy,154,664.524,5.116,20
3,ws,groq-healthy,155,668.975,5.116,19
3,ws,groq-healthy,156,669.262,5.116,18
3,ws,groq-healthy,157,669.653,5.116,18
3,ws,groq-healthy,158,669.921,5.116,16
3,ws,groq-healthy,159,674.516,5.116,16
3,ws,groq-healthy,160,679.564,5.116,15
3,ws,groq-healthy,161,679.962,5.116,13
3,ws,groq-healthy,162,680.235,5.116,19
3,ws,groq-healthy,163,682.823,5.116,21
3,ws,groq-healthy,164,683.073,5.116,17
3,ws,groq-healthy,165,683.444,5.116,14
3,ws,groq-healthy,166,687.409,5.116,17
3,ws,groq-healthy,167,691.244,5.116,17
3,ws,groq-healthy,168,694.905,5.116,15
3,ws,groq-healthy,169,698.777,5.116,16
3,ws,groq-healthy,170,699.106,5.116,14
3,ws,groq-healthy,171,703.657,5.116,14
3,ws,groq-healthy,172,703.923,5.116,16
3,ws,groq-healthy,173,708.436,5.116,15
3,ws,groq-healthy,174,709.512,5.116,15
3,ws,groq-healthy,175,710.175,5.116,13
3,ws,groq-healthy,176,713.099,5.116,17
3,ws,groq-healthy,177,716.949,5.116,16
3,ws,groq-healthy,178,720.946,5.116,17
3,ws,groq-healthy,179,721.216,5.116,13
3,ws,groq-healthy,180,721.698,5.116,19
3,ws,groq-healthy,181,725.878,5.116,18
3,ws,groq-healthy,182,726.216,5.116,20
3,ws,groq-healthy,183,730.383,5.116,15
3,ws,groq-healthy,184,730.693,5.116,16
3,ws,groq-healthy,185,731.117,5.116,18
3,ws,groq-healthy,186,734.943,5.116,16
3,ws,groq-healthy,187,735.212,5.116,15
3,ws,groq-healthy,188,735.622,5.116,13
3,ws,groq-healthy,189,736.136,5.116,21
3,ws,groq-healthy,190,736.589,5.116,17
3,ws,groq-healthy,191,736.777,5.116,17
3,ws,groq-healthy,192,737.076,5.116,14
3,ws,groq-healthy,193,740.975,5.116,15
3,ws,groq-healthy,194,744.927,5.116,19
3,ws,groq-healthy,195,748.652,5.116,17
3,ws,groq-healthy,196,753.087,5.116,15
3,ws,groq-healthy,197,753.430,5.116,17
3,ws,groq-healthy,198,757.184,5.116,13
3,ws,groq-healthy,199,757.652,5.116,17
3,ws,groq-healthy,200,761.972,5.116,21
3,ws,groq-healthy,201,762.249,5.116,17
3,ws,groq-healthy,202,762.657,5.116,17
3,ws,groq-healthy,203,762.936,5.116,16
3,ws,groq-healthy,204,767.442,5.116,15
3,ws,groq-healthy,205,767.692,5.116,13
3,ws,groq-healthy,206,768.116,5.116,18
3,ws,groq-healthy,207,772.115,5.116,14
3,ws,groq-healthy,208,772.386,5.116,17
3,ws,groq-healthy,209,776.780,5.116,13
3,ws,groq-healthy,210,777.097,5.116,15
3,ws,groq-healthy,211,781.850,5.116,14
3,ws,groq-healthy,212,785.274,5.116,18
3,ws,groq-healthy,213,789.225,5.116,16
3,ws,groq-healthy,214,789.492,5.116,17
3,ws,groq-healthy,215,793.839,5.116,21
3,ws,groq-healthy,216,797.578,5.116,19
3,ws,groq-healthy,217,801.297,5.116,17
3,ws,groq-healthy,218,801.639,5.116,16
3,ws,groq-healthy,219,805.994,5.116,16
3,ws,groq-healthy,220,806.243,5.116,15
3,ws,groq-healthy,221,806.867,5.116,13
3,ws,groq-healthy,222,807.139,5.116,19
3,ws,groq-healthy,223,807.589,5.116,18
3,ws,groq-healthy,224,807.826,5.116,19
3,ws,groq-healthy,225,808.261,5.116,18
3,ws,groq-healthy,226,812.486,5.116,13
3,ws,groq-healthy,227,812.734,5.116,15
3,ws,groq-healthy,228,816.421,5.116,14
3,ws,groq-healthy,229,820.639,5.116,17
3,ws,groq-healthy,230,820.898,5.116,17
3,ws,groq-healthy,231,821.352,5.116,13
3,ws,groq-healthy,232,821.586,5.116,16
3,ws,groq-healthy,233,822.241,5.116,15
3,ws,groq-healthy,234,822.507,5.116,13
3,ws,groq-healthy,235,823.062,5.116,21
3,ws,groq-healthy,236,823.494,5.116,17
3,ws,groq-healthy,237,831.531,5.116,14
3,ws,groq-healthy,238,834.712,5.116,15
3,ws,groq-healthy,239,835.077,5.116,17
3,ws,groq-healthy,240,839.587,5.116,16
3,ws,groq-healthy,241,839.863,5.116,19
3,ws,groq-healthy,242,844.630,5.116,16
3,ws,groq-healthy,243,844.876,5.116,18
3,ws,groq-healthy,244,845.245,5.116,19
3,ws,groq-healthy,245,845.472,5.116,20
3,ws,groq-healthy,246,849.951,5.116,19
3,ws,groq-healthy,247,850.200,5.116,18
3,ws,groq-healthy,248,850.666,5.116,18
3,ws,groq-healthy,249,851.077,5.116,17
3,ws,groq-healthy,250,855.895,5.116,15
3,ws,groq-healthy,251,856.136,5.116,19
3,ws,groq-healthy,252,856.491,5.116,13
3,ws,groq-healthy,253,856.731,5.116,16
3,ws,groq-healthy,254,861.039,5.116,15
3,ws,groq-healthy,255,864.936,5.116,15
3,ws,groq-healthy,256,865.255,5.116,18
3,ws,groq-healthy,257,865.655,5.116,19
3,ws,groq-healthy,258,869.896,5.116,18
3,ws,groq-healthy,259,870.139,5.116,16
3,ws,groq-healthy,260,874.256,5.116,15
3,ws,groq-healthy,261,874.601,5.116,13
3,ws,groq-healthy,262,875.345,5.116,21
3,ws,groq-healthy,263,875.642,5.116,18
3,ws,groq-healthy,264,876.068,5.116,21
3,ws,groq-healthy,265,880.011,5.116,16
3,ws,groq-healthy,266,883.888,5.116,16
3,ws,groq-healthy,267,884.135,5.116,18
3,ws,groq-healthy,268,888.449,5.116,17
3,ws,groq-healthy,269,892.541,5.116,19
3,ws,groq-healthy,270,896.247,5.116,18
3,ws,groq-healthy,271,900.147,5.116,13
3,ws,groq-healthy,272,903.914,5.116,18
3,ws,groq-healthy,273,907.687,5.116,21
3,ws,groq-healthy,274,907.957,5.116,18
3,ws,groq-healthy,275,912.352,5.116,18
3,ws,groq-healthy,276,918.263,5.116,16
3,ws,groq-healthy,277,918.642,5.116,21
3,ws,groq-healthy,278,919.069,5.116,20
3,ws,groq-healthy,279,919.333,5.116,18
3,ws,groq-healthy,280,921.864,5.116,16
3,ws,groq-healthy,281,922.147,5.116,15
3,ws,groq-healthy,282,922.592,5.116,13
3,ws,groq-healthy,283,923.226,5.116,21
3,ws,groq-healthy,284,927.566,5.116,13
3,ws,groq-healthy,285,931.323,5.116,18
3,ws,groq-healthy,286,935.445,5.116,17
3,ws,groq-healthy,287,935.690,5.116,19
3,ws,groq-healthy,288,939.761,5.116,16
3,ws,groq-healthy,289,943.524,5.116,17
3,ws,groq-healthy,290,943.782,5.116,17
3,ws,groq-healthy,291,944.237,5.116,20
3,ws,groq-healthy,292,944.653,5.116,18
3,ws,groq-healthy,293,945.036,5.116,19
3,ws,groq-healthy,294,948.870,5.116,19
3,ws,groq-healthy,295,949.160,5.116,17
3,ws,groq-healthy,296,949.620,5.116,17
3,ws,groq-healthy,297,949.953,5.116,16
3,ws,groq-healthy,298,950.450,5.116,16
3,ws,groq-healthy,299,954.523,5.116,18
3,ws,groq-healthy,300,954.697,5.116,18
3,ws,groq-healthy,301,959.044,5.116,19
3,ws,groq-healthy,302,963.046,5.116,20
3,ws,groq-healthy,303,963.439,5.116,13
4,ws,groq-healthy,0,285.201,4.422,14
4,ws,groq-healthy,1,289.153,4.422,15
4,ws,groq-healthy,2,289.278,4.422,18
4,ws,groq-healthy,3,289.728,4.422,21
4,ws,groq-healthy,4,289.874,4.422,15
4,ws,groq-healthy,5,290.872,4.422,15
4,ws,groq-healthy,6,291.276,4.422,19
4,ws,groq-healthy,7,295.210,4.422,17
4,ws,groq-healthy,8,295.302,4.422,18
4,ws,groq-healthy,9,295.849,4.422,18
4,ws,groq-healthy,10,295.961,4.422,17
4,ws,groq-healthy,11,296.854,4.422,14
4,ws,groq-healthy,12,300.519,4.422,16
4,ws,groq-healthy,13,300.660,4.422,14
4,ws,groq-healthy,14,306.291,4.422,16
4,ws,groq-healthy,15,306.397,4.422,17
4,ws,groq-healthy,16,309.890,4.422,16
4,ws,groq-healthy,17,313.777,4.422,13
4,ws,groq-healthy,18,313.877,4.422,15
4,ws,groq-healthy,19,318.218,4.422,15
4,ws,groq-healthy,20,318.290,4.422,14
4,ws,groq-healthy,21,323.101,4.422,15
4,ws,groq-healthy,22,327.040,4.422,13
4,ws,groq-healthy,23,327.135,4.422,14
5,ws,groq-healthy,0,275.546,5.850,14
5,ws,groq-healthy,1,275.866,5.850,14
5,ws,groq-healthy,2,276.078,5.850,19
5,ws,groq-healthy,3,276.334,5.850,21
5,ws,groq-healthy,4,281.426,5.850,19
5,ws,groq-healthy,5,281.695,5.850,18
5,ws,groq-healthy,6,281.950,5.850,17
5,ws,groq-healthy,7,282.240,5.850,17
5,ws,groq-healthy,8,282.482,5.850,13
5,ws,groq-healthy,9,282.872,5.850,15
5,ws,groq-healthy,10,288.344,5.850,13
5,ws,groq-healthy,11,288.633,5.850,13
5,ws,groq-healthy,12,288.915,5.850,15
5,ws,groq-healthy,13,290.699,5.850,18
5,ws,groq-healthy,14,291.047,5.850,17
5,ws,groq-healthy,15,291.404,5.850,13
5,ws,groq-healthy,16,291.662,5.850,17
5,ws,groq-healthy,17,292.026,5.850,16
5,ws,groq-healthy,18,295.343,5.850,17
5,ws,groq-healthy,19,295.622,5.850,17
5,ws,groq-healthy,20,299.912,5.850,14
5,ws,groq-healthy,21,303.644,5.850,16
5,ws,groq-healthy,22,303.827,5.850,18
5,ws,groq-healthy,23,304.429,5.850,18
5,ws,groq-healthy,24,308.312,5.850,18
5,ws,groq-healthy,25,315.179,5.850,19
5,ws,groq-healthy,26,316.000,5.850,19
5,ws,groq-healthy,27,316.295,5.850,18
5,ws,groq-healthy,28,316.728,5.850,19
5,ws,groq-healthy,29,320.816,5.850,18
5,ws,groq-healthy,30,324.630,5.850,18
5,ws,groq-healthy,31,324.891,5.850,13
5,ws,groq-healthy,32,329.207,5.850,18
5,ws,groq-healthy,33,333.654,5.850,18
5,ws,groq-healthy,34,336.575,5.850,18
5,ws,groq-healthy,35,336.995,5.850,17
5,ws,groq-healthy,36,337.374,5.850,20
5,ws,groq-healthy,37,337.688,5.850,18
5,ws,groq-healthy,38,338.062,5.850,18
5,ws,groq-healthy,39,342.155,5.850,17
5,ws,groq-healthy,40,345.940,5.850,18
5,ws,groq-healthy,41,349.653,5.850,17
5,ws,groq-healthy,42,349.874,5.850,19
5,ws,groq-healthy,43,354.113,5.850,17
5,ws,groq-healthy,44,354.592,5.850,14
5,ws,groq-healthy,45,358.240,5.850,16
5,ws,groq-healthy,46,358.417,5.850,18
5,ws,groq-healthy,47,358.955,5.850,18
5,ws,groq-healthy,48,359.125,5.850,17
5,ws,groq-healthy,49,363.916,5.850,18
5,ws,groq-healthy,50,368.031,5.850,17
5,ws,groq-healthy,51,371.791,5.850,20
5,ws,groq-healthy,52,372.060,5.850,16
5,ws,groq-healthy,53,376.365,5.850,17
5,ws,groq-healthy,54,380.099,5.850,19
5,ws,groq-healthy,55,380.237,5.850,19
5,ws,groq-healthy,56,380.762,5.850,18
5,ws,groq-healthy,57,385.228,5.850,14
5,ws,groq-healthy,58,385.513,5.850,16
5,ws,groq-healthy,59,385.913,5.850,18
5,ws,groq-healthy,60,389.320,5.850,19
5,ws,groq-healthy,61,393.557,5.850,17
5,ws,groq-healthy,62,393.808,5.850,18
5,ws,groq-healthy,63,398.156,5.850,17
5,ws,groq-healthy,64,398.327,5.850,19
5,ws,groq-healthy,65,402.596,5.850,18
5,ws,groq-healthy,66,402.725,5.850,16
5,ws,groq-healthy,67,407.566,5.850,16
5,ws,groq-healthy,68,411.570,5.850,18
5,ws,groq-healthy,69,415.091,5.850,17
5,ws,groq-healthy,70,418.960,5.850,17
5,ws,groq-healthy,71,419.195,5.850,15
5,ws,groq-healthy,72,423.456,5.850,14
5,ws,groq-healthy,73,423.773,5.850,18
5,ws,groq-healthy,74,424.199,5.850,13
5,ws,groq-healthy,75,424.504,5.850,15
5,ws,groq-healthy,76,429.172,5.850,16
5,ws,groq-healthy,77,429.484,5.850,18
5,ws,groq-healthy,78,429.894,5.850,14
5,ws,groq-healthy,79,430.190,5.850,16
5,ws,groq-healthy,80,430.820,5.850,17
5,ws,groq-healthy,81,434.627,5.850,16
5,ws,groq-healthy,82,438.341,5.850,17
5,ws,groq-healthy,83,442.627,5.850,17
5,ws,groq-healthy,84,446.837,5.850,18
5,ws,groq-healthy,85,447.170,5.850,18
5,ws,groq-healthy,86,447.654,5.850,17
5,ws,groq-healthy,87,451.450,5.850,19
5,ws,groq-healthy,88,455.471,5.850,18
5,ws,groq-healthy,89,455.769,5.850,17
5,ws,groq-healthy,90,460.102,5.850,18
5,ws,groq-healthy,91,460.412,5.850,16
5,ws,groq-healthy,92,461.494,5.850,17
5,ws,groq-healthy,93,466.920,5.850,16
5,ws,groq-healthy,94,467.181,5.850,18
5,ws,groq-healthy,95,469.977,5.850,17
5,ws,groq-healthy,96,470.250,5.850,17
5,ws,groq-healthy,97,471.356,5.850,15
5,ws,groq-healthy,98,471.605,5.850,16
5,ws,groq-healthy,99,472.057,5.850,20
5,ws,groq-healthy,100,476.127,5.850,21
5,ws,groq-healthy,101,476.482,5.850,15
5,ws,groq-healthy,102,481.068,5.850,14
5,ws,groq-healthy,103,481.362,5.850,18
5,ws,groq-healthy,104,481.765,5.850,13
5,ws,groq-healthy,105,482.040,5.850,19
5,ws,groq-healthy,106,482.510,5.850,18
5,ws,groq-healthy,107,482.863,5.850,18
5,ws,groq-healthy,108,483.285,5.850,17
5,ws,groq-healthy,109,483.833,5.850,18
5,ws,groq-healthy,110,491.546,5.850,19
5,ws,groq-healthy,111,495.618,5.850,18
5,ws,groq-healthy,112,495.910,5.850,18
5,ws,groq-healthy,113,500.489,5.850,18
5,ws,groq-healthy,114,504.190,5.850,17
5,ws,groq-healthy,115,504.437,5.850,16
5,ws,groq-healthy,116,505.048,5.850,19
5,ws,groq-healthy,117,505.291,5.850,14
5,ws,groq-healthy,118,509.845,5.850,17
5,ws,groq-healthy,119,510.132,5.850,13
5,ws,groq-healthy,120,514.419,5.850,16
5,ws,groq-healthy,121,514.680,5.850,17
5,ws,groq-healthy,122,518.824,5.850,13
5,ws,groq-healthy,123,519.069,5.850,15
5,ws,groq-healthy,124,519.735,5.850,13
5,ws,groq-healthy,125,520.163,5.850,13
5,ws,groq-healthy,126,520.837,5.850,17
5,ws,groq-healthy,127,524.417,5.850,19
5,ws,groq-healthy,128,524.674,5.850,19
5,ws,groq-healthy,129,529.427,5.850,19
5,ws,groq-healthy,130,529.686,5.850,21
5,ws,groq-healthy,131,530.254,5.850,19
5,ws,groq-healthy,132,530.594,5.850,18
5,ws,groq-healthy,133,530.932,5.850,13
6,ws,groq-healthy,0,273.828,5.543,15
6,ws,groq-healthy,1,274.016,5.543,16
6,ws,groq-healthy,2,274.778,5.543,20
6,ws,groq-healthy,3,276.332,5.543,14
6,ws,groq-healthy,4,276.467,5.543,17
6,ws,groq-healthy,5,276.944,5.543,15
6,ws,groq-healthy,6,277.052,5.543,17
6,ws,groq-healthy,7,278.991,5.543,17
6,ws,groq-healthy,8,279.121,5.543,13
6,ws,groq-healthy,9,280.556,5.543,15
6,ws,groq-healthy,10,281.188,5.543,16
6,ws,groq-healthy,11,285.189,5.543,18
6,ws,groq-healthy,12,285.342,5.543,17
6,ws,groq-healthy,13,289.949,5.543,19
6,ws,groq-healthy,14,290.264,5.543,19
6,ws,groq-healthy,15,294.940,5.543,17
6,ws,groq-healthy,16,295.078,5.543,17
6,ws,groq-healthy,17,295.996,5.543,20
6,ws,groq-healthy,18,296.091,5.543,18
6,ws,groq-healthy,19,300.831,5.543,19
6,ws,groq-healthy,20,300.945,5.543,16
6,ws,groq-healthy,21,301.697,5.543,13
6,ws,groq-healthy,22,363.535,5.543,16
6,ws,groq-healthy,23,363.654,5.543,18
6,ws,groq-healthy,24,363.765,5.543,19
6,ws,groq-healthy,25,388.026,5.543,19
6,ws,groq-healthy,26,388.164,5.543,16
6,ws,groq-healthy,27,388.293,5.543,20
6,ws,groq-healthy,28,388.409,5.543,17
6,ws,groq-healthy,29,388.575,5.543,18
6,ws,groq-healthy,30,388.789,5.543,19
6,ws,groq-healthy,31,388.900,5.543,18
6,ws,groq-healthy,32,389.037,5.543,21
6,ws,groq-healthy,33,390.956,5.543,15
6,ws,groq-healthy,34,391.094,5.543,13
6,ws,groq-healthy,35,391.222,5.543,16
6,ws,groq-healthy,36,391.361,5.543,13
6,ws,groq-healthy,37,394.525,5.543,18
6,ws,groq-healthy,38,394.658,5.543,17
6,ws,groq-healthy,39,394.786,5.543,18
6,ws,groq-healthy,40,394.906,5.543,19
6,ws,groq-healthy,41,395.084,5.543,18
6,ws,groq-healthy,42,395.223,5.543,19
6,ws,groq-healthy,43,395.343,5.543,16
6,ws,groq-healthy,44,395.465,5.543,19
6,ws,groq-healthy,45,401.376,5.543,18
6,ws,groq-healthy,46,401.495,5.543,18
6,ws,groq-healthy,47,401.624,5.543,18
6,ws,groq-healthy,48,401.750,5.543,19
6,ws,groq-healthy,49,401.917,5.543,15
6,ws,groq-healthy,50,402.051,5.543,15
6,ws,groq-healthy,51,402.181,5.543,13
6,ws,groq-healthy,52,402.331,5.543,17
6,ws,groq-healthy,53,481.347,5.543,19
6,ws,groq-healthy,54,481.689,5.543,18
6,ws,groq-healthy,55,482.003,5.543,18
6,ws,groq-healthy,56,482.353,5.543,19
6,ws,groq-healthy,57,482.764,5.543,18
6,ws,groq-healthy,58,483.100,5.543,17
6,ws,groq-healthy,59,483.395,5.543,18
6,ws,groq-healthy,60,483.655,5.543,16
6,ws,groq-healthy,61,484.109,5.543,15
6,ws,groq-healthy,62,484.359,5.543,13
6,ws,groq-healthy,63,484.627,5.543,19
6,ws,groq-healthy,64,484.922,5.543,16
6,ws,groq-healthy,65,486.706,5.543,20
6,ws,groq-healthy,66,486.960,5.543,17
6,ws,groq-healthy,67,487.211,5.543,18
6,ws,groq-healthy,68,487.455,5.543,19
6,ws,groq-healthy,69,487.880,5.543,18
6,ws,groq-healthy,70,488.122,5.543,15
6,ws,groq-healthy,71,488.397,5.543,14
6,ws,groq-healthy,72,488.553,5.543,16
6,ws,groq-healthy,73,488.733,5.543,16
6,ws,groq-healthy,74,493.314,5.543,17
6,ws,groq-healthy,75,493.546,5.543,15
6,ws,groq-healthy,76,493.840,5.543,19
6,ws,groq-healthy,77,494.089,5.543,13
6,ws,groq-healthy,78,496.888,5.543,20
6,ws,groq-healthy,79,497.247,5.543,20
6,ws,groq-healthy,80,497.612,5.543,17
6,ws,groq-healthy,81,497.862,5.543,19
6,ws,groq-healthy,82,498.312,5.543,16
6,ws,groq-healthy,83,498.592,5.543,17
6,ws,groq-healthy,84,498.840,5.543,16
6,ws,groq-healthy,85,499.042,5.543,18
6,ws,groq-healthy,86,572.638,5.543,16
6,ws,groq-healthy,87,573.035,5.543,19
6,ws,groq-healthy,88,573.333,5.543,13
6,ws,groq-healthy,89,573.611,5.543,20
6,ws,groq-healthy,90,574.075,5.543,20
6,ws,groq-healthy,91,574.330,5.543,14
6,ws,groq-healthy,92,574.604,5.543,17
6,ws,groq-healthy,93,574.855,5.543,15
6,ws,groq-healthy,94,579.113,5.543,17
6,ws,groq-healthy,95,579.383,5.543,17
6,ws,groq-healthy,96,579.636,5.543,13
6,ws,groq-healthy,97,579.885,5.543,15
6,ws,groq-healthy,98,580.235,5.543,16
6,ws,groq-healthy,99,580.486,5.543,15
6,ws,groq-healthy,100,580.724,5.543,15
6,ws,groq-healthy,101,582.366,5.543,14
6,ws,groq-healthy,102,582.525,5.543,16
6,ws,groq-healthy,103,582.691,5.543,16
6,ws,groq-healthy,104,582.881,5.543,18
6,ws,groq-healthy,105,589.070,5.543,19
6,ws,groq-healthy,106,589.309,5.543,13
6,ws,groq-healthy,107,589.556,5.543,18
6,ws,groq-healthy,108,589.840,5.543,19
6,ws,groq-healthy,109,590.201,5.543,19
6,ws,groq-healthy,110,590.489,5.543,21
6,ws,groq-healthy,111,590.767,5.543,15
6,ws,groq-healthy,112,591.025,5.543,13
6,ws,groq-healthy,113,591.317,5.543,16
6,ws,groq-healthy,114,591.684,5.543,17
6,ws,groq-healthy,115,591.950,5.543,14
6,ws,groq-healthy,116,592.199,5.543,14
6,ws,groq-healthy,117,592.454,5.543,16
6,ws,groq-healthy,118,592.655,5.543,16
6,ws,groq-healthy,119,592.853,5.543,16
6,ws,groq-healthy,120,593.064,5.543,18
6,ws,groq-healthy,121,593.239,5.543,17
6,ws,groq-healthy,122,595.502,5.543,18
6,ws,groq-healthy,123,595.718,5.543,19
6,ws,groq-healthy,124,595.923,5.543,18
6,ws,groq-healthy,125,596.202,5.543,17
6,ws,groq-healthy,126,596.480,5.543,16
6,ws,groq-healthy,127,596.680,5.543,19
6,ws,groq-healthy,128,596.905,5.543,18
6,ws,groq-healthy,129,597.128,5.543,18
6,ws,groq-healthy,130,600.249,5.543,20
6,ws,groq-healthy,131,600.638,5.543,18
6,ws,groq-healthy,132,600.983,5.543,19
6,ws,groq-healthy,133,601.270,5.543,16
6,ws,groq-healthy,134,601.850,5.543,17
6,ws,groq-healthy,135,602.195,5.543,18
6,ws,groq-healthy,136,602.485,5.543,17
6,ws,groq-healthy,137,602.694,5.543,13
6,ws,groq-healthy,138,604.889,5.543,14
6,ws,groq-healthy,139,605.120,5.543,13
6,ws,groq-healthy,140,605.311,5.543,17
6,ws,groq-healthy,141,605.524,5.543,16
6,ws,groq-healthy,142,605.740,5.543,21
6,ws,groq-healthy,143,605.948,5.543,17
6,ws,groq-healthy,144,606.159,5.543,18
6,ws,groq-healthy,145,606.372,5.543,19
6,ws,groq-healthy,146,609.279,5.543,18
6,ws,groq-healthy,147,609.554,5.543,19
6,ws,groq-healthy,148,609.809,5.543,19
6,ws,groq-healthy,149,610.078,5.543,16
6,ws,groq-healthy,150,610.335,5.543,19
6,ws,groq-healthy,151,610.619,5.543,18
6,ws,groq-healthy,152,610.944,5.543,18
6,ws,groq-healthy,153,613.775,5.543,19
6,ws,groq-healthy,154,614.024,5.543,18
6,ws,groq-healthy,155,614.270,5.543,17
6,ws,groq-healthy,156,614.518,5.543,18
6,ws,groq-healthy,157,614.770,5.543,16
6,ws,groq-healthy,158,615.013,5.543,15
6,ws,groq-healthy,159,615.285,5.543,13
6,ws,groq-healthy,160,615.511,5.543,19
6,ws,groq-healthy,161,615.676,5.543,16
6,ws,groq-healthy,162,618.153,5.543,16
6,ws,groq-healthy,163,618.373,5.543,20
6,ws,groq-healthy,164,618.564,5.543,16
6,ws,groq-healthy,165,618.767,5.543,14
6,ws,groq-healthy,166,618.967,5.543,15
6,ws,groq-healthy,167,619.168,5.543,13
6,ws,groq-healthy,168,619.368,5.543,18
6,ws,groq-healthy,169,619.564,5.543,20
6,ws,groq-healthy,170,622.747,5.543,19
6,ws,groq-healthy,171,623.033,5.543,19
6,ws,groq-healthy,172,623.283,5.543,16
6,ws,groq-healthy,173,623.568,5.543,20
6,ws,groq-healthy,174,623.814,5.543,17
6,ws,groq-healthy,175,624.099,5.543,18
6,ws,groq-healthy,176,624.365,5.543,19
6,ws,groq-healthy,177,624.622,5.543,18
6,ws,groq-healthy,178,665.001,5.543,18
6,ws,groq-healthy,179,665.261,5.543,13
6,ws,groq-healthy,180,665.528,5.543,16
6,ws,groq-healthy,181,665.774,5.543,19
6,ws,groq-healthy,182,666.025,5.543,18
6,ws,groq-healthy,183,666.283,5.543,20
6,ws,groq-healthy,184,666.588,5.543,19
6,ws,groq-healthy,185,666.855,5.543,14
6,ws,groq-healthy,186,667.215,5.543,15
6,ws,groq-healthy,187,667.523,5.543,19
6,ws,groq-healthy,188,667.800,5.543,17
6,ws,groq-healthy,189,668.049,5.543,15
6,ws,groq-healthy,190,668.306,5.543,16
6,ws,groq-healthy,191,668.568,5.543,20
6,ws,groq-healthy,192,668.724,5.543,14
6,ws,groq-healthy,193,668.887,5.543,17
6,ws,groq-healthy,194,671.440,5.543,15
6,ws,groq-healthy,195,671.607,5.543,17
6,ws,groq-healthy,196,671.784,5.543,17
6,ws,groq-healthy,197,671.956,5.543,13
6,ws,groq-healthy,198,672.126,5.543,15
6,ws,groq-healthy,199,672.302,5.543,16
6,ws,groq-healthy,200,672.451,5.543,18
6,ws,groq-healthy,201,672.628,5.543,18
6,ws,groq-healthy,202,675.691,5.543,20
6,ws,groq-healthy,203,675.926,5.543,14
6,ws,groq-healthy,204,676.175,5.543,16
6,ws,groq-healthy,205,676.471,5.543,17
6,ws,groq-healthy,206,676.840,5.543,20
6,ws,groq-healthy,207,677.100,5.543,18
6,ws,groq-healthy,208,677.395,5.543,19
6,ws,groq-healthy,209,677.656,5.543,17
6,ws,groq-healthy,210,681.475,5.543,19
6,ws,groq-healthy,211,681.724,5.543,16
6,ws,groq-healthy,212,681.965,5.543,13
6,ws,groq-healthy,213,682.206,5.543,16
6,ws,groq-healthy,214,682.447,5.543,18
6,ws,groq-healthy,215,682.773,5.543,19
6,ws,groq-healthy,216,683.042,5.543,19
6,ws,groq-healthy,217,683.215,5.543,16
6,ws,groq-healthy,218,684.671,5.543,17
6,ws,groq-healthy,219,684.852,5.543,18
6,ws,groq-healthy,220,684.999,5.543,17
6,ws,groq-healthy,221,685.155,5.543,14
6,ws,groq-healthy,222,685.311,5.543,14
6,ws,groq-healthy,223,685.456,5.543,17
6,ws,groq-healthy,224,685.613,5.543,16
6,ws,groq-healthy,225,685.761,5.543,19
6,ws,groq-healthy,226,689.184,5.543,18
6,ws,groq-healthy,227,689.356,5.543,18
6,ws,groq-healthy,228,689.520,5.543,19
6,ws,groq-healthy,229,689.677,5.543,20
6,ws,groq-healthy,230,689.844,5.543,18
6,ws,groq-healthy,231,690.012,5.543,13
6,ws,groq-healthy,232,690.168,5.543,16
6,ws,groq-healthy,233,690.336,5.543,18
6,ws,groq-healthy,234,693.914,5.543,19
6,ws,groq-healthy,235,694.132,5.543,21
6,ws,groq-healthy,236,694.330,5.543,18
6,ws,groq-healthy,237,694.540,5.543,19
6,ws,groq-healthy,238,694.791,5.543,16
6,ws,groq-healthy,239,694.991,5.543,17
6,ws,groq-healthy,240,695.217,5.543,19
6,ws,groq-healthy,241,695.415,5.543,20
6,ws,groq-healthy,242,698.203,5.543,19
6,ws,groq-healthy,243,698.377,5.543,18
6,ws,groq-healthy,244,698.550,5.543,21
6,ws,groq-healthy,245,698.709,5.543,19
6,ws,groq-healthy,246,698.875,5.543,16
6,ws,groq-healthy,247,699.031,5.543,17
6,ws,groq-healthy,248,699.197,5.543,14
6,ws,groq-healthy,249,701.768,5.543,18
6,ws,groq-healthy,250,701.987,5.543,15
6,ws,groq-healthy,251,702.184,5.543,13
6,ws,groq-healthy,252,702.387,5.543,16
6,ws,groq-healthy,253,702.587,5.543,14
6,ws,groq-healthy,254,704.146,5.543,19
6,ws,groq-healthy,255,707.298,5.543,17
6,ws,groq-healthy,256,707.584,5.543,19
6,ws,groq-healthy,257,707.853,5.543,19
6,ws,groq-healthy,258,709.993,5.543,21
6,ws,groq-healthy,259,714.668,5.543,19
6,ws,groq-healthy,260,718.351,5.543,17
6,ws,groq-healthy,261,718.749,5.543,18
6,ws,groq-healthy,262,719.068,5.543,19
6,ws,groq-healthy,263,719.468,5.543,20
6,ws,groq-healthy,264,719.850,5.543,20
6,ws,groq-healthy,265,720.137,5.543,14
6,ws,groq-healthy,266,720.464,5.543,17
6,ws,groq-healthy,267,720.674,5.543,15
6,ws,groq-healthy,268,724.714,5.543,17
6,ws,groq-healthy,269,725.113,5.543,17
6,ws,groq-healthy,270,725.493,5.543,13
6,ws,groq-healthy,271,726.821,5.543,15
6,ws,groq-healthy,272,727.187,5.543,13
7,ws,groq-healthy,0,300.839,4.735,13
7,ws,groq-healthy,1,301.280,4.735,14
7,ws,groq-healthy,2,301.517,4.735,16
7,ws,groq-healthy,3,304.204,4.735,14
7,ws,groq-healthy,4,304.380,4.735,16
7,ws,groq-healthy,5,304.546,4.735,17
7,ws,groq-healthy,6,306.096,4.735,19
7,ws,groq-healthy,7,306.361,4.735,19
7,ws,groq-healthy,8,307.526,4.735,16
7,ws,groq-healthy,9,307.693,4.735,17
7,ws,groq-healthy,10,309.315,4.735,20
7,ws,groq-healthy,11,309.491,4.735,18
7,ws,groq-healthy,12,310.898,4.735,17
7,ws,groq-healthy,13,313.908,4.735,13
7,ws,groq-healthy,14,317.721,4.735,18
7,ws,groq-healthy,15,322.030,4.735,16
7,ws,groq-healthy,16,325.721,4.735,15
7,ws,groq-healthy,17,326.160,4.735,13
7,ws,groq-healthy,18,327.280,4.735,19
7,ws,groq-healthy,19,327.929,4.735,20
7,ws,groq-healthy,20,331.714,4.735,16
7,ws,groq-healthy,21,393.801,4.735,17
7,ws,groq-healthy,22,394.105,4.735,14
7,ws,groq-healthy,23,394.374,4.735,15
7,ws,groq-healthy,24,394.668,4.735,20
7,ws,groq-healthy,25,422.129,4.735,19
7,ws,groq-healthy,26,422.400,4.735,16
7,ws,groq-healthy,27,422.677,4.735,17
7,ws,groq-healthy,28,423.024,4.735,19
7,ws,groq-healthy,29,423.273,4.735,18
7,ws,groq-healthy,30,423.573,4.735,17
7,ws,groq-healthy,31,423.857,4.735,13
7,ws,groq-healthy,32,424.014,4.735,14
7,ws,groq-healthy,33,425.898,4.735,13
7,ws,groq-healthy,34,426.071,4.735,14
7,ws,groq-healthy,35,426.296,4.735,14
7,ws,groq-healthy,36,426.494,4.735,16
7,ws,groq-healthy,37,426.691,4.735,18
7,ws,groq-healthy,38,426.904,4.735,17
7,ws,groq-healthy,39,427.114,4.735,13
7,ws,groq-healthy,40,427.379,4.735,17
7,ws,groq-healthy,41,432.165,4.735,18
7,ws,groq-healthy,42,432.418,4.735,18
7,ws,groq-healthy,43,432.669,4.735,16
7,ws,groq-healthy,44,432.959,4.735,16
7,ws,groq-healthy,45,433.316,4.735,14
7,ws,groq-healthy,46,433.576,4.735,16
7,ws,groq-healthy,47,433.832,4.735,13
7,ws,groq-healthy,48,434.079,4.735,17
7,ws,groq-healthy,49,439.292,4.735,17
7,ws,groq-healthy,50,439.591,4.735,18
7,ws,groq-healthy,51,439.854,4.735,17
7,ws,groq-healthy,52,440.108,4.735,15
7,ws,groq-healthy,53,518.325,4.735,16
7,ws,groq-healthy,54,518.597,4.735,19
7,ws,groq-healthy,55,518.883,4.735,16
7,ws,groq-healthy,56,519.152,4.735,16
7,ws,groq-healthy,57,519.507,4.735,17
7,ws,groq-healthy,58,519.754,4.735,18
7,ws,groq-healthy,59,520.028,4.735,19
7,ws,groq-healthy,60,524.129,4.735,17
7,ws,groq-healthy,61,524.401,4.735,16
7,ws,groq-healthy,62,524.714,4.735,16
7,ws,groq-healthy,63,524.978,4.735,17
7,ws,groq-healthy,64,525.335,4.735,17
7,ws,groq-healthy,65,525.731,4.735,14
7,ws,groq-healthy,66,525.901,4.735,15
7,ws,groq-healthy,67,526.071,4.735,17
7,ws,groq-healthy,68,526.236,4.735,15
7,ws,groq-healthy,69,528.368,4.735,19
7,ws,groq-healthy,70,528.580,4.735,18
7,ws,groq-healthy,71,528.778,4.735,18
7,ws,groq-healthy,72,528.990,4.735,13
7,ws,groq-healthy,73,531.827,4.735,18
7,ws,groq-healthy,74,532.038,4.735,20
7,ws,groq-healthy,75,532.311,4.735,19
7,ws,groq-healthy,76,532.537,4.735,16
7,ws,groq-healthy,77,532.791,4.735,17
7,ws,groq-healthy,78,533.054,4.735,14
7,ws,groq-healthy,79,533.316,4.735,15
7,ws,groq-healthy,80,538.983,4.735,20
7,ws,groq-healthy,81,539.259,4.735,18
7,ws,groq-healthy,82,539.517,4.735,18
7,ws,groq-healthy,83,539.792,4.735,19
7,ws,groq-healthy,84,614.487,4.735,17
7,ws,groq-healthy,85,614.762,4.735,16
7,ws,groq-healthy,86,615.030,4.735,13
7,ws,groq-healthy,87,615.307,4.735,15
7,ws,groq-healthy,88,615.740,4.735,13
7,ws,groq-healthy,89,615.999,4.735,13
7,ws,groq-healthy,90,616.243,4.735,18
7,ws,groq-healthy,91,616.492,4.735,17
7,ws,groq-healthy,92,619.578,4.735,17
7,ws,groq-healthy,93,619.853,4.735,14
7,ws,groq-healthy,94,620.107,4.735,15
7,ws,groq-healthy,95,620.356,4.735,20
7,ws,groq-healthy,96,620.596,4.735,19
7,ws,groq-healthy,97,622.858,4.735,19
7,ws,groq-healthy,98,623.105,4.735,16
7,ws,groq-healthy,99,623.395,4.735,18
7,ws,groq-healthy,100,623.635,4.735,15
7,ws,groq-healthy,101,623.991,4.735,16
7,ws,groq-healthy,102,624.328,4.735,15
7,ws,groq-healthy,103,624.558,4.735,13
7,ws,groq-healthy,104,624.730,4.735,19
7,ws,groq-healthy,105,627.691,4.735,17
7,ws,groq-healthy,106,627.892,4.735,19
7,ws,groq-healthy,107,628.097,4.735,16
7,ws,groq-healthy,108,628.305,4.735,13
7,ws,groq-healthy,109,628.520,4.735,18
7,ws,groq-healthy,110,628.711,4.735,19
7,ws,groq-healthy,111,628.907,4.735,18
7,ws,groq-healthy,112,629.113,4.735,17
7,ws,groq-healthy,113,632.254,4.735,14
7,ws,groq-healthy,114,632.505,4.735,15
7,ws,groq-healthy,115,632.759,4.735,17
7,ws,groq-healthy,116,633.069,4.735,17
7,ws,groq-healthy,117,633.454,4.735,18
7,ws,groq-healthy,118,633.684,4.735,13
7,ws,groq-healthy,119,633.969,4.735,20
7,ws,groq-healthy,120,634.223,4.735,17
7,ws,groq-healthy,121,637.351,4.735,16
7,ws,groq-healthy,122,637.530,4.735,17
7,ws,groq-healthy,123,637.690,4.735,13
7,ws,groq-healthy,124,637.852,4.735,20
7,ws,groq-healthy,125,638.022,4.735,18
7,ws,groq-healthy,126,638.177,4.735,19
7,ws,groq-healthy,127,638.313,4.735,18
7,ws,groq-healthy,128,638.465,4.735,19
7,ws,groq-healthy,129,641.851,4.735,19
7,ws,groq-healthy,130,642.008,4.735,17
7,ws,groq-healthy,131,642.166,4.735,18
7,ws,groq-healthy,132,642.313,4.735,17
7,ws,groq-healthy,133,642.527,4.735,20
7,ws,groq-healthy,134,642.677,4.735,18
7,ws,groq-healthy,135,642.827,4.735,17
7,ws,groq-healthy,136,642.977,4.735,20
7,ws,groq-healthy,137,646.599,4.735,18
7,ws,groq-healthy,138,646.805,4.735,18
7,ws,groq-healthy,139,646.968,4.735,18
7,ws,groq-healthy,140,647.139,4.735,17
7,ws,groq-healthy,141,647.287,4.735,13
7,ws,groq-healthy,142,647.513,4.735,19
7,ws,groq-healthy,143,647.681,4.735,19
7,ws,groq-healthy,144,647.841,4.735,17
7,ws,groq-healthy,145,651.387,4.735,14
7,ws,groq-healthy,146,651.560,4.735,16
7,ws,groq-healthy,147,651.729,4.735,18
7,ws,groq-healthy,148,651.897,4.735,17
7,ws,groq-healthy,149,652.134,4.735,13
7,ws,groq-healthy,150,652.302,4.735,14
7,ws,groq-healthy,151,652.481,4.735,16
7,ws,groq-healthy,152,652.659,4.735,14
7,ws,groq-healthy,153,656.269,4.735,16
7,ws,groq-healthy,154,656.486,4.735,16
7,ws,groq-healthy,155,656.696,4.735,18
7,ws,groq-healthy,156,656.915,4.735,18
7,ws,groq-healthy,157,657.130,4.735,20
7,ws,groq-healthy,158,657.333,4.735,21
7,ws,groq-healthy,159,657.528,4.735,18
7,ws,groq-healthy,160,657.741,4.735,19
7,ws,groq-healthy,161,661.386,4.735,20
7,ws,groq-healthy,162,661.724,4.735,18
7,ws,groq-healthy,163,661.978,4.735,17
7,ws,groq-healthy,164,662.280,4.735,20
7,ws,groq-healthy,165,662.545,4.735,19
7,ws,groq-healthy,166,662.821,4.735,18
7,ws,groq-healthy,167,663.095,4.735,18
7,ws,groq-healthy,168,663.353,4.735,17
7,ws,groq-healthy,169,665.939,4.735,13
7,ws,groq-healthy,170,666.196,4.735,14
7,ws,groq-healthy,171,666.435,4.735,14
7,ws,groq-healthy,172,666.679,4.735,16
7,ws,groq-healthy,173,666.910,4.735,14
7,ws,groq-healthy,174,667.147,4.735,16
7,ws,groq-healthy,175,667.436,4.735,17
7,ws,groq-healthy,176,667.689,4.735,19
7,ws,groq-healthy,177,670.312,4.735,19
7,ws,groq-healthy,178,670.553,4.735,16
7,ws,groq-healthy,179,670.749,4.735,17
7,ws,groq-healthy,180,671.051,4.735,16
7,ws,groq-healthy,181,671.294,4.735,17
7,ws,groq-healthy,182,671.478,4.735,17
7,ws,groq-healthy,183,671.697,4.735,19
7,ws,groq-healthy,184,671.989,4.735,18
7,ws,groq-healthy,185,710.951,4.735,18
7,ws,groq-healthy,186,711.290,4.735,14
7,ws,groq-healthy,187,711.609,4.735,13
7,ws,groq-healthy,188,711.897,4.735,14
7,ws,groq-healthy,189,712.185,4.735,16
7,ws,groq-healthy,190,712.569,4.735,19
7,ws,groq-healthy,191,712.786,4.735,18
7,ws,groq-healthy,192,712.995,4.735,18
7,ws,groq-healthy,193,713.282,4.735,17
7,ws,groq-healthy,194,713.485,4.735,13
7,ws,groq-healthy,195,713.688,4.735,19
7,ws,groq-healthy,196,713.889,4.735,20
7,ws,groq-healthy,197,714.104,4.735,18
7,ws,groq-healthy,198,714.317,4.735,18
7,ws,groq-healthy,199,714.520,4.735,17
7,ws,groq-healthy,200,714.717,4.735,16
7,ws,groq-healthy,201,717.529,4.735,15
7,ws,groq-healthy,202,717.723,4.735,15
7,ws,groq-healthy,203,717.946,4.735,19
7,ws,groq-healthy,204,718.240,4.735,19
7,ws,groq-healthy,205,718.424,4.735,18
7,ws,groq-healthy,206,718.641,4.735,16
7,ws,groq-healthy,207,718.841,4.735,19
7,ws,groq-healthy,208,719.166,4.735,19
7,ws,groq-healthy,209,722.383,4.735,17
7,ws,groq-healthy,210,722.693,4.735,14
7,ws,groq-healthy,211,722.941,4.735,16
7,ws,groq-healthy,212,723.212,4.735,19
7,ws,groq-healthy,213,723.469,4.735,16
7,ws,groq-healthy,214,723.744,4.735,17
7,ws,groq-healthy,215,724.010,4.735,18
7,ws,groq-healthy,216,724.281,4.735,16
7,ws,groq-healthy,217,727.043,4.735,16
7,ws,groq-healthy,218,727.246,4.735,14
7,ws,groq-healthy,219,727.468,4.735,16
7,ws,groq-healthy,220,727.708,4.735,18
7,ws,groq-healthy,221,727.986,4.735,19
7,ws,groq-healthy,222,728.196,4.735,17
7,ws,groq-healthy,223,728.407,4.735,17
7,ws,groq-healthy,224,728.609,4.735,13
7,ws,groq-healthy,225,728.879,4.735,15
7,ws,groq-healthy,226,732.121,4.735,13
7,ws,groq-healthy,227,732.372,4.735,16
7,ws,groq-healthy,228,732.644,4.735,18
7,ws,groq-healthy,229,733.927,4.735,18
7,ws,groq-healthy,230,734.197,4.735,17
7,ws,groq-healthy,231,734.481,4.735,17
7,ws,groq-healthy,232,734.743,4.735,13
7,ws,groq-healthy,233,735.026,4.735,15
7,ws,groq-healthy,234,735.373,4.735,13
7,ws,groq-healthy,235,736.356,4.735,13
7,ws,groq-healthy,236,737.002,4.735,16
7,ws,groq-healthy,237,737.297,4.735,16
7,ws,groq-healthy,238,739.567,4.735,16
7,ws,groq-healthy,239,739.952,4.735,16
7,ws,groq-healthy,240,740.291,4.735,14
7,ws,groq-healthy,241,746.128,4.735,16
7,ws,groq-healthy,242,746.411,4.735,17
7,ws,groq-healthy,243,749.025,4.735,18
7,ws,groq-healthy,244,753.052,4.735,19
7,ws,groq-healthy,245,753.395,4.735,19
7,ws,groq-healthy,246,757.799,4.735,18
7,ws,groq-healthy,247,758.179,4.735,18
7,ws,groq-healthy,248,762.419,4.735,18
7,ws,groq-healthy,249,762.809,4.735,19
7,ws,groq-healthy,250,763.203,4.735,18
7,ws,groq-healthy,251,763.598,4.735,18
7,ws,groq-healthy,252,764.122,4.735,17
7,ws,groq-healthy,253,764.370,4.735,18
7,ws,groq-healthy,254,764.864,4.735,19
7,ws,groq-healthy,255,765.127,4.735,14
7,ws,groq-healthy,256,772.272,4.735,17
7,ws,groq-healthy,257,772.617,4.735,15
7,ws,groq-healthy,258,772.948,4.735,17
7,ws,groq-healthy,259,773.326,4.735,13
7,ws,groq-healthy,260,774.610,4.735,18
7,ws,groq-healthy,261,778.479,4.735,20
7,ws,groq-healthy,262,782.313,4.735,18
7,ws,groq-healthy,263,786.192,4.735,15
7,ws,groq-healthy,264,790.229,4.735,19
7,ws,groq-healthy,265,790.614,4.735,20
7,ws,groq-healthy,266,791.004,4.735,18
7,ws,groq-healthy,267,791.347,4.735,19
7,ws,groq-healthy,268,791.707,4.735,16
7,ws,groq-healthy,269,795.556,4.735,19
7,ws,groq-healthy,270,795.944,4.735,17
7,ws,groq-healthy,271,796.316,4.735,15
7,ws,groq-healthy,272,800.221,4.735,16
7,ws,groq-healthy,273,806.372,4.735,17
7,ws,groq-healthy,274,806.643,4.735,13
7,ws,groq-healthy,275,810.035,4.735,19
7,ws,groq-healthy,276,813.580,4.735,18
7,ws,groq-healthy,277,813.847,4.735,16
7,ws,groq-healthy,278,817.550,4.735,15
7,ws,groq-healthy,279,817.832,4.735,16
7,ws,groq-healthy,280,818.903,4.735,19
7,ws,groq-healthy,281,819.162,4.735,19
7,ws,groq-healthy,282,824.150,4.735,18
7,ws,groq-healthy,283,824.444,4.735,17
7,ws,groq-healthy,284,824.801,4.735,14
7,ws,groq-healthy,285,825.195,4.735,15
7,ws,groq-healthy,286,825.513,4.735,13
7,ws,groq-healthy,287,825.880,4.735,20
7,ws,groq-healthy,288,829.949,4.735,17
7,ws,groq-healthy,289,830.253,4.735,17
7,ws,groq-healthy,290,830.594,4.735,18
7,ws,groq-healthy,291,830.961,4.735,16
7,ws,groq-healthy,292,831.363,4.735,16
7,ws,groq-healthy,293,831.613,4.735,14
7,ws,groq-healthy,294,832.311,4.735,16
7,ws,groq-healthy,295,832.551,4.735,15
7,ws,groq-healthy,296,840.892,4.735,15
7,ws,groq-healthy,297,841.234,4.735,19
7,ws,groq-healthy,298,841.834,4.735,17
7,ws,groq-healthy,299,845.890,4.735,19
7,ws,groq-healthy,300,849.853,4.735,18
7,ws,groq-healthy,301,850.158,4.735,16
7,ws,groq-healthy,302,854.866,4.735,19
7,ws,groq-healthy,303,855.233,4.735,19
7,ws,groq-healthy,304,855.754,4.735,16
7,ws,groq-healthy,305,856.090,4.735,17
7,ws,groq-healthy,306,860.844,4.735,18
7,ws,groq-healthy,307,861.083,4.735,14
7,ws,groq-healthy,308,865.740,4.735,18
7,ws,groq-healthy,309,866.128,4.735,16
7,ws,groq-healthy,310,870.785,4.735,15
7,ws,groq-healthy,311,871.034,4.735,13
7,ws,groq-healthy,312,872.074,4.735,17
7,ws,groq-healthy,313,875.811,4.735,16
7,ws,groq-healthy,314,876.184,4.735,13
8,ws,groq-healthy,0,283.985,5.045,14
8,ws,groq-healthy,1,288.481,5.045,16
8,ws,groq-healthy,2,288.612,5.045,18
8,ws,groq-healthy,3,289.057,5.045,13
8,ws,groq-healthy,4,289.171,5.045,17
8,ws,groq-healthy,5,290.037,5.045,21
8,ws,groq-healthy,6,290.129,5.045,16
8,ws,groq-healthy,7,290.516,5.045,16
8,ws,groq-healthy,8,290.803,5.045,15
8,ws,groq-healthy,9,295.003,5.045,13
8,ws,groq-healthy,10,295.259,5.045,19
8,ws,groq-healthy,11,295.880,5.045,18
8,ws,groq-healthy,12,296.105,5.045,19
8,ws,groq-healthy,13,296.848,5.045,19
8,ws,groq-healthy,14,296.951,5.045,18
8,ws,groq-healthy,15,297.925,5.045,18
8,ws,groq-healthy,16,298.056,5.045,19
8,ws,groq-healthy,17,303.112,5.045,16
8,ws,groq-healthy,18,303.196,5.045,13
8,ws,groq-healthy,19,303.322,5.045,16
8,ws,groq-healthy,20,306.902,5.045,15
8,ws,groq-healthy,21,306.998,5.045,13
8,ws,groq-healthy,22,307.629,5.045,19
8,ws,groq-healthy,23,307.718,5.045,17
8,ws,groq-healthy,24,309.096,5.045,21
8,ws,groq-healthy,25,312.621,5.045,19
8,ws,groq-healthy,26,312.717,5.045,18
8,ws,groq-healthy,27,313.543,5.045,18
8,ws,groq-healthy,28,317.300,5.045,21
8,ws,groq-healthy,29,322.015,5.045,15
8,ws,groq-healthy,30,325.252,5.045,14
8,ws,groq-healthy,31,325.347,5.045,17
8,ws,groq-healthy,32,329.837,5.045,13
8,ws,groq-healthy,33,329.936,5.045,15
8,ws,groq-healthy,34,330.712,5.045,13
8,ws,groq-healthy,35,330.844,5.045,16
8,ws,groq-healthy,36,331.399,5.045,18
8,ws,groq-healthy,37,331.501,5.045,18
8,ws,groq-healthy,38,332.064,5.045,16
8,ws,groq-healthy,39,332.205,5.045,19
8,ws,groq-healthy,40,336.569,5.045,17
8,ws,groq-healthy,41,336.698,5.045,13
8,ws,groq-healthy,42,336.828,5.045,15
8,ws,groq-healthy,43,337.057,5.045,13
8,ws,groq-healthy,44,338.397,5.045,16
8,ws,groq-healthy,45,342.039,5.045,20
8,ws,groq-healthy,46,346.105,5.045,19
8,ws,groq-healthy,47,346.205,5.045,16
8,ws,groq-healthy,48,346.634,5.045,17
8,ws,groq-healthy,49,346.737,5.045,20
8,ws,groq-healthy,50,347.615,5.045,19
8,ws,groq-healthy,51,347.720,5.045,18
8,ws,groq-healthy,52,349.227,5.045,18
8,ws,groq-healthy,53,349.366,5.045,19
8,ws,groq-healthy,54,357.172,5.045,19
8,ws,groq-healthy,55,360.416,5.045,16
8,ws,groq-healthy,56,364.455,5.045,16
8,ws,groq-healthy,57,364.561,5.045,17
8,ws,groq-healthy,58,365.076,5.045,16
8,ws,groq-healthy,59,365.184,5.045,17
8,ws,groq-healthy,60,369.918,5.045,19
8,ws,groq-healthy,61,370.014,5.045,13
8,ws,groq-healthy,62,396.667,5.045,14
8,ws,groq-healthy,63,396.777,5.045,19
8,ws,groq-healthy,64,396.881,5.045,13
8,ws,groq-healthy,65,396.983,5.045,13
8,ws,groq-healthy,66,401.232,5.045,17
8,ws,groq-healthy,67,401.381,5.045,13
8,ws,groq-healthy,68,401.529,5.045,15
8,ws,groq-healthy,69,401.658,5.045,13
8,ws,groq-healthy,70,401.816,5.045,16
8,ws,groq-healthy,71,401.958,5.045,17
8,ws,groq-healthy,72,402.110,5.045,17
8,ws,groq-healthy,73,402.251,5.045,17
8,ws,groq-healthy,74,402.445,5.045,19
8,ws,groq-healthy,75,402.562,5.045,17
8,ws,groq-healthy,76,402.690,5.045,19
8,ws,groq-healthy,77,402.827,5.045,18
8,ws,groq-healthy,78,405.289,5.045,13
8,ws,groq-healthy,79,405.427,5.045,19
8,ws,groq-healthy,80,405.556,5.045,18
8,ws,groq-healthy,81,405.677,5.045,17
8,ws,groq-healthy,82,409.829,5.045,18
8,ws,groq-healthy,83,409.960,5.045,18
8,ws,groq-healthy,84,410.086,5.045,18
8,ws,groq-healthy,85,410.211,5.045,18
8,ws,groq-healthy,86,413.062,5.045,18
8,ws,groq-healthy,87,413.191,5.045,18
8,ws,groq-healthy,88,413.315,5.045,19
8,ws,groq-healthy,89,413.437,5.045,16
8,ws,groq-healthy,90,415.581,5.045,18
8,ws,groq-healthy,91,417.225,5.045,19
8,ws,groq-healthy,92,417.366,5.045,17
8,ws,groq-healthy,93,420.332,5.045,19
8,ws,groq-healthy,94,420.471,5.045,21
8,ws,groq-healthy,95,421.012,5.045,19
8,ws,groq-healthy,96,421.140,5.045,17
8,ws,groq-healthy,97,425.800,5.045,18
8,ws,groq-healthy,98,429.724,5.045,18
8,ws,groq-healthy,99,429.909,5.045,17
8,ws,groq-healthy,100,430.095,5.045,18
8,ws,groq-healthy,101,430.310,5.045,17
8,ws,groq-healthy,102,433.114,5.045,15
8,ws,groq-healthy,103,434.785,5.045,15
8,ws,groq-healthy,104,435.049,5.045,13
8,ws,groq-healthy,105,436.036,5.045,19
8,ws,groq-healthy,106,436.176,5.045,17
8,ws,groq-healthy,107,437.115,5.045,21
8,ws,groq-healthy,108,437.266,5.045,19
8,ws,groq-healthy,109,441.566,5.045,16
8,ws,groq-healthy,110,441.752,5.045,20
8,ws,groq-healthy,111,442.049,5.045,21
8,ws,groq-healthy,112,446.025,5.045,19
8,ws,groq-healthy,113,446.173,5.045,17
8,ws,groq-healthy,114,448.392,5.045,17
8,ws,groq-healthy,115,452.451,5.045,20
8,ws,groq-healthy,116,452.625,5.045,18
8,ws,groq-healthy,117,456.140,5.045,19
8,ws,groq-healthy,118,456.298,5.045,17
8,ws,groq-healthy,119,456.527,5.045,19
8,ws,groq-healthy,120,457.810,5.045,16
8,ws,groq-healthy,121,457.968,5.045,13
8,ws,groq-healthy,122,458.144,5.045,16
8,ws,groq-healthy,123,490.213,5.045,18
8,ws,groq-healthy,124,490.310,5.045,17
8,ws,groq-healthy,125,490.538,5.045,13
8,ws,groq-healthy,126,490.706,5.045,19
8,ws,groq-healthy,127,490.860,5.045,17
8,ws,groq-healthy,128,491.039,5.045,18
8,ws,groq-healthy,129,491.198,5.045,14
8,ws,groq-healthy,130,491.356,5.045,16
8,ws,groq-healthy,131,491.502,5.045,14
8,ws,groq-healthy,132,491.645,5.045,15
8,ws,groq-healthy,133,491.784,5.045,13
8,ws,groq-healthy,134,493.216,5.045,13
8,ws,groq-healthy,135,493.404,5.045,15
8,ws,groq-healthy,136,494.025,5.045,13
8,ws,groq-healthy,137,494.191,5.045,14
8,ws,groq-healthy,138,497.995,5.045,16
8,ws,groq-healthy,139,501.115,5.045,15
8,ws,groq-healthy,140,501.284,5.045,13
8,ws,groq-healthy,141,501.456,5.045,19
8,ws,groq-healthy,142,503.528,5.045,17
8,ws,groq-healthy,143,505.131,5.045,21
8,ws,groq-healthy,144,505.282,5.045,21
8,ws,groq-healthy,145,510.148,5.045,19
8,ws,groq-healthy,146,510.409,5.045,18
8,ws,groq-healthy,147,510.947,5.045,18
8,ws,groq-healthy,148,515.133,5.045,21
8,ws,groq-healthy,149,515.382,5.045,15
8,ws,groq-healthy,150,517.723,5.045,14
8,ws,groq-healthy,151,518.016,5.045,13
8,ws,groq-healthy,152,518.300,5.045,21
8,ws,groq-healthy,153,518.687,5.045,16
8,ws,groq-healthy,154,522.118,5.045,17
8,ws,groq-healthy,155,522.377,5.045,18
8,ws,groq-healthy,156,527.030,5.045,19
8,ws,groq-healthy,157,527.282,5.045,16
8,ws,groq-healthy,158,528.668,5.045,16
8,ws,groq-healthy,159,531.833,5.045,17
8,ws,groq-healthy,160,532.204,5.045,13
8,ws,groq-healthy,161,536.734,5.045,19
8,ws,groq-healthy,162,537.005,5.045,17
8,ws,groq-healthy,163,537.960,5.045,17
8,ws,groq-healthy,164,538.241,5.045,21
8,ws,groq-healthy,165,538.703,5.045,19
8,ws,groq-healthy,166,538.974,5.045,18
8,ws,groq-healthy,167,543.635,5.045,18
8,ws,groq-healthy,168,544.014,5.045,19
8,ws,groq-healthy,169,548.667,5.045,20
8,ws,groq-healthy,170,552.428,5.045,18
8,ws,groq-healthy,171,552.688,5.045,16
8,ws,groq-healthy,172,557.492,5.045,17
8,ws,groq-healthy,173,561.561,5.045,14
8,ws,groq-healthy,174,561.866,5.045,17
8,ws,groq-healthy,175,562.269,5.045,17
8,ws,groq-healthy,176,576.740,5.045,20
8,ws,groq-healthy,177,576.927,5.045,19
8,ws,groq-healthy,178,577.136,5.045,20
8,ws,groq-healthy,179,577.331,5.045,13
8,ws,groq-healthy,180,577.526,5.045,18
8,ws,groq-healthy,181,577.712,5.045,17
8,ws,groq-healthy,182,577.882,5.045,13
8,ws,groq-healthy,183,581.138,5.045,16
8,ws,groq-healthy,184,584.904,5.045,17
8,ws,groq-healthy,185,585.102,5.045,17
8,ws,groq-healthy,186,585.778,5.045,18
8,ws,groq-healthy,187,591.990,5.045,15
8,ws,groq-healthy,188,592.244,5.045,13
8,ws,groq-healthy,189,592.476,5.045,19
8,ws,groq-healthy,190,592.723,5.045,17
8,ws,groq-healthy,191,593.287,5.045,18
8,ws,groq-healthy,192,598.142,5.045,19
8,ws,groq-healthy,193,598.442,5.045,20
8,ws,groq-healthy,194,600.454,5.045,18
8,ws,groq-healthy,195,600.727,5.045,14
8,ws,groq-healthy,196,601.514,5.045,15
8,ws,groq-healthy,197,601.824,5.045,13
8,ws,groq-healthy,198,602.734,5.045,13
8,ws,groq-healthy,199,603.070,5.045,15
8,ws,groq-healthy,200,607.231,5.045,13
8,ws,groq-healthy,201,607.543,5.045,14
8,ws,groq-healthy,202,607.970,5.045,16
8,ws,groq-healthy,203,608.267,5.045,15
8,ws,groq-healthy,204,608.840,5.045,13
8,ws,groq-healthy,205,609.006,5.045,19
8,ws,groq-healthy,206,610.249,5.045,17
8,ws,groq-healthy,207,610.506,5.045,21
8,ws,groq-healthy,208,614.103,5.045,19
8,ws,groq-healthy,209,622.147,5.045,21
8,ws,groq-healthy,210,625.448,5.045,17
8,ws,groq-healthy,211,625.711,5.045,17
8,ws,groq-healthy,212,629.727,5.045,20
8,ws,groq-healthy,213,630.091,5.045,16
8,ws,groq-healthy,214,630.572,5.045,18
8,ws,groq-healthy,215,634.340,5.045,14
8,ws,groq-healthy,216,634.769,5.045,14
8,ws,groq-healthy,217,636.114,5.045,19
8,ws,groq-healthy,218,636.381,5.045,18
8,ws,groq-healthy,219,640.287,5.045,19
8,ws,groq-healthy,220,644.387,5.045,17
8,ws,groq-healthy,221,644.636,5.045,17
8,ws,groq-healthy,222,645.020,5.045,13
8,ws,groq-healthy,223,649.011,5.045,18
8,ws,groq-healthy,224,649.448,5.045,19
8,ws,groq-healthy,225,653.846,5.045,18
8,ws,groq-healthy,226,654.122,5.045,20
8,ws,groq-healthy,227,654.533,5.045,17
8,ws,groq-healthy,228,654.828,5.045,17
8,ws,groq-healthy,229,656.174,5.045,13
8,ws,groq-healthy,230,656.436,5.045,17
8,ws,groq-healthy,231,656.784,5.045,17
8,ws,groq-healthy,232,657.134,5.045,13
8,ws,groq-healthy,233,660.696,5.045,16
8,ws,groq-healthy,234,660.944,5.045,19
8,ws,groq-healthy,235,665.215,5.045,20
8,ws,groq-healthy,236,665.515,5.045,15
8,ws,groq-healthy,237,665.913,5.045,13
8,ws,groq-healthy,238,666.174,5.045,19
8,ws,groq-healthy,239,666.938,5.045,17
8,ws,groq-healthy,240,667.258,5.045,20
8,ws,groq-healthy,241,671.778,5.045,19
8,ws,groq-healthy,242,672.033,5.045,14
8,ws,groq-healthy,243,672.473,5.045,15
8,ws,groq-healthy,244,672.740,5.045,13
8,ws,groq-healthy,245,673.462,5.045,13
8,ws,groq-healthy,246,673.781,5.045,15
8,ws,groq-healthy,247,674.226,5.045,13
8,ws,groq-healthy,248,674.681,5.045,14
8,ws,groq-healthy,249,678.831,5.045,19
8,ws,groq-healthy,250,682.606,5.045,16
8,ws,groq-healthy,251,683.008,5.045,18
8,ws,groq-healthy,252,683.352,5.045,19
8,ws,groq-healthy,253,683.742,5.045,20
8,ws,groq-healthy,254,688.509,5.045,19
8,ws,groq-healthy,255,688.686,5.045,18
8,ws,groq-healthy,256,689.825,5.045,18
8,ws,groq-healthy,257,690.018,5.045,13
8,ws,groq-healthy,258,690.305,5.045,16
8,ws,groq-healthy,259,694.677,5.045,16
8,ws,groq-healthy,260,694.941,5.045,15
8,ws,groq-healthy,261,695.941,5.045,13
8,ws,groq-healthy,262,696.212,5.045,19
8,ws,groq-healthy,263,696.655,5.045,17
8,ws,groq-healthy,264,696.958,5.045,21
8,ws,groq-healthy,265,697.385,5.045,17
8,ws,groq-healthy,266,697.792,5.045,18
8,ws,groq-healthy,267,705.862,5.045,18
8,ws,groq-healthy,268,709.875,5.045,20
8,ws,groq-healthy,269,710.132,5.045,18
8,ws,groq-healthy,270,710.745,5.045,16
8,ws,groq-healthy,271,710.972,5.045,19
8,ws,groq-healthy,272,715.435,5.045,18
8,ws,groq-healthy,273,715.682,5.045,17
8,ws,groq-healthy,274,716.337,5.045,15
8,ws,groq-healthy,275,720.888,5.045,19
8,ws,groq-healthy,276,721.156,5.045,13
8,ws,groq-healthy,277,721.597,5.045,18
8,ws,groq-healthy,278,725.380,5.045,17
8,ws,groq-healthy,279,730.064,5.045,19
8,ws,groq-healthy,280,730.325,5.045,19
8,ws,groq-healthy,281,734.266,5.045,17
8,ws,groq-healthy,282,734.513,5.045,13
8,ws,groq-healthy,283,734.991,5.045,16
8,ws,groq-healthy,284,738.996,5.045,18
8,ws,groq-healthy,285,742.897,5.045,17
8,ws,groq-healthy,286,743.336,5.045,16
8,ws,groq-healthy,287,748.022,5.045,15
8,ws,groq-healthy,288,748.285,5.045,13
8,ws,groq-healthy,289,748.702,5.045,19
8,ws,groq-healthy,290,749.087,5.045,18
8,ws,groq-healthy,291,753.260,5.045,21
8,ws,groq-healthy,292,758.188,5.045,19
8,ws,groq-healthy,293,761.627,5.045,17
8,ws,groq-healthy,294,761.889,5.045,17
8,ws,groq-healthy,295,763.025,5.045,21
8,ws,groq-healthy,296,763.297,5.045,13
8,ws,groq-healthy,297,766.618,5.045,16
8,ws,groq-healthy,298,770.634,5.045,18
8,ws,groq-healthy,299,770.882,5.045,17
8,ws,groq-healthy,300,771.291,5.045,13
8,ws,groq-healthy,301,771.616,5.045,17
8,ws,groq-healthy,302,776.433,5.045,16
8,ws,groq-healthy,303,776.719,5.045,14
8,ws,groq-healthy,304,777.140,5.045,15
8,ws,groq-healthy,305,781.091,5.045,13
8,ws,groq-healthy,306,781.372,5.045,13
8,ws,groq-healthy,307,781.782,5.045,15
8,ws,groq-healthy,308,782.119,5.045,13
8,ws,groq-healthy,309,782.831,5.045,15
8,ws,groq-healthy,310,786.859,5.045,13
8,ws,groq-healthy,311,787.114,5.045,17
8,ws,groq-healthy,312,787.653,5.045,19
8,ws,groq-healthy,313,787.936,5.045,14
8,ws,groq-healthy,314,788.318,5.045,15
8,ws,groq-healthy,315,788.567,5.045,13
8,ws,groq-healthy,316,788.849,5.045,13
8,ws,groq-healthy,317,789.021,5.045,15
8,ws,groq-healthy,318,793.534,5.045,13
8,ws,groq-healthy,319,793.869,5.045,15
8,ws,groq-healthy,320,794.439,5.045,13
8,ws,groq-healthy,321,794.909,5.045,17
8,ws,groq-healthy,322,802.877,5.045,17
8,ws,groq-healthy,323,803.519,5.045,14
8,ws,groq-healthy,324,803.812,5.045,15
8,ws,groq-healthy,325,804.186,5.045,13
8,ws,groq-healthy,326,804.561,5.045,13
8,ws,groq-healthy,327,804.826,5.045,15
8,ws,groq-healthy,328,805.212,5.045,13
8,ws,groq-healthy,329,805.503,5.045,15
8,ws,groq-healthy,330,805.879,5.045,13
8,ws,groq-healthy,331,806.195,5.045,17
8,ws,groq-healthy,332,806.566,5.045,14
8,ws,groq-healthy,333,810.278,5.045,16
8,ws,groq-healthy,334,810.482,5.045,16
8,ws,groq-healthy,335,810.819,5.045,14
8,ws,groq-healthy,336,811.071,5.045,15
8,ws,groq-healthy,337,811.898,5.045,13
8,ws,groq-healthy,338,816.000,5.045,13
8,ws,groq-healthy,339,816.274,5.045,15
8,ws,groq-healthy,340,820.243,5.045,13
8,ws,groq-healthy,341,820.602,5.045,14
8,ws,groq-healthy,342,825.277,5.045,17
8,ws,groq-healthy,343,828.930,5.045,14
8,ws,groq-healthy,344,832.705,5.045,16
8,ws,groq-healthy,345,832.994,5.045,14
8,ws,groq-healthy,346,833.371,5.045,15
8,ws,groq-healthy,347,837.348,5.045,13
8,ws,groq-healthy,348,841.245,5.045,13
8,ws,groq-healthy,349,841.496,5.045,15
8,ws,groq-healthy,350,846.085,5.045,13
8,ws,groq-healthy,351,846.331,5.045,14
8,ws,groq-healthy,352,846.968,5.045,17
8,ws,groq-healthy,353,847.328,5.045,18
8,ws,groq-healthy,354,851.371,5.045,16
8,ws,groq-healthy,355,855.255,5.045,14
8,ws,groq-healthy,356,859.213,5.045,15
8,ws,groq-healthy,357,862.890,5.045,13
8,ws,groq-healthy,358,863.355,5.045,13
8,ws,groq-healthy,359,863.969,5.045,15
8,ws,groq-healthy,360,868.104,5.045,13
8,ws,groq-healthy,361,871.649,5.045,14
8,ws,groq-healthy,362,871.917,5.045,17
8,ws,groq-healthy,363,872.230,5.045,17
8,ws,groq-healthy,364,872.587,5.045,17
8,ws,groq-healthy,365,873.148,5.045,14
8,ws,groq-healthy,366,873.391,5.045,15
8,ws,groq-healthy,367,874.253,5.045,13
8,ws,groq-healthy,368,879.080,5.045,13
8,ws,groq-healthy,369,879.381,5.045,15
8,ws,groq-healthy,370,879.783,5.045,13
8,ws,groq-healthy,371,880.017,5.045,15
8,ws,groq-healthy,372,884.337,5.045,13
8,ws,groq-healthy,373,884.598,5.045,17
8,ws,groq-healthy,374,885.066,5.045,21
8,ws,groq-healthy,375,885.367,5.045,14
8,ws,groq-healthy,376,886.036,5.045,15
8,ws,groq-healthy,377,886.225,5.045,13
8,ws,groq-healthy,378,886.599,5.045,13
8,ws,groq-healthy,379,887.064,5.045,15
8,ws,groq-healthy,380,891.316,5.045,13
8,ws,groq-healthy,381,891.601,5.045,17
8,ws,groq-healthy,382,892.013,5.045,13
8,ws,groq-healthy,383,895.859,5.045,15
8,ws,groq-healthy,384,896.135,5.045,18
8,ws,groq-healthy,385,896.555,5.045,13
8,ws,groq-healthy,386,896.830,5.045,17
8,ws,groq-healthy,387,897.477,5.045,21
8,ws,groq-healthy,388,897.685,5.045,16
8,ws,groq-healthy,389,897.914,5.045,16
8,ws,groq-healthy,390,901.925,5.045,15
8,ws,groq-healthy,391,902.163,5.045,13
8,ws,groq-healthy,392,902.817,5.045,19
8,ws,groq-healthy,393,903.094,5.045,18
8,ws,groq-healthy,394,907.294,5.045,19
8,ws,groq-healthy,395,907.698,5.045,19
8,ws,groq-healthy,396,908.093,5.045,18
8,ws,groq-healthy,397,908.476,5.045,18
8,ws,groq-healthy,398,908.856,5.045,19
8,ws,groq-healthy,399,909.179,5.045,16
8,ws,groq-healthy,400,909.729,5.045,13
8,ws,groq-healthy,401,909.981,5.045,19
8,ws,groq-healthy,402,914.125,5.045,19
8,ws,groq-healthy,403,914.324,5.045,19
8,ws,groq-healthy,404,914.751,5.045,16
8,ws,groq-healthy,405,915.078,5.045,16
8,ws,groq-healthy,406,915.729,5.045,15
8,ws,groq-healthy,407,916.311,5.045,13
8,ws,groq-healthy,408,917.552,5.045,19
8,ws,groq-healthy,409,917.770,5.045,19
8,ws,groq-healthy,410,925.810,5.045,18
8,ws,groq-healthy,411,926.067,5.045,19
8,ws,groq-healthy,412,929.900,5.045,16
8,ws,groq-healthy,413,934.057,5.045,19
8,ws,groq-healthy,414,934.308,5.045,18
8,ws,groq-healthy,415,934.697,5.045,19
8,ws,groq-healthy,416,934.994,5.045,17
8,ws,groq-healthy,417,935.387,5.045,19
8,ws,groq-healthy,418,935.713,5.045,16
8,ws,groq-healthy,419,935.981,5.045,13
9,ws,groq-healthy,0,282.215,5.048,14
9,ws,groq-healthy,1,285.653,5.048,15
9,ws,groq-healthy,2,285.939,5.048,18
9,ws,groq-healthy,3,286.445,5.048,16
9,ws,groq-healthy,4,290.648,5.048,17
9,ws,groq-healthy,5,294.560,5.048,18
9,ws,groq-healthy,6,299.312,5.048,18
9,ws,groq-healthy,7,299.615,5.048,21
9,ws,groq-healthy,8,300.012,5.048,15
9,ws,groq-healthy,9,300.388,5.048,15
9,ws,groq-healthy,10,300.830,5.048,13
9,ws,groq-healthy,11,301.024,5.048,18
9,ws,groq-healthy,12,306.207,5.048,16
9,ws,groq-healthy,13,306.482,5.048,17
9,ws,groq-healthy,14,315.076,5.048,19
9,ws,groq-healthy,15,319.781,5.048,18
9,ws,groq-healthy,16,320.013,5.048,18
9,ws,groq-healthy,17,324.611,5.048,19
9,ws,groq-healthy,18,329.508,5.048,16
9,ws,groq-healthy,19,329.806,5.048,18
9,ws,groq-healthy,20,330.088,5.048,19
9,ws,groq-healthy,21,330.452,5.048,17
9,ws,groq-healthy,22,330.796,5.048,13
9,ws,groq-healthy,23,334.799,5.048,19
9,ws,groq-healthy,24,339.323,5.048,17
9,ws,groq-healthy,25,339.611,5.048,20
9,ws,groq-healthy,26,343.127,5.048,17
9,ws,groq-healthy,27,346.710,5.048,17
9,ws,groq-healthy,28,351.020,5.048,17
9,ws,groq-healthy,29,351.366,5.048,17
9,ws,groq-healthy,30,355.604,5.048,14
9,ws,groq-healthy,31,359.532,5.048,15
9,ws,groq-healthy,32,359.818,5.048,18
9,ws,groq-healthy,33,360.315,5.048,21
9,ws,groq-healthy,34,360.554,5.048,15
9,ws,groq-healthy,35,362.216,5.048,15
9,ws,groq-healthy,36,362.457,5.048,19
9,ws,groq-healthy,37,362.714,5.048,17
9,ws,groq-healthy,38,363.010,5.048,18
9,ws,groq-healthy,39,366.187,5.048,18
9,ws,groq-healthy,40,366.428,5.048,17
9,ws,groq-healthy,41,367.020,5.048,17
9,ws,groq-healthy,42,367.293,5.048,13
9,ws,groq-healthy,43,367.737,5.048,15
9,ws,groq-healthy,44,371.587,5.048,13
9,ws,groq-healthy,45,371.790,5.048,17
9,ws,groq-healthy,46,376.347,5.048,14
9,ws,groq-healthy,47,380.363,5.048,16
9,ws,groq-healthy,48,387.515,5.048,19
9,ws,groq-healthy,49,387.883,5.048,17
9,ws,groq-healthy,50,388.130,5.048,19
9,ws,groq-healthy,51,393.144,5.048,15
9,ws,groq-healthy,52,393.385,5.048,17
9,ws,groq-healthy,53,398.271,5.048,18
9,ws,groq-healthy,54,398.530,5.048,13
9,ws,groq-healthy,55,398.887,5.048,13
9,ws,groq-healthy,56,402.555,5.048,19
9,ws,groq-healthy,57,402.801,5.048,13
9,ws,groq-healthy,58,403.258,5.048,13
9,ws,groq-healthy,59,407.347,5.048,17
9,ws,groq-healthy,60,407.627,5.048,13
9,ws,groq-healthy,61,408.184,5.048,15
9,ws,groq-healthy,62,408.479,5.048,13
9,ws,groq-healthy,63,408.877,5.048,14
9,ws,groq-healthy,64,412.609,5.048,15
9,ws,groq-healthy,65,416.966,5.048,13
9,ws,groq-healthy,66,417.258,5.048,19
9,ws,groq-healthy,67,417.620,5.048,15
9,ws,groq-healthy,68,421.821,5.048,14
9,ws,groq-healthy,69,426.904,5.048,16
9,ws,groq-healthy,70,427.775,5.048,18
9,ws,groq-healthy,71,428.079,5.048,17
9,ws,groq-healthy,72,428.345,5.048,17
9,ws,groq-healthy,73,428.749,5.048,20
9,ws,groq-healthy,74,431.625,5.048,17
9,ws,groq-healthy,75,431.858,5.048,18
9,ws,groq-healthy,76,436.361,5.048,19
9,ws,groq-healthy,77,436.608,5.048,18
9,ws,groq-healthy,78,437.126,5.048,18
9,ws,groq-healthy,79,441.883,5.048,18
9,ws,groq-healthy,80,442.133,5.048,17
9,ws,groq-healthy,81,446.137,5.048,19
9,ws,groq-healthy,82,446.407,5.048,18
9,ws,groq-healthy,83,446.814,5.048,18
9,ws,groq-healthy,84,447.117,5.048,18
9,ws,groq-healthy,85,447.681,5.048,18
9,ws,groq-healthy,86,451.500,5.048,19
9,ws,groq-healthy,87,451.778,5.048,15
9,ws,groq-healthy,88,456.374,5.048,17
9,ws,groq-healthy,89,460.106,5.048,15
9,ws,groq-healthy,90,460.341,5.048,13
9,ws,groq-healthy,91,460.901,5.048,13
9,ws,groq-healthy,92,461.156,5.048,18
9,ws,groq-healthy,93,465.506,5.048,16
9,ws,groq-healthy,94,465.760,5.048,18
9,ws,groq-healthy,95,466.160,5.048,20
9,ws,groq-healthy,96,470.281,5.048,20
9,ws,groq-healthy,97,470.554,5.048,18
9,ws,groq-healthy,98,475.015,5.048,18
9,ws,groq-healthy,99,478.726,5.048,18
9,ws,groq-healthy,100,478.974,5.048,19
9,ws,groq-healthy,101,484.003,5.048,16
9,ws,groq-healthy,102,484.237,5.048,16
9,ws,groq-healthy,103,488.156,5.048,17
9,ws,groq-healthy,104,492.178,5.048,18
9,ws,groq-healthy,105,492.487,5.048,18
9,ws,groq-healthy,106,496.725,5.048,18
9,ws,groq-healthy,107,496.994,5.048,18
9,ws,groq-healthy,108,501.625,5.048,19
9,ws,groq-healthy,109,501.898,5.048,18
9,ws,groq-healthy,110,502.265,5.048,18
9,ws,groq-healthy,111,502.552,5.048,20
9,ws,groq-healthy,112,502.982,5.048,17
9,ws,groq-healthy,113,503.265,5.048,16
9,ws,groq-healthy,114,507.519,5.048,14
9,ws,groq-healthy,115,507.776,5.048,16
9,ws,groq-healthy,116,508.705,5.048,17
9,ws,groq-healthy,117,512.827,5.048,18
9,ws,groq-healthy,118,513.105,5.048,18
9,ws,groq-healthy,119,517.320,5.048,19
9,ws,groq-healthy,120,517.573,5.048,17
9,ws,groq-healthy,121,518.006,5.048,19
9,ws,groq-healthy,122,518.319,5.048,16
9,ws,groq-healthy,123,518.738,5.048,13
10,ws,groq-healthy,0,277.092,4.846,14
10,ws,groq-healthy,1,277.245,4.846,14
10,ws,groq-healthy,2,277.456,4.846,19
10,ws,groq-healthy,3,277.613,4.846,21
10,ws,groq-healthy,4,281.919,4.846,19
10,ws,groq-healthy,5,282.128,4.846,18
10,ws,groq-healthy,6,282.248,4.846,17
10,ws,groq-healthy,7,282.419,4.846,17
10,ws,groq-healthy,8,283.422,4.846,13
10,ws,groq-healthy,9,283.527,4.846,15
10,ws,groq-healthy,10,288.218,4.846,13
10,ws,groq-healthy,11,288.317,4.846,13
10,ws,groq-healthy,12,288.752,4.846,17
10,ws,groq-healthy,13,293.243,4.846,19
10,ws,groq-healthy,14,293.364,4.846,16
10,ws,groq-healthy,15,293.477,4.846,18
10,ws,groq-healthy,16,293.606,4.846,18
10,ws,groq-healthy,17,298.411,4.846,20
10,ws,groq-healthy,18,298.531,4.846,16
10,ws,groq-healthy,19,298.655,4.846,15
10,ws,groq-healthy,20,298.771,4.846,13
10,ws,groq-healthy,21,300.074,4.846,19
10,ws,groq-healthy,22,300.187,4.846,17
10,ws,groq-healthy,23,305.256,4.846,20
10,ws,groq-healthy,24,305.392,4.846,19
10,ws,groq-healthy,25,309.887,4.846,18
10,ws,groq-healthy,26,309.975,4.846,18
10,ws,groq-healthy,27,310.087,4.846,19
10,ws,groq-healthy,28,314.243,4.846,16
10,ws,groq-healthy,29,314.354,4.846,13
10,ws,groq-healthy,30,315.117,4.846,16
10,ws,groq-healthy,31,319.950,4.846,19
10,ws,groq-healthy,32,323.737,4.846,17
10,ws,groq-healthy,33,324.203,4.846,18
10,ws,groq-healthy,34,327.899,4.846,18
10,ws,groq-healthy,35,331.964,4.846,19
10,ws,groq-healthy,36,332.058,4.846,18
10,ws,groq-healthy,37,336.687,4.846,17
10,ws,groq-healthy,38,340.762,4.846,20
10,ws,groq-healthy,39,344.400,4.846,17
10,ws,groq-healthy,40,344.523,4.846,19
10,ws,groq-healthy,41,349.064,4.846,17
10,ws,groq-healthy,42,353.333,4.846,19
10,ws,groq-healthy,43,353.467,4.846,14
10,ws,groq-healthy,44,353.977,4.846,15
10,ws,groq-healthy,45,354.147,4.846,20
10,ws,groq-healthy,46,354.735,4.846,18
10,ws,groq-healthy,47,355.231,4.846,21
10,ws,groq-healthy,48,355.624,4.846,14
10,ws,groq-healthy,49,359.668,4.846,16
10,ws,groq-healthy,50,359.783,4.846,20
10,ws,groq-healthy,51,364.619,4.846,16
10,ws,groq-healthy,52,368.572,4.846,21
10,ws,groq-healthy,53,368.690,4.846,17
10,ws,groq-healthy,54,425.149,4.846,15
10,ws,groq-healthy,55,425.326,4.846,17
10,ws,groq-healthy,56,425.557,4.846,16
10,ws,groq-healthy,57,429.839,4.846,17
10,ws,groq-healthy,58,430.000,4.846,14
10,ws,groq-healthy,59,430.188,4.846,14
10,ws,groq-healthy,60,430.353,4.846,18
10,ws,groq-healthy,61,434.376,4.846,21
10,ws,groq-healthy,62,434.472,4.846,15
10,ws,groq-healthy,63,434.633,4.846,16
10,ws,groq-healthy,64,434.797,4.846,13
10,ws,groq-healthy,65,437.618,4.846,17
10,ws,groq-healthy,66,437.743,4.846,19
10,ws,groq-healthy,67,437.874,4.846,21
10,ws,groq-healthy,68,438.018,4.846,16
10,ws,groq-healthy,69,438.215,4.846,16
10,ws,groq-healthy,70,438.348,4.846,16
10,ws,groq-healthy,71,438.499,4.846,14
10,ws,groq-healthy,72,438.624,4.846,16
10,ws,groq-healthy,73,442.338,4.846,17
10,ws,groq-healthy,74,442.478,4.846,16
10,ws,groq-healthy,75,442.605,4.846,19
10,ws,groq-healthy,76,442.725,4.846,18
10,ws,groq-healthy,77,446.427,4.846,18
10,ws,groq-healthy,78,446.562,4.846,13
10,ws,groq-healthy,79,446.705,4.846,18
10,ws,groq-healthy,80,446.845,4.846,17
10,ws,groq-healthy,81,456.409,4.846,21
10,ws,groq-healthy,82,460.651,4.846,17
10,ws,groq-healthy,83,465.071,4.846,18
10,ws,groq-healthy,84,469.426,4.846,13
10,ws,groq-healthy,85,469.629,4.846,17
10,ws,groq-healthy,86,474.531,4.846,19
10,ws,groq-healthy,87,474.795,4.846,16
10,ws,groq-healthy,88,479.317,4.846,17
10,ws,groq-healthy,89,483.610,4.846,19
10,ws,groq-healthy,90,483.907,4.846,18
10,ws,groq-healthy,91,488.716,4.846,19
10,ws,groq-healthy,92,523.420,4.846,13
10,ws,groq-healthy,93,523.703,4.846,16
10,ws,groq-healthy,94,524.031,4.846,17
10,ws,groq-healthy,95,524.267,4.846,18
10,ws,groq-healthy,96,524.510,4.846,15
10,ws,groq-healthy,97,524.843,4.846,18
10,ws,groq-healthy,98,525.081,4.846,19
10,ws,groq-healthy,99,525.313,4.846,18
10,ws,groq-healthy,100,525.488,4.846,18
10,ws,groq-healthy,101,525.678,4.846,16
10,ws,groq-healthy,102,525.864,4.846,19
10,ws,groq-healthy,103,526.021,4.846,14
10,ws,groq-healthy,104,530.975,4.846,17
10,ws,groq-healthy,105,531.283,4.846,17
10,ws,groq-healthy,106,531.551,4.846,16
10,ws,groq-healthy,107,534.963,4.846,18
10,ws,groq-healthy,108,545.298,4.846,21
10,ws,groq-healthy,109,549.409,4.846,16
10,ws,groq-healthy,110,553.766,4.846,16
10,ws,groq-healthy,111,558.257,4.846,16
10,ws,groq-healthy,112,561.789,4.846,18
10,ws,groq-healthy,113,565.706,4.846,14
10,ws,groq-healthy,114,569.873,4.846,16
10,ws,groq-healthy,115,573.729,4.846,13
10,ws,groq-healthy,116,573.992,4.846,18
10,ws,groq-healthy,117,579.183,4.846,16
10,ws,groq-healthy,118,582.899,4.846,18
10,ws,groq-healthy,119,583.169,4.846,14
10,ws,groq-healthy,120,583.406,4.846,16
10,ws,groq-healthy,121,583.675,4.846,17
10,ws,groq-healthy,122,588.620,4.846,21
10,ws,groq-healthy,123,598.352,4.846,16
10,ws,groq-healthy,124,609.542,4.846,16
10,ws,groq-healthy,125,609.867,4.846,19
10,ws,groq-healthy,126,610.119,4.846,18
10,ws,groq-healthy,127,610.444,4.846,14
10,ws,groq-healthy,128,610.682,4.846,16
10,ws,groq-healthy,129,616.411,4.846,17
10,ws,groq-healthy,130,616.677,4.846,16
10,ws,groq-healthy,131,616.987,4.846,13
10,ws,groq-healthy,132,617.244,4.846,15
10,ws,groq-healthy,133,617.524,4.846,13
10,ws,groq-healthy,134,617.804,4.846,13
10,ws,groq-healthy,135,618.093,4.846,19
10,ws,groq-healthy,136,618.253,4.846,18
10,ws,groq-healthy,137,618.492,4.846,14
10,ws,groq-healthy,138,618.677,4.846,16
10,ws,groq-healthy,139,618.930,4.846,17
10,ws,groq-healthy,140,625.468,4.846,18
10,ws,groq-healthy,141,625.742,4.846,19
10,ws,groq-healthy,142,626.003,4.846,18
10,ws,groq-healthy,143,626.275,4.846,19
10,ws,groq-healthy,144,629.127,4.846,16
10,ws,groq-healthy,145,631.666,4.846,16
10,ws,groq-healthy,146,632.021,4.846,18
10,ws,groq-healthy,147,636.406,4.846,14
10,ws,groq-healthy,148,641.067,4.846,17
10,ws,groq-healthy,149,641.370,4.846,15
10,ws,groq-healthy,150,650.297,4.846,19
10,ws,groq-healthy,151,650.592,4.846,20
10,ws,groq-healthy,152,654.960,4.846,15
10,ws,groq-healthy,153,659.359,4.846,16
10,ws,groq-healthy,154,663.076,4.846,19
10,ws,groq-healthy,155,667.393,4.846,16
10,ws,groq-healthy,156,671.698,4.846,16
10,ws,groq-healthy,157,671.856,4.846,18
10,ws,groq-healthy,158,672.132,4.846,14
10,ws,groq-healthy,159,672.435,4.846,16
10,ws,groq-healthy,160,672.727,4.846,20
10,ws,groq-healthy,161,677.265,4.846,17
10,ws,groq-healthy,162,681.442,4.846,19
10,ws,groq-healthy,163,685.435,4.846,18
10,ws,groq-healthy,164,689.538,4.846,17
10,ws,groq-healthy,165,689.734,4.846,13
10,ws,groq-healthy,166,689.971,4.846,14
10,ws,groq-healthy,167,690.195,4.846,13
10,ws,groq-healthy,168,695.060,4.846,16
10,ws,groq-healthy,169,699.439,4.846,17
10,ws,groq-healthy,170,699.963,4.846,13
10,ws,groq-healthy,171,704.699,4.846,16
10,ws,groq-healthy,172,708.492,4.846,19
10,ws,groq-healthy,173,708.734,4.846,18
10,ws,groq-healthy,174,709.080,4.846,14
10,ws,groq-healthy,175,709.444,4.846,15
10,ws,groq-healthy,176,714.206,4.846,21
10,ws,groq-healthy,177,718.313,4.846,18
10,ws,groq-healthy,178,722.915,4.846,17
10,ws,groq-healthy,179,723.152,4.846,16
10,ws,groq-healthy,180,727.822,4.846,16
10,ws,groq-healthy,181,731.349,4.846,17
10,ws,groq-healthy,182,735.577,4.846,19
10,ws,groq-healthy,183,735.861,4.846,21
10,ws,groq-healthy,184,736.197,4.846,19
10,ws,groq-healthy,185,736.552,4.846,18
10,ws,groq-healthy,186,736.890,4.846,17
10,ws,groq-healthy,187,740.907,4.846,14
10,ws,groq-healthy,188,741.359,4.846,14
10,ws,groq-healthy,189,741.661,4.846,19
10,ws,groq-healthy,190,742.101,4.846,17
10,ws,groq-healthy,191,745.850,4.846,18
10,ws,groq-healthy,192,752.425,4.846,18
10,ws,groq-healthy,193,752.722,4.846,18
10,ws,groq-healthy,194,756.716,4.846,13
10,ws,groq-healthy,195,756.982,4.846,15
10,ws,groq-healthy,196,763.817,4.846,17
10,ws,groq-healthy,197,764.122,4.846,16
10,ws,groq-healthy,198,767.384,4.846,19
10,ws,groq-healthy,199,767.644,4.846,17
10,ws,groq-healthy,200,767.911,4.846,20
10,ws,groq-healthy,201,770.957,4.846,17
10,ws,groq-healthy,202,771.368,4.846,19
10,ws,groq-healthy,203,776.572,4.846,17
10,ws,groq-healthy,204,776.849,4.846,13
10,ws,groq-healthy,205,780.520,4.846,17
10,ws,groq-healthy,206,780.834,4.846,17
10,ws,groq-healthy,207,781.234,4.846,19
10,ws,groq-healthy,208,785.000,4.846,16
10,ws,groq-healthy,209,785.348,4.846,13
11,ws,groq-healthy,0,280.975,5.326,15
11,ws,groq-healthy,1,281.511,5.326,16
11,ws,groq-healthy,2,281.894,5.326,20
11,ws,groq-healthy,3,282.249,5.326,14
11,ws,groq-healthy,4,282.567,5.326,17
11,ws,groq-healthy,5,283.190,5.326,15
11,ws,groq-healthy,6,283.446,5.326,17
11,ws,groq-healthy,7,284.581,5.326,17
11,ws,groq-healthy,8,284.877,5.326,13
11,ws,groq-healthy,9,288.810,5.326,15
11,ws,groq-healthy,10,289.181,5.326,21
11,ws,groq-healthy,11,293.169,5.326,18
11,ws,groq-healthy,12,293.454,5.326,19
11,ws,groq-healthy,13,293.828,5.326,18
11,ws,groq-healthy,14,294.142,5.326,15
11,ws,groq-healthy,15,298.630,5.326,14
11,ws,groq-healthy,16,298.920,5.326,16
11,ws,groq-healthy,17,299.313,5.326,16
11,ws,groq-healthy,18,299.650,5.326,13
11,ws,groq-healthy,19,304.274,5.326,18
11,ws,groq-healthy,20,308.302,5.326,16
11,ws,groq-healthy,21,308.558,5.326,18
11,ws,groq-healthy,22,309.010,5.326,18
11,ws,groq-healthy,23,309.265,5.326,20
11,ws,groq-healthy,24,310.001,5.326,20
11,ws,groq-healthy,25,310.261,5.326,20
11,ws,groq-healthy,26,310.712,5.326,17
11,ws,groq-healthy,27,310.962,5.326,20
11,ws,groq-healthy,28,315.499,5.326,19
11,ws,groq-healthy,29,315.762,5.326,18
11,ws,groq-healthy,30,320.173,5.326,19
11,ws,groq-healthy,31,320.435,5.326,17
11,ws,groq-healthy,32,320.820,5.326,19
11,ws,groq-healthy,33,321.204,5.326,16
11,ws,groq-healthy,34,321.631,5.326,19
11,ws,groq-healthy,35,325.568,5.326,17
11,ws,groq-healthy,36,329.520,5.326,18
11,ws,groq-healthy,37,333.554,5.326,19
11,ws,groq-healthy,38,337.415,5.326,13
11,ws,groq-healthy,39,341.450,5.326,19
11,ws,groq-healthy,40,345.495,5.326,18
11,ws,groq-healthy,41,349.471,5.326,17
11,ws,groq-healthy,42,349.736,5.326,20
11,ws,groq-healthy,43,354.000,5.326,19
11,ws,groq-healthy,44,354.373,5.326,18
11,ws,groq-healthy,45,358.998,5.326,19
11,ws,groq-healthy,46,362.666,5.326,16
11,ws,groq-healthy,47,362.932,5.326,16
11,ws,groq-healthy,48,367.571,5.326,16
11,ws,groq-healthy,49,371.547,5.326,20
11,ws,groq-healthy,50,375.409,5.326,18
11,ws,groq-healthy,51,375.693,5.326,19
11,ws,groq-healthy,52,379.882,5.326,14
11,ws,groq-healthy,53,380.138,5.326,15
11,ws,groq-healthy,54,380.715,5.326,20
11,ws,groq-healthy,55,381.017,5.326,18
11,ws,groq-healthy,56,381.358,5.326,18
11,ws,groq-healthy,57,381.605,5.326,16
11,ws,groq-healthy,58,386.294,5.326,14
11,ws,groq-healthy,59,390.553,5.326,15
11,ws,groq-healthy,60,390.829,5.326,13
11,ws,groq-healthy,61,394.981,5.326,15
11,ws,groq-healthy,62,398.811,5.326,14
11,ws,groq-healthy,63,399.148,5.326,16
11,ws,groq-healthy,64,399.804,5.326,16
11,ws,groq-healthy,65,400.052,5.326,16
11,ws,groq-healthy,66,404.644,5.326,17
11,ws,groq-healthy,67,408.511,5.326,18
11,ws,groq-healthy,68,408.766,5.326,19
11,ws,groq-healthy,69,409.180,5.326,18
11,ws,groq-healthy,70,413.341,5.326,18
11,ws,groq-healthy,71,417.549,5.326,18
11,ws,groq-healthy,72,417.857,5.326,18
11,ws,groq-healthy,73,422.315,5.326,19
11,ws,groq-healthy,74,422.690,5.326,19
11,ws,groq-healthy,75,423.035,5.326,16
11,ws,groq-healthy,76,423.404,5.326,18
11,ws,groq-healthy,77,423.929,5.326,20
11,ws,groq-healthy,78,427.929,5.326,19
11,ws,groq-healthy,79,431.840,5.326,17
11,ws,groq-healthy,80,432.182,5.326,13
12,ws,groq-healthy,0,273.524,4.589,13
12,ws,groq-healthy,1,274.843,4.589,14
12,ws,groq-healthy,2,274.963,4.589,16
12,ws,groq-healthy,3,275.498,4.589,14
12,ws,groq-healthy,4,275.614,4.589,16
12,ws,groq-healthy,5,276.514,4.589,19
12,ws,groq-healthy,6,280.219,4.589,19
12,ws,groq-healthy,7,280.333,4.589,16
12,ws,groq-healthy,8,281.435,4.589,17
12,ws,groq-healthy,9,281.530,4.589,20
12,ws,groq-healthy,10,281.883,4.589,18
12,ws,groq-healthy,11,281.989,4.589,18
12,ws,groq-healthy,12,282.857,4.589,17
12,ws,groq-healthy,13,283.399,4.589,20
12,ws,groq-healthy,14,290.905,4.589,17
12,ws,groq-healthy,15,290.997,4.589,17
12,ws,groq-healthy,16,295.948,4.589,18
12,ws,groq-healthy,17,299.851,4.589,19
12,ws,groq-healthy,18,303.790,4.589,19
12,ws,groq-healthy,19,303.979,4.589,19
12,ws,groq-healthy,20,308.089,4.589,17
12,ws,groq-healthy,21,312.231,4.589,17
12,ws,groq-healthy,22,316.009,4.589,13
12,ws,groq-healthy,23,319.708,4.589,19
12,ws,groq-healthy,24,323.735,4.589,17
12,ws,groq-healthy,25,327.949,4.589,16
12,ws,groq-healthy,26,328.052,4.589,18
12,ws,groq-healthy,27,332.183,4.589,17
12,ws,groq-healthy,28,336.232,4.589,18
12,ws,groq-healthy,29,340.017,4.589,19
12,ws,groq-healthy,30,343.868,4.589,21
12,ws,groq-healthy,31,347.199,4.589,16
12,ws,groq-healthy,32,351.266,4.589,17
12,ws,groq-healthy,33,356.126,4.589,18
12,ws,groq-healthy,34,359.058,4.589,16
12,ws,groq-healthy,35,362.669,4.589,16
12,ws,groq-healthy,36,366.785,4.589,16
12,ws,groq-healthy,37,366.900,4.589,17
12,ws,groq-healthy,38,367.456,4.589,18
12,ws,groq-healthy,39,367.567,4.589,16
12,ws,groq-healthy,40,372.706,4.589,16
12,ws,groq-healthy,41,372.825,4.589,18
12,ws,groq-healthy,42,377.578,4.589,19
12,ws,groq-healthy,43,381.713,4.589,19
12,ws,groq-healthy,44,381.830,4.589,13
12,ws,groq-healthy,45,382.981,4.589,17
12,ws,groq-healthy,46,386.300,4.589,18
12,ws,groq-healthy,47,389.794,4.589,17
12,ws,groq-healthy,48,394.086,4.589,17
12,ws,groq-healthy,49,394.216,4.589,16
12,ws,groq-healthy,50,394.386,4.589,20
12,ws,groq-healthy,51,398.339,4.589,19
12,ws,groq-healthy,52,402.111,4.589,20
12,ws,groq-healthy,53,402.244,4.589,19
12,ws,groq-healthy,54,407.061,4.589,20
12,ws,groq-healthy,55,407.200,4.589,18
12,ws,groq-healthy,56,407.548,4.589,18
12,ws,groq-healthy,57,407.690,4.589,17
12,ws,groq-healthy,58,408.176,4.589,17
12,ws,groq-healthy,59,408.305,4.589,14
12,ws,groq-healthy,60,413.064,4.589,16
12,ws,groq-healthy,61,413.235,4.589,18
12,ws,groq-healthy,62,413.839,4.589,18
12,ws,groq-healthy,63,417.942,4.589,17
12,ws,groq-healthy,64,421.561,4.589,17
12,ws,groq-healthy,65,421.726,4.589,19
12,ws,groq-healthy,66,426.291,4.589,16
12,ws,groq-healthy,67,426.483,4.589,16
12,ws,groq-healthy,68,427.628,4.589,14
12,ws,groq-healthy,69,427.811,4.589,16
12,ws,groq-healthy,70,431.586,4.589,19
12,ws,groq-healthy,71,431.738,4.589,19
12,ws,groq-healthy,72,431.881,4.589,16
12,ws,groq-healthy,73,435.775,4.589,17
12,ws,groq-healthy,74,435.921,4.589,13
12,ws,groq-healthy,75,439.157,4.589,19
12,ws,groq-healthy,76,443.037,4.589,15
12,ws,groq-healthy,77,443.263,4.589,22
12,ws,groq-healthy,78,446.723,4.589,17
12,ws,groq-healthy,79,450.627,4.589,17
12,ws,groq-healthy,80,450.855,4.589,17
12,ws,groq-healthy,81,454.974,4.589,19
12,ws,groq-healthy,82,455.095,4.589,17
12,ws,groq-healthy,83,455.222,4.589,19
12,ws,groq-healthy,84,455.473,4.589,19
12,ws,groq-healthy,85,455.593,4.589,20
12,ws,groq-healthy,86,455.718,4.589,18
12,ws,groq-healthy,87,456.709,4.589,18
12,ws,groq-healthy,88,460.546,4.589,17
12,ws,groq-healthy,89,460.745,4.589,17
12,ws,groq-healthy,90,461.449,4.589,17
12,ws,groq-healthy,91,466.772,4.589,13
12,ws,groq-healthy,92,466.900,4.589,15
12,ws,groq-healthy,93,469.702,4.589,13
12,ws,groq-healthy,94,469.855,4.589,13
12,ws,groq-healthy,95,471.094,4.589,16
12,ws,groq-healthy,96,472.289,4.589,17
12,ws,groq-healthy,97,475.792,4.589,17
12,ws,groq-healthy,98,475.967,4.589,19
12,ws,groq-healthy,99,479.864,4.589,18
12,ws,groq-healthy,100,484.124,4.589,18
12,ws,groq-healthy,101,484.268,4.589,19
12,ws,groq-healthy,102,488.460,4.589,19
12,ws,groq-healthy,103,492.298,4.589,19
12,ws,groq-healthy,104,492.459,4.589,19
12,ws,groq-healthy,105,496.868,4.589,20
12,ws,groq-healthy,106,497.080,4.589,19
12,ws,groq-healthy,107,501.479,4.589,17
12,ws,groq-healthy,108,501.854,4.589,20
12,ws,groq-healthy,109,502.552,4.589,19
12,ws,groq-healthy,110,502.865,4.589,18
12,ws,groq-healthy,111,503.403,4.589,18
12,ws,groq-healthy,112,503.675,4.589,17
12,ws,groq-healthy,113,504.243,4.589,16
12,ws,groq-healthy,114,507.779,4.589,17
12,ws,groq-healthy,115,511.949,4.589,18
12,ws,groq-healthy,116,512.221,4.589,16
12,ws,groq-healthy,117,516.637,4.589,17
12,ws,groq-healthy,118,520.626,4.589,13
12,ws,groq-healthy,119,520.899,4.589,15
12,ws,groq-healthy,120,521.347,4.589,13
12,ws,groq-healthy,121,521.769,4.589,13
12,ws,groq-healthy,122,525.714,4.589,18
12,ws,groq-healthy,123,526.080,4.589,19
12,ws,groq-healthy,124,526.643,4.589,16
12,ws,groq-healthy,125,528.412,4.589,19
12,ws,groq-healthy,126,531.449,4.589,18
12,ws,groq-healthy,127,534.896,4.589,18
12,ws,groq-healthy,128,535.209,4.589,17
12,ws,groq-healthy,129,535.453,4.589,14
12,ws,groq-healthy,130,538.966,4.589,16
12,ws,groq-healthy,131,539.242,4.589,16
12,ws,groq-healthy,132,539.627,4.589,13
13,ws,groq-healthy,0,282.613,5.255,14
13,ws,groq-healthy,1,284.807,5.255,16
13,ws,groq-healthy,2,285.063,5.255,18
13,ws,groq-healthy,3,285.926,5.255,13
13,ws,groq-healthy,4,286.406,5.255,17
13,ws,groq-healthy,5,290.236,5.255,21
13,ws,groq-healthy,6,290.574,5.255,16
13,ws,groq-healthy,7,291.083,5.255,16
13,ws,groq-healthy,8,291.505,5.255,15
13,ws,groq-healthy,9,291.868,5.255,13
13,ws,groq-healthy,10,292.102,5.255,19
13,ws,groq-healthy,11,292.415,5.255,18
13,ws,groq-healthy,12,292.620,5.255,19
13,ws,groq-healthy,13,296.941,5.255,19
13,ws,groq-healthy,14,297.152,5.255,18
13,ws,groq-healthy,15,297.553,5.255,18
13,ws,groq-healthy,16,297.857,5.255,19
13,ws,groq-healthy,17,298.290,5.255,16
13,ws,groq-healthy,18,298.534,5.255,13
13,ws,groq-healthy,19,299.119,5.255,16
13,ws,groq-healthy,20,299.367,5.255,15
13,ws,groq-healthy,21,303.892,5.255,13
13,ws,groq-healthy,22,304.175,5.255,19
13,ws,groq-healthy,23,304.543,5.255,17
13,ws,groq-healthy,24,304.811,5.255,21
13,ws,groq-healthy,25,314.696,5.255,19
13,ws,groq-healthy,26,314.991,5.255,18
13,ws,groq-healthy,27,315.410,5.255,17
13,ws,groq-healthy,28,315.714,5.255,17
13,ws,groq-healthy,29,316.079,5.255,13
13,ws,groq-healthy,30,316.336,5.255,15
13,ws,groq-healthy,31,316.609,5.255,13
13,ws,groq-healthy,32,316.871,5.255,16
13,ws,groq-healthy,33,325.110,5.255,16
13,ws,groq-healthy,34,325.394,5.255,19
13,ws,groq-healthy,35,329.434,5.255,18
13,ws,groq-healthy,36,333.282,5.255,16
13,ws,groq-healthy,37,333.677,5.255,17
13,ws,groq-healthy,38,334.055,5.255,18
13,ws,groq-healthy,39,338.111,5.255,21
13,ws,groq-healthy,40,341.958,5.255,19
13,ws,groq-healthy,41,346.347,5.255,17
13,ws,groq-healthy,42,346.601,5.255,20
13,ws,groq-healthy,43,350.490,5.255,19
13,ws,groq-healthy,44,350.839,5.255,19
13,ws,groq-healthy,45,355.147,5.255,16
13,ws,groq-healthy,46,355.507,5.255,16
13,ws,groq-healthy,47,356.002,5.255,19
13,ws,groq-healthy,48,356.375,5.255,18
13,ws,groq-healthy,49,357.927,5.255,18
13,ws,groq-healthy,50,360.840,5.255,19
13,ws,groq-healthy,51,364.733,5.255,16
13,ws,groq-healthy,52,365.013,5.255,20
13,ws,groq-healthy,53,369.634,5.255,19
13,ws,groq-healthy,54,369.930,5.255,13
13,ws,groq-healthy,55,374.332,5.255,16
13,ws,groq-healthy,56,428.619,5.255,17
13,ws,groq-healthy,57,428.898,5.255,13
13,ws,groq-healthy,58,429.166,5.255,17
13,ws,groq-healthy,59,429.560,5.255,21
13,ws,groq-healthy,60,429.827,5.255,18
13,ws,groq-healthy,61,430.129,5.255,18
13,ws,groq-healthy,62,430.400,5.255,16
13,ws,groq-healthy,63,430.798,5.255,18
13,ws,groq-healthy,64,431.064,5.255,16
13,ws,groq-healthy,65,431.319,5.255,20
13,ws,groq-healthy,66,431.565,5.255,19
13,ws,groq-healthy,67,432.865,5.255,16
13,ws,groq-healthy,68,433.022,5.255,17
13,ws,groq-healthy,69,433.203,5.255,18
13,ws,groq-healthy,70,433.373,5.255,20
13,ws,groq-healthy,71,437.040,5.255,19
13,ws,groq-healthy,72,437.273,5.255,17
13,ws,groq-healthy,73,437.548,5.255,17
13,ws,groq-healthy,74,437.808,5.255,13
13,ws,groq-healthy,75,441.420,5.255,15
13,ws,groq-healthy,76,441.680,5.255,13
13,ws,groq-healthy,77,441.944,5.255,17
13,ws,groq-healthy,78,442.203,5.255,14
13,ws,groq-healthy,79,445.696,5.255,14
13,ws,groq-healthy,80,445.983,5.255,21
13,ws,groq-healthy,81,446.224,5.255,21
13,ws,groq-healthy,82,446.488,5.255,17
13,ws,groq-healthy,83,446.857,5.255,17
13,ws,groq-healthy,84,447.151,5.255,16
13,ws,groq-healthy,85,447.382,5.255,17
13,ws,groq-healthy,86,447.554,5.255,20
13,ws,groq-healthy,87,450.069,5.255,19
13,ws,groq-healthy,88,450.281,5.255,17
13,ws,groq-healthy,89,450.481,5.255,13
13,ws,groq-healthy,90,450.662,5.255,16
13,ws,groq-healthy,91,450.926,5.255,13
13,ws,groq-healthy,92,451.123,5.255,20
13,ws,groq-healthy,93,451.387,5.255,16
13,ws,groq-healthy,94,451.598,5.255,17
13,ws,groq-healthy,95,451.797,5.255,14
13,ws,groq-healthy,96,452.001,5.255,17
13,ws,groq-healthy,97,452.304,5.255,14
13,ws,groq-healthy,98,452.604,5.255,17
13,ws,groq-healthy,99,452.813,5.255,14
13,ws,groq-healthy,100,453.011,5.255,15
13,ws,groq-healthy,101,453.246,5.255,13
13,ws,groq-healthy,102,455.721,5.255,13
13,ws,groq-healthy,103,455.893,5.255,15
13,ws,groq-healthy,104,456.054,5.255,13
13,ws,groq-healthy,105,459.666,5.255,14
13,ws,groq-healthy,106,459.922,5.255,18
13,ws,groq-healthy,107,460.210,5.255,16
13,ws,groq-healthy,108,460.452,5.255,17
13,ws,groq-healthy,109,464.578,5.255,20
13,ws,groq-healthy,110,464.845,5.255,19
13,ws,groq-healthy,111,465.099,5.255,17
13,ws,groq-healthy,112,469.661,5.255,18
13,ws,groq-healthy,113,469.906,5.255,16
13,ws,groq-healthy,114,470.158,5.255,15
13,ws,groq-healthy,115,470.418,5.255,13
13,ws,groq-healthy,116,524.250,5.255,19
13,ws,groq-healthy,117,524.541,5.255,17
13,ws,groq-healthy,118,524.833,5.255,16
13,ws,groq-healthy,119,525.124,5.255,18
13,ws,groq-healthy,120,525.385,5.255,14
13,ws,groq-healthy,121,525.643,5.255,16
13,ws,groq-healthy,122,525.855,5.255,16
13,ws,groq-healthy,123,526.028,5.255,17
13,ws,groq-healthy,124,526.282,5.255,17
13,ws,groq-healthy,125,526.452,5.255,18
13,ws,groq-healthy,126,526.628,5.255,18
13,ws,groq-healthy,127,526.806,5.255,17
13,ws,groq-healthy,128,526.973,5.255,21
13,ws,groq-healthy,129,527.138,5.255,13
13,ws,groq-healthy,130,527.299,5.255,17
13,ws,groq-healthy,131,527.460,5.255,19
13,ws,groq-healthy,132,527.696,5.255,18
13,ws,groq-healthy,133,527.837,5.255,16
13,ws,groq-healthy,134,527.993,5.255,17
13,ws,groq-healthy,135,528.137,5.255,13
13,ws,groq-healthy,136,528.353,5.255,17
13,ws,groq-healthy,137,528.500,5.255,14
13,ws,groq-healthy,138,531.559,5.255,17
13,ws,groq-healthy,139,531.722,5.255,17
13,ws,groq-healthy,140,531.863,5.255,17
13,ws,groq-healthy,141,535.229,5.255,19
13,ws,groq-healthy,142,535.400,5.255,17
13,ws,groq-healthy,143,539.653,5.255,20
13,ws,groq-healthy,144,540.156,5.255,19
13,ws,groq-healthy,145,540.530,5.255,20
13,ws,groq-healthy,146,544.995,5.255,13
13,ws,groq-healthy,147,545.250,5.255,17
13,ws,groq-healthy,148,549.703,5.255,19
13,ws,groq-healthy,149,549.999,5.255,18
13,ws,groq-healthy,150,555.037,5.255,19
13,ws,groq-healthy,151,555.285,5.255,16
13,ws,groq-healthy,152,555.895,5.255,19
13,ws,groq-healthy,153,559.942,5.255,19
13,ws,groq-healthy,154,560.295,5.255,20
13,ws,groq-healthy,155,560.721,5.255,19
13,ws,groq-healthy,156,565.402,5.255,18
13,ws,groq-healthy,157,565.695,5.255,18
13,ws,groq-healthy,158,568.851,5.255,17
13,ws,groq-healthy,159,572.699,5.255,20
13,ws,groq-healthy,160,619.165,5.255,16
13,ws,groq-healthy,161,619.478,5.255,18
13,ws,groq-healthy,162,619.808,5.255,20
13,ws,groq-healthy,163,620.134,5.255,19
13,ws,groq-healthy,164,620.419,5.255,20
13,ws,groq-healthy,165,620.763,5.255,15
13,ws,groq-healthy,166,621.059,5.255,13
13,ws,groq-healthy,167,621.360,5.255,16
13,ws,groq-healthy,168,621.796,5.255,13
13,ws,groq-healthy,169,621.998,5.255,20
13,ws,groq-healthy,170,622.164,5.255,16
13,ws,groq-healthy,171,622.363,5.255,16
13,ws,groq-healthy,172,622.536,5.255,15
13,ws,groq-healthy,173,622.712,5.255,15
13,ws,groq-healthy,174,622.886,5.255,14
13,ws,groq-healthy,175,623.053,5.255,14
13,ws,groq-healthy,176,623.284,5.255,15
13,ws,groq-healthy,177,623.467,5.255,19
13,ws,groq-healthy,178,623.633,5.255,14
13,ws,groq-healthy,179,623.870,5.255,15
13,ws,groq-healthy,180,624.131,5.255,13
13,ws,groq-healthy,181,624.291,5.255,13
13,ws,groq-healthy,182,624.434,5.255,15
13,ws,groq-healthy,183,624.592,5.255,13
13,ws,groq-healthy,184,629.471,5.255,14
13,ws,groq-healthy,185,629.660,5.255,18
13,ws,groq-healthy,186,629.831,5.255,16
13,ws,groq-healthy,187,630.013,5.255,17
13,ws,groq-healthy,188,630.261,5.255,20
13,ws,groq-healthy,189,630.428,5.255,16
13,ws,groq-healthy,190,630.592,5.255,14
13,ws,groq-healthy,191,630.764,5.255,15
13,ws,groq-healthy,192,631.019,5.255,18
13,ws,groq-healthy,193,631.185,5.255,17
13,ws,groq-healthy,194,631.356,5.255,21
13,ws,groq-healthy,195,631.520,5.255,13
13,ws,groq-healthy,196,631.680,5.255,17
13,ws,groq-healthy,197,631.833,5.255,19
13,ws,groq-healthy,198,631.975,5.255,18
13,ws,groq-healthy,199,632.118,5.255,16
13,ws,groq-healthy,200,632.309,5.255,16
13,ws,groq-healthy,201,632.450,5.255,15
13,ws,groq-healthy,202,632.630,5.255,15
13,ws,groq-healthy,203,632.844,5.255,13
13,ws,groq-healthy,204,633.908,5.255,14
13,ws,groq-healthy,205,634.280,5.255,15
13,ws,groq-healthy,206,636.211,5.255,19
13,ws,groq-healthy,207,636.432,5.255,17
13,ws,groq-healthy,208,636.671,5.255,17
13,ws,groq-healthy,209,639.266,5.255,19
13,ws,groq-healthy,210,639.421,5.255,18
13,ws,groq-healthy,211,643.992,5.255,15
13,ws,groq-healthy,212,644.476,5.255,14
13,ws,groq-healthy,213,644.800,5.255,18
13,ws,groq-healthy,214,645.233,5.255,17
13,ws,groq-healthy,215,649.868,5.255,14
13,ws,groq-healthy,216,650.127,5.255,15
13,ws,groq-healthy,217,650.412,5.255,20
13,ws,groq-healthy,218,650.699,5.255,18
13,ws,groq-healthy,219,650.971,5.255,21
13,ws,groq-healthy,220,654.922,5.255,18
13,ws,groq-healthy,221,655.284,5.255,13
13,ws,groq-healthy,222,655.638,5.255,19
13,ws,groq-healthy,223,656.043,5.255,19
13,ws,groq-healthy,224,660.521,5.255,18
13,ws,groq-healthy,225,660.772,5.255,17
13,ws,groq-healthy,226,665.263,5.255,17
13,ws,groq-healthy,227,665.539,5.255,19
13,ws,groq-healthy,228,665.905,5.255,18
13,ws,groq-healthy,229,666.283,5.255,16
13,ws,groq-healthy,230,670.855,5.255,17
13,ws,groq-healthy,231,671.125,5.255,21
13,ws,groq-healthy,232,671.535,5.255,19
13,ws,groq-healthy,233,675.366,5.255,19
13,ws,groq-healthy,234,679.203,5.255,17
13,ws,groq-healthy,235,679.471,5.255,14
13,ws,groq-healthy,236,683.839,5.255,14
13,ws,groq-healthy,237,687.871,5.255,20
13,ws,groq-healthy,238,691.607,5.255,18
13,ws,groq-healthy,239,691.959,5.255,21
13,ws,groq-healthy,240,692.553,5.255,18
13,ws,groq-healthy,241,692.851,5.255,17
13,ws,groq-healthy,242,693.236,5.255,15
13,ws,groq-healthy,243,697.476,5.255,16
13,ws,groq-healthy,244,697.669,5.255,17
13,ws,groq-healthy,245,698.170,5.255,21
13,ws,groq-healthy,246,698.456,5.255,17
13,ws,groq-healthy,247,699.642,5.255,15
13,ws,groq-healthy,248,703.120,5.255,15
13,ws,groq-healthy,249,703.474,5.255,13
13,ws,groq-healthy,250,707.831,5.255,19
13,ws,groq-healthy,251,711.601,5.255,16
13,ws,groq-healthy,252,711.875,5.255,21
13,ws,groq-healthy,253,716.526,5.255,18
13,ws,groq-healthy,254,720.396,5.255,17
13,ws,groq-healthy,255,723.998,5.255,19
13,ws,groq-healthy,256,728.102,5.255,15
13,ws,groq-healthy,257,732.478,5.255,16
13,ws,groq-healthy,258,736.490,5.255,18
13,ws,groq-healthy,259,736.734,5.255,19
13,ws,groq-healthy,260,740.736,5.255,16
13,ws,groq-healthy,261,741.094,5.255,16
13,ws,groq-healthy,262,745.847,5.255,19
13,ws,groq-healthy,263,746.182,5.255,20
13,ws,groq-healthy,264,746.633,5.255,13
13,ws,groq-healthy,265,746.950,5.255,16
13,ws,groq-healthy,266,750.851,5.255,16
13,ws,groq-healthy,267,754.774,5.255,17
13,ws,groq-healthy,268,755.032,5.255,13
13,ws,groq-healthy,269,760.231,5.255,19
13,ws,groq-healthy,270,760.538,5.255,16
13,ws,groq-healthy,271,760.920,5.255,21
13,ws,groq-healthy,272,764.389,5.255,19
13,ws,groq-healthy,273,768.049,5.255,18
13,ws,groq-healthy,274,768.382,5.255,17
13,ws,groq-healthy,275,772.877,5.255,18
13,ws,groq-healthy,276,773.349,5.255,19
13,ws,groq-healthy,277,773.772,5.255,16
13,ws,groq-healthy,278,774.027,5.255,19
13,ws,groq-healthy,279,778.494,5.255,18
13,ws,groq-healthy,280,778.776,5.255,17
13,ws,groq-healthy,281,783.344,5.255,18
13,ws,groq-healthy,282,787.611,5.255,13
13,ws,groq-healthy,283,788.019,5.255,13
13,ws,groq-healthy,284,788.418,5.255,13
13,ws,groq-healthy,285,788.816,5.255,13
13,ws,groq-healthy,286,789.156,5.255,13
13,ws,groq-healthy,287,789.430,5.255,15
13,ws,groq-healthy,288,789.793,5.255,13
13,ws,groq-healthy,289,790.047,5.255,13
13,ws,groq-healthy,290,798.141,5.255,20
13,ws,groq-healthy,291,806.454,5.255,17
13,ws,groq-healthy,292,806.766,5.255,18
13,ws,groq-healthy,293,807.120,5.255,19
13,ws,groq-healthy,294,807.499,5.255,18
13,ws,groq-healthy,295,807.844,5.255,18
13,ws,groq-healthy,296,808.229,5.255,19
13,ws,groq-healthy,297,808.470,5.255,17
13,ws,groq-healthy,298,808.757,5.255,17
13,ws,groq-healthy,299,809.099,5.255,17
13,ws,groq-healthy,300,809.374,5.255,13
14,ws,groq-healthy,0,295.672,5.469,14
14,ws,groq-healthy,1,299.457,5.469,15
14,ws,groq-healthy,2,299.578,5.469,18
14,ws,groq-healthy,3,299.991,5.469,21
14,ws,groq-healthy,4,300.077,5.469,15
14,ws,groq-healthy,5,300.612,5.469,15
14,ws,groq-healthy,6,300.724,5.469,17
14,ws,groq-healthy,7,305.694,5.469,19
14,ws,groq-healthy,8,305.781,5.469,17
14,ws,groq-healthy,9,306.315,5.469,18
14,ws,groq-healthy,10,306.434,5.469,18
14,ws,groq-healthy,11,307.363,5.469,17
14,ws,groq-healthy,12,307.475,5.469,14
14,ws,groq-healthy,13,311.931,5.469,16
14,ws,groq-healthy,14,312.042,5.469,14
14,ws,groq-healthy,15,317.204,5.469,16
14,ws,groq-healthy,16,317.301,5.469,14
14,ws,groq-healthy,17,321.941,5.469,15
14,ws,groq-healthy,18,322.046,5.469,14
14,ws,groq-healthy,19,326.592,5.469,16
14,ws,groq-healthy,20,326.683,5.469,14
14,ws,groq-healthy,21,331.862,5.469,15
14,ws,groq-healthy,22,336.284,5.469,13
14,ws,groq-healthy,23,336.386,5.469,14
14,ws,groq-healthy,24,336.528,5.469,14
14,ws,groq-healthy,25,342.228,5.469,15
14,ws,groq-healthy,26,342.342,5.469,18
14,ws,groq-healthy,27,342.452,5.469,13
14,ws,groq-healthy,28,342.557,5.469,14
14,ws,groq-healthy,29,346.836,5.469,19
14,ws,groq-healthy,30,346.947,5.469,13
14,ws,groq-healthy,31,350.791,5.469,13
14,ws,groq-healthy,32,351.398,5.469,17
14,ws,groq-healthy,33,351.497,5.469,13
14,ws,groq-healthy,34,352.738,5.469,15
14,ws,groq-healthy,35,352.831,5.469,13
14,ws,groq-healthy,36,352.991,5.469,13
14,ws,groq-healthy,37,353.098,5.469,20
14,ws,groq-healthy,38,358.152,5.469,17
14,ws,groq-healthy,39,358.262,5.469,18
14,ws,groq-healthy,40,358.876,5.469,16
14,ws,groq-healthy,41,358.984,5.469,18
14,ws,groq-healthy,42,359.563,5.469,15
14,ws,groq-healthy,43,364.129,5.469,14
14,ws,groq-healthy,44,364.246,5.469,20
14,ws,groq-healthy,45,368.763,5.469,18
14,ws,groq-healthy,46,373.263,5.469,18
14,ws,groq-healthy,47,373.377,5.469,13
14,ws,groq-healthy,48,373.547,5.469,18
14,ws,groq-healthy,49,373.663,5.469,18
14,ws,groq-healthy,50,378.244,5.469,21
14,ws,groq-healthy,51,381.321,5.469,15
14,ws,groq-healthy,52,385.131,5.469,14
14,ws,groq-healthy,53,385.311,5.469,17
14,ws,groq-healthy,54,385.998,5.469,20
14,ws,groq-healthy,55,390.113,5.469,15
14,ws,groq-healthy,56,394.069,5.469,18
14,ws,groq-healthy,57,394.201,5.469,18
14,ws,groq-healthy,58,394.669,5.469,18
14,ws,groq-healthy,59,394.807,5.469,19
14,ws,groq-healthy,60,396.690,5.469,19
14,ws,groq-healthy,61,399.584,5.469,14
14,ws,groq-healthy,62,403.572,5.469,16
14,ws,groq-healthy,63,403.705,5.469,13
14,ws,groq-healthy,64,407.884,5.469,19
14,ws,groq-healthy,65,411.733,5.469,18
14,ws,groq-healthy,66,416.033,5.469,18
14,ws,groq-healthy,67,416.191,5.469,20
14,ws,groq-healthy,68,416.908,5.469,14
14,ws,groq-healthy,69,417.057,5.469,14
14,ws,groq-healthy,70,417.209,5.469,16
14,ws,groq-healthy,71,417.409,5.469,17
14,ws,groq-healthy,72,418.475,5.469,20
14,ws,groq-healthy,73,418.627,5.469,18
14,ws,groq-healthy,74,422.284,5.469,19
14,ws,groq-healthy,75,427.114,5.469,17
14,ws,groq-healthy,76,427.261,5.469,19
14,ws,groq-healthy,77,427.454,5.469,16
14,ws,groq-healthy,78,427.618,5.469,13
14,ws,groq-healthy,79,431.283,5.469,18
14,ws,groq-healthy,80,435.280,5.469,21
14,ws,groq-healthy,81,439.183,5.469,15
14,ws,groq-healthy,82,439.351,5.469,14
14,ws,groq-healthy,83,440.031,5.469,19
14,ws,groq-healthy,84,444.237,5.469,21
14,ws,groq-healthy,85,448.320,5.469,20
14,ws,groq-healthy,86,452.027,5.469,20
14,ws,groq-healthy,87,452.152,5.469,19
14,ws,groq-healthy,88,456.210,5.469,18
14,ws,groq-healthy,89,456.327,5.469,16
14,ws,groq-healthy,90,460.690,5.469,20
14,ws,groq-healthy,91,464.603,5.469,19
14,ws,groq-healthy,92,464.758,5.469,18
14,ws,groq-healthy,93,469.383,5.469,18
14,ws,groq-healthy,94,469.571,5.469,19
14,ws,groq-healthy,95,469.805,5.469,16
14,ws,groq-healthy,96,469.961,5.469,17
14,ws,groq-healthy,97,474.921,5.469,14
14,ws,groq-healthy,98,475.074,5.469,16
14,ws,groq-healthy,99,475.308,5.469,17
14,ws,groq-healthy,100,479.788,5.469,19
14,ws,groq-healthy,101,483.067,5.469,15
14,ws,groq-healthy,102,483.257,5.469,17
14,ws,groq-healthy,103,483.703,5.469,19
14,ws,groq-healthy,104,487.853,5.469,14
14,ws,groq-healthy,105,488.111,5.469,16
14,ws,groq-healthy,106,488.555,5.469,14
14,ws,groq-healthy,107,488.812,5.469,16
14,ws,groq-healthy,108,489.578,5.469,14
14,ws,groq-healthy,109,489.854,5.469,15
14,ws,groq-healthy,110,490.417,5.469,14
14,ws,groq-healthy,111,490.738,5.469,16
14,ws,groq-healthy,112,495.176,5.469,13
14,ws,groq-healthy,113,495.465,5.469,16
14,ws,groq-healthy,114,500.130,5.469,17
14,ws,groq-healthy,115,503.401,5.469,16
14,ws,groq-healthy,116,507.632,5.469,17
14,ws,groq-healthy,117,507.974,5.469,19
14,ws,groq-healthy,118,508.462,5.469,18
14,ws,groq-healthy,119,512.638,5.469,18
14,ws,groq-healthy,120,512.907,5.469,17
14,ws,groq-healthy,121,516.760,5.469,17
14,ws,groq-healthy,122,526.458,5.469,19
14,ws,groq-healthy,123,526.743,5.469,15
14,ws,groq-healthy,124,527.105,5.469,16
14,ws,groq-healthy,125,527.374,5.469,17
14,ws,groq-healthy,126,527.757,5.469,13
14,ws,groq-healthy,127,530.107,5.469,18
14,ws,groq-healthy,128,534.144,5.469,18
14,ws,groq-healthy,129,534.387,5.469,17
14,ws,groq-healthy,130,535.002,5.469,20
14,ws,groq-healthy,131,539.387,5.469,21
14,ws,groq-healthy,132,539.708,5.469,15
14,ws,groq-healthy,133,543.549,5.469,16
14,ws,groq-healthy,134,543.877,5.469,17
14,ws,groq-healthy,135,544.332,5.469,13
14,ws,groq-healthy,136,544.629,5.469,19
14,ws,groq-healthy,137,545.031,5.469,18
14,ws,groq-healthy,138,545.259,5.469,18
14,ws,groq-healthy,139,549.797,5.469,15
14,ws,groq-healthy,140,553.709,5.469,14
14,ws,groq-healthy,141,553.957,5.469,20
14,ws,groq-healthy,142,554.359,5.469,18
14,ws,groq-healthy,143,554.684,5.469,18
14,ws,groq-healthy,144,555.076,5.469,17
14,ws,groq-healthy,145,555.373,5.469,18
14,ws,groq-healthy,146,559.890,5.469,18
14,ws,groq-healthy,147,560.173,5.469,18
14,ws,groq-healthy,148,561.187,5.469,18
14,ws,groq-healthy,149,561.443,5.469,16
14,ws,groq-healthy,150,561.841,5.469,19
14,ws,groq-healthy,151,562.085,5.469,18
14,ws,groq-healthy,152,562.443,5.469,18
14,ws,groq-healthy,153,562.698,5.469,18
14,ws,groq-healthy,154,566.431,5.469,13
14,ws,groq-healthy,155,570.268,5.469,18
14,ws,groq-healthy,156,574.076,5.469,16
14,ws,groq-healthy,157,574.323,5.469,18
14,ws,groq-healthy,158,574.752,5.469,18
14,ws,groq-healthy,159,575.064,5.469,20
14,ws,groq-healthy,160,575.868,5.469,20
14,ws,groq-healthy,161,576.085,5.469,20
14,ws,groq-healthy,162,576.475,5.469,19
14,ws,groq-healthy,163,581.464,5.469,17
14,ws,groq-healthy,164,581.732,5.469,17
14,ws,groq-healthy,165,582.147,5.469,20
14,ws,groq-healthy,166,582.436,5.469,18
14,ws,groq-healthy,167,586.164,5.469,21
14,ws,groq-healthy,168,590.286,5.469,19
14,ws,groq-healthy,169,590.438,5.469,16
14,ws,groq-healthy,170,590.668,5.469,13
15,ws,groq-healthy,0,292.894,3.705,14
15,ws,groq-healthy,1,293.261,3.705,14
15,ws,groq-healthy,2,293.653,3.705,19
15,ws,groq-healthy,3,294.021,3.705,16
15,ws,groq-healthy,4,294.282,3.705,16
15,ws,groq-healthy,5,298.410,3.705,15
15,ws,groq-healthy,6,298.734,3.705,13
15,ws,groq-healthy,7,299.164,3.705,19
15,ws,groq-healthy,8,303.045,3.705,21
15,ws,groq-healthy,9,307.472,3.705,19
15,ws,groq-healthy,10,307.726,3.705,18
15,ws,groq-healthy,11,308.057,3.705,17
15,ws,groq-healthy,12,311.984,3.705,17
15,ws,groq-healthy,13,312.245,3.705,13
15,ws,groq-healthy,14,312.720,3.705,15
15,ws,groq-healthy,15,317.051,3.705,13
15,ws,groq-healthy,16,321.536,3.705,13
15,ws,groq-healthy,17,324.820,3.705,16
15,ws,groq-healthy,18,328.513,3.705,16
15,ws,groq-healthy,19,328.787,3.705,16
15,ws,groq-healthy,20,333.431,3.705,16
15,ws,groq-healthy,21,336.992,3.705,15
15,ws,groq-healthy,22,337.343,3.705,14
15,ws,groq-healthy,23,341.596,3.705,16
15,ws,groq-healthy,24,341.880,3.705,17
15,ws,groq-healthy,25,346.490,3.705,15
15,ws,groq-healthy,26,350.420,3.705,15
15,ws,groq-healthy,27,350.731,3.705,15
15,ws,groq-healthy,28,351.179,3.705,13
15,ws,groq-healthy,29,351.472,3.705,16
15,ws,groq-healthy,30,352.800,3.705,13
15,ws,groq-healthy,31,353.093,3.705,19
15,ws,groq-healthy,32,355.876,3.705,18
15,ws,groq-healthy,33,359.981,3.705,14
15,ws,groq-healthy,34,360.380,3.705,16
15,ws,groq-healthy,35,361.250,3.705,13
15,ws,groq-healthy,36,364.635,3.705,16
15,ws,groq-healthy,37,368.476,3.705,17
15,ws,groq-healthy,38,368.787,3.705,18
15,ws,groq-healthy,39,369.242,3.705,19
15,ws,groq-healthy,40,373.450,3.705,15
15,ws,groq-healthy,41,377.169,3.705,16
15,ws,groq-healthy,42,381.249,3.705,16
15,ws,groq-healthy,43,385.006,3.705,15
15,ws,groq-healthy,44,385.291,3.705,13
15,ws,groq-healthy,45,385.833,3.705,14
15,ws,groq-healthy,46,389.729,3.705,14
15,ws,groq-healthy,47,393.542,3.705,16
15,ws,groq-healthy,48,397.637,3.705,16
15,ws,groq-healthy,49,397.918,3.705,16
15,ws,groq-healthy,50,402.379,3.705,14
15,ws,groq-healthy,51,402.617,3.705,16
15,ws,groq-healthy,52,403.109,3.705,14
15,ws,groq-healthy,53,403.384,3.705,17
15,ws,groq-healthy,54,407.571,3.705,17
15,ws,groq-healthy,55,411.283,3.705,18
15,ws,groq-healthy,56,411.634,3.705,16
15,ws,groq-healthy,57,412.130,3.705,18
15,ws,groq-healthy,58,416.197,3.705,17
15,ws,groq-healthy,59,420.218,3.705,16
15,ws,groq-healthy,60,420.504,3.705,15
15,ws,groq-healthy,61,421.304,3.705,13
15,ws,groq-healthy,62,421.559,3.705,19
15,ws,groq-healthy,63,424.802,3.705,19
15,ws,groq-healthy,64,425.100,3.705,13
15,ws,groq-healthy,65,425.340,3.705,17
15,ws,groq-healthy,66,426.235,3.705,19
15,ws,groq-healthy,67,429.237,3.705,17
15,ws,groq-healthy,68,430.835,3.705,18
15,ws,groq-healthy,69,434.805,3.705,18
15,ws,groq-healthy,70,438.033,3.705,18
15,ws,groq-healthy,71,439.365,3.705,17
15,ws,groq-healthy,72,443.400,3.705,13
15,ws,groq-healthy,73,444.003,3.705,15
15,ws,groq-healthy,74,448.146,3.705,17
15,ws,groq-healthy,75,448.393,3.705,16
15,ws,groq-healthy,76,452.810,3.705,16
15,ws,groq-healthy,77,456.507,3.705,18
15,ws,groq-healthy,78,456.784,3.705,18
15,ws,groq-healthy,79,457.397,3.705,20
15,ws,groq-healthy,80,457.703,3.705,16
15,ws,groq-healthy,81,458.062,3.705,15
15,ws,groq-healthy,82,458.608,3.705,13
15,ws,groq-healthy,83,459.376,3.705,19
15,ws,groq-healthy,84,462.041,3.705,19
15,ws,groq-healthy,85,468.579,3.705,19
15,ws,groq-healthy,86,471.470,3.705,18
15,ws,groq-healthy,87,475.119,3.705,19
15,ws,groq-healthy,88,479.038,3.705,16
15,ws,groq-healthy,89,479.287,3.705,19
15,ws,groq-healthy,90,484.747,3.705,18
15,ws,groq-healthy,91,487.506,3.705,19
15,ws,groq-healthy,92,487.778,3.705,13
16,ws,groq-healthy,0,282.322,5.150,17
16,ws,groq-healthy,1,286.375,5.150,20
16,ws,groq-healthy,2,290.292,5.150,18
16,ws,groq-healthy,3,294.217,5.150,15
16,ws,groq-healthy,4,298.269,5.150,15
16,ws,groq-healthy,5,298.444,5.150,14
16,ws,groq-healthy,6,302.944,5.150,14
16,ws,groq-healthy,7,306.699,5.150,13
16,ws,groq-healthy,8,311.085,5.150,21
16,ws,groq-healthy,9,314.553,5.150,16
16,ws,groq-healthy,10,318.651,5.150,16
16,ws,groq-healthy,11,322.305,5.150,17
16,ws,groq-healthy,12,322.409,5.150,18
16,ws,groq-healthy,13,323.882,5.150,19
16,ws,groq-healthy,14,323.972,5.150,18
16,ws,groq-healthy,15,324.124,5.150,19
16,ws,groq-healthy,16,324.223,5.150,19
16,ws,groq-healthy,17,329.270,5.150,16
16,ws,groq-healthy,18,329.376,5.150,19
16,ws,groq-healthy,19,333.395,5.150,18
16,ws,groq-healthy,20,333.540,5.150,18
16,ws,groq-healthy,21,334.317,5.150,14
16,ws,groq-healthy,22,338.172,5.150,15
16,ws,groq-healthy,23,338.280,5.150,20
16,ws,groq-healthy,24,339.072,5.150,16
16,ws,groq-healthy,25,343.417,5.150,14
16,ws,groq-healthy,26,347.362,5.150,15
16,ws,groq-healthy,27,351.424,5.150,18
16,ws,groq-healthy,28,355.875,5.150,19
16,ws,groq-healthy,29,355.985,5.150,14
16,ws,groq-healthy,30,356.185,5.150,17
16,ws,groq-healthy,31,356.326,5.150,15
16,ws,groq-healthy,32,356.622,5.150,17
16,ws,groq-healthy,33,356.725,5.150,17
16,ws,groq-healthy,34,358.134,5.150,13
16,ws,groq-healthy,35,358.241,5.150,15
16,ws,groq-healthy,36,361.944,5.150,13
16,ws,groq-healthy,37,366.043,5.150,21
16,ws,groq-healthy,38,369.590,5.150,16
16,ws,groq-healthy,39,374.317,5.150,16
16,ws,groq-healthy,40,374.436,5.150,15
16,ws,groq-healthy,41,380.425,5.150,15
16,ws,groq-healthy,42,382.826,5.150,17
16,ws,groq-healthy,43,386.330,5.150,14
16,ws,groq-healthy,44,386.470,5.150,16
16,ws,groq-healthy,45,386.958,5.150,16
16,ws,groq-healthy,46,391.195,5.150,15
16,ws,groq-healthy,47,394.893,5.150,14
16,ws,groq-healthy,48,395.020,5.150,16
16,ws,groq-healthy,49,395.542,5.150,16
16,ws,groq-healthy,50,395.670,5.150,17
16,ws,groq-healthy,51,400.548,5.150,15
16,ws,groq-healthy,52,404.523,5.150,19
16,ws,groq-healthy,53,404.647,5.150,13
16,ws,groq-healthy,54,404.997,5.150,15
16,ws,groq-healthy,55,408.859,5.150,14
16,ws,groq-healthy,56,408.992,5.150,16
16,ws,groq-healthy,57,409.945,5.150,16
16,ws,groq-healthy,58,410.071,5.150,21
16,ws,groq-healthy,59,417.851,5.150,16
16,ws,groq-healthy,60,422.087,5.150,19
16,ws,groq-healthy,61,422.238,5.150,16
16,ws,groq-healthy,62,426.445,5.150,19
16,ws,groq-healthy,63,430.848,5.150,17
16,ws,groq-healthy,64,430.994,5.150,16
16,ws,groq-healthy,65,431.218,5.150,19
16,ws,groq-healthy,66,431.349,5.150,16
16,ws,groq-healthy,67,431.879,5.150,21
16,ws,groq-healthy,68,436.188,5.150,18
16,ws,groq-healthy,69,436.329,5.150,19
16,ws,groq-healthy,70,436.865,5.150,19
16,ws,groq-healthy,71,440.608,5.150,20
16,ws,groq-healthy,72,440.768,5.150,17
16,ws,groq-healthy,73,441.217,5.150,16
16,ws,groq-healthy,74,445.569,5.150,19
16,ws,groq-healthy,75,449.239,5.150,20
16,ws,groq-healthy,76,449.412,5.150,20
16,ws,groq-healthy,77,449.907,5.150,21
16,ws,groq-healthy,78,454.348,5.150,18
16,ws,groq-healthy,79,454.426,5.150,16
16,ws,groq-healthy,80,458.721,5.150,14
16,ws,groq-healthy,81,458.856,5.150,15
16,ws,groq-healthy,82,459.214,5.150,13
17,ws,groq-healthy,0,291.277,5.086,13
17,ws,groq-healthy,1,291.413,5.086,14
17,ws,groq-healthy,2,291.914,5.086,16
17,ws,groq-healthy,3,292.280,5.086,14
17,ws,groq-healthy,4,292.899,5.086,16
17,ws,groq-healthy,5,293.165,5.086,17
17,ws,groq-healthy,6,295.614,5.086,19
17,ws,groq-healthy,7,295.764,5.086,19
17,ws,groq-healthy,8,296.921,5.086,16
17,ws,groq-healthy,9,297.089,5.086,17
17,ws,groq-healthy,10,297.297,5.086,20
17,ws,groq-healthy,11,297.450,5.086,18
17,ws,groq-healthy,12,298.487,5.086,18
17,ws,groq-healthy,13,298.703,5.086,14
17,ws,groq-healthy,14,307.424,5.086,16
17,ws,groq-healthy,15,310.612,5.086,13
17,ws,groq-healthy,16,310.764,5.086,18
17,ws,groq-healthy,17,314.683,5.086,14
17,ws,groq-healthy,18,314.917,5.086,16
17,ws,groq-healthy,19,315.575,5.086,16
17,ws,groq-healthy,20,319.699,5.086,18
17,ws,groq-healthy,21,319.995,5.086,18
17,ws,groq-healthy,22,324.875,5.086,21
17,ws,groq-healthy,23,325.138,5.086,18
17,ws,groq-healthy,24,325.557,5.086,17
17,ws,groq-healthy,25,326.107,5.086,15
17,ws,groq-healthy,26,329.938,5.086,16
17,ws,groq-healthy,27,334.267,5.086,14
17,ws,groq-healthy,28,334.683,5.086,16
17,ws,groq-healthy,29,335.061,5.086,20
17,ws,groq-healthy,30,338.901,5.086,17
17,ws,groq-healthy,31,342.696,5.086,14
17,ws,groq-healthy,32,343.084,5.086,16
17,ws,groq-healthy,33,343.594,5.086,19
17,ws,groq-healthy,34,347.212,5.086,18
17,ws,groq-healthy,35,347.566,5.086,13
17,ws,groq-healthy,36,351.930,5.086,17
17,ws,groq-healthy,37,379.794,5.086,14
17,ws,groq-healthy,38,380.106,5.086,16
17,ws,groq-healthy,39,380.438,5.086,16
17,ws,groq-healthy,40,427.190,5.086,18
17,ws,groq-healthy,41,427.439,5.086,16
17,ws,groq-healthy,42,427.758,5.086,15
17,ws,groq-healthy,43,428.049,5.086,13
17,ws,groq-healthy,44,428.476,5.086,19
17,ws,groq-healthy,45,430.853,5.086,18
17,ws,groq-healthy,46,431.114,5.086,19
17,ws,groq-healthy,47,431.402,5.086,18
17,ws,groq-healthy,48,431.662,5.086,18
17,ws,groq-healthy,49,434.384,5.086,17
17,ws,groq-healthy,50,434.646,5.086,17
17,ws,groq-healthy,51,435.028,5.086,13
17,ws,groq-healthy,52,435.358,5.086,15
17,ws,groq-healthy,53,435.744,5.086,13
17,ws,groq-healthy,54,436.008,5.086,19
17,ws,groq-healthy,55,436.185,5.086,17
17,ws,groq-healthy,56,436.375,5.086,13
17,ws,groq-healthy,57,436.628,5.086,15
17,ws,groq-healthy,58,436.812,5.086,13
17,ws,groq-healthy,59,436.981,5.086,17
17,ws,groq-healthy,60,437.144,5.086,15
17,ws,groq-healthy,61,439.832,5.086,16
17,ws,groq-healthy,62,440.006,5.086,16
17,ws,groq-healthy,63,440.181,5.086,19
17,ws,groq-healthy,64,440.353,5.086,14
17,ws,groq-healthy,65,442.253,5.086,16
17,ws,groq-healthy,66,442.836,5.086,16
17,ws,groq-healthy,67,443.128,5.086,19
17,ws,groq-healthy,68,443.374,5.086,13
17,ws,groq-healthy,69,443.669,5.086,16
17,ws,groq-healthy,70,443.932,5.086,17
17,ws,groq-healthy,71,444.091,5.086,16
17,ws,groq-healthy,72,444.265,5.086,16
17,ws,groq-healthy,73,446.550,5.086,16
17,ws,groq-healthy,74,446.742,5.086,15
17,ws,groq-healthy,75,446.936,5.086,14
17,ws,groq-healthy,76,447.135,5.086,15
17,ws,groq-healthy,77,518.432,5.086,17
17,ws,groq-healthy,78,518.729,5.086,18
17,ws,groq-healthy,79,519.003,5.086,18
17,ws,groq-healthy,80,519.261,5.086,19
17,ws,groq-healthy,81,519.604,5.086,19
17,ws,groq-healthy,82,519.874,5.086,16
17,ws,groq-healthy,83,520.191,5.086,18
17,ws,groq-healthy,84,528.270,5.086,18
17,ws,groq-healthy,85,528.552,5.086,19
17,ws,groq-healthy,86,528.843,5.086,19
17,ws,groq-healthy,87,529.121,5.086,19
17,ws,groq-healthy,88,529.420,5.086,20
17,ws,groq-healthy,89,529.786,5.086,13
17,ws,groq-healthy,90,530.047,5.086,16
17,ws,groq-healthy,91,530.222,5.086,18
17,ws,groq-healthy,92,530.396,5.086,17
17,ws,groq-healthy,93,530.615,5.086,17
17,ws,groq-healthy,94,530.783,5.086,18
17,ws,groq-healthy,95,530.945,5.086,16
17,ws,groq-healthy,96,531.111,5.086,15
17,ws,groq-healthy,97,531.388,5.086,13
17,ws,groq-healthy,98,531.554,5.086,17
17,ws,groq-healthy,99,531.728,5.086,18
17,ws,groq-healthy,100,534.129,5.086,19
17,ws,groq-healthy,101,534.335,5.086,18
17,ws,groq-healthy,102,534.521,5.086,15
17,ws,groq-healthy,103,534.754,5.086,17
17,ws,groq-healthy,104,534.989,5.086,17
17,ws,groq-healthy,105,535.188,5.086,18
17,ws,groq-healthy,106,535.420,5.086,18
17,ws,groq-healthy,107,544.747,5.086,17
17,ws,groq-healthy,108,547.731,5.086,13
17,ws,groq-healthy,109,610.743,5.086,14
17,ws,groq-healthy,110,610.965,5.086,19
17,ws,groq-healthy,111,611.344,5.086,16
17,ws,groq-healthy,112,611.595,5.086,15
17,ws,groq-healthy,113,611.878,5.086,16
17,ws,groq-healthy,114,612.186,5.086,14
17,ws,groq-healthy,115,612.471,5.086,15
17,ws,groq-healthy,116,618.166,5.086,18
17,ws,groq-healthy,117,618.441,5.086,17
17,ws,groq-healthy,118,618.709,5.086,18
17,ws,groq-healthy,119,618.974,5.086,18
17,ws,groq-healthy,120,619.240,5.086,18
17,ws,groq-healthy,121,619.524,5.086,17
17,ws,groq-healthy,122,619.795,5.086,13
17,ws,groq-healthy,123,620.085,5.086,17
17,ws,groq-healthy,124,620.505,5.086,18
17,ws,groq-healthy,125,620.684,5.086,15
17,ws,groq-healthy,126,620.966,5.086,15
17,ws,groq-healthy,127,621.126,5.086,18
17,ws,groq-healthy,128,626.064,5.086,18
17,ws,groq-healthy,129,626.357,5.086,18
17,ws,groq-healthy,130,626.595,5.086,17
17,ws,groq-healthy,131,626.878,5.086,16
17,ws,groq-healthy,132,636.540,5.086,17
17,ws,groq-healthy,133,636.814,5.086,19
17,ws,groq-healthy,134,637.087,5.086,21
17,ws,groq-healthy,135,637.338,5.086,18
17,ws,groq-healthy,136,637.589,5.086,13
17,ws,groq-healthy,137,638.136,5.086,18
17,ws,groq-healthy,138,642.931,5.086,16
17,ws,groq-healthy,139,643.238,5.086,17
17,ws,groq-healthy,140,643.649,5.086,13
17,ws,groq-healthy,141,643.918,5.086,14
17,ws,groq-healthy,142,648.249,5.086,14
17,ws,groq-healthy,143,648.609,5.086,14
17,ws,groq-healthy,144,653.837,5.086,16
17,ws,groq-healthy,145,653.980,5.086,18
17,ws,groq-healthy,146,657.901,5.086,19
17,ws,groq-healthy,147,661.436,5.086,19
17,ws,groq-healthy,148,661.984,5.086,18
17,ws,groq-healthy,149,666.410,5.086,19
17,ws,groq-healthy,150,670.316,5.086,20
17,ws,groq-healthy,151,674.305,5.086,15
17,ws,groq-healthy,152,678.278,5.086,15
17,ws,groq-healthy,153,682.334,5.086,15
17,ws,groq-healthy,154,686.914,5.086,19
17,ws,groq-healthy,155,687.187,5.086,19
17,ws,groq-healthy,156,690.665,5.086,20
17,ws,groq-healthy,157,691.132,5.086,18
17,ws,groq-healthy,158,695.655,5.086,16
17,ws,groq-healthy,159,699.713,5.086,15
17,ws,groq-healthy,160,699.968,5.086,13
17,ws,groq-healthy,161,700.469,5.086,16
17,ws,groq-healthy,162,704.347,5.086,13
17,ws,groq-healthy,163,708.177,5.086,16
17,ws,groq-healthy,164,712.215,5.086,17
17,ws,groq-healthy,165,712.524,5.086,17
17,ws,groq-healthy,166,712.991,5.086,17
17,ws,groq-healthy,167,713.371,5.086,19
17,ws,groq-healthy,168,717.649,5.086,20
17,ws,groq-healthy,169,722.111,5.086,18
17,ws,groq-healthy,170,722.974,5.086,15
17,ws,groq-healthy,171,727.269,5.086,14
17,ws,groq-healthy,172,731.109,5.086,18
17,ws,groq-healthy,173,731.376,5.086,19
17,ws,groq-healthy,174,735.575,5.086,19
17,ws,groq-healthy,175,735.833,5.086,17
17,ws,groq-healthy,176,736.452,5.086,14
17,ws,groq-healthy,177,740.102,5.086,16
17,ws,groq-healthy,178,740.402,5.086,18
17,ws,groq-healthy,179,744.701,5.086,13
17,ws,groq-healthy,180,745.108,5.086,17
17,ws,groq-healthy,181,749.316,5.086,18
17,ws,groq-healthy,182,753.278,5.086,21
17,ws,groq-healthy,183,753.500,5.086,18
17,ws,groq-healthy,184,753.988,5.086,16
17,ws,groq-healthy,185,754.420,5.086,15
17,ws,groq-healthy,186,754.842,5.086,13
17,ws,groq-healthy,187,755.222,5.086,17
17,ws,groq-healthy,188,755.489,5.086,18
17,ws,groq-healthy,189,756.147,5.086,17
17,ws,groq-healthy,190,760.388,5.086,18
17,ws,groq-healthy,191,760.634,5.086,18
17,ws,groq-healthy,192,765.693,5.086,14
17,ws,groq-healthy,193,765.936,5.086,16
17,ws,groq-healthy,194,766.170,5.086,18
17,ws,groq-healthy,195,769.518,5.086,17
17,ws,groq-healthy,196,773.322,5.086,19
17,ws,groq-healthy,197,777.265,5.086,16
17,ws,groq-healthy,198,781.236,5.086,16
17,ws,groq-healthy,199,781.587,5.086,16
17,ws,groq-healthy,200,785.670,5.086,15
17,ws,groq-healthy,201,785.909,5.086,14
17,ws,groq-healthy,202,786.521,5.086,15
17,ws,groq-healthy,203,786.878,5.086,16
17,ws,groq-healthy,204,791.497,5.086,19
17,ws,groq-healthy,205,795.267,5.086,18
17,ws,groq-healthy,206,795.521,5.086,16
17,ws,groq-healthy,207,799.767,5.086,15
17,ws,groq-healthy,208,800.145,5.086,13
17,ws,groq-healthy,209,800.507,5.086,19
17,ws,groq-healthy,210,804.577,5.086,14
17,ws,groq-healthy,211,808.645,5.086,16
17,ws,groq-healthy,212,809.017,5.086,13
17,ws,groq-healthy,213,809.387,5.086,16
17,ws,groq-healthy,214,813.373,5.086,15
17,ws,groq-healthy,215,813.644,5.086,13
17,ws,groq-healthy,216,814.027,5.086,19
17,ws,groq-healthy,217,817.678,5.086,14
17,ws,groq-healthy,218,818.032,5.086,16
17,ws,groq-healthy,219,818.613,5.086,17
17,ws,groq-healthy,220,822.521,5.086,18
17,ws,groq-healthy,221,826.441,5.086,16
17,ws,groq-healthy,222,826.685,5.086,19
17,ws,groq-healthy,223,831.409,5.086,19
17,ws,groq-healthy,224,831.655,5.086,18
17,ws,groq-healthy,225,836.037,5.086,13
17,ws,groq-healthy,226,839.662,5.086,15
17,ws,groq-healthy,227,843.668,5.086,17
17,ws,groq-healthy,228,847.392,5.086,16
17,ws,groq-healthy,229,851.610,5.086,19
17,ws,groq-healthy,230,851.902,5.086,17
17,ws,groq-healthy,231,856.290,5.086,13
17,ws,groq-healthy,232,856.559,5.086,15
17,ws,groq-healthy,233,860.814,5.086,13
17,ws,groq-healthy,234,864.669,5.086,17
17,ws,groq-healthy,235,868.588,5.086,13
17,ws,groq-healthy,236,872.688,5.086,14
17,ws,groq-healthy,237,873.025,5.086,14
17,ws,groq-healthy,238,873.396,5.086,16
17,ws,groq-healthy,239,873.806,5.086,21
17,ws,groq-healthy,240,878.279,5.086,21
17,ws,groq-healthy,241,883.142,5.086,17
17,ws,groq-healthy,242,883.413,5.086,16
17,ws,groq-healthy,243,887.930,5.086,21
17,ws,groq-healthy,244,891.590,5.086,13
17,ws,groq-healthy,245,896.395,5.086,17
17,ws,groq-healthy,246,896.656,5.086,17
17,ws,groq-healthy,247,900.192,5.086,19
17,ws,groq-healthy,248,900.497,5.086,19
17,ws,groq-healthy,249,904.805,5.086,16
17,ws,groq-healthy,250,908.941,5.086,16
17,ws,groq-healthy,251,909.229,5.086,18
17,ws,groq-healthy,252,909.664,5.086,14
17,ws,groq-healthy,253,909.986,5.086,16
17,ws,groq-healthy,254,910.397,5.086,16
17,ws,groq-healthy,255,910.654,5.086,15
17,ws,groq-healthy,256,914.820,5.086,15
17,ws,groq-healthy,257,915.059,5.086,19
17,ws,groq-healthy,258,915.622,5.086,18
17,ws,groq-healthy,259,919.884,5.086,19
17,ws,groq-healthy,260,920.195,5.086,20
17,ws,groq-healthy,261,920.581,5.086,17
17,ws,groq-healthy,262,924.197,5.086,16
17,ws,groq-healthy,263,924.445,5.086,14
17,ws,groq-healthy,264,928.796,5.086,19
17,ws,groq-healthy,265,932.650,5.086,17
17,ws,groq-healthy,266,936.476,5.086,21
17,ws,groq-healthy,267,940.660,5.086,18
17,ws,groq-healthy,268,940.924,5.086,16
17,ws,groq-healthy,269,941.391,5.086,16
17,ws,groq-healthy,270,945.312,5.086,14
17,ws,groq-healthy,271,949.262,5.086,14
17,ws,groq-healthy,272,949.509,5.086,13
17,ws,groq-healthy,273,950.148,5.086,17
17,ws,groq-healthy,274,953.900,5.086,16
17,ws,groq-healthy,275,954.266,5.086,18
17,ws,groq-healthy,276,954.833,5.086,19
17,ws,groq-healthy,277,958.839,5.086,19
17,ws,groq-healthy,278,959.090,5.086,19
17,ws,groq-healthy,279,959.568,5.086,19
17,ws,groq-healthy,280,964.364,5.086,17
17,ws,groq-healthy,281,964.645,5.086,18
17,ws,groq-healthy,282,968.425,5.086,18
17,ws,groq-healthy,283,972.837,5.086,19
17,ws,groq-healthy,284,977.183,5.086,19
17,ws,groq-healthy,285,977.463,5.086,13
18,ws,groq-healthy,0,277.525,5.527,14
18,ws,groq-healthy,1,280.710,5.527,16
18,ws,groq-healthy,2,280.829,5.527,18
18,ws,groq-healthy,3,281.377,5.527,13
18,ws,groq-healthy,4,281.556,5.527,17
18,ws,groq-healthy,5,282.761,5.527,21
18,ws,groq-healthy,6,282.874,5.527,16
18,ws,groq-healthy,7,283.023,5.527,16
18,ws,groq-healthy,8,283.140,5.527,15
18,ws,groq-healthy,9,287.535,5.527,13
18,ws,groq-healthy,10,287.665,5.527,19
18,ws,groq-healthy,11,288.255,5.527,18
18,ws,groq-healthy,12,288.361,5.527,19
18,ws,groq-healthy,13,289.685,5.527,19
18,ws,groq-healthy,14,289.853,5.527,18
18,ws,groq-healthy,15,290.050,5.527,18
18,ws,groq-healthy,16,290.683,5.527,19
18,ws,groq-healthy,17,295.152,5.527,16
18,ws,groq-healthy,18,295.296,5.527,13
18,ws,groq-healthy,19,295.628,5.527,16
18,ws,groq-healthy,20,300.174,5.527,21
18,ws,groq-healthy,21,303.796,5.527,19
18,ws,groq-healthy,22,303.906,5.527,18
18,ws,groq-healthy,23,304.730,5.527,17
18,ws,groq-healthy,24,304.822,5.527,17
18,ws,groq-healthy,25,305.748,5.527,13
18,ws,groq-healthy,26,305.876,5.527,15
18,ws,groq-healthy,27,306.272,5.527,13
18,ws,groq-healthy,28,306.384,5.527,18
18,ws,groq-healthy,29,310.964,5.527,16
18,ws,groq-healthy,30,314.280,5.527,16
18,ws,groq-healthy,31,314.375,5.527,17
18,ws,groq-healthy,32,314.917,5.527,13
18,ws,groq-healthy,33,315.017,5.527,21
18,ws,groq-healthy,34,315.440,5.527,17
18,ws,groq-healthy,35,319.824,5.527,20
18,ws,groq-healthy,36,323.831,5.527,19
18,ws,groq-healthy,37,323.931,5.527,19
18,ws,groq-healthy,38,328.637,5.527,16
18,ws,groq-healthy,39,328.748,5.527,16
18,ws,groq-healthy,40,333.415,5.527,19
18,ws,groq-healthy,41,337.548,5.527,18
18,ws,groq-healthy,42,337.662,5.527,17
18,ws,groq-healthy,43,342.297,5.527,21
18,ws,groq-healthy,44,342.398,5.527,16
18,ws,groq-healthy,45,347.648,5.527,19
18,ws,groq-healthy,46,351.088,5.527,20
18,ws,groq-healthy,47,351.195,5.527,18
18,ws,groq-healthy,48,351.775,5.527,18
18,ws,groq-healthy,49,356.111,5.527,17
18,ws,groq-healthy,50,356.229,5.527,17
18,ws,groq-healthy,51,356.777,5.527,17
18,ws,groq-healthy,52,356.887,5.527,17
18,ws,groq-healthy,53,357.805,5.527,15
18,ws,groq-healthy,54,361.224,5.527,15
18,ws,groq-healthy,55,361.341,5.527,13
18,ws,groq-healthy,56,362.119,5.527,19
18,ws,groq-healthy,57,362.489,5.527,21
18,ws,groq-healthy,58,383.691,5.527,18
18,ws,groq-healthy,59,383.799,5.527,18
18,ws,groq-healthy,60,383.921,5.527,18
18,ws,groq-healthy,61,384.042,5.527,19
18,ws,groq-healthy,62,387.935,5.527,17
18,ws,groq-healthy,63,388.079,5.527,17
18,ws,groq-healthy,64,388.192,5.527,13
18,ws,groq-healthy,65,388.319,5.527,17
18,ws,groq-healthy,66,392.869,5.527,17
18,ws,groq-healthy,67,393.011,5.527,13
18,ws,groq-healthy,68,393.166,5.527,15
18,ws,groq-healthy,69,393.350,5.527,13
18,ws,groq-healthy,70,395.076,5.527,19
18,ws,groq-healthy,71,395.225,5.527,17
18,ws,groq-healthy,72,395.407,5.527,13
18,ws,groq-healthy,73,395.551,5.527,15
18,ws,groq-healthy,74,399.344,5.527,13
18,ws,groq-healthy,75,399.482,5.527,13
18,ws,groq-healthy,76,402.243,5.527,16
18,ws,groq-healthy,77,402.381,5.527,19
18,ws,groq-healthy,78,402.511,5.527,16
18,ws,groq-healthy,79,402.687,5.527,19
18,ws,groq-healthy,80,405.712,5.527,21
18,ws,groq-healthy,81,405.849,5.527,19
18,ws,groq-healthy,82,406.515,5.527,18
18,ws,groq-healthy,83,406.640,5.527,16
18,ws,groq-healthy,84,407.115,5.527,19
18,ws,groq-healthy,85,411.316,5.527,18
18,ws,groq-healthy,86,414.844,5.527,19
18,ws,groq-healthy,87,415.052,5.527,15
18,ws,groq-healthy,88,419.924,5.527,16
18,ws,groq-healthy,89,421.246,5.527,14
18,ws,groq-healthy,90,421.402,5.527,15
18,ws,groq-healthy,91,421.605,5.527,13
18,ws,groq-healthy,92,426.037,5.527,18
18,ws,groq-healthy,93,430.149,5.527,19
18,ws,groq-healthy,94,433.494,5.527,19
18,ws,groq-healthy,95,433.663,5.527,17
18,ws,groq-healthy,96,438.158,5.527,17
18,ws,groq-healthy,97,439.007,5.527,13
18,ws,groq-healthy,98,439.175,5.527,17
18,ws,groq-healthy,99,439.336,5.527,21
18,ws,groq-healthy,100,439.792,5.527,17
18,ws,groq-healthy,101,440.320,5.527,19
18,ws,groq-healthy,102,444.542,5.527,16
18,ws,groq-healthy,103,444.795,5.527,20
18,ws,groq-healthy,104,445.295,5.527,17
18,ws,groq-healthy,105,455.730,5.527,20
18,ws,groq-healthy,106,455.974,5.527,18
18,ws,groq-healthy,107,459.449,5.527,20
18,ws,groq-healthy,108,459.623,5.527,16
18,ws,groq-healthy,109,459.860,5.527,19
18,ws,groq-healthy,110,476.210,5.527,19
18,ws,groq-healthy,111,476.364,5.527,13
18,ws,groq-healthy,112,476.528,5.527,16
18,ws,groq-healthy,113,476.690,5.527,18
18,ws,groq-healthy,114,476.837,5.527,17
18,ws,groq-healthy,115,476.984,5.527,20
18,ws,groq-healthy,116,477.125,5.527,17
18,ws,groq-healthy,117,481.052,5.527,19
18,ws,groq-healthy,118,481.262,5.527,16
18,ws,groq-healthy,119,484.707,5.527,19
18,ws,groq-healthy,120,488.800,5.527,16
18,ws,groq-healthy,121,492.651,5.527,20
18,ws,groq-healthy,122,492.929,5.527,17
18,ws,groq-healthy,123,493.321,5.527,19
18,ws,groq-healthy,124,493.782,5.527,16
18,ws,groq-healthy,125,494.269,5.527,16
18,ws,groq-healthy,126,498.035,5.527,15
18,ws,groq-healthy,127,498.389,5.527,17
18,ws,groq-healthy,128,498.775,5.527,14
18,ws,groq-healthy,129,502.632,5.527,16
18,ws,groq-healthy,130,506.552,5.527,19
18,ws,groq-healthy,131,510.442,5.527,13
18,ws,groq-healthy,132,510.796,5.527,17
18,ws,groq-healthy,133,515.295,5.527,21
18,ws,groq-healthy,134,515.526,5.527,17
18,ws,groq-healthy,135,515.991,5.527,20
18,ws,groq-healthy,136,520.021,5.527,19
18,ws,groq-healthy,137,520.302,5.527,17
18,ws,groq-healthy,138,520.761,5.527,17
18,ws,groq-healthy,139,524.654,5.527,19
18,ws,groq-healthy,140,526.304,5.527,18
18,ws,groq-healthy,141,529.844,5.527,18
18,ws,groq-healthy,142,530.098,5.527,16
18,ws,groq-healthy,143,534.230,5.527,17
18,ws,groq-healthy,144,534.554,5.527,18
18,ws,groq-healthy,145,534.939,5.527,20
18,ws,groq-healthy,146,535.360,5.527,17
18,ws,groq-healthy,147,535.782,5.527,17
18,ws,groq-healthy,148,543.638,5.527,18
18,ws,groq-healthy,149,543.879,5.527,19
18,ws,groq-healthy,150,544.129,5.527,16
18,ws,groq-healthy,151,544.541,5.527,13
18,ws,groq-healthy,152,544.818,5.527,18
18,ws,groq-healthy,153,545.104,5.527,17
18,ws,groq-healthy,154,545.364,5.527,17
18,ws,groq-healthy,155,545.523,5.527,18
18,ws,groq-healthy,156,547.671,5.527,21
18,ws,groq-healthy,157,547.873,5.527,19
18,ws,groq-healthy,158,551.149,5.527,17
18,ws,groq-healthy,159,551.409,5.527,18
18,ws,groq-healthy,160,564.361,5.527,17
18,ws,groq-healthy,161,564.633,5.527,18
18,ws,groq-healthy,162,564.865,5.527,17
18,ws,groq-healthy,163,565.218,5.527,17
18,ws,groq-healthy,164,565.481,5.527,16
18,ws,groq-healthy,165,565.769,5.527,16
18,ws,groq-healthy,166,569.213,5.527,21
18,ws,groq-healthy,167,569.452,5.527,17
18,ws,groq-healthy,168,569.903,5.527,21
18,ws,groq-healthy,169,570.200,5.527,17
18,ws,groq-healthy,170,572.967,5.527,19
18,ws,groq-healthy,171,576.920,5.527,18
18,ws,groq-healthy,172,577.165,5.527,19
18,ws,groq-healthy,173,580.812,5.527,20
18,ws,groq-healthy,174,581.076,5.527,17
18,ws,groq-healthy,175,587.777,5.527,15
18,ws,groq-healthy,176,588.009,5.527,19
18,ws,groq-healthy,177,588.455,5.527,13
18,ws,groq-healthy,178,588.695,5.527,17
18,ws,groq-healthy,179,590.383,5.527,19
18,ws,groq-healthy,180,597.288,5.527,18
18,ws,groq-healthy,181,597.486,5.527,17
18,ws,groq-healthy,182,598.234,5.527,13
18,ws,groq-healthy,183,598.499,5.527,14
18,ws,groq-healthy,184,603.015,5.527,16
18,ws,groq-healthy,185,603.214,5.527,19
18,ws,groq-healthy,186,603.522,5.527,18
18,ws,groq-healthy,187,603.729,5.527,17
18,ws,groq-healthy,188,604.152,5.527,13
18,ws,groq-healthy,189,604.388,5.527,14
18,ws,groq-healthy,190,604.726,5.527,13
18,ws,groq-healthy,191,604.935,5.527,17
18,ws,groq-healthy,192,609.093,5.527,21
18,ws,groq-healthy,193,609.419,5.527,17
18,ws,groq-healthy,194,609.858,5.527,19
18,ws,groq-healthy,195,618.120,5.527,19
18,ws,groq-healthy,196,618.377,5.527,18
18,ws,groq-healthy,197,618.718,5.527,18
18,ws,groq-healthy,198,618.954,5.527,20
18,ws,groq-healthy,199,619.273,5.527,15
18,ws,groq-healthy,200,619.554,5.527,16
18,ws,groq-healthy,201,619.999,5.527,19
18,ws,groq-healthy,202,620.258,5.527,16
18,ws,groq-healthy,203,624.515,5.527,16
18,ws,groq-healthy,204,624.763,5.527,18
18,ws,groq-healthy,205,628.851,5.527,17
18,ws,groq-healthy,206,629.092,5.527,17
18,ws,groq-healthy,207,633.560,5.527,20
18,ws,groq-healthy,208,637.510,5.527,16
18,ws,groq-healthy,209,641.359,5.527,14
18,ws,groq-healthy,210,641.710,5.527,15
18,ws,groq-healthy,211,642.181,5.527,16
18,ws,groq-healthy,212,646.453,5.527,19
18,ws,groq-healthy,213,646.742,5.527,20
18,ws,groq-healthy,214,647.102,5.527,13
18,ws,groq-healthy,215,647.378,5.527,16
18,ws,groq-healthy,216,647.779,5.527,18
18,ws,groq-healthy,217,648.126,5.527,17
18,ws,groq-healthy,218,648.363,5.527,18
18,ws,groq-healthy,219,648.623,5.527,13
18,ws,groq-healthy,220,652.661,5.527,15
18,ws,groq-healthy,221,656.475,5.527,16
18,ws,groq-healthy,222,660.620,5.527,18
18,ws,groq-healthy,223,660.944,5.527,13
18,ws,groq-healthy,224,661.341,5.527,17
18,ws,groq-healthy,225,661.662,5.527,17
18,ws,groq-healthy,226,661.984,5.527,13
18,ws,groq-healthy,227,662.328,5.527,15
18,ws,groq-healthy,228,662.805,5.527,13
18,ws,groq-healthy,229,663.327,5.527,13
18,ws,groq-healthy,230,666.969,5.527,17
18,ws,groq-healthy,231,670.983,5.527,21
18,ws,groq-healthy,232,671.225,5.527,17
18,ws,groq-healthy,233,671.686,5.527,17
18,ws,groq-healthy,234,675.725,5.527,14
18,ws,groq-healthy,235,679.777,5.527,16
18,ws,groq-healthy,236,680.022,5.527,18
18,ws,groq-healthy,237,680.453,5.527,16
18,ws,groq-healthy,238,680.786,5.527,19
18,ws,groq-healthy,239,681.625,5.527,16
18,ws,groq-healthy,240,681.886,5.527,19
18,ws,groq-healthy,241,686.101,5.527,21
18,ws,groq-healthy,242,686.347,5.527,19
18,ws,groq-healthy,243,686.966,5.527,18
18,ws,groq-healthy,244,687.208,5.527,16
18,ws,groq-healthy,245,687.832,5.527,19
18,ws,groq-healthy,246,688.130,5.527,18
18,ws,groq-healthy,247,688.556,5.527,19
18,ws,groq-healthy,248,688.840,5.527,15
18,ws,groq-healthy,249,692.950,5.527,16
18,ws,groq-healthy,250,693.213,5.527,14
18,ws,groq-healthy,251,693.609,5.527,15
18,ws,groq-healthy,252,693.977,5.527,13
18,ws,groq-healthy,253,699.051,5.527,19
18,ws,groq-healthy,254,703.084,5.527,18
18,ws,groq-healthy,255,703.279,5.527,17
18,ws,groq-healthy,256,703.522,5.527,18
18,ws,groq-healthy,257,703.787,5.527,18
18,ws,groq-healthy,258,704.397,5.527,18
18,ws,groq-healthy,259,704.593,5.527,16
18,ws,groq-healthy,260,705.259,5.527,15
18,ws,groq-healthy,261,705.436,5.527,13
18,ws,groq-healthy,262,709.903,5.527,19
18,ws,groq-healthy,263,710.115,5.527,17
18,ws,groq-healthy,264,714.874,5.527,13
19,ws,groq-healthy,0,272.332,5.132,14
19,ws,groq-healthy,1,274.998,5.132,15
19,ws,groq-healthy,2,275.287,5.132,18
19,ws,groq-healthy,3,275.771,5.132,21
19,ws,groq-healthy,4,276.039,5.132,15
19,ws,groq-healthy,5,276.420,5.132,15
19,ws,groq-healthy,6,276.712,5.132,19
19,ws,groq-healthy,7,281.010,5.132,17
19,ws,groq-healthy,8,281.336,5.132,18
19,ws,groq-healthy,9,281.833,5.132,18
19,ws,groq-healthy,10,282.089,5.132,17
19,ws,groq-healthy,11,282.670,5.132,18
19,ws,groq-healthy,12,286.490,5.132,13
19,ws,groq-healthy,13,286.697,5.132,13
19,ws,groq-healthy,14,291.069,5.132,19
19,ws,groq-healthy,15,294.592,5.132,13
19,ws,groq-healthy,16,294.824,5.132,13
19,ws,groq-healthy,17,299.811,5.132,17
19,ws,groq-healthy,18,300.125,5.132,13
19,ws,groq-healthy,19,300.471,5.132,15
19,ws,groq-healthy,20,300.766,5.132,13
19,ws,groq-healthy,21,301.123,5.132,13
19,ws,groq-healthy,22,301.384,5.132,14
19,ws,groq-healthy,23,305.570,5.132,16
19,ws,groq-healthy,24,309.356,5.132,19
19,ws,groq-healthy,25,313.356,5.132,17
19,ws,groq-healthy,26,313.682,5.132,17
19,ws,groq-healthy,27,318.347,5.132,19
19,ws,groq-healthy,28,322.190,5.132,15
19,ws,groq-healthy,29,322.449,5.132,18
19,ws,groq-healthy,30,322.916,5.132,18
19,ws,groq-healthy,31,326.593,5.132,16
19,ws,groq-healthy,32,326.893,5.132,16
19,ws,groq-healthy,33,327.317,5.132,13
19,ws,groq-healthy,34,327.620,5.132,20
19,ws,groq-healthy,35,331.742,5.132,15
19,ws,groq-healthy,36,335.249,5.132,15
19,ws,groq-healthy,37,335.541,5.132,16
19,ws,groq-healthy,38,337.467,5.132,20
19,ws,groq-healthy,39,340.267,5.132,18
19,ws,groq-healthy,40,343.833,5.132,13
19,ws,groq-healthy,41,347.865,5.132,18
19,ws,groq-healthy,42,352.011,5.132,18
19,ws,groq-healthy,43,355.783,5.132,18
19,ws,groq-healthy,44,360.764,5.132,19
19,ws,groq-healthy,45,361.042,5.132,19
19,ws,groq-healthy,46,364.428,5.132,18
19,ws,groq-healthy,47,368.472,5.132,18
19,ws,groq-healthy,48,368.727,5.132,18
19,ws,groq-healthy,49,373.000,5.132,18
19,ws,groq-healthy,50,373.296,5.132,15
19,ws,groq-healthy,51,377.898,5.132,15
19,ws,groq-healthy,52,382.168,5.132,14
19,ws,groq-healthy,53,385.193,5.132,14
19,ws,groq-healthy,54,388.876,5.132,17
19,ws,groq-healthy,55,392.862,5.132,17
19,ws,groq-healthy,56,393.141,5.132,13
19,ws,groq-healthy,57,397.499,5.132,20
19,ws,groq-healthy,58,401.371,5.132,17
19,ws,groq-healthy,59,401.713,5.132,18
19,ws,groq-healthy,60,405.783,5.132,19
19,ws,groq-healthy,61,406.003,5.132,18
19,ws,groq-healthy,62,406.507,5.132,21
19,ws,groq-healthy,63,406.784,5.132,15
19,ws,groq-healthy,64,407.664,5.132,15
19,ws,groq-healthy,65,407.928,5.132,13
19,ws,groq-healthy,66,411.971,5.132,17
19,ws,groq-healthy,67,415.813,5.132,18
19,ws,groq-healthy,68,419.750,5.132,15
19,ws,groq-healthy,69,420.047,5.132,18
19,ws,groq-healthy,70,424.393,5.132,15
19,ws,groq-healthy,71,429.552,5.132,16
19,ws,groq-healthy,72,429.843,5.132,18
19,ws,groq-healthy,73,430.093,5.132,16
19,ws,groq-healthy,74,432.722,5.132,18
19,ws,groq-healthy,75,433.019,5.132,18
19,ws,groq-healthy,76,433.435,5.132,17
19,ws,groq-healthy,77,433.719,5.132,14
19,ws,groq-healthy,78,438.807,5.132,14
19,ws,groq-healthy,79,442.231,5.132,16
19,ws,groq-healthy,80,442.482,5.132,19
19,ws,groq-healthy,81,454.017,5.132,14
19,ws,groq-healthy,82,458.060,5.132,16
19,ws,groq-healthy,83,461.226,5.132,15
19,ws,groq-healthy,84,464.903,5.132,17
19,ws,groq-healthy,85,468.711,5.132,13
19,ws,groq-healthy,86,472.658,5.132,17
19,ws,groq-healthy,87,477.273,5.132,18
19,ws,groq-healthy,88,480.491,5.132,19
19,ws,groq-healthy,89,484.330,5.132,16
19,ws,groq-healthy,90,484.578,5.132,19
19,ws,groq-healthy,91,489.084,5.132,15
19,ws,groq-healthy,92,489.366,5.132,18
19,ws,groq-healthy,93,489.746,5.132,19
19,ws,groq-healthy,94,493.360,5.132,18
19,ws,groq-healthy,95,493.600,5.132,13
19,ws,groq-healthy,96,498.173,5.132,18
19,ws,groq-healthy,97,502.067,5.132,13
19,ws,groq-healthy,98,502.342,5.132,13
19,ws,groq-healthy,99,502.746,5.132,19
19,ws,groq-healthy,100,503.079,5.132,13
19,ws,groq-healthy,101,503.484,5.132,13
19,ws,groq-healthy,102,503.759,5.132,17
19,ws,groq-healthy,103,504.017,5.132,13
19,ws,groq-healthy,104,504.185,5.132,15
19,ws,groq-healthy,105,508.794,5.132,13
19,ws,groq-healthy,106,509.064,5.132,13
19,ws,groq-healthy,107,509.650,5.132,18
19,ws,groq-healthy,108,509.924,5.132,15
19,ws,groq-healthy,109,510.462,5.132,15
19,ws,groq-healthy,110,510.652,5.132,14
19,ws,groq-healthy,111,510.890,5.132,18
19,ws,groq-healthy,112,515.003,5.132,18
19,ws,groq-healthy,113,515.409,5.132,19
19,ws,groq-healthy,114,519.910,5.132,14
19,ws,groq-healthy,115,520.159,5.132,16
19,ws,groq-healthy,116,520.529,5.132,15
19,ws,groq-healthy,117,520.854,5.132,17
19,ws,groq-healthy,118,521.243,5.132,16
19,ws,groq-healthy,119,524.819,5.132,18
19,ws,groq-healthy,120,528.845,5.132,17
19,ws,groq-healthy,121,532.572,5.132,17
19,ws,groq-healthy,122,532.955,5.132,18
19,ws,groq-healthy,123,537.713,5.132,20
19,ws,groq-healthy,124,541.220,5.132,19
19,ws,groq-healthy,125,541.491,5.132,18
19,ws,groq-healthy,126,542.077,5.132,18
19,ws,groq-healthy,127,542.354,5.132,16
19,ws,groq-healthy,128,547.146,5.132,17
19,ws,groq-healthy,129,547.421,5.132,17
19,ws,groq-healthy,130,551.190,5.132,18
19,ws,groq-healthy,131,551.439,5.132,13
